0.000000E+0 9.602342E-1 1.580459E-2
1.000000E-6 1.192663E-1 2.001616E-2
2.000000E-6 -7.637501E-1 1.159303E-2
3.000000E-6 -1.520621E+0 -9.464801E-3
4.000000E-6 -2.151347E+0 -3.052263E-2
5.000000E-6 -2.487734E+0 -6.842672E-2
6.000000E-6 -2.529783E+0 -1.105424E-1
7.000000E-6 -2.277492E+0 -1.442349E-1
8.000000E-6 -1.772912E+0 -1.526580E-1
9.000000E-6 -1.058089E+0 -1.484465E-1
1.000000E-5 -2.171209E-1 -1.147539E-1
1.100000E-5 6.658955E-1 -6.421515E-2
1.200000E-5 1.464815E+0 -9.464801E-3
1.300000E-5 2.095541E+0 4.107398E-2
1.400000E-5 2.473977E+0 1.000359E-1
1.500000E-5 2.516025E+0 1.379400E-1
1.600000E-5 2.305783E+0 1.632094E-1
1.700000E-5 1.801202E+0 1.800556E-1
1.800000E-5 1.086379E+0 1.926903E-1
1.900000E-5 2.874599E-1 1.926903E-1
2.000000E-5 -5.955565E-1 1.842672E-1
2.100000E-5 -1.394476E+0 1.589978E-1
2.200000E-5 -2.025202E+0 1.253053E-1
2.300000E-5 -2.445686E+0 8.740121E-2
2.400000E-5 -2.529783E+0 5.370868E-2
2.500000E-5 -2.361589E+0 1.159303E-2
2.600000E-5 -1.857008E+0 -1.788793E-2
2.700000E-5 -1.184234E+0 -4.736889E-2
2.800000E-5 -3.853145E-1 -6.421515E-2
2.900000E-5 4.977019E-1 -7.263828E-2
3.000000E-5 1.338670E+0 -7.263828E-2
3.100000E-5 1.969396E+0 -6.421515E-2
3.200000E-5 2.431928E+0 -3.894576E-2
3.300000E-5 2.516025E+0 -1.367637E-2
3.400000E-5 2.347831E+0 3.169895E-3
3.500000E-5 1.885299E+0 2.843929E-2
3.600000E-5 1.212525E+0 4.528555E-2
3.700000E-5 4.136051E-1 5.370868E-2
3.800000E-5 -4.273629E-1 4.949712E-2
3.900000E-5 -1.268331E+0 3.265085E-2
4.000000E-5 -1.941105E+0 3.169895E-3
4.100000E-5 -2.361589E+0 -2.631106E-2
4.200000E-5 -2.529783E+0 -6.421515E-2
4.300000E-5 -2.403638E+0 -1.021192E-1
4.400000E-5 -1.941105E+0 -1.400233E-1
4.500000E-5 -1.352428E+0 -1.695043E-1
4.600000E-5 -5.114597E-1 -1.779274E-1
4.700000E-5 3.295083E-1 -1.652927E-1
4.800000E-5 1.170476E+0 -1.316002E-1
4.900000E-5 1.885299E+0 -7.684985E-2
5.000000E-5 2.347831E+0 -1.788793E-2
5.100000E-5 2.516025E+0 3.265085E-2
5.200000E-5 2.431928E+0 8.740121E-2
5.300000E-5 2.011444E+0 1.168822E-1
5.400000E-5 1.380718E+0 1.337284E-1
5.500000E-5 5.817987E-1 1.379400E-1
5.600000E-5 -2.591693E-1 1.337284E-1
5.700000E-5 -1.100137E+0 1.210937E-1
5.800000E-5 -1.814960E+0 9.582434E-2
5.900000E-5 -2.319541E+0 6.213181E-2
6.000000E-5 -2.529783E+0 2.001616E-2
6.100000E-5 -2.445686E+0 -1.788793E-2
6.200000E-5 -2.067250E+0 -5.158046E-2
6.300000E-5 -1.478573E+0 -8.527298E-2
6.400000E-5 -6.796533E-1 -1.063308E-1
6.500000E-5 1.613147E-1 -1.189655E-1
6.600000E-5 1.002283E+0 -1.189655E-1
6.700000E-5 1.759154E+0 -1.063308E-1
6.800000E-5 2.263735E+0 -8.527298E-2
6.900000E-5 2.516025E+0 -6.000359E-2
7.000000E-5 2.473977E+0 -3.052263E-2
7.100000E-5 2.095541E+0 -9.464801E-3
7.200000E-5 1.506863E+0 3.169895E-3
7.300000E-5 7.499922E-1 1.580459E-2
7.400000E-5 -1.330241E-1 1.580459E-2
7.500000E-5 -1.016040E+0 3.169895E-3
7.600000E-5 -1.688815E+0 -9.464801E-3
7.700000E-5 -2.235444E+0 -4.315732E-2
7.800000E-5 -2.529783E+0 -8.106141E-2
7.900000E-5 -2.487734E+0 -1.189655E-1
8.000000E-5 -2.151347E+0 -1.484465E-1
8.100000E-5 -1.604718E+0 -1.526580E-1
8.200000E-5 -8.057985E-1 -1.400233E-1
8.300000E-5 3.516947E-2 -1.021192E-1
8.400000E-5 8.761374E-1 -5.158046E-2
8.500000E-5 1.633009E+0 3.169895E-3
8.600000E-5 2.221686E+0 5.792025E-2
8.700000E-5 2.516025E+0 1.168822E-1
8.800000E-5 2.516025E+0 1.421516E-1
8.900000E-5 2.179638E+0 1.674209E-1
9.000000E-5 1.633009E+0 1.842672E-1
9.100000E-5 9.181858E-1 1.926903E-1
9.200000E-5 3.516947E-2 1.884788E-1
9.300000E-5 -8.478469E-1 1.758441E-1
9.400000E-5 -1.604718E+0 1.505747E-1
9.500000E-5 -2.193396E+0 1.168822E-1
9.600000E-5 -2.529783E+0 8.318964E-2
9.700000E-5 -2.529783E+0 4.107398E-2
9.800000E-5 -2.235444E+0 -1.041670E-3
9.900000E-5 -1.730863E+0 -3.052263E-2
1.000000E-4 -1.016040E+0 -5.579202E-2
1.010000E-4 -1.330241E-1 -6.842672E-2
1.020000E-4 7.499922E-1 -7.684985E-2
1.030000E-4 1.506863E+0 -6.842672E-2
1.040000E-4 2.095541E+0 -5.158046E-2
1.050000E-4 2.473977E+0 -3.052263E-2
1.060000E-4 2.516025E+0 -5.253235E-3
1.070000E-4 2.263735E+0 1.580459E-2
1.080000E-4 1.759154E+0 3.686242E-2
1.090000E-4 1.002283E+0 4.949712E-2
1.100000E-4 2.033631E-1 4.949712E-2
1.110000E-4 -6.796533E-1 4.528555E-2
1.120000E-4 -1.478573E+0 2.422772E-2
1.130000E-4 -2.067250E+0 -5.253235E-3
1.140000E-4 -2.445686E+0 -3.473419E-2
1.150000E-4 -2.529783E+0 -7.263828E-2
1.160000E-4 -2.319541E+0 -1.147539E-1
1.170000E-4 -1.857008E+0 -1.484465E-1
1.180000E-4 -1.142186E+0 -1.737159E-1
1.190000E-4 -3.012177E-1 -1.737159E-1
1.200000E-4 6.238471E-1 -1.568696E-1
1.210000E-4 1.380718E+0 -1.147539E-1
1.220000E-4 2.011444E+0 -6.421515E-2
1.230000E-4 2.431928E+0 -1.041670E-3
1.240000E-4 2.516025E+0 4.528555E-2
1.250000E-4 2.347831E+0 1.000359E-1
1.260000E-4 1.843251E+0 1.210937E-1
1.270000E-4 1.170476E+0 1.379400E-1
1.280000E-4 3.295083E-1 1.379400E-1
1.290000E-4 -5.114597E-1 1.337284E-1
1.300000E-4 -1.310379E+0 1.168822E-1
1.310000E-4 -1.983154E+0 8.740121E-2
1.320000E-4 -2.403638E+0 5.370868E-2
1.330000E-4 -2.529783E+0 7.381461E-3
1.340000E-4 -2.361589E+0 -2.631106E-2
1.350000E-4 -1.941105E+0 -6.000359E-2
1.360000E-4 -1.268331E+0 -8.948455E-2
1.370000E-4 -4.273629E-1 -1.105424E-1
1.380000E-4 4.556535E-1 -1.189655E-1
1.390000E-4 1.254573E+0 -1.147539E-1
1.400000E-4 1.927347E+0 -1.021192E-1
1.410000E-4 2.347831E+0 -8.106141E-2
1.420000E-4 2.516025E+0 -5.158046E-2
1.430000E-4 2.389880E+0 -2.631106E-2
1.440000E-4 1.969396E+0 -1.041670E-3
1.450000E-4 1.338670E+0 7.381461E-3
1.460000E-4 4.977019E-1 1.580459E-2
1.470000E-4 -3.432661E-1 1.580459E-2
1.480000E-4 -1.184234E+0 3.169895E-3
1.490000E-4 -1.857008E+0 -1.367637E-2
1.500000E-4 -2.361589E+0 -5.158046E-2
1.510000E-4 -2.529783E+0 -8.948455E-2
1.520000E-4 -2.403638E+0 -1.273886E-1
1.530000E-4 -2.025202E+0 -1.526580E-1
1.540000E-4 -1.394476E+0 -1.526580E-1
1.550000E-4 -5.955565E-1 -1.316002E-1
1.560000E-4 2.874599E-1 -9.369611E-2
1.570000E-4 1.128428E+0 -3.473419E-2
1.580000E-4 1.843251E+0 2.001616E-2
1.590000E-4 2.347831E+0 7.055494E-2
1.600000E-4 2.516025E+0 1.253053E-1
1.610000E-4 2.473977E+0 1.505747E-1
1.620000E-4 2.095541E+0 1.716325E-1
1.630000E-4 1.464815E+0 1.842672E-1
1.640000E-4 6.658955E-1 1.926903E-1
1.650000E-4 -1.750725E-1 1.884788E-1
1.660000E-4 -1.016040E+0 1.716325E-1
1.670000E-4 -1.772912E+0 1.421516E-1
1.680000E-4 -2.319541E+0 1.084590E-1
1.690000E-4 -2.529783E+0 7.055494E-2
1.700000E-4 -2.445686E+0 2.843929E-2
1.710000E-4 -2.109299E+0 -9.464801E-3
1.720000E-4 -1.520621E+0 -3.473419E-2
1.730000E-4 -7.637501E-1 -6.421515E-2
1.740000E-4 1.192663E-1 -7.263828E-2
1.750000E-4 1.002283E+0 -7.263828E-2
1.760000E-4 1.717105E+0 -6.421515E-2
1.770000E-4 2.221686E+0 -5.158046E-2
1.780000E-4 2.516025E+0 -2.631106E-2
1.790000E-4 2.473977E+0 -1.041670E-3
1.800000E-4 2.179638E+0 2.001616E-2
1.810000E-4 1.590960E+0 3.686242E-2
1.820000E-4 8.340890E-1 4.949712E-2
1.830000E-4 -4.892732E-2 5.370868E-2
1.840000E-4 -8.898953E-1 4.107398E-2
1.850000E-4 -1.646766E+0 2.001616E-2
1.860000E-4 -2.235444E+0 -1.367637E-2
1.870000E-4 -2.529783E+0 -4.736889E-2
1.880000E-4 -2.529783E+0 -8.527298E-2
1.890000E-4 -2.193396E+0 -1.231771E-1
1.900000E-4 -1.688815E+0 -1.568696E-1
1.910000E-4 -9.319437E-1 -1.779274E-1
1.920000E-4 -4.892732E-2 -1.695043E-1
1.930000E-4 8.340890E-1 -1.484465E-1
1.940000E-4 1.590960E+0 -1.021192E-1
1.950000E-4 2.179638E+0 -4.315732E-2
1.960000E-4 2.516025E+0 1.159303E-2
1.970000E-4 2.516025E+0 5.792025E-2
1.980000E-4 2.263735E+0 1.084590E-1
1.990000E-4 1.717105E+0 1.295169E-1
2.000000E-4 1.002283E+0 1.379400E-1
2.010000E-4 1.192663E-1 1.379400E-1
2.020000E-4 -7.637501E-1 1.295169E-1
2.030000E-4 -1.520621E+0 1.084590E-1
2.040000E-4 -2.109299E+0 7.897807E-2
2.050000E-4 -2.487734E+0 3.686242E-2
2.060000E-4 -2.529783E+0 -1.041670E-3
2.070000E-4 -2.277492E+0 -3.473419E-2
2.080000E-4 -1.772912E+0 -6.842672E-2
2.090000E-4 -1.058089E+0 -9.790768E-2
2.100000E-4 -2.171209E-1 -1.147539E-1
2.110000E-4 6.658955E-1 -1.189655E-1
2.120000E-4 1.464815E+0 -1.147539E-1
2.130000E-4 2.095541E+0 -9.790768E-2
2.140000E-4 2.473977E+0 -6.842672E-2
2.150000E-4 2.516025E+0 -4.315732E-2
2.160000E-4 2.305783E+0 -1.788793E-2
2.170000E-4 1.801202E+0 3.169895E-3
2.180000E-4 1.128428E+0 1.580459E-2
2.190000E-4 2.454115E-1 1.580459E-2
2.200000E-4 -5.955565E-1 1.159303E-2
2.210000E-4 -1.352428E+0 -5.253235E-3
2.220000E-4 -2.025202E+0 -2.631106E-2
2.230000E-4 -2.445686E+0 -6.421515E-2
2.240000E-4 -2.529783E+0 -9.790768E-2
2.250000E-4 -2.361589E+0 -1.400233E-1
2.260000E-4 -1.857008E+0 -1.526580E-1
2.270000E-4 -1.184234E+0 -1.484465E-1
2.280000E-4 -3.432661E-1 -1.273886E-1
2.290000E-4 4.977019E-1 -7.684985E-2
2.300000E-4 1.338670E+0 -1.788793E-2
2.310000E-4 2.011444E+0 3.686242E-2
2.320000E-4 2.389880E+0 8.740121E-2
2.330000E-4 2.516025E+0 1.337284E-1
2.340000E-4 2.389880E+0 1.589978E-1
2.350000E-4 1.927347E+0 1.758441E-1
2.360000E-4 1.254573E+0 1.884788E-1
2.370000E-4 4.136051E-1 1.969019E-1
2.380000E-4 -4.273629E-1 1.842672E-1
2.390000E-4 -1.268331E+0 1.674209E-1
2.400000E-4 -1.899057E+0 1.379400E-1
2.410000E-4 -2.361589E+0 1.000359E-1
2.420000E-4 -2.529783E+0 5.792025E-2
2.430000E-4 -2.403638E+0 1.580459E-2
2.440000E-4 -2.025202E+0 -1.788793E-2
2.450000E-4 -1.352428E+0 -4.736889E-2
2.460000E-4 -5.114597E-1 -6.421515E-2
2.470000E-4 3.295083E-1 -7.263828E-2
2.480000E-4 1.170476E+0 -7.263828E-2
2.490000E-4 1.843251E+0 -6.842672E-2
2.500000E-4 2.347831E+0 -4.315732E-2
2.510000E-4 2.558073E+0 -1.788793E-2
2.520000E-4 2.389880E+0 3.169895E-3
2.530000E-4 2.011444E+0 2.422772E-2
2.540000E-4 1.380718E+0 4.107398E-2
2.550000E-4 5.817987E-1 5.370868E-2
2.560000E-4 -3.012177E-1 4.949712E-2
2.570000E-4 -1.100137E+0 3.686242E-2
2.580000E-4 -1.814960E+0 1.159303E-2
2.590000E-4 -2.319541E+0 -1.788793E-2
2.600000E-4 -2.529783E+0 -5.579202E-2
2.610000E-4 -2.445686E+0 -9.790768E-2
2.620000E-4 -2.067250E+0 -1.358118E-1
2.630000E-4 -1.478573E+0 -1.652927E-1
2.640000E-4 -6.796533E-1 -1.779274E-1
2.650000E-4 1.613147E-1 -1.652927E-1
2.660000E-4 1.002283E+0 -1.358118E-1
2.670000E-4 1.759154E+0 -8.948455E-2
2.680000E-4 2.263735E+0 -3.052263E-2
2.690000E-4 2.516025E+0 2.422772E-2
2.700000E-4 2.431928E+0 7.055494E-2
2.710000E-4 2.137589E+0 1.126706E-1
2.720000E-4 1.506863E+0 1.337284E-1
2.730000E-4 7.499922E-1 1.379400E-1
2.740000E-4 -1.330241E-1 1.379400E-1
2.750000E-4 -9.739921E-1 1.253053E-1
2.760000E-4 -1.688815E+0 1.000359E-1
2.770000E-4 -2.235444E+0 6.634338E-2
2.780000E-4 -2.529783E+0 2.843929E-2
2.790000E-4 -2.487734E+0 -9.464801E-3
2.800000E-4 -2.151347E+0 -4.315732E-2
2.810000E-4 -1.604718E+0 -7.684985E-2
2.820000E-4 -8.478469E-1 -1.021192E-1
2.830000E-4 7.721787E-2 -1.147539E-1
2.840000E-4 9.181858E-1 -1.189655E-1
2.850000E-4 1.675057E+0 -1.105424E-1
2.860000E-4 2.179638E+0 -8.948455E-2
2.870000E-4 2.516025E+0 -6.421515E-2
2.880000E-4 2.516025E+0 -3.473419E-2
2.890000E-4 2.221686E+0 -1.367637E-2
2.900000E-4 1.633009E+0 3.169895E-3
2.910000E-4 8.761374E-1 1.580459E-2
2.920000E-4 3.516947E-2 2.001616E-2
2.930000E-4 -8.478469E-1 7.381461E-3
2.940000E-4 -1.604718E+0 -9.464801E-3
2.950000E-4 -2.193396E+0 -3.473419E-2
2.960000E-4 -2.487734E+0 -7.263828E-2
2.970000E-4 -2.529783E+0 -1.105424E-1
2.980000E-4 -2.235444E+0 -1.442349E-1
2.990000E-4 -1.730863E+0 -1.568696E-1
3.000000E-4 -9.739921E-1 -1.484465E-1
3.010000E-4 -1.330241E-1 -1.105424E-1
3.020000E-4 7.499922E-1 -6.000359E-2
3.030000E-4 1.548912E+0 -1.041670E-3
3.040000E-4 2.137589E+0 4.949712E-2
3.050000E-4 2.473977E+0 1.084590E-1
3.060000E-4 2.516025E+0 1.379400E-1
3.070000E-4 2.263735E+0 1.674209E-1
3.080000E-4 1.759154E+0 1.842672E-1
3.090000E-4 1.044331E+0 1.884788E-1
3.100000E-4 1.613147E-1 1.926903E-1
3.110000E-4 -6.796533E-1 1.800556E-1
3.120000E-4 -1.436524E+0 1.547863E-1
3.130000E-4 -2.109299E+0 1.253053E-1
3.140000E-4 -2.445686E+0 8.740121E-2
3.150000E-4 -2.529783E+0 4.949712E-2
3.160000E-4 -2.319541E+0 3.169895E-3
3.170000E-4 -1.857008E+0 -2.209950E-2
3.180000E-4 -1.100137E+0 -4.736889E-2
3.190000E-4 -3.012177E-1 -6.842672E-2
3.200000E-4 5.817987E-1 -7.684985E-2
3.210000E-4 1.422767E+0 -6.842672E-2
3.220000E-4 2.011444E+0 -6.421515E-2
3.230000E-4 2.431928E+0 -3.473419E-2
3.240000E-4 2.516025E+0 -9.464801E-3
3.250000E-4 2.347831E+0 7.381461E-3
3.260000E-4 1.843251E+0 3.265085E-2
3.270000E-4 1.170476E+0 4.949712E-2
3.280000E-4 3.295083E-1 5.370868E-2
3.290000E-4 -5.114597E-1 4.949712E-2
3.300000E-4 -1.310379E+0 2.843929E-2
3.310000E-4 -1.983154E+0 3.169895E-3
3.320000E-4 -2.403638E+0 -2.631106E-2
3.330000E-4 -2.529783E+0 -6.421515E-2
3.340000E-4 -2.361589E+0 -1.063308E-1
3.350000E-4 -1.941105E+0 -1.442349E-1
3.360000E-4 -1.268331E+0 -1.695043E-1
3.370000E-4 -4.273629E-1 -1.779274E-1
3.380000E-4 4.136051E-1 -1.610812E-1
3.390000E-4 1.254573E+0 -1.231771E-1
3.400000E-4 1.927347E+0 -7.263828E-2
3.410000E-4 2.389880E+0 -1.367637E-2
3.420000E-4 2.558073E+0 3.265085E-2
3.430000E-4 2.389880E+0 9.161277E-2
3.440000E-4 1.969396E+0 1.210937E-1
3.450000E-4 1.338670E+0 1.379400E-1
3.460000E-4 4.977019E-1 1.379400E-1
3.470000E-4 -3.432661E-1 1.337284E-1
3.480000E-4 -1.184234E+0 1.168822E-1
3.490000E-4 -1.857008E+0 9.161277E-2
3.500000E-4 -2.361589E+0 5.792025E-2
3.510000E-4 -2.529783E+0 2.001616E-2
3.520000E-4 -2.445686E+0 -1.788793E-2
3.530000E-4 -2.025202E+0 -5.579202E-2
3.540000E-4 -1.394476E+0 -8.527298E-2
3.550000E-4 -5.955565E-1 -1.105424E-1
3.560000E-4 2.874599E-1 -1.189655E-1
3.570000E-4 1.128428E+0 -1.189655E-1
3.580000E-4 1.843251E+0 -1.021192E-1
3.590000E-4 2.347831E+0 -8.527298E-2
3.600000E-4 2.516025E+0 -6.000359E-2
3.610000E-4 2.431928E+0 -3.052263E-2
3.620000E-4 2.053493E+0 -5.253235E-3
3.630000E-4 1.422767E+0 3.169895E-3
3.640000E-4 6.658955E-1 1.580459E-2
3.650000E-4 -1.750725E-1 1.580459E-2
3.660000E-4 -1.058089E+0 3.169895E-3
3.670000E-4 -1.772912E+0 -1.367637E-2
3.680000E-4 -2.319541E+0 -4.736889E-2
3.690000E-4 -2.529783E+0 -8.106141E-2
3.700000E-4 -2.445686E+0 -1.189655E-1
3.710000E-4 -2.109299E+0 -1.484465E-1
3.720000E-4 -1.520621E+0 -1.526580E-1
3.730000E-4 -7.637501E-1 -1.400233E-1
3.740000E-4 7.721787E-2 -9.790768E-2
3.750000E-4 1.002283E+0 -4.315732E-2
3.760000E-4 1.717105E+0 1.159303E-2
3.770000E-4 2.263735E+0 6.213181E-2
3.780000E-4 2.516025E+0 1.168822E-1
3.790000E-4 2.473977E+0 1.463631E-1
3.800000E-4 2.179638E+0 1.716325E-1
3.810000E-4 1.590960E+0 1.842672E-1
3.820000E-4 8.340890E-1 1.926903E-1
3.830000E-4 -4.892732E-2 1.926903E-1
3.840000E-4 -9.319437E-1 1.758441E-1
3.850000E-4 -1.646766E+0 1.505747E-1
3.860000E-4 -2.235444E+0 1.168822E-1
3.870000E-4 -2.529783E+0 7.897807E-2
3.880000E-4 -2.529783E+0 3.686242E-2
3.890000E-4 -2.235444E+0 -1.041670E-3
3.900000E-4 -1.688815E+0 -3.052263E-2
3.910000E-4 -8.898953E-1 -5.579202E-2
3.920000E-4 -4.892732E-2 -7.263828E-2
3.930000E-4 8.340890E-1 -7.684985E-2
3.940000E-4 1.590960E+0 -6.842672E-2
3.950000E-4 2.179638E+0 -5.158046E-2
3.960000E-4 2.473977E+0 -3.052263E-2
3.970000E-4 2.516025E+0 -1.041670E-3
3.980000E-4 2.221686E+0 1.580459E-2
3.990000E-4 1.675057E+0 3.686242E-2
4.000000E-4 9.602342E-1 5.370868E-2
4.010000E-4 1.192663E-1 5.370868E-2
4.020000E-4 -7.217017E-1 4.528555E-2
4.030000E-4 -1.520621E+0 2.422772E-2
4.040000E-4 -2.109299E+0 -5.253235E-3
4.050000E-4 -2.445686E+0 -3.473419E-2
4.060000E-4 -2.529783E+0 -8.106141E-2
4.070000E-4 -2.277492E+0 -1.147539E-1
4.080000E-4 -1.772912E+0 -1.484465E-1
4.090000E-4 -1.016040E+0 -1.779274E-1
4.100000E-4 -2.171209E-1 -1.695043E-1
4.110000E-4 6.658955E-1 -1.526580E-1
4.120000E-4 1.464815E+0 -1.105424E-1
4.130000E-4 2.095541E+0 -5.579202E-2
4.140000E-4 2.431928E+0 3.169895E-3
4.150000E-4 2.516025E+0 4.949712E-2
4.160000E-4 2.305783E+0 1.042475E-1
4.170000E-4 1.801202E+0 1.253053E-1
4.180000E-4 1.086379E+0 1.379400E-1
4.190000E-4 2.454115E-1 1.379400E-1
4.200000E-4 -5.955565E-1 1.337284E-1
4.210000E-4 -1.394476E+0 1.126706E-1
4.220000E-4 -2.025202E+0 8.318964E-2
4.230000E-4 -2.445686E+0 4.949712E-2
4.240000E-4 -2.529783E+0 3.169895E-3
4.250000E-4 -2.361589E+0 -3.052263E-2
4.260000E-4 -1.857008E+0 -6.421515E-2
4.270000E-4 -1.184234E+0 -9.790768E-2
4.280000E-4 -3.432661E-1 -1.147539E-1
4.290000E-4 4.977019E-1 -1.189655E-1
4.300000E-4 1.338670E+0 -1.147539E-1
4.310000E-4 2.011444E+0 -9.790768E-2
4.320000E-4 2.431928E+0 -7.684985E-2
4.330000E-4 2.558073E+0 -5.158046E-2
4.340000E-4 2.347831E+0 -2.209950E-2
4.350000E-4 1.927347E+0 -1.041670E-3
4.360000E-4 1.254573E+0 7.381461E-3
4.370000E-4 4.556535E-1 1.580459E-2
4.380000E-4 -4.694113E-1 1.580459E-2
4.390000E-4 -1.268331E+0 -1.041670E-3
4.400000E-4 -1.941105E+0 -1.788793E-2
4.410000E-4 -2.361589E+0 -5.158046E-2
4.420000E-4 -2.529783E+0 -9.369611E-2
4.430000E-4 -2.361589E+0 -1.316002E-1
4.440000E-4 -1.983154E+0 -1.526580E-1
4.450000E-4 -1.352428E+0 -1.526580E-1
4.460000E-4 -5.114597E-1 -1.316002E-1
4.470000E-4 3.295083E-1 -8.527298E-2
4.480000E-4 1.170476E+0 -3.052263E-2
4.490000E-4 1.885299E+0 2.422772E-2
4.500000E-4 2.347831E+0 7.476651E-2
4.510000E-4 2.516025E+0 1.295169E-1
4.520000E-4 2.431928E+0 1.547863E-1
4.530000E-4 2.011444E+0 1.716325E-1
4.540000E-4 1.380718E+0 1.884788E-1
4.550000E-4 5.817987E-1 1.926903E-1
4.560000E-4 -2.591693E-1 1.884788E-1
4.570000E-4 -1.100137E+0 1.716325E-1
4.580000E-4 -1.814960E+0 1.379400E-1
4.590000E-4 -2.361589E+0 1.042475E-1
4.600000E-4 -2.529783E+0 6.634338E-2
4.610000E-4 -2.445686E+0 2.001616E-2
4.620000E-4 -2.067250E+0 -1.367637E-2
4.630000E-4 -1.478573E+0 -3.894576E-2
4.640000E-4 -6.796533E-1 -6.421515E-2
4.650000E-4 1.613147E-1 -7.263828E-2
4.660000E-4 1.044331E+0 -7.684985E-2
4.670000E-4 1.759154E+0 -6.421515E-2
4.680000E-4 2.305783E+0 -4.736889E-2
4.690000E-4 2.516025E+0 -2.209950E-2
4.700000E-4 2.431928E+0 -1.041670E-3
4.710000E-4 2.095541E+0 2.001616E-2
4.720000E-4 1.506863E+0 4.107398E-2
4.730000E-4 7.079438E-1 4.949712E-2
4.740000E-4 -1.330241E-1 4.949712E-2
4.750000E-4 -1.016040E+0 3.686242E-2
4.760000E-4 -1.688815E+0 1.580459E-2
4.770000E-4 -2.277492E+0 -1.367637E-2
4.780000E-4 -2.529783E+0 -4.736889E-2
4.790000E-4 -2.487734E+0 -8.948455E-2
4.800000E-4 -2.151347E+0 -1.273886E-1
4.810000E-4 -1.604718E+0 -1.610812E-1
4.820000E-4 -8.057985E-1 -1.779274E-1
4.830000E-4 3.516947E-2 -1.695043E-1
4.840000E-4 9.181858E-1 -1.442349E-1
4.850000E-4 1.675057E+0 -9.369611E-2
4.860000E-4 2.221686E+0 -3.473419E-2
4.870000E-4 2.516025E+0 1.580459E-2
4.880000E-4 2.473977E+0 6.213181E-2
4.890000E-4 2.179638E+0 1.084590E-1
4.900000E-4 1.633009E+0 1.295169E-1
4.910000E-4 8.761374E-1 1.337284E-1
4.920000E-4 -6.878924E-3 1.379400E-1
4.930000E-4 -8.478469E-1 1.253053E-1
4.940000E-4 -1.562670E+0 1.042475E-1
4.950000E-4 -2.193396E+0 7.055494E-2
4.960000E-4 -2.529783E+0 3.265085E-2
4.970000E-4 -2.529783E+0 -5.253235E-3
4.980000E-4 -2.235444E+0 -4.315732E-2
4.990000E-4 -1.730863E+0 -7.684985E-2
5.000000E-4 -9.739921E-1 -1.021192E-1
5.010000E-4 -1.330241E-1 -1.147539E-1
5.020000E-4 7.920406E-1 -1.189655E-1
5.030000E-4 1.506863E+0 -1.147539E-1
5.040000E-4 2.095541E+0 -9.790768E-2
5.050000E-4 2.473977E+0 -6.842672E-2
5.060000E-4 2.516025E+0 -4.315732E-2
5.070000E-4 2.263735E+0 -1.788793E-2
5.080000E-4 1.759154E+0 -1.041670E-3
5.090000E-4 1.002283E+0 1.159303E-2
5.100000E-4 1.613147E-1 2.001616E-2
5.110000E-4 -6.796533E-1 1.159303E-2
5.120000E-4 -1.478573E+0 -5.253235E-3
5.130000E-4 -2.067250E+0 -3.052263E-2
5.140000E-4 -2.445686E+0 -6.421515E-2
5.150000E-4 -2.529783E+0 -1.021192E-1
5.160000E-4 -2.319541E+0 -1.442349E-1
5.170000E-4 -1.857008E+0 -1.568696E-1
5.180000E-4 -1.142186E+0 -1.484465E-1
5.190000E-4 -3.012177E-1 -1.189655E-1
5.200000E-4 6.238471E-1 -6.842672E-2
5.210000E-4 1.380718E+0 -1.367637E-2
5.220000E-4 2.011444E+0 3.686242E-2
5.230000E-4 2.431928E+0 9.161277E-2
5.240000E-4 2.516025E+0 1.337284E-1
5.250000E-4 2.347831E+0 1.589978E-1
5.260000E-4 1.843251E+0 1.758441E-1
5.270000E-4 1.170476E+0 1.884788E-1
5.280000E-4 3.295083E-1 1.969019E-1
5.290000E-4 -5.114597E-1 1.842672E-1
5.300000E-4 -1.352428E+0 1.632094E-1
5.310000E-4 -1.983154E+0 1.295169E-1
5.320000E-4 -2.403638E+0 9.582434E-2
5.330000E-4 -2.529783E+0 5.370868E-2
5.340000E-4 -2.361589E+0 1.580459E-2
5.350000E-4 -1.941105E+0 -1.788793E-2
5.360000E-4 -1.268331E+0 -4.315732E-2
5.370000E-4 -4.273629E-1 -6.421515E-2
5.380000E-4 4.136051E-1 -7.684985E-2
5.390000E-4 1.254573E+0 -6.842672E-2
5.400000E-4 1.927347E+0 -6.421515E-2
5.410000E-4 2.347831E+0 -4.315732E-2
5.420000E-4 2.516025E+0 -1.367637E-2
5.430000E-4 2.389880E+0 3.169895E-3
5.440000E-4 2.011444E+0 2.843929E-2
5.450000E-4 1.338670E+0 4.528555E-2
5.460000E-4 4.977019E-1 5.370868E-2
5.470000E-4 -3.432661E-1 4.949712E-2
5.480000E-4 -1.184234E+0 3.265085E-2
5.490000E-4 -1.857008E+0 7.381461E-3
5.500000E-4 -2.361589E+0 -2.209950E-2
5.510000E-4 -2.529783E+0 -6.000359E-2
5.520000E-4 -2.403638E+0 -9.790768E-2
5.530000E-4 -2.025202E+0 -1.358118E-1
5.540000E-4 -1.394476E+0 -1.652927E-1
5.550000E-4 -5.955565E-1 -1.779274E-1
5.560000E-4 2.874599E-1 -1.652927E-1
5.570000E-4 1.128428E+0 -1.316002E-1
5.580000E-4 1.843251E+0 -8.106141E-2
5.590000E-4 2.305783E+0 -2.631106E-2
5.600000E-4 2.516025E+0 2.843929E-2
5.610000E-4 2.431928E+0 7.897807E-2
5.620000E-4 2.053493E+0 1.168822E-1
5.630000E-4 1.464815E+0 1.337284E-1
5.640000E-4 6.658955E-1 1.379400E-1
5.650000E-4 -2.171209E-1 1.337284E-1
5.660000E-4 -1.058089E+0 1.210937E-1
5.670000E-4 -1.772912E+0 1.000359E-1
5.680000E-4 -2.277492E+0 6.213181E-2
5.690000E-4 -2.529783E+0 2.422772E-2
5.700000E-4 -2.529783E+0 -1.367637E-2
5.710000E-4 -2.109299E+0 -4.736889E-2
5.720000E-4 -1.520621E+0 -8.106141E-2
5.730000E-4 -7.637501E-1 -1.063308E-1
5.740000E-4 1.192663E-1 -1.189655E-1
5.750000E-4 9.602342E-1 -1.189655E-1
5.760000E-4 1.717105E+0 -1.063308E-1
5.770000E-4 2.263735E+0 -8.948455E-2
5.780000E-4 2.516025E+0 -6.421515E-2
5.790000E-4 2.473977E+0 -3.473419E-2
5.800000E-4 2.179638E+0 -9.464801E-3
5.810000E-4 1.590960E+0 3.169895E-3
5.820000E-4 8.340890E-1 1.580459E-2
5.830000E-4 -4.892732E-2 1.580459E-2
5.840000E-4 -8.898953E-1 7.381461E-3
5.850000E-4 -1.646766E+0 -9.464801E-3
5.860000E-4 -2.193396E+0 -3.894576E-2
5.870000E-4 -2.529783E+0 -7.684985E-2
5.880000E-4 -2.529783E+0 -1.147539E-1
5.890000E-4 -2.193396E+0 -1.484465E-1
5.900000E-4 -1.688815E+0 -1.568696E-1
5.910000E-4 -8.898953E-1 -1.484465E-1
5.920000E-4 -6.878924E-3 -1.063308E-1
5.930000E-4 8.340890E-1 -5.579202E-2
5.940000E-4 1.590960E+0 3.169895E-3
5.950000E-4 2.179638E+0 5.370868E-2
5.960000E-4 2.516025E+0 1.126706E-1
5.970000E-4 2.516025E+0 1.379400E-1
5.980000E-4 2.221686E+0 1.674209E-1
5.990000E-4 1.675057E+0 1.842672E-1
6.000000E-4 9.602342E-1 1.926903E-1
6.010000E-4 1.192663E-1 1.926903E-1
6.020000E-4 -7.637501E-1 1.800556E-1
6.030000E-4 -1.520621E+0 1.547863E-1
6.040000E-4 -2.151347E+0 1.210937E-1
6.050000E-4 -2.487734E+0 8.318964E-2
6.060000E-4 -2.529783E+0 4.528555E-2
6.070000E-4 -2.277492E+0 3.169895E-3
6.080000E-4 -1.772912E+0 -2.631106E-2
6.090000E-4 -1.058089E+0 -5.158046E-2
6.100000E-4 -1.750725E-1 -6.842672E-2
6.110000E-4 7.079438E-1 -7.684985E-2
6.120000E-4 1.464815E+0 -7.263828E-2
6.130000E-4 2.053493E+0 -6.421515E-2
6.140000E-4 2.473977E+0 -3.473419E-2
6.150000E-4 2.516025E+0 -9.464801E-3
6.160000E-4 2.305783E+0 1.159303E-2
6.170000E-4 1.801202E+0 3.265085E-2
6.180000E-4 1.086379E+0 4.949712E-2
6.190000E-4 2.454115E-1 5.370868E-2
6.200000E-4 -5.955565E-1 4.949712E-2
6.210000E-4 -1.394476E+0 2.422772E-2
6.220000E-4 -2.025202E+0 -1.041670E-3
6.230000E-4 -2.403638E+0 -3.052263E-2
6.240000E-4 -2.529783E+0 -6.842672E-2
6.250000E-4 -2.361589E+0 -1.063308E-1
6.260000E-4 -1.857008E+0 -1.442349E-1
6.270000E-4 -1.184234E+0 -1.695043E-1
6.280000E-4 -3.432661E-1 -1.737159E-1
6.290000E-4 4.977019E-1 -1.568696E-1
6.300000E-4 1.338670E+0 -1.189655E-1
6.310000E-4 2.011444E+0 -6.842672E-2
6.320000E-4 2.431928E+0 -5.253235E-3
6.330000E-4 2.516025E+0 4.107398E-2
6.340000E-4 2.347831E+0 9.582434E-2
6.350000E-4 1.927347E+0 1.210937E-1
6.360000E-4 1.254573E+0 1.337284E-1
6.370000E-4 4.556535E-1 1.379400E-1
6.380000E-4 -4.273629E-1 1.337284E-1
6.390000E-4 -1.268331E+0 1.168822E-1
6.400000E-4 -1.941105E+0 9.161277E-2
6.410000E-4 -2.361589E+0 5.370868E-2
6.420000E-4 -2.529783E+0 1.580459E-2
6.430000E-4 -2.361589E+0 -2.209950E-2
6.440000E-4 -1.941105E+0 -6.000359E-2
6.450000E-4 -1.352428E+0 -9.369611E-2
6.460000E-4 -5.114597E-1 -1.105424E-1
6.470000E-4 3.295083E-1 -1.189655E-1
6.480000E-4 1.170476E+0 -1.147539E-1
6.490000E-4 1.885299E+0 -1.021192E-1
6.500000E-4 2.347831E+0 -8.106141E-2
6.510000E-4 2.516025E+0 -5.158046E-2
6.520000E-4 2.431928E+0 -2.631106E-2
6.530000E-4 2.011444E+0 -1.041670E-3
6.540000E-4 1.380718E+0 3.169895E-3
6.550000E-4 5.817987E-1 1.580459E-2
6.560000E-4 -2.591693E-1 1.580459E-2
6.570000E-4 -1.100137E+0 3.169895E-3
6.580000E-4 -1.814960E+0 -1.367637E-2
6.590000E-4 -2.319541E+0 -4.736889E-2
6.600000E-4 -2.529783E+0 -8.527298E-2
6.610000E-4 -2.445686E+0 -1.273886E-1
6.620000E-4 -2.067250E+0 -1.526580E-1
6.630000E-4 -1.478573E+0 -1.526580E-1
6.640000E-4 -6.796533E-1 -1.358118E-1
6.650000E-4 1.613147E-1 -9.369611E-2
6.660000E-4 1.044331E+0 -3.473419E-2
6.670000E-4 1.801202E+0 1.580459E-2
6.680000E-4 2.305783E+0 6.634338E-2
6.690000E-4 2.516025E+0 1.210937E-1
6.700000E-4 2.473977E+0 1.505747E-1
6.710000E-4 2.137589E+0 1.716325E-1
6.720000E-4 1.506863E+0 1.842672E-1
6.730000E-4 7.499922E-1 1.926903E-1
6.740000E-4 -1.330241E-1 1.884788E-1
6.750000E-4 -9.739921E-1 1.716325E-1
6.760000E-4 -1.688815E+0 1.505747E-1
6.770000E-4 -2.235444E+0 1.168822E-1
6.780000E-4 -2.529783E+0 7.476651E-2
6.790000E-4 -2.529783E+0 3.265085E-2
6.800000E-4 -2.151347E+0 -5.253235E-3
6.810000E-4 -1.604718E+0 -3.052263E-2
6.820000E-4 -8.478469E-1 -6.000359E-2
6.830000E-4 3.516947E-2 -7.263828E-2
6.840000E-4 9.181858E-1 -7.263828E-2
6.850000E-4 1.675057E+0 -6.842672E-2
6.860000E-4 2.221686E+0 -5.158046E-2
6.870000E-4 2.516025E+0 -2.631106E-2
6.880000E-4 2.473977E+0 -1.041670E-3
6.890000E-4 2.179638E+0 1.580459E-2
6.900000E-4 1.633009E+0 3.686242E-2
6.910000E-4 8.761374E-1 4.949712E-2
6.920000E-4 3.516947E-2 4.949712E-2
6.930000E-4 -8.057985E-1 4.107398E-2
6.940000E-4 -1.562670E+0 2.422772E-2
6.950000E-4 -2.151347E+0 -9.464801E-3
6.960000E-4 -2.487734E+0 -3.894576E-2
6.970000E-4 -2.529783E+0 -8.106141E-2
6.980000E-4 -2.235444E+0 -1.189655E-1
6.990000E-4 -1.688815E+0 -1.526580E-1
7.000000E-4 -1.016040E+0 -1.779274E-1
7.010000E-4 -9.097572E-2 -1.695043E-1
7.020000E-4 7.499922E-1 -1.526580E-1
7.030000E-4 1.506863E+0 -1.063308E-1
7.040000E-4 2.137589E+0 -5.158046E-2
7.050000E-4 2.473977E+0 7.381461E-3
7.060000E-4 2.516025E+0 5.370868E-2
7.070000E-4 2.263735E+0 1.042475E-1
7.080000E-4 1.759154E+0 1.295169E-1
7.090000E-4 1.044331E+0 1.379400E-1
7.100000E-4 2.033631E-1 1.379400E-1
7.110000E-4 -6.796533E-1 1.337284E-1
7.120000E-4 -1.478573E+0 1.084590E-1
7.130000E-4 -2.067250E+0 8.318964E-2
7.140000E-4 -2.445686E+0 4.528555E-2
7.150000E-4 -2.529783E+0 3.169895E-3
7.160000E-4 -2.319541E+0 -3.052263E-2
7.170000E-4 -1.857008E+0 -6.842672E-2
7.180000E-4 -1.100137E+0 -9.369611E-2
7.190000E-4 -2.591693E-1 -1.147539E-1
7.200000E-4 6.238471E-1 -1.189655E-1
7.210000E-4 1.422767E+0 -1.147539E-1
7.220000E-4 2.053493E+0 -9.790768E-2
7.230000E-4 2.431928E+0 -7.684985E-2
7.240000E-4 2.516025E+0 -4.736889E-2
7.250000E-4 2.347831E+0 -1.788793E-2
7.260000E-4 1.843251E+0 -1.041670E-3
7.270000E-4 1.170476E+0 7.381461E-3
7.280000E-4 3.295083E-1 2.001616E-2
7.290000E-4 -5.114597E-1 1.580459E-2
7.300000E-4 -1.352428E+0 -1.041670E-3
7.310000E-4 -1.983154E+0 -1.788793E-2
7.320000E-4 -2.403638E+0 -5.579202E-2
7.330000E-4 -2.529783E+0 -9.790768E-2
7.340000E-4 -2.361589E+0 -1.358118E-1
7.350000E-4 -1.941105E+0 -1.526580E-1
7.360000E-4 -1.268331E+0 -1.526580E-1
7.370000E-4 -4.273629E-1 -1.273886E-1
7.380000E-4 4.136051E-1 -8.106141E-2
7.390000E-4 1.254573E+0 -2.209950E-2
7.400000E-4 1.927347E+0 3.265085E-2
7.410000E-4 2.389880E+0 7.897807E-2
7.420000E-4 2.558073E+0 1.337284E-1
7.430000E-4 2.389880E+0 1.547863E-1
7.440000E-4 2.011444E+0 1.758441E-1
7.450000E-4 1.296621E+0 1.884788E-1
7.460000E-4 4.977019E-1 1.926903E-1
7.470000E-4 -3.432661E-1 1.884788E-1
7.480000E-4 -1.184234E+0 1.674209E-1
7.490000E-4 -1.899057E+0 1.379400E-1
7.500000E-4 -2.361589E+0 1.000359E-1
7.510000E-4 -2.529783E+0 6.634338E-2
7.520000E-4 -2.445686E+0 2.001616E-2
7.530000E-4 -2.025202E+0 -1.367637E-2
7.540000E-4 -1.394476E+0 -4.315732E-2
7.550000E-4 -5.955565E-1 -6.421515E-2
7.560000E-4 2.874599E-1 -7.263828E-2
7.570000E-4 1.128428E+0 -7.263828E-2
7.580000E-4 1.801202E+0 -6.421515E-2
7.590000E-4 2.305783E+0 -4.736889E-2
7.600000E-4 2.516025E+0 -2.209950E-2
7.610000E-4 2.431928E+0 3.169895E-3
7.620000E-4 2.053493E+0 2.001616E-2
7.630000E-4 1.464815E+0 4.107398E-2
7.640000E-4 6.658955E-1 5.370868E-2
7.650000E-4 -1.750725E-1 4.949712E-2
7.660000E-4 -1.016040E+0 3.686242E-2
7.670000E-4 -1.730863E+0 1.580459E-2
7.680000E-4 -2.277492E+0 -1.367637E-2
7.690000E-4 -2.529783E+0 -5.158046E-2
7.700000E-4 -2.445686E+0 -9.369611E-2
7.710000E-4 -2.109299E+0 -1.316002E-1
7.720000E-4 -1.520621E+0 -1.610812E-1
7.730000E-4 -7.217017E-1 -1.779274E-1
7.740000E-4 1.192663E-1 -1.652927E-1
7.750000E-4 1.002283E+0 -1.400233E-1
7.760000E-4 1.675057E+0 -9.369611E-2
7.770000E-4 2.221686E+0 -3.052263E-2
7.780000E-4 2.516025E+0 2.001616E-2
7.790000E-4 2.516025E+0 7.055494E-2
7.800000E-4 2.137589E+0 1.126706E-1
7.810000E-4 1.590960E+0 1.337284E-1
7.820000E-4 8.340890E-1 1.379400E-1
7.830000E-4 -4.892732E-2 1.379400E-1
7.840000E-4 -8.898953E-1 1.253053E-1
7.850000E-4 -1.646766E+0 1.042475E-1
7.860000E-4 -2.193396E+0 7.055494E-2
7.870000E-4 -2.529783E+0 3.265085E-2
7.880000E-4 -2.529783E+0 -9.464801E-3
7.890000E-4 -2.193396E+0 -4.315732E-2
7.900000E-4 -1.688815E+0 -7.684985E-2
7.910000E-4 -9.319437E-1 -1.021192E-1
7.920000E-4 -4.892732E-2 -1.147539E-1
7.930000E-4 8.340890E-1 -1.189655E-1
7.940000E-4 1.590960E+0 -1.105424E-1
7.950000E-4 2.179638E+0 -9.369611E-2
7.960000E-4 2.516025E+0 -6.421515E-2
7.970000E-4 2.516025E+0 -3.894576E-2
7.980000E-4 2.221686E+0 -1.367637E-2
7.990000E-4 1.675057E+0 3.169895E-3
8.000000E-4 9.602342E-1 1.580459E-2
8.010000E-4 1.192663E-1 2.001616E-2
8.020000E-4 -7.217017E-1 1.159303E-2
8.030000E-4 -1.520621E+0 -9.464801E-3
8.040000E-4 -2.109299E+0 -3.052263E-2
8.050000E-4 -2.487734E+0 -6.842672E-2
8.060000E-4 -2.529783E+0 -1.063308E-1
8.070000E-4 -2.277492E+0 -1.442349E-1
8.080000E-4 -1.772912E+0 -1.526580E-1
8.090000E-4 -1.058089E+0 -1.484465E-1
8.100000E-4 -2.171209E-1 -1.147539E-1
8.110000E-4 6.658955E-1 -6.421515E-2
8.120000E-4 1.464815E+0 -5.253235E-3
8.130000E-4 2.095541E+0 4.107398E-2
8.140000E-4 2.431928E+0 1.000359E-1
8.150000E-4 2.516025E+0 1.379400E-1
8.160000E-4 2.347831E+0 1.632094E-1
8.170000E-4 1.801202E+0 1.800556E-1
8.180000E-4 1.086379E+0 1.926903E-1
8.190000E-4 2.874599E-1 1.926903E-1
8.200000E-4 -5.955565E-1 1.842672E-1
8.210000E-4 -1.394476E+0 1.589978E-1
8.220000E-4 -2.025202E+0 1.295169E-1
8.230000E-4 -2.445686E+0 9.161277E-2
8.240000E-4 -2.529783E+0 5.370868E-2
8.250000E-4 -2.361589E+0 1.159303E-2
8.260000E-4 -1.857008E+0 -1.788793E-2
8.270000E-4 -1.184234E+0 -4.736889E-2
8.280000E-4 -3.432661E-1 -6.842672E-2
8.290000E-4 4.977019E-1 -7.684985E-2
8.300000E-4 1.338670E+0 -7.263828E-2
8.310000E-4 2.011444E+0 -6.000359E-2
8.320000E-4 2.389880E+0 -3.473419E-2
8.330000E-4 2.558073E+0 -1.367637E-2
8.340000E-4 2.347831E+0 3.169895E-3
8.350000E-4 1.927347E+0 3.265085E-2
8.360000E-4 1.254573E+0 4.949712E-2
8.370000E-4 4.556535E-1 5.370868E-2
8.380000E-4 -4.694113E-1 4.949712E-2
8.390000E-4 -1.268331E+0 3.265085E-2
8.400000E-4 -1.941105E+0 3.169895E-3
8.410000E-4 -2.361589E+0 -2.631106E-2
8.420000E-4 -2.529783E+0 -6.421515E-2
8.430000E-4 -2.403638E+0 -1.021192E-1
8.440000E-4 -1.983154E+0 -1.400233E-1
8.450000E-4 -1.352428E+0 -1.652927E-1
8.460000E-4 -5.114597E-1 -1.779274E-1
8.470000E-4 3.295083E-1 -1.652927E-1
8.480000E-4 1.170476E+0 -1.273886E-1
8.490000E-4 1.885299E+0 -7.684985E-2
8.500000E-4 2.347831E+0 -1.788793E-2
8.510000E-4 2.516025E+0 3.265085E-2
8.520000E-4 2.431928E+0 8.740121E-2
8.530000E-4 2.011444E+0 1.168822E-1
8.540000E-4 1.380718E+0 1.337284E-1
8.550000E-4 5.817987E-1 1.379400E-1
8.560000E-4 -3.012177E-1 1.337284E-1
8.570000E-4 -1.100137E+0 1.210937E-1
8.580000E-4 -1.814960E+0 9.582434E-2
8.590000E-4 -2.319541E+0 5.792025E-2
8.600000E-4 -2.529783E+0 2.001616E-2
8.610000E-4 -2.445686E+0 -1.367637E-2
8.620000E-4 -2.067250E+0 -5.158046E-2
8.630000E-4 -1.478573E+0 -8.106141E-2
8.640000E-4 -6.796533E-1 -1.063308E-1
8.650000E-4 2.033631E-1 -1.189655E-1
8.660000E-4 1.044331E+0 -1.147539E-1
8.670000E-4 1.759154E+0 -1.063308E-1
8.680000E-4 2.263735E+0 -8.527298E-2
8.690000E-4 2.516025E+0 -6.000359E-2
8.700000E-4 2.473977E+0 -3.052263E-2
8.710000E-4 2.095541E+0 -5.253235E-3
8.720000E-4 1.506863E+0 3.169895E-3
8.730000E-4 7.499922E-1 1.580459E-2
8.740000E-4 -1.330241E-1 1.580459E-2
8.750000E-4 -1.016040E+0 7.381461E-3
8.760000E-4 -1.688815E+0 -9.464801E-3
8.770000E-4 -2.235444E+0 -3.894576E-2
8.780000E-4 -2.529783E+0 -7.684985E-2
8.790000E-4 -2.445686E+0 -1.147539E-1
8.800000E-4 -2.193396E+0 -1.484465E-1
8.810000E-4 -1.604718E+0 -1.526580E-1
8.820000E-4 -8.478469E-1 -1.442349E-1
8.830000E-4 -6.878924E-3 -1.021192E-1
8.840000E-4 9.181858E-1 -5.158046E-2
8.850000E-4 1.675057E+0 7.381461E-3
8.860000E-4 2.221686E+0 5.370868E-2
8.870000E-4 2.516025E+0 1.168822E-1
8.880000E-4 2.516025E+0 1.421516E-1
8.890000E-4 2.179638E+0 1.716325E-1
8.900000E-4 1.633009E+0 1.842672E-1
8.910000E-4 8.761374E-1 1.926903E-1
8.920000E-4 3.516947E-2 1.926903E-1
8.930000E-4 -8.478469E-1 1.758441E-1
8.940000E-4 -1.604718E+0 1.505747E-1
8.950000E-4 -2.193396E+0 1.210937E-1
8.960000E-4 -2.529783E+0 8.318964E-2
8.970000E-4 -2.529783E+0 3.686242E-2
8.980000E-4 -2.277492E+0 3.169895E-3
8.990000E-4 -1.688815E+0 -2.631106E-2
9.000000E-4 -1.016040E+0 -5.158046E-2
9.010000E-4 -1.330241E-1 -7.263828E-2
9.020000E-4 7.499922E-1 -7.263828E-2
9.030000E-4 1.506863E+0 -6.842672E-2
9.040000E-4 2.095541E+0 -6.000359E-2
9.050000E-4 2.473977E+0 -3.052263E-2
9.060000E-4 2.516025E+0 -5.253235E-3
9.070000E-4 2.263735E+0 1.580459E-2
9.080000E-4 1.759154E+0 3.686242E-2
9.090000E-4 1.002283E+0 4.949712E-2
9.100000E-4 2.033631E-1 5.370868E-2
9.110000E-4 -6.796533E-1 4.528555E-2
9.120000E-4 -1.478573E+0 2.422772E-2
9.130000E-4 -2.067250E+0 -5.253235E-3
9.140000E-4 -2.445686E+0 -3.473419E-2
9.150000E-4 -2.529783E+0 -7.684985E-2
9.160000E-4 -2.319541E+0 -1.147539E-1
9.170000E-4 -1.814960E+0 -1.484465E-1
9.180000E-4 -1.142186E+0 -1.737159E-1
9.190000E-4 -3.012177E-1 -1.737159E-1
9.200000E-4 5.817987E-1 -1.568696E-1
9.210000E-4 1.422767E+0 -1.189655E-1
9.220000E-4 2.011444E+0 -6.000359E-2
9.230000E-4 2.431928E+0 -1.041670E-3
9.240000E-4 2.516025E+0 4.528555E-2
9.250000E-4 2.347831E+0 1.000359E-1
9.260000E-4 1.843251E+0 1.210937E-1
9.270000E-4 1.170476E+0 1.379400E-1
9.280000E-4 3.295083E-1 1.379400E-1
9.290000E-4 -5.114597E-1 1.337284E-1
9.300000E-4 -1.352428E+0 1.168822E-1
9.310000E-4 -1.983154E+0 8.740121E-2
9.320000E-4 -2.403638E+0 4.949712E-2
9.330000E-4 -2.529783E+0 7.381461E-3
9.340000E-4 -2.361589E+0 -2.631106E-2
9.350000E-4 -1.941105E+0 -6.421515E-2
9.360000E-4 -1.268331E+0 -9.369611E-2
9.370000E-4 -4.273629E-1 -1.105424E-1
9.380000E-4 4.136051E-1 -1.189655E-1
9.390000E-4 1.254573E+0 -1.147539E-1
9.400000E-4 1.927347E+0 -1.021192E-1
9.410000E-4 2.347831E+0 -7.684985E-2
9.420000E-4 2.558073E+0 -5.158046E-2
9.430000E-4 2.389880E+0 -2.631106E-2
9.440000E-4 1.969396E+0 -1.041670E-3
9.450000E-4 1.296621E+0 7.381461E-3
9.460000E-4 4.977019E-1 1.580459E-2
9.470000E-4 -3.432661E-1 1.580459E-2
9.480000E-4 -1.184234E+0 3.169895E-3
9.490000E-4 -1.857008E+0 -1.788793E-2
9.500000E-4 -2.361589E+0 -5.158046E-2
9.510000E-4 -2.529783E+0 -8.948455E-2
9.520000E-4 -2.445686E+0 -1.316002E-1
9.530000E-4 -2.025202E+0 -1.526580E-1
9.540000E-4 -1.394476E+0 -1.526580E-1
9.550000E-4 -5.955565E-1 -1.316002E-1
9.560000E-4 2.454115E-1 -8.948455E-2
9.570000E-4 1.086379E+0 -3.052263E-2
9.580000E-4 1.801202E+0 2.001616E-2
9.590000E-4 2.305783E+0 7.055494E-2
9.600000E-4 2.516025E+0 1.253053E-1
9.610000E-4 2.473977E+0 1.505747E-1
9.620000E-4 2.053493E+0 1.716325E-1
9.630000E-4 1.464815E+0 1.884788E-1
9.640000E-4 6.658955E-1 1.969019E-1
9.650000E-4 -1.750725E-1 1.884788E-1
9.660000E-4 -1.058089E+0 1.716325E-1
9.670000E-4 -1.772912E+0 1.421516E-1
9.680000E-4 -2.277492E+0 1.084590E-1
9.690000E-4 -2.529783E+0 7.055494E-2
9.700000E-4 -2.487734E+0 2.843929E-2
9.710000E-4 -2.109299E+0 -9.464801E-3
9.720000E-4 -1.520621E+0 -3.473419E-2
9.730000E-4 -7.637501E-1 -6.000359E-2
9.740000E-4 1.192663E-1 -7.263828E-2
9.750000E-4 1.002283E+0 -7.263828E-2
9.760000E-4 1.675057E+0 -6.421515E-2
9.770000E-4 2.263735E+0 -5.158046E-2
9.780000E-4 2.516025E+0 -2.631106E-2
9.790000E-4 2.473977E+0 -1.041670E-3
9.800000E-4 2.179638E+0 2.001616E-2
9.810000E-4 1.590960E+0 3.686242E-2
9.820000E-4 7.920406E-1 4.949712E-2
9.830000E-4 -4.892732E-2 5.370868E-2
9.840000E-4 -9.319437E-1 4.107398E-2
9.850000E-4 -1.646766E+0 1.580459E-2
9.860000E-4 -2.193396E+0 -9.464801E-3
9.870000E-4 -2.529783E+0 -4.736889E-2
9.880000E-4 -2.529783E+0 -8.527298E-2
9.890000E-4 -2.193396E+0 -1.273886E-1
9.900000E-4 -1.646766E+0 -1.568696E-1
9.910000E-4 -8.898953E-1 -1.779274E-1
9.920000E-4 -4.892732E-2 -1.695043E-1
9.930000E-4 8.340890E-1 -1.484465E-1
9.940000E-4 1.633009E+0 -1.021192E-1
9.950000E-4 2.179638E+0 -4.315732E-2
9.960000E-4 2.473977E+0 7.381461E-3
9.970000E-4 2.516025E+0 5.792025E-2
9.980000E-4 2.221686E+0 1.084590E-1
9.990000E-4 1.675057E+0 1.295169E-1
1.000000E-3 9.602342E-1 1.379400E-1
1.001000E-3 7.721787E-2 1.379400E-1
1.002000E-3 -7.637501E-1 1.253053E-1
1.003000E-3 -1.520621E+0 1.084590E-1
1.004000E-3 -2.151347E+0 7.055494E-2
1.005000E-3 -2.487734E+0 3.686242E-2
1.006000E-3 -2.529783E+0 -1.041670E-3
1.007000E-3 -2.277492E+0 -3.473419E-2
1.008000E-3 -1.772912E+0 -6.842672E-2
1.009000E-3 -1.058089E+0 -9.790768E-2
1.010000E-3 -1.750725E-1 -1.147539E-1
1.011000E-3 6.658955E-1 -1.189655E-1
1.012000E-3 1.464815E+0 -1.147539E-1
1.013000E-3 2.095541E+0 -9.369611E-2
1.014000E-3 2.431928E+0 -7.263828E-2
1.015000E-3 2.516025E+0 -4.736889E-2
1.016000E-3 2.305783E+0 -1.788793E-2
1.017000E-3 1.801202E+0 -1.041670E-3
1.018000E-3 1.086379E+0 1.159303E-2
1.019000E-3 2.874599E-1 1.580459E-2
1.020000E-3 -5.955565E-1 1.159303E-2
1.021000E-3 -1.394476E+0 -5.253235E-3
1.022000E-3 -2.025202E+0 -2.631106E-2
1.023000E-3 -2.445686E+0 -6.000359E-2
1.024000E-3 -2.529783E+0 -9.790768E-2
1.025000E-3 -2.361589E+0 -1.400233E-1
1.026000E-3 -1.899057E+0 -1.526580E-1
1.027000E-3 -1.226282E+0 -1.526580E-1
1.028000E-3 -3.432661E-1 -1.273886E-1
1.029000E-3 4.977019E-1 -7.684985E-2
1.030000E-3 1.338670E+0 -1.788793E-2
1.031000E-3 1.969396E+0 3.265085E-2
1.032000E-3 2.389880E+0 8.318964E-2
1.033000E-3 2.516025E+0 1.337284E-1
1.034000E-3 2.347831E+0 1.589978E-1
1.035000E-3 1.927347E+0 1.758441E-1
1.036000E-3 1.254573E+0 1.884788E-1
1.037000E-3 4.136051E-1 1.926903E-1
1.038000E-3 -4.273629E-1 1.884788E-1
1.039000E-3 -1.268331E+0 1.632094E-1
1.040000E-3 -1.941105E+0 1.337284E-1
1.041000E-3 -2.361589E+0 1.000359E-1
1.042000E-3 -2.529783E+0 5.792025E-2
1.043000E-3 -2.403638E+0 2.001616E-2
1.044000E-3 -1.983154E+0 -1.367637E-2
1.045000E-3 -1.310379E+0 -4.315732E-2
1.046000E-3 -5.114597E-1 -6.421515E-2
1.047000E-3 3.295083E-1 -7.684985E-2
1.048000E-3 1.170476E+0 -6.842672E-2
1.049000E-3 1.843251E+0 -6.421515E-2
1.050000E-3 2.347831E+0 -4.315732E-2
1.051000E-3 2.516025E+0 -1.788793E-2
1.052000E-3 2.431928E+0 3.169895E-3
1.053000E-3 2.011444E+0 2.422772E-2
1.054000E-3 1.380718E+0 4.528555E-2
1.055000E-3 5.817987E-1 5.370868E-2
1.056000E-3 -3.012177E-1 4.949712E-2
1.057000E-3 -1.100137E+0 3.265085E-2
1.058000E-3 -1.857008E+0 1.159303E-2
1.059000E-3 -2.319541E+0 -1.788793E-2
1.060000E-3 -2.529783E+0 -5.579202E-2
1.061000E-3 -2.445686E+0 -9.369611E-2
1.062000E-3 -2.067250E+0 -1.316002E-1
1.063000E-3 -1.478573E+0 -1.610812E-1
1.064000E-3 -6.796533E-1 -1.821390E-1
1.065000E-3 1.613147E-1 -1.695043E-1
1.066000E-3 1.044331E+0 -1.358118E-1
1.067000E-3 1.759154E+0 -8.527298E-2
1.068000E-3 2.305783E+0 -3.052263E-2
1.069000E-3 2.516025E+0 2.001616E-2
1.070000E-3 2.473977E+0 7.055494E-2
1.071000E-3 2.095541E+0 1.126706E-1
1.072000E-3 1.506863E+0 1.337284E-1
1.073000E-3 7.499922E-1 1.379400E-1
1.074000E-3 -1.750725E-1 1.379400E-1
1.075000E-3 -9.739921E-1 1.253053E-1
1.076000E-3 -1.730863E+0 1.000359E-1
1.077000E-3 -2.235444E+0 7.055494E-2
1.078000E-3 -2.529783E+0 2.843929E-2
1.079000E-3 -2.487734E+0 -9.464801E-3
1.080000E-3 -2.151347E+0 -4.736889E-2
1.081000E-3 -1.604718E+0 -8.106141E-2
1.082000E-3 -8.478469E-1 -1.021192E-1
1.083000E-3 -6.878924E-3 -1.189655E-1
1.084000E-3 8.761374E-1 -1.189655E-1
1.085000E-3 1.675057E+0 -1.105424E-1
1.086000E-3 2.221686E+0 -9.369611E-2
1.087000E-3 2.516025E+0 -6.421515E-2
1.088000E-3 2.473977E+0 -3.473419E-2
1.089000E-3 2.179638E+0 -1.367637E-2
1.090000E-3 1.633009E+0 3.169895E-3
1.091000E-3 8.761374E-1 1.580459E-2
1.092000E-3 -6.878924E-3 1.580459E-2
1.093000E-3 -8.478469E-1 7.381461E-3
1.094000E-3 -1.604718E+0 -9.464801E-3
1.095000E-3 -2.151347E+0 -3.473419E-2
1.096000E-3 -2.529783E+0 -7.263828E-2
1.097000E-3 -2.529783E+0 -1.105424E-1
1.098000E-3 -2.277492E+0 -1.442349E-1
1.099000E-3 -1.688815E+0 -1.568696E-1
1.100000E-3 -1.016040E+0 -1.484465E-1
1.101000E-3 -1.330241E-1 -1.147539E-1
1.102000E-3 7.499922E-1 -6.421515E-2
1.103000E-3 1.506863E+0 -1.041670E-3
1.104000E-3 2.137589E+0 4.949712E-2
1.105000E-3 2.473977E+0 1.042475E-1
1.106000E-3 2.516025E+0 1.379400E-1
1.107000E-3 2.263735E+0 1.674209E-1
1.108000E-3 1.759154E+0 1.842672E-1
1.109000E-3 1.002283E+0 1.926903E-1
1.110000E-3 1.613147E-1 1.926903E-1
1.111000E-3 -6.796533E-1 1.800556E-1
1.112000E-3 -1.436524E+0 1.589978E-1
1.113000E-3 -2.067250E+0 1.253053E-1
1.114000E-3 -2.445686E+0 8.318964E-2
1.115000E-3 -2.529783E+0 4.528555E-2
1.116000E-3 -2.319541E+0 3.169895E-3
1.117000E-3 -1.814960E+0 -2.631106E-2
1.118000E-3 -1.100137E+0 -5.158046E-2
1.119000E-3 -2.591693E-1 -6.842672E-2
1.120000E-3 5.817987E-1 -7.684985E-2
1.121000E-3 1.380718E+0 -7.263828E-2
1.122000E-3 2.011444E+0 -6.000359E-2
1.123000E-3 2.431928E+0 -3.473419E-2
1.124000E-3 2.516025E+0 -1.367637E-2
1.125000E-3 2.347831E+0 7.381461E-3
1.126000E-3 1.843251E+0 3.265085E-2
1.127000E-3 1.170476E+0 4.949712E-2
1.128000E-3 3.295083E-1 5.370868E-2
1.129000E-3 -5.114597E-1 4.949712E-2
1.130000E-3 -1.310379E+0 3.265085E-2
1.131000E-3 -1.983154E+0 3.169895E-3
1.132000E-3 -2.403638E+0 -3.052263E-2
1.133000E-3 -2.529783E+0 -6.421515E-2
1.134000E-3 -2.361589E+0 -1.063308E-1
1.135000E-3 -1.941105E+0 -1.442349E-1
1.136000E-3 -1.268331E+0 -1.695043E-1
1.137000E-3 -4.273629E-1 -1.779274E-1
1.138000E-3 4.556535E-1 -1.610812E-1
1.139000E-3 1.254573E+0 -1.231771E-1
1.140000E-3 1.927347E+0 -7.263828E-2
1.141000E-3 2.389880E+0 -1.367637E-2
1.142000E-3 2.516025E+0 3.686242E-2
1.143000E-3 2.389880E+0 9.161277E-2
1.144000E-3 1.969396E+0 1.210937E-1
1.145000E-3 1.338670E+0 1.337284E-1
1.146000E-3 4.977019E-1 1.379400E-1
1.147000E-3 -3.432661E-1 1.337284E-1
1.148000E-3 -1.184234E+0 1.168822E-1
1.149000E-3 -1.857008E+0 8.740121E-2
1.150000E-3 -2.361589E+0 5.370868E-2
1.151000E-3 -2.529783E+0 1.580459E-2
1.152000E-3 -2.445686E+0 -2.209950E-2
1.153000E-3 -2.025202E+0 -5.579202E-2
1.154000E-3 -1.394476E+0 -8.527298E-2
1.155000E-3 -5.955565E-1 -1.105424E-1
1.156000E-3 2.454115E-1 -1.189655E-1
1.157000E-3 1.086379E+0 -1.189655E-1
1.158000E-3 1.843251E+0 -1.021192E-1
1.159000E-3 2.347831E+0 -8.527298E-2
1.160000E-3 2.516025E+0 -5.579202E-2
1.161000E-3 2.431928E+0 -3.052263E-2
1.162000E-3 2.053493E+0 -1.041670E-3
1.163000E-3 1.422767E+0 3.169895E-3
1.164000E-3 6.658955E-1 1.580459E-2
1.165000E-3 -2.171209E-1 1.580459E-2
1.166000E-3 -1.058089E+0 3.169895E-3
1.167000E-3 -1.772912E+0 -1.367637E-2
1.168000E-3 -2.277492E+0 -4.736889E-2
1.169000E-3 -2.529783E+0 -8.106141E-2
1.170000E-3 -2.445686E+0 -1.189655E-1
1.171000E-3 -2.109299E+0 -1.484465E-1
1.172000E-3 -1.520621E+0 -1.568696E-1
1.173000E-3 -7.637501E-1 -1.358118E-1
1.174000E-3 1.192663E-1 -9.790768E-2
1.175000E-3 1.002283E+0 -4.315732E-2
1.176000E-3 1.717105E+0 1.159303E-2
1.177000E-3 2.221686E+0 5.792025E-2
1.178000E-3 2.516025E+0 1.168822E-1
1.179000E-3 2.473977E+0 1.421516E-1
1.180000E-3 2.179638E+0 1.674209E-1
1.181000E-3 1.590960E+0 1.842672E-1
1.182000E-3 8.340890E-1 1.926903E-1
1.183000E-3 -4.892732E-2 1.926903E-1
1.184000E-3 -8.898953E-1 1.758441E-1
1.185000E-3 -1.646766E+0 1.505747E-1
1.186000E-3 -2.193396E+0 1.168822E-1
1.187000E-3 -2.529783E+0 7.897807E-2
1.188000E-3 -2.529783E+0 3.686242E-2
1.189000E-3 -2.193396E+0 -1.041670E-3
1.190000E-3 -1.688815E+0 -3.052263E-2
1.191000E-3 -9.319437E-1 -5.579202E-2
1.192000E-3 -4.892732E-2 -7.263828E-2
1.193000E-3 8.340890E-1 -7.263828E-2
1.194000E-3 1.590960E+0 -6.842672E-2
1.195000E-3 2.179638E+0 -5.158046E-2
1.196000E-3 2.516025E+0 -3.052263E-2
1.197000E-3 2.516025E+0 -1.041670E-3
1.198000E-3 2.221686E+0 1.580459E-2
1.199000E-3 1.675057E+0 3.686242E-2
1.200000E-3 1.002283E+0 4.949712E-2
1.201000E-3 1.192663E-1 5.370868E-2
1.202000E-3 -7.637501E-1 4.107398E-2
1.203000E-3 -1.520621E+0 2.422772E-2
1.204000E-3 -2.151347E+0 -5.253235E-3
1.205000E-3 -2.445686E+0 -3.473419E-2
1.206000E-3 -2.529783E+0 -7.684985E-2
1.207000E-3 -2.277492E+0 -1.189655E-1
1.208000E-3 -1.772912E+0 -1.526580E-1
1.209000E-3 -1.058089E+0 -1.779274E-1
1.210000E-3 -2.171209E-1 -1.737159E-1
1.211000E-3 6.658955E-1 -1.526580E-1
1.212000E-3 1.464815E+0 -1.147539E-1
1.213000E-3 2.095541E+0 -5.579202E-2
1.214000E-3 2.473977E+0 3.169895E-3
1.215000E-3 2.516025E+0 4.528555E-2
1.216000E-3 2.305783E+0 1.042475E-1
1.217000E-3 1.801202E+0 1.253053E-1
1.218000E-3 1.086379E+0 1.337284E-1
1.219000E-3 2.874599E-1 1.379400E-1
1.220000E-3 -5.955565E-1 1.337284E-1
1.221000E-3 -1.394476E+0 1.126706E-1
1.222000E-3 -2.025202E+0 8.318964E-2
1.223000E-3 -2.403638E+0 4.528555E-2
1.224000E-3 -2.529783E+0 3.169895E-3
1.225000E-3 -2.361589E+0 -3.052263E-2
1.226000E-3 -1.857008E+0 -6.421515E-2
1.227000E-3 -1.184234E+0 -9.369611E-2
1.228000E-3 -3.432661E-1 -1.105424E-1
1.229000E-3 5.397503E-1 -1.189655E-1
1.230000E-3 1.296621E+0 -1.147539E-1
1.231000E-3 2.011444E+0 -9.790768E-2
1.232000E-3 2.389880E+0 -7.684985E-2
1.233000E-3 2.516025E+0 -5.158046E-2
1.234000E-3 2.347831E+0 -2.209950E-2
1.235000E-3 1.927347E+0 -1.041670E-3
1.236000E-3 1.212525E+0 7.381461E-3
1.237000E-3 4.556535E-1 2.001616E-2
1.238000E-3 -4.273629E-1 1.580459E-2
1.239000E-3 -1.268331E+0 3.169895E-3
1.240000E-3 -1.941105E+0 -1.788793E-2
1.241000E-3 -2.361589E+0 -5.158046E-2
1.242000E-3 -2.529783E+0 -9.369611E-2
1.243000E-3 -2.403638E+0 -1.316002E-1
1.244000E-3 -1.983154E+0 -1.526580E-1
1.245000E-3 -1.352428E+0 -1.526580E-1
1.246000E-3 -5.114597E-1 -1.316002E-1
1.247000E-3 3.295083E-1 -8.527298E-2
1.248000E-3 1.212525E+0 -2.631106E-2
1.249000E-3 1.885299E+0 2.422772E-2
1.250000E-3 2.347831E+0 7.476651E-2
1.251000E-3 2.558073E+0 1.253053E-1
1.252000E-3 2.431928E+0 1.505747E-1
1.253000E-3 2.011444E+0 1.716325E-1
1.254000E-3 1.380718E+0 1.884788E-1
1.255000E-3 6.238471E-1 1.926903E-1
1.256000E-3 -3.012177E-1 1.884788E-1
1.257000E-3 -1.100137E+0 1.674209E-1
1.258000E-3 -1.857008E+0 1.421516E-1
1.259000E-3 -2.361589E+0 1.042475E-1
1.260000E-3 -2.529783E+0 6.634338E-2
1.261000E-3 -2.445686E+0 2.422772E-2
1.262000E-3 -2.067250E+0 -9.464801E-3
1.263000E-3 -1.436524E+0 -3.894576E-2
1.264000E-3 -6.796533E-1 -6.000359E-2
1.265000E-3 1.613147E-1 -7.684985E-2
1.266000E-3 1.044331E+0 -7.263828E-2
1.267000E-3 1.759154E+0 -6.421515E-2
1.268000E-3 2.263735E+0 -4.736889E-2
1.269000E-3 2.516025E+0 -2.631106E-2
1.270000E-3 2.473977E+0 3.169895E-3
1.271000E-3 2.095541E+0 2.001616E-2
1.272000E-3 1.506863E+0 4.107398E-2
1.273000E-3 7.499922E-1 5.370868E-2
1.274000E-3 -1.330241E-1 4.949712E-2
1.275000E-3 -9.739921E-1 4.107398E-2
1.276000E-3 -1.688815E+0 1.580459E-2
1.277000E-3 -2.277492E+0 -1.367637E-2
1.278000E-3 -2.529783E+0 -4.736889E-2
1.279000E-3 -2.487734E+0 -8.948455E-2
1.280000E-3 -2.193396E+0 -1.273886E-1
1.281000E-3 -1.604718E+0 -1.610812E-1
1.282000E-3 -8.057985E-1 -1.779274E-1
1.283000E-3 3.516947E-2 -1.695043E-1
1.284000E-3 9.181858E-1 -1.442349E-1
1.285000E-3 1.675057E+0 -9.790768E-2
1.286000E-3 2.221686E+0 -3.894576E-2
1.287000E-3 2.516025E+0 1.580459E-2
1.288000E-3 2.516025E+0 6.213181E-2
1.289000E-3 2.179638E+0 1.084590E-1
1.290000E-3 1.633009E+0 1.295169E-1
1.291000E-3 8.761374E-1 1.379400E-1
1.292000E-3 -6.878924E-3 1.379400E-1
1.293000E-3 -8.057985E-1 1.295169E-1
1.294000E-3 -1.562670E+0 1.084590E-1
1.295000E-3 -2.151347E+0 7.476651E-2
1.296000E-3 -2.487734E+0 3.686242E-2
1.297000E-3 -2.529783E+0 -5.253235E-3
1.298000E-3 -2.235444E+0 -4.315732E-2
1.299000E-3 -1.688815E+0 -7.263828E-2
1.300000E-3 -9.739921E-1 -9.790768E-2
1.301000E-3 -9.097572E-2 -1.147539E-1
1.302000E-3 7.499922E-1 -1.189655E-1
1.303000E-3 1.548912E+0 -1.105424E-1
1.304000E-3 2.137589E+0 -9.369611E-2
1.305000E-3 2.473977E+0 -6.842672E-2
1.306000E-3 2.558073E+0 -4.315732E-2
1.307000E-3 2.263735E+0 -1.788793E-2
1.308000E-3 1.759154E+0 -1.041670E-3
1.309000E-3 1.044331E+0 1.580459E-2
1.310000E-3 1.613147E-1 1.580459E-2
1.311000E-3 -6.796533E-1 1.159303E-2
1.312000E-3 -1.436524E+0 -5.253235E-3
1.313000E-3 -2.067250E+0 -3.052263E-2
1.314000E-3 -2.445686E+0 -6.842672E-2
1.315000E-3 -2.529783E+0 -1.021192E-1
1.316000E-3 -2.319541E+0 -1.400233E-1
1.317000E-3 -1.814960E+0 -1.568696E-1
1.318000E-3 -1.100137E+0 -1.484465E-1
1.319000E-3 -2.591693E-1 -1.189655E-1
1.320000E-3 6.238471E-1 -6.842672E-2
1.321000E-3 1.422767E+0 -9.464801E-3
1.322000E-3 2.011444E+0 3.686242E-2
1.323000E-3 2.431928E+0 9.582434E-2
1.324000E-3 2.516025E+0 1.337284E-1
1.325000E-3 2.347831E+0 1.589978E-1
1.326000E-3 1.843251E+0 1.800556E-1
1.327000E-3 1.170476E+0 1.884788E-1
1.328000E-3 3.295083E-1 1.926903E-1
1.329000E-3 -5.114597E-1 1.842672E-1
1.330000E-3 -1.310379E+0 1.632094E-1
1.331000E-3 -1.983154E+0 1.337284E-1
1.332000E-3 -2.403638E+0 9.582434E-2
1.333000E-3 -2.529783E+0 5.370868E-2
1.334000E-3 -2.361589E+0 1.580459E-2
1.335000E-3 -1.941105E+0 -1.788793E-2
1.336000E-3 -1.268331E+0 -4.315732E-2
1.337000E-3 -4.273629E-1 -6.421515E-2
1.338000E-3 4.556535E-1 -7.263828E-2
1.339000E-3 1.254573E+0 -6.842672E-2
1.340000E-3 1.927347E+0 -6.421515E-2
1.341000E-3 2.347831E+0 -3.894576E-2
1.342000E-3 2.516025E+0 -1.367637E-2
1.343000E-3 2.389880E+0 3.169895E-3
1.344000E-3 1.969396E+0 2.843929E-2
1.345000E-3 1.338670E+0 4.528555E-2
1.346000E-3 4.977019E-1 5.370868E-2
1.347000E-3 -3.432661E-1 4.949712E-2
1.348000E-3 -1.184234E+0 3.686242E-2
1.349000E-3 -1.857008E+0 7.381461E-3
1.350000E-3 -2.361589E+0 -1.788793E-2
1.351000E-3 -2.529783E+0 -6.000359E-2
1.352000E-3 -2.403638E+0 -9.790768E-2
1.353000E-3 -2.025202E+0 -1.358118E-1
1.354000E-3 -1.394476E+0 -1.652927E-1
1.355000E-3 -5.955565E-1 -1.779274E-1
1.356000E-3 2.454115E-1 -1.652927E-1
1.357000E-3 1.128428E+0 -1.316002E-1
1.358000E-3 1.843251E+0 -8.527298E-2
1.359000E-3 2.305783E+0 -2.209950E-2
1.360000E-3 2.516025E+0 2.843929E-2
1.361000E-3 2.431928E+0 8.318964E-2
1.362000E-3 2.053493E+0 1.168822E-1
1.363000E-3 1.422767E+0 1.337284E-1
1.364000E-3 6.658955E-1 1.379400E-1
1.365000E-3 -2.171209E-1 1.379400E-1
1.366000E-3 -1.058089E+0 1.253053E-1
1.367000E-3 -1.772912E+0 1.000359E-1
1.368000E-3 -2.277492E+0 6.213181E-2
1.369000E-3 -2.529783E+0 2.422772E-2
1.370000E-3 -2.487734E+0 -1.367637E-2
1.371000E-3 -2.109299E+0 -4.736889E-2
1.372000E-3 -1.520621E+0 -8.106141E-2
1.373000E-3 -7.217017E-1 -1.063308E-1
1.374000E-3 1.192663E-1 -1.189655E-1
1.375000E-3 1.002283E+0 -1.189655E-1
1.376000E-3 1.717105E+0 -1.063308E-1
1.377000E-3 2.263735E+0 -8.527298E-2
1.378000E-3 2.516025E+0 -6.000359E-2
1.379000E-3 2.516025E+0 -3.473419E-2
1.380000E-3 2.179638E+0 -9.464801E-3
1.381000E-3 1.590960E+0 7.381461E-3
1.382000E-3 8.340890E-1 1.580459E-2
1.383000E-3 -4.892732E-2 1.580459E-2
1.384000E-3 -8.898953E-1 7.381461E-3
1.385000E-3 -1.646766E+0 -9.464801E-3
1.386000E-3 -2.193396E+0 -3.894576E-2
1.387000E-3 -2.529783E+0 -7.684985E-2
1.388000E-3 -2.529783E+0 -1.147539E-1
1.389000E-3 -2.193396E+0 -1.484465E-1
1.390000E-3 -1.646766E+0 -1.568696E-1
1.391000E-3 -9.319437E-1 -1.484465E-1
1.392000E-3 -4.892732E-2 -1.105424E-1
1.393000E-3 8.340890E-1 -5.579202E-2
1.394000E-3 1.590960E+0 3.169895E-3
1.395000E-3 2.179638E+0 4.949712E-2
1.396000E-3 2.516025E+0 1.084590E-1
1.397000E-3 2.516025E+0 1.379400E-1
1.398000E-3 2.263735E+0 1.674209E-1
1.399000E-3 1.675057E+0 1.842672E-1
1.400000E-3 1.002283E+0 1.926903E-1
1.401000E-3 1.192663E-1 1.926903E-1
1.402000E-3 -7.637501E-1 1.800556E-1
1.403000E-3 -1.520621E+0 1.547863E-1
1.404000E-3 -2.109299E+0 1.210937E-1
1.405000E-3 -2.487734E+0 8.740121E-2
1.406000E-3 -2.529783E+0 4.528555E-2
1.407000E-3 -2.277492E+0 3.169895E-3
1.408000E-3 -1.772912E+0 -2.631106E-2
1.409000E-3 -1.058089E+0 -5.158046E-2
1.410000E-3 -2.171209E-1 -6.842672E-2
1.411000E-3 6.658955E-1 -7.684985E-2
1.412000E-3 1.422767E+0 -6.842672E-2
1.413000E-3 2.095541E+0 -6.000359E-2
1.414000E-3 2.473977E+0 -3.473419E-2
1.415000E-3 2.516025E+0 -9.464801E-3
1.416000E-3 2.347831E+0 1.159303E-2
1.417000E-3 1.801202E+0 3.265085E-2
1.418000E-3 1.086379E+0 4.949712E-2
1.419000E-3 2.874599E-1 5.370868E-2
1.420000E-3 -5.955565E-1 4.949712E-2
1.421000E-3 -1.352428E+0 2.843929E-2
1.422000E-3 -2.025202E+0 3.169895E-3
1.423000E-3 -2.445686E+0 -3.052263E-2
1.424000E-3 -2.529783E+0 -7.263828E-2
1.425000E-3 -2.361589E+0 -1.105424E-1
1.426000E-3 -1.857008E+0 -1.484465E-1
1.427000E-3 -1.184234E+0 -1.695043E-1
1.428000E-3 -3.432661E-1 -1.737159E-1
1.429000E-3 4.977019E-1 -1.610812E-1
1.430000E-3 1.338670E+0 -1.189655E-1
1.431000E-3 1.969396E+0 -6.842672E-2
1.432000E-3 2.431928E+0 -5.253235E-3
1.433000E-3 2.516025E+0 4.107398E-2
1.434000E-3 2.347831E+0 1.000359E-1
1.435000E-3 1.927347E+0 1.210937E-1
1.436000E-3 1.254573E+0 1.337284E-1
1.437000E-3 4.136051E-1 1.379400E-1
1.438000E-3 -4.273629E-1 1.337284E-1
1.439000E-3 -1.268331E+0 1.168822E-1
1.440000E-3 -1.941105E+0 8.740121E-2
1.441000E-3 -2.403638E+0 4.949712E-2
1.442000E-3 -2.571831E+0 1.159303E-2
1.443000E-3 -2.403638E+0 -2.209950E-2
1.444000E-3 -1.983154E+0 -6.000359E-2
1.445000E-3 -1.352428E+0 -8.948455E-2
1.446000E-3 -5.114597E-1 -1.063308E-1
1.447000E-3 3.715567E-1 -1.189655E-1
1.448000E-3 1.212525E+0 -1.189655E-1
1.449000E-3 1.885299E+0 -1.021192E-1
1.450000E-3 2.347831E+0 -8.106141E-2
1.451000E-3 2.516025E+0 -5.158046E-2
1.452000E-3 2.431928E+0 -2.631106E-2
1.453000E-3 2.011444E+0 -5.253235E-3
1.454000E-3 1.338670E+0 3.169895E-3
1.455000E-3 5.817987E-1 1.580459E-2
1.456000E-3 -2.591693E-1 1.580459E-2
1.457000E-3 -1.100137E+0 3.169895E-3
1.458000E-3 -1.857008E+0 -1.367637E-2
1.459000E-3 -2.361589E+0 -4.736889E-2
1.460000E-3 -2.529783E+0 -8.527298E-2
1.461000E-3 -2.445686E+0 -1.273886E-1
1.462000E-3 -2.067250E+0 -1.526580E-1
1.463000E-3 -1.478573E+0 -1.526580E-1
1.464000E-3 -6.796533E-1 -1.358118E-1
1.465000E-3 1.613147E-1 -9.790768E-2
1.466000E-3 1.044331E+0 -3.473419E-2
1.467000E-3 1.801202E+0 1.580459E-2
1.468000E-3 2.305783E+0 6.634338E-2
1.469000E-3 2.516025E+0 1.210937E-1
1.470000E-3 2.473977E+0 1.505747E-1
1.471000E-3 2.137589E+0 1.716325E-1
1.472000E-3 1.506863E+0 1.842672E-1
1.473000E-3 7.499922E-1 1.926903E-1
1.474000E-3 -1.330241E-1 1.884788E-1
1.475000E-3 -9.739921E-1 1.716325E-1
1.476000E-3 -1.688815E+0 1.463631E-1
1.477000E-3 -2.235444E+0 1.126706E-1
1.478000E-3 -2.529783E+0 7.055494E-2
1.479000E-3 -2.487734E+0 3.265085E-2
1.480000E-3 -2.193396E+0 -9.464801E-3
1.481000E-3 -1.604718E+0 -3.473419E-2
1.482000E-3 -8.057985E-1 -5.579202E-2
1.483000E-3 3.516947E-2 -7.263828E-2
1.484000E-3 9.181858E-1 -7.263828E-2
1.485000E-3 1.675057E+0 -6.842672E-2
1.486000E-3 2.179638E+0 -5.158046E-2
1.487000E-3 2.516025E+0 -2.631106E-2
1.488000E-3 2.516025E+0 -1.041670E-3
1.489000E-3 2.179638E+0 2.001616E-2
1.490000E-3 1.633009E+0 3.686242E-2
1.491000E-3 8.761374E-1 4.949712E-2
1.492000E-3 3.516947E-2 4.949712E-2
1.493000E-3 -8.478469E-1 4.107398E-2
1.494000E-3 -1.604718E+0 2.001616E-2
1.495000E-3 -2.193396E+0 -9.464801E-3
1.496000E-3 -2.529783E+0 -4.315732E-2
1.497000E-3 -2.529783E+0 -8.106141E-2
1.498000E-3 -2.277492E+0 -1.189655E-1
1.499000E-3 -1.688815E+0 -1.568696E-1
1.500000E-3 -9.739921E-1 -1.779274E-1
1.501000E-3 -1.330241E-1 -1.695043E-1
1.502000E-3 7.499922E-1 -1.484465E-1
1.503000E-3 1.506863E+0 -1.063308E-1
1.504000E-3 2.137589E+0 -5.158046E-2
1.505000E-3 2.473977E+0 7.381461E-3
1.506000E-3 2.516025E+0 5.370868E-2
1.507000E-3 2.263735E+0 1.042475E-1
1.508000E-3 1.759154E+0 1.295169E-1
1.509000E-3 1.044331E+0 1.379400E-1
1.510000E-3 1.613147E-1 1.379400E-1
1.511000E-3 -6.796533E-1 1.295169E-1
1.512000E-3 -1.436524E+0 1.126706E-1
1.513000E-3 -2.067250E+0 7.897807E-2
1.514000E-3 -2.445686E+0 4.107398E-2
1.515000E-3 -2.529783E+0 3.169895E-3
1.516000E-3 -2.319541E+0 -3.052263E-2
1.517000E-3 -1.857008E+0 -6.842672E-2
1.518000E-3 -1.142186E+0 -9.790768E-2
1.519000E-3 -3.012177E-1 -1.147539E-1
1.520000E-3 5.817987E-1 -1.189655E-1
1.521000E-3 1.380718E+0 -1.147539E-1
1.522000E-3 2.011444E+0 -9.790768E-2
1.523000E-3 2.431928E+0 -7.684985E-2
1.524000E-3 2.516025E+0 -4.736889E-2
1.525000E-3 2.347831E+0 -2.209950E-2
1.526000E-3 1.843251E+0 3.169895E-3
1.527000E-3 1.170476E+0 1.159303E-2
1.528000E-3 3.295083E-1 1.580459E-2
1.529000E-3 -5.114597E-1 1.580459E-2
1.530000E-3 -1.352428E+0 -1.041670E-3
1.531000E-3 -1.983154E+0 -2.209950E-2
1.532000E-3 -2.403638E+0 -6.000359E-2
1.533000E-3 -2.571831E+0 -9.790768E-2
1.534000E-3 -2.403638E+0 -1.358118E-1
1.535000E-3 -1.941105E+0 -1.526580E-1
1.536000E-3 -1.268331E+0 -1.526580E-1
1.537000E-3 -4.273629E-1 -1.273886E-1
1.538000E-3 4.556535E-1 -8.106141E-2
1.539000E-3 1.254573E+0 -2.209950E-2
1.540000E-3 1.927347E+0 2.843929E-2
1.541000E-3 2.347831E+0 8.318964E-2
1.542000E-3 2.558073E+0 1.253053E-1
1.543000E-3 2.431928E+0 1.547863E-1
1.544000E-3 2.011444E+0 1.758441E-1
1.545000E-3 1.296621E+0 1.884788E-1
1.546000E-3 5.397503E-1 1.926903E-1
1.547000E-3 -3.853145E-1 1.884788E-1
1.548000E-3 -1.184234E+0 1.674209E-1
1.549000E-3 -1.899057E+0 1.379400E-1
1.550000E-3 -2.361589E+0 1.000359E-1
1.551000E-3 -2.529783E+0 6.634338E-2
1.552000E-3 -2.445686E+0 2.001616E-2
1.553000E-3 -2.025202E+0 -1.367637E-2
1.554000E-3 -1.394476E+0 -4.315732E-2
1.555000E-3 -5.955565E-1 -6.421515E-2
1.556000E-3 2.874599E-1 -7.684985E-2
1.557000E-3 1.128428E+0 -7.263828E-2
1.558000E-3 1.843251E+0 -6.842672E-2
1.559000E-3 2.347831E+0 -4.736889E-2
1.560000E-3 2.558073E+0 -1.788793E-2
1.561000E-3 2.431928E+0 -1.041670E-3
1.562000E-3 2.053493E+0 2.001616E-2
1.563000E-3 1.422767E+0 4.107398E-2
1.564000E-3 6.238471E-1 5.370868E-2
1.565000E-3 -2.171209E-1 4.949712E-2
1.566000E-3 -1.016040E+0 3.686242E-2
1.567000E-3 -1.772912E+0 1.580459E-2
1.568000E-3 -2.277492E+0 -1.788793E-2
1.569000E-3 -2.529783E+0 -5.158046E-2
1.570000E-3 -2.445686E+0 -9.369611E-2
1.571000E-3 -2.109299E+0 -1.316002E-1
1.572000E-3 -1.520621E+0 -1.610812E-1
1.573000E-3 -7.637501E-1 -1.779274E-1
1.574000E-3 7.721787E-2 -1.695043E-1
1.575000E-3 9.602342E-1 -1.442349E-1
1.576000E-3 1.717105E+0 -9.369611E-2
1.577000E-3 2.221686E+0 -3.473419E-2
1.578000E-3 2.516025E+0 2.001616E-2
1.579000E-3 2.473977E+0 6.634338E-2
1.580000E-3 2.137589E+0 1.126706E-1
1.581000E-3 1.590960E+0 1.337284E-1
1.582000E-3 8.340890E-1 1.379400E-1
1.583000E-3 -4.892732E-2 1.379400E-1
1.584000E-3 -9.319437E-1 1.253053E-1
1.585000E-3 -1.646766E+0 1.042475E-1
1.586000E-3 -2.235444E+0 7.055494E-2
1.587000E-3 -2.529783E+0 3.265085E-2
1.588000E-3 -2.529783E+0 -9.464801E-3
1.589000E-3 -2.193396E+0 -4.736889E-2
1.590000E-3 -1.646766E+0 -7.684985E-2
1.591000E-3 -8.898953E-1 -1.021192E-1
1.592000E-3 -4.892732E-2 -1.147539E-1
1.593000E-3 8.340890E-1 -1.189655E-1
1.594000E-3 1.590960E+0 -1.105424E-1
1.595000E-3 2.179638E+0 -9.369611E-2
1.596000E-3 2.516025E+0 -6.842672E-2
1.597000E-3 2.473977E+0 -4.315732E-2
1.598000E-3 2.221686E+0 -1.367637E-2
1.599000E-3 1.675057E+0 3.169895E-3
1.600000E-3 9.602342E-1 1.580459E-2
1.601000E-3 1.192663E-1 2.001616E-2
1.602000E-3 -7.637501E-1 1.159303E-2
1.603000E-3 -1.520621E+0 -5.253235E-3
1.604000E-3 -2.109299E+0 -3.052263E-2
1.605000E-3 -2.487734E+0 -6.421515E-2
1.606000E-3 -2.529783E+0 -1.063308E-1
1.607000E-3 -2.277492E+0 -1.442349E-1
1.608000E-3 -1.772912E+0 -1.568696E-1
1.609000E-3 -1.058089E+0 -1.484465E-1
1.610000E-3 -2.171209E-1 -1.147539E-1
1.611000E-3 6.658955E-1 -6.842672E-2
1.612000E-3 1.464815E+0 -9.464801E-3
1.613000E-3 2.095541E+0 4.107398E-2
1.614000E-3 2.431928E+0 1.000359E-1
1.615000E-3 2.516025E+0 1.379400E-1
1.616000E-3 2.263735E+0 1.589978E-1
1.617000E-3 1.801202E+0 1.800556E-1
1.618000E-3 1.086379E+0 1.884788E-1
1.619000E-3 2.454115E-1 1.926903E-1
1.620000E-3 -6.376049E-1 1.800556E-1
1.621000E-3 -1.394476E+0 1.589978E-1
1.622000E-3 -2.025202E+0 1.253053E-1
1.623000E-3 -2.445686E+0 9.161277E-2
1.624000E-3 -2.529783E+0 4.949712E-2
1.625000E-3 -2.361589E+0 1.580459E-2
1.626000E-3 -1.899057E+0 -1.788793E-2
1.627000E-3 -1.184234E+0 -4.736889E-2
1.628000E-3 -3.432661E-1 -6.842672E-2
1.629000E-3 4.977019E-1 -7.684985E-2
1.630000E-3 1.338670E+0 -7.263828E-2
1.631000E-3 1.969396E+0 -6.000359E-2
1.632000E-3 2.431928E+0 -3.894576E-2
1.633000E-3 2.516025E+0 -1.367637E-2
1.634000E-3 2.347831E+0 3.169895E-3
1.635000E-3 1.927347E+0 2.843929E-2
1.636000E-3 1.212525E+0 4.528555E-2
1.637000E-3 4.136051E-1 5.370868E-2
1.638000E-3 -4.273629E-1 4.949712E-2
1.639000E-3 -1.226282E+0 3.265085E-2
1.640000E-3 -1.899057E+0 3.169895E-3
1.641000E-3 -2.403638E+0 -2.631106E-2
1.642000E-3 -2.571831E+0 -6.421515E-2
1.643000E-3 -2.403638E+0 -1.021192E-1
1.644000E-3 -1.983154E+0 -1.400233E-1
1.645000E-3 -1.352428E+0 -1.652927E-1
1.646000E-3 -5.114597E-1 -1.779274E-1
1.647000E-3 3.295083E-1 -1.652927E-1
1.648000E-3 1.170476E+0 -1.316002E-1
1.649000E-3 1.885299E+0 -7.684985E-2
1.650000E-3 2.347831E+0 -1.788793E-2
1.651000E-3 2.516025E+0 3.265085E-2
1.652000E-3 2.431928E+0 8.740121E-2
1.653000E-3 2.011444E+0 1.168822E-1
1.654000E-3 1.380718E+0 1.337284E-1
1.655000E-3 5.817987E-1 1.379400E-1
1.656000E-3 -3.012177E-1 1.337284E-1
1.657000E-3 -1.100137E+0 1.210937E-1
1.658000E-3 -1.857008E+0 9.582434E-2
1.659000E-3 -2.319541E+0 6.213181E-2
1.660000E-3 -2.529783E+0 2.001616E-2
1.661000E-3 -2.445686E+0 -1.788793E-2
1.662000E-3 -2.067250E+0 -5.158046E-2
1.663000E-3 -1.436524E+0 -8.527298E-2
1.664000E-3 -6.796533E-1 -1.063308E-1
1.665000E-3 2.033631E-1 -1.189655E-1
1.666000E-3 1.044331E+0 -1.189655E-1
1.667000E-3 1.759154E+0 -1.063308E-1
1.668000E-3 2.263735E+0 -8.527298E-2
1.669000E-3 2.516025E+0 -6.000359E-2
1.670000E-3 2.473977E+0 -3.052263E-2
1.671000E-3 2.095541E+0 -9.464801E-3
1.672000E-3 1.506863E+0 3.169895E-3
1.673000E-3 7.499922E-1 1.580459E-2
1.674000E-3 -1.330241E-1 1.580459E-2
1.675000E-3 -9.739921E-1 7.381461E-3
1.676000E-3 -1.688815E+0 -1.367637E-2
1.677000E-3 -2.277492E+0 -3.894576E-2
1.678000E-3 -2.529783E+0 -7.684985E-2
1.679000E-3 -2.487734E+0 -1.189655E-1
1.680000E-3 -2.151347E+0 -1.484465E-1
1.681000E-3 -1.604718E+0 -1.526580E-1
1.682000E-3 -8.478469E-1 -1.442349E-1
1.683000E-3 -6.878924E-3 -1.021192E-1
1.684000E-3 9.181858E-1 -5.158046E-2
1.685000E-3 1.675057E+0 3.169895E-3
1.686000E-3 2.221686E+0 5.370868E-2
1.687000E-3 2.516025E+0 1.168822E-1
1.688000E-3 2.473977E+0 1.421516E-1
1.689000E-3 2.179638E+0 1.674209E-1
1.690000E-3 1.633009E+0 1.842672E-1
1.691000E-3 9.181858E-1 1.926903E-1
1.692000E-3 3.516947E-2 1.926903E-1
1.693000E-3 -8.478469E-1 1.758441E-1
1.694000E-3 -1.604718E+0 1.547863E-1
1.695000E-3 -2.151347E+0 1.168822E-1
1.696000E-3 -2.487734E+0 8.318964E-2
1.697000E-3 -2.529783E+0 3.686242E-2
1.698000E-3 -2.235444E+0 3.169895E-3
1.699000E-3 -1.688815E+0 -3.052263E-2
1.700000E-3 -1.016040E+0 -5.579202E-2
1.701000E-3 -1.330241E-1 -7.263828E-2
1.702000E-3 7.499922E-1 -7.263828E-2
1.703000E-3 1.506863E+0 -6.842672E-2
1.704000E-3 2.137589E+0 -5.579202E-2
1.705000E-3 2.473977E+0 -3.052263E-2
1.706000E-3 2.516025E+0 -5.253235E-3
1.707000E-3 2.263735E+0 1.580459E-2
1.708000E-3 1.759154E+0 3.265085E-2
1.709000E-3 1.002283E+0 4.949712E-2
1.710000E-3 1.613147E-1 5.370868E-2
1.711000E-3 -6.796533E-1 4.528555E-2
1.712000E-3 -1.436524E+0 2.422772E-2
1.713000E-3 -2.109299E+0 -1.041670E-3
1.714000E-3 -2.445686E+0 -3.473419E-2
1.715000E-3 -2.529783E+0 -7.263828E-2
1.716000E-3 -2.319541E+0 -1.147539E-1
1.717000E-3 -1.857008E+0 -1.484465E-1
1.718000E-3 -1.142186E+0 -1.737159E-1
1.719000E-3 -2.591693E-1 -1.737159E-1
1.720000E-3 5.817987E-1 -1.610812E-1
1.721000E-3 1.380718E+0 -1.147539E-1
1.722000E-3 2.011444E+0 -6.421515E-2
1.723000E-3 2.431928E+0 -1.041670E-3
1.724000E-3 2.516025E+0 4.528555E-2
1.725000E-3 2.347831E+0 1.000359E-1
1.726000E-3 1.843251E+0 1.210937E-1
1.727000E-3 1.170476E+0 1.337284E-1
1.728000E-3 3.295083E-1 1.379400E-1
1.729000E-3 -5.114597E-1 1.337284E-1
1.730000E-3 -1.310379E+0 1.126706E-1
1.731000E-3 -1.983154E+0 8.740121E-2
1.732000E-3 -2.403638E+0 4.949712E-2
1.733000E-3 -2.529783E+0 7.381461E-3
1.734000E-3 -2.361589E+0 -2.631106E-2
1.735000E-3 -1.941105E+0 -6.421515E-2
1.736000E-3 -1.268331E+0 -8.948455E-2
1.737000E-3 -4.694113E-1 -1.105424E-1
1.738000E-3 4.556535E-1 -1.189655E-1
1.739000E-3 1.254573E+0 -1.147539E-1
1.740000E-3 1.927347E+0 -1.021192E-1
1.741000E-3 2.347831E+0 -8.106141E-2
1.742000E-3 2.516025E+0 -5.158046E-2
1.743000E-3 2.389880E+0 -2.631106E-2
1.744000E-3 1.969396E+0 -1.041670E-3
1.745000E-3 1.296621E+0 7.381461E-3
1.746000E-3 4.977019E-1 1.580459E-2
1.747000E-3 -3.432661E-1 1.580459E-2
1.748000E-3 -1.184234E+0 3.169895E-3
1.749000E-3 -1.857008E+0 -1.367637E-2
1.750000E-3 -2.361589E+0 -5.158046E-2
1.751000E-3 -2.529783E+0 -8.527298E-2
1.752000E-3 -2.445686E+0 -1.273886E-1
1.753000E-3 -2.025202E+0 -1.526580E-1
1.754000E-3 -1.436524E+0 -1.526580E-1
1.755000E-3 -5.955565E-1 -1.316002E-1
1.756000E-3 2.874599E-1 -8.948455E-2
1.757000E-3 1.128428E+0 -3.473419E-2
1.758000E-3 1.843251E+0 2.001616E-2
1.759000E-3 2.347831E+0 7.055494E-2
1.760000E-3 2.558073E+0 1.253053E-1
1.761000E-3 2.473977E+0 1.505747E-1
1.762000E-3 2.053493E+0 1.716325E-1
1.763000E-3 1.464815E+0 1.884788E-1
1.764000E-3 6.658955E-1 1.926903E-1
1.765000E-3 -1.750725E-1 1.884788E-1
1.766000E-3 -1.016040E+0 1.716325E-1
1.767000E-3 -1.772912E+0 1.421516E-1
1.768000E-3 -2.277492E+0 1.084590E-1
1.769000E-3 -2.529783E+0 7.055494E-2
1.770000E-3 -2.487734E+0 3.265085E-2
1.771000E-3 -2.109299E+0 -9.464801E-3
1.772000E-3 -1.520621E+0 -3.473419E-2
1.773000E-3 -7.217017E-1 -6.000359E-2
1.774000E-3 1.192663E-1 -7.263828E-2
1.775000E-3 1.002283E+0 -7.263828E-2
1.776000E-3 1.675057E+0 -6.421515E-2
1.777000E-3 2.263735E+0 -5.158046E-2
1.778000E-3 2.516025E+0 -2.631106E-2
1.779000E-3 2.473977E+0 -1.041670E-3
1.780000E-3 2.179638E+0 2.001616E-2
1.781000E-3 1.590960E+0 3.686242E-2
1.782000E-3 8.340890E-1 4.949712E-2
1.783000E-3 -4.892732E-2 5.370868E-2
1.784000E-3 -8.898953E-1 4.107398E-2
1.785000E-3 -1.646766E+0 2.001616E-2
1.786000E-3 -2.193396E+0 -9.464801E-3
1.787000E-3 -2.487734E+0 -4.736889E-2
1.788000E-3 -2.529783E+0 -8.527298E-2
1.789000E-3 -2.193396E+0 -1.273886E-1
1.790000E-3 -1.688815E+0 -1.568696E-1
1.791000E-3 -8.898953E-1 -1.779274E-1
1.792000E-3 -4.892732E-2 -1.695043E-1
1.793000E-3 8.340890E-1 -1.484465E-1
1.794000E-3 1.590960E+0 -1.021192E-1
1.795000E-3 2.179638E+0 -4.315732E-2
1.796000E-3 2.516025E+0 1.159303E-2
1.797000E-3 2.516025E+0 5.792025E-2
1.798000E-3 2.221686E+0 1.084590E-1
1.799000E-3 1.675057E+0 1.295169E-1
1.800000E-3 1.002283E+0 1.379400E-1
1.801000E-3 1.192663E-1 1.379400E-1
1.802000E-3 -7.217017E-1 1.253053E-1
1.803000E-3 -1.520621E+0 1.126706E-1
1.804000E-3 -2.109299E+0 7.476651E-2
1.805000E-3 -2.487734E+0 3.686242E-2
1.806000E-3 -2.529783E+0 -1.041670E-3
1.807000E-3 -2.277492E+0 -3.473419E-2
1.808000E-3 -1.772912E+0 -6.842672E-2
1.809000E-3 -1.058089E+0 -9.790768E-2
1.810000E-3 -2.171209E-1 -1.147539E-1
1.811000E-3 6.658955E-1 -1.189655E-1
1.812000E-3 1.464815E+0 -1.105424E-1
1.813000E-3 2.095541E+0 -9.369611E-2
1.814000E-3 2.473977E+0 -6.842672E-2
1.815000E-3 2.516025E+0 -4.315732E-2
1.816000E-3 2.305783E+0 -1.788793E-2
1.817000E-3 1.843251E+0 -1.041670E-3
1.818000E-3 1.086379E+0 1.159303E-2
1.819000E-3 2.874599E-1 2.001616E-2
1.820000E-3 -5.955565E-1 1.580459E-2
1.821000E-3 -1.394476E+0 -1.041670E-3
1.822000E-3 -2.025202E+0 -2.631106E-2
1.823000E-3 -2.445686E+0 -6.421515E-2
1.824000E-3 -2.529783E+0 -9.790768E-2
1.825000E-3 -2.361589E+0 -1.358118E-1
1.826000E-3 -1.857008E+0 -1.526580E-1
1.827000E-3 -1.184234E+0 -1.526580E-1
1.828000E-3 -3.853145E-1 -1.231771E-1
1.829000E-3 4.977019E-1 -7.263828E-2
1.830000E-3 1.338670E+0 -1.788793E-2
1.831000E-3 2.011444E+0 3.686242E-2
1.832000E-3 2.389880E+0 8.318964E-2
1.833000E-3 2.558073E+0 1.337284E-1
1.834000E-3 2.347831E+0 1.589978E-1
1.835000E-3 1.927347E+0 1.758441E-1
1.836000E-3 1.254573E+0 1.884788E-1
1.837000E-3 4.556535E-1 1.926903E-1
1.838000E-3 -4.273629E-1 1.884788E-1
1.839000E-3 -1.268331E+0 1.632094E-1
1.840000E-3 -1.941105E+0 1.337284E-1
1.841000E-3 -2.361589E+0 1.000359E-1
1.842000E-3 -2.529783E+0 5.792025E-2
1.843000E-3 -2.361589E+0 2.001616E-2
1.844000E-3 -1.983154E+0 -1.367637E-2
1.845000E-3 -1.352428E+0 -4.315732E-2
1.846000E-3 -5.114597E-1 -6.421515E-2
1.847000E-3 3.295083E-1 -7.684985E-2
1.848000E-3 1.170476E+0 -7.263828E-2
1.849000E-3 1.885299E+0 -6.421515E-2
1.850000E-3 2.347831E+0 -4.315732E-2
1.851000E-3 2.516025E+0 -1.788793E-2
1.852000E-3 2.431928E+0 3.169895E-3
1.853000E-3 2.011444E+0 2.422772E-2
1.854000E-3 1.338670E+0 3.686242E-2
1.855000E-3 5.817987E-1 5.370868E-2
1.856000E-3 -3.012177E-1 4.949712E-2
1.857000E-3 -1.142186E+0 3.686242E-2
1.858000E-3 -1.814960E+0 1.159303E-2
1.859000E-3 -2.319541E+0 -1.788793E-2
1.860000E-3 -2.529783E+0 -5.579202E-2
1.861000E-3 -2.445686E+0 -9.790768E-2
1.862000E-3 -2.067250E+0 -1.316002E-1
1.863000E-3 -1.478573E+0 -1.652927E-1
1.864000E-3 -6.796533E-1 -1.821390E-1
1.865000E-3 1.613147E-1 -1.652927E-1
1.866000E-3 1.044331E+0 -1.358118E-1
1.867000E-3 1.759154E+0 -8.948455E-2
1.868000E-3 2.305783E+0 -3.052263E-2
1.869000E-3 2.516025E+0 2.422772E-2
1.870000E-3 2.473977E+0 7.476651E-2
1.871000E-3 2.095541E+0 1.168822E-1
1.872000E-3 1.506863E+0 1.337284E-1
1.873000E-3 7.499922E-1 1.421516E-1
1.874000E-3 -1.330241E-1 1.379400E-1
1.875000E-3 -9.739921E-1 1.253053E-1
1.876000E-3 -1.688815E+0 1.042475E-1
1.877000E-3 -2.235444E+0 7.055494E-2
1.878000E-3 -2.529783E+0 2.843929E-2
1.879000E-3 -2.487734E+0 -1.367637E-2
1.880000E-3 -2.151347E+0 -4.736889E-2
1.881000E-3 -1.562670E+0 -8.106141E-2
1.882000E-3 -8.478469E-1 -1.021192E-1
1.883000E-3 3.516947E-2 -1.147539E-1
1.884000E-3 9.181858E-1 -1.189655E-1
1.885000E-3 1.633009E+0 -1.105424E-1
1.886000E-3 2.179638E+0 -8.948455E-2
1.887000E-3 2.516025E+0 -6.421515E-2
1.888000E-3 2.516025E+0 -3.473419E-2
1.889000E-3 2.179638E+0 -9.464801E-3
1.890000E-3 1.633009E+0 3.169895E-3
1.891000E-3 8.761374E-1 1.580459E-2
1.892000E-3 3.516947E-2 1.580459E-2
1.893000E-3 -8.478469E-1 1.159303E-2
1.894000E-3 -1.562670E+0 -9.464801E-3
1.895000E-3 -2.193396E+0 -3.473419E-2
1.896000E-3 -2.529783E+0 -7.263828E-2
1.897000E-3 -2.529783E+0 -1.105424E-1
1.898000E-3 -2.235444E+0 -1.442349E-1
1.899000E-3 -1.730863E+0 -1.526580E-1
1.900000E-3 -1.016040E+0 -1.484465E-1
1.901000E-3 -1.330241E-1 -1.147539E-1
1.902000E-3 7.499922E-1 -6.000359E-2
1.903000E-3 1.506863E+0 -1.041670E-3
1.904000E-3 2.137589E+0 4.949712E-2
1.905000E-3 2.473977E+0 1.042475E-1
1.906000E-3 2.516025E+0 1.379400E-1
1.907000E-3 2.263735E+0 1.632094E-1
1.908000E-3 1.759154E+0 1.842672E-1
1.909000E-3 1.044331E+0 1.926903E-1
1.910000E-3 2.033631E-1 1.926903E-1
1.911000E-3 -6.796533E-1 1.800556E-1
1.912000E-3 -1.478573E+0 1.547863E-1
1.913000E-3 -2.067250E+0 1.253053E-1
1.914000E-3 -2.445686E+0 8.740121E-2
1.915000E-3 -2.529783E+0 4.949712E-2
1.916000E-3 -2.319541E+0 7.381461E-3
1.917000E-3 -1.814960E+0 -2.209950E-2
1.918000E-3 -1.100137E+0 -4.736889E-2
1.919000E-3 -3.012177E-1 -6.842672E-2
1.920000E-3 6.238471E-1 -7.684985E-2
1.921000E-3 1.422767E+0 -6.842672E-2
1.922000E-3 2.053493E+0 -5.579202E-2
1.923000E-3 2.431928E+0 -3.473419E-2
1.924000E-3 2.558073E+0 -9.464801E-3
1.925000E-3 2.347831E+0 7.381461E-3
1.926000E-3 1.885299E+0 3.265085E-2
1.927000E-3 1.170476E+0 4.949712E-2
1.928000E-3 3.715567E-1 5.370868E-2
1.929000E-3 -5.114597E-1 4.949712E-2
1.930000E-3 -1.352428E+0 2.843929E-2
1.931000E-3 -1.941105E+0 3.169895E-3
1.932000E-3 -2.403638E+0 -2.631106E-2
1.933000E-3 -2.529783E+0 -6.421515E-2
1.934000E-3 -2.361589E+0 -1.063308E-1
1.935000E-3 -1.941105E+0 -1.442349E-1
1.936000E-3 -1.268331E+0 -1.695043E-1
1.937000E-3 -4.273629E-1 -1.737159E-1
1.938000E-3 4.136051E-1 -1.610812E-1
1.939000E-3 1.254573E+0 -1.231771E-1
1.940000E-3 1.927347E+0 -7.263828E-2
1.941000E-3 2.347831E+0 -1.367637E-2
1.942000E-3 2.558073E+0 3.686242E-2
1.943000E-3 2.389880E+0 9.161277E-2
1.944000E-3 1.969396E+0 1.168822E-1
1.945000E-3 1.296621E+0 1.379400E-1
1.946000E-3 4.977019E-1 1.379400E-1
1.947000E-3 -3.432661E-1 1.337284E-1
1.948000E-3 -1.184234E+0 1.168822E-1
1.949000E-3 -1.899057E+0 9.161277E-2
1.950000E-3 -2.361589E+0 5.792025E-2
1.951000E-3 -2.529783E+0 1.580459E-2
1.952000E-3 -2.403638E+0 -1.788793E-2
1.953000E-3 -2.067250E+0 -5.579202E-2
1.954000E-3 -1.394476E+0 -8.527298E-2
1.955000E-3 -5.955565E-1 -1.105424E-1
1.956000E-3 2.454115E-1 -1.189655E-1
1.957000E-3 1.086379E+0 -1.189655E-1
1.958000E-3 1.843251E+0 -1.021192E-1
1.959000E-3 2.347831E+0 -8.527298E-2
1.960000E-3 2.516025E+0 -5.579202E-2
1.961000E-3 2.431928E+0 -3.052263E-2
1.962000E-3 2.053493E+0 -1.041670E-3
1.963000E-3 1.422767E+0 3.169895E-3
1.964000E-3 6.658955E-1 2.001616E-2
1.965000E-3 -2.171209E-1 1.580459E-2
1.966000E-3 -1.058089E+0 7.381461E-3
1.967000E-3 -1.772912E+0 -1.367637E-2
1.968000E-3 -2.277492E+0 -4.315732E-2
1.969000E-3 -2.529783E+0 -8.106141E-2
1.970000E-3 -2.445686E+0 -1.189655E-1
1.971000E-3 -2.109299E+0 -1.484465E-1
1.972000E-3 -1.520621E+0 -1.568696E-1
1.973000E-3 -7.637501E-1 -1.400233E-1
1.974000E-3 1.192663E-1 -9.790768E-2
1.975000E-3 1.002283E+0 -4.315732E-2
1.976000E-3 1.717105E+0 1.159303E-2
1.977000E-3 2.263735E+0 5.792025E-2
1.978000E-3 2.516025E+0 1.168822E-1
1.979000E-3 2.473977E+0 1.463631E-1
1.980000E-3 2.179638E+0 1.674209E-1
1.981000E-3 1.590960E+0 1.842672E-1
1.982000E-3 8.340890E-1 1.926903E-1
1.983000E-3 -4.892732E-2 1.926903E-1
1.984000E-3 -8.898953E-1 1.716325E-1
1.985000E-3 -1.646766E+0 1.505747E-1
1.986000E-3 -2.193396E+0 1.168822E-1
1.987000E-3 -2.529783E+0 7.897807E-2
1.988000E-3 -2.529783E+0 3.686242E-2
1.989000E-3 -2.193396E+0 -1.041670E-3
1.990000E-3 -1.646766E+0 -3.052263E-2
1.991000E-3 -8.898953E-1 -5.579202E-2
1.992000E-3 -4.892732E-2 -7.263828E-2
1.993000E-3 8.340890E-1 -7.684985E-2
1.994000E-3 1.590960E+0 -6.842672E-2
1.995000E-3 2.179638E+0 -5.158046E-2
1.996000E-3 2.516025E+0 -3.052263E-2
1.997000E-3 2.516025E+0 -1.041670E-3
1.998000E-3 2.221686E+0 1.580459E-2
1.999000E-3 1.675057E+0 3.686242E-2
2.000000E-3 9.602342E-1 4.949712E-2
2.001000E-3 1.192663E-1 5.370868E-2
2.002000E-3 -7.637501E-1 4.528555E-2
2.003000E-3 -1.520621E+0 2.422772E-2
2.004000E-3 -2.109299E+0 -9.464801E-3
2.005000E-3 -2.445686E+0 -3.894576E-2
2.006000E-3 -2.529783E+0 -8.106141E-2
2.007000E-3 -2.277492E+0 -1.189655E-1
2.008000E-3 -1.772912E+0 -1.526580E-1
2.009000E-3 -1.058089E+0 -1.737159E-1
2.010000E-3 -2.171209E-1 -1.737159E-1
2.011000E-3 6.658955E-1 -1.526580E-1
2.012000E-3 1.464815E+0 -1.105424E-1
2.013000E-3 2.095541E+0 -5.579202E-2
2.014000E-3 2.431928E+0 3.169895E-3
2.015000E-3 2.558073E+0 4.949712E-2
2.016000E-3 2.305783E+0 1.042475E-1
2.017000E-3 1.801202E+0 1.253053E-1
2.018000E-3 1.086379E+0 1.379400E-1
2.019000E-3 2.454115E-1 1.379400E-1
2.020000E-3 -5.955565E-1 1.337284E-1
2.021000E-3 -1.394476E+0 1.126706E-1
2.022000E-3 -2.025202E+0 8.318964E-2
2.023000E-3 -2.403638E+0 4.528555E-2
2.024000E-3 -2.529783E+0 3.169895E-3
2.025000E-3 -2.361589E+0 -3.052263E-2
2.026000E-3 -1.857008E+0 -6.421515E-2
2.027000E-3 -1.184234E+0 -9.369611E-2
2.028000E-3 -3.432661E-1 -1.105424E-1
2.029000E-3 4.977019E-1 -1.189655E-1
2.030000E-3 1.338670E+0 -1.147539E-1
2.031000E-3 2.011444E+0 -9.790768E-2
2.032000E-3 2.389880E+0 -7.684985E-2
2.033000E-3 2.558073E+0 -5.158046E-2
2.034000E-3 2.347831E+0 -2.209950E-2
2.035000E-3 1.885299E+0 -1.041670E-3
2.036000E-3 1.212525E+0 7.381461E-3
2.037000E-3 4.136051E-1 2.001616E-2
2.038000E-3 -4.273629E-1 1.580459E-2
2.039000E-3 -1.268331E+0 -1.041670E-3
2.040000E-3 -1.941105E+0 -1.788793E-2
2.041000E-3 -2.361589E+0 -5.158046E-2
2.042000E-3 -2.529783E+0 -9.369611E-2
2.043000E-3 -2.403638E+0 -1.358118E-1
2.044000E-3 -1.983154E+0 -1.526580E-1
2.045000E-3 -1.352428E+0 -1.526580E-1
2.046000E-3 -5.114597E-1 -1.316002E-1
2.047000E-3 3.295083E-1 -8.527298E-2
2.048000E-3 1.170476E+0 -2.631106E-2
2.049000E-3 1.843251E+0 2.422772E-2
2.050000E-3 2.347831E+0 7.055494E-2
2.051000E-3 2.516025E+0 1.253053E-1
2.052000E-3 2.431928E+0 1.505747E-1
2.053000E-3 2.011444E+0 1.716325E-1
2.054000E-3 1.380718E+0 1.884788E-1
2.055000E-3 5.817987E-1 1.969019E-1
2.056000E-3 -2.591693E-1 1.884788E-1
2.057000E-3 -1.100137E+0 1.716325E-1
2.058000E-3 -1.814960E+0 1.421516E-1
2.059000E-3 -2.319541E+0 1.042475E-1
2.060000E-3 -2.529783E+0 6.634338E-2
2.061000E-3 -2.445686E+0 2.422772E-2
2.062000E-3 -2.067250E+0 -1.367637E-2
2.063000E-3 -1.478573E+0 -3.894576E-2
2.064000E-3 -6.796533E-1 -6.421515E-2
2.065000E-3 1.613147E-1 -7.684985E-2
2.066000E-3 1.044331E+0 -7.263828E-2
2.067000E-3 1.759154E+0 -6.842672E-2
2.068000E-3 2.305783E+0 -4.736889E-2
2.069000E-3 2.516025E+0 -2.209950E-2
2.070000E-3 2.431928E+0 3.169895E-3
2.071000E-3 2.095541E+0 2.001616E-2
2.072000E-3 1.506863E+0 4.107398E-2
2.073000E-3 7.499922E-1 4.949712E-2
2.074000E-3 -1.750725E-1 4.949712E-2
2.075000E-3 -1.016040E+0 4.107398E-2
2.076000E-3 -1.688815E+0 1.580459E-2
2.077000E-3 -2.277492E+0 -1.367637E-2
2.078000E-3 -2.529783E+0 -4.736889E-2
2.079000E-3 -2.487734E+0 -8.527298E-2
2.080000E-3 -2.193396E+0 -1.273886E-1
2.081000E-3 -1.604718E+0 -1.610812E-1
2.082000E-3 -8.478469E-1 -1.779274E-1
2.083000E-3 3.516947E-2 -1.695043E-1
2.084000E-3 9.181858E-1 -1.442349E-1
2.085000E-3 1.675057E+0 -9.790768E-2
2.086000E-3 2.221686E+0 -3.894576E-2
2.087000E-3 2.516025E+0 1.580459E-2
2.088000E-3 2.516025E+0 6.213181E-2
2.089000E-3 2.179638E+0 1.084590E-1
2.090000E-3 1.633009E+0 1.337284E-1
2.091000E-3 9.181858E-1 1.379400E-1
2.092000E-3 3.516947E-2 1.379400E-1
2.093000E-3 -8.478469E-1 1.253053E-1
2.094000E-3 -1.562670E+0 1.042475E-1
2.095000E-3 -2.151347E+0 7.055494E-2
2.096000E-3 -2.487734E+0 3.265085E-2
2.097000E-3 -2.529783E+0 -5.253235E-3
2.098000E-3 -2.235444E+0 -3.894576E-2
2.099000E-3 -1.688815E+0 -7.684985E-2
2.100000E-3 -9.739921E-1 -9.790768E-2
2.101000E-3 -1.330241E-1 -1.147539E-1
2.102000E-3 7.499922E-1 -1.189655E-1
2.103000E-3 1.506863E+0 -1.105424E-1
2.104000E-3 2.137589E+0 -9.369611E-2
2.105000E-3 2.473977E+0 -6.842672E-2
2.106000E-3 2.516025E+0 -4.315732E-2
2.107000E-3 2.263735E+0 -1.367637E-2
2.108000E-3 1.759154E+0 3.169895E-3
2.109000E-3 1.044331E+0 1.159303E-2
2.110000E-3 1.613147E-1 1.580459E-2
2.111000E-3 -6.796533E-1 1.159303E-2
2.112000E-3 -1.436524E+0 -9.464801E-3
2.113000E-3 -2.067250E+0 -2.631106E-2
2.114000E-3 -2.445686E+0 -6.421515E-2
2.115000E-3 -2.529783E+0 -1.021192E-1
2.116000E-3 -2.319541E+0 -1.400233E-1
2.117000E-3 -1.814960E+0 -1.526580E-1
2.118000E-3 -1.142186E+0 -1.526580E-1
2.119000E-3 -3.012177E-1 -1.189655E-1
2.120000E-3 5.817987E-1 -6.842672E-2
2.121000E-3 1.380718E+0 -9.464801E-3
2.122000E-3 2.011444E+0 3.686242E-2
2.123000E-3 2.431928E+0 9.582434E-2
2.124000E-3 2.516025E+0 1.379400E-1
2.125000E-3 2.347831E+0 1.589978E-1
2.126000E-3 1.885299E+0 1.758441E-1
2.127000E-3 1.170476E+0 1.884788E-1
2.128000E-3 3.295083E-1 1.969019E-1
2.129000E-3 -5.114597E-1 1.842672E-1
2.130000E-3 -1.352428E+0 1.589978E-1
2.131000E-3 -1.941105E+0 1.337284E-1
2.132000E-3 -2.403638E+0 9.161277E-2
2.133000E-3 -2.529783E+0 5.370868E-2
2.134000E-3 -2.403638E+0 1.580459E-2
2.135000E-3 -1.941105E+0 -1.788793E-2
2.136000E-3 -1.268331E+0 -4.736889E-2
2.137000E-3 -4.273629E-1 -6.421515E-2
2.138000E-3 4.136051E-1 -7.263828E-2
2.139000E-3 1.254573E+0 -7.263828E-2
2.140000E-3 1.927347E+0 -6.421515E-2
2.141000E-3 2.347831E+0 -4.315732E-2
2.142000E-3 2.516025E+0 -1.788793E-2
2.143000E-3 2.389880E+0 3.169895E-3
2.144000E-3 1.969396E+0 2.843929E-2
2.145000E-3 1.296621E+0 4.528555E-2
2.146000E-3 4.977019E-1 5.370868E-2
2.147000E-3 -3.853145E-1 4.949712E-2
2.148000E-3 -1.184234E+0 3.686242E-2
2.149000E-3 -1.857008E+0 7.381461E-3
2.150000E-3 -2.361589E+0 -2.209950E-2
2.151000E-3 -2.529783E+0 -6.000359E-2
2.152000E-3 -2.403638E+0 -9.790768E-2
2.153000E-3 -2.025202E+0 -1.358118E-1
2.154000E-3 -1.394476E+0 -1.652927E-1
2.155000E-3 -5.955565E-1 -1.779274E-1
2.156000E-3 2.874599E-1 -1.652927E-1
2.157000E-3 1.128428E+0 -1.316002E-1
2.158000E-3 1.843251E+0 -8.106141E-2
2.159000E-3 2.347831E+0 -2.209950E-2
2.160000E-3 2.516025E+0 2.843929E-2
2.161000E-3 2.431928E+0 7.897807E-2
2.162000E-3 2.053493E+0 1.168822E-1
2.163000E-3 1.464815E+0 1.337284E-1
2.164000E-3 6.658955E-1 1.379400E-1
2.165000E-3 -1.750725E-1 1.337284E-1
2.166000E-3 -1.058089E+0 1.210937E-1
2.167000E-3 -1.772912E+0 1.000359E-1
2.168000E-3 -2.277492E+0 6.634338E-2
2.169000E-3 -2.529783E+0 2.422772E-2
2.170000E-3 -2.487734E+0 -1.367637E-2
2.171000E-3 -2.109299E+0 -5.158046E-2
2.172000E-3 -1.562670E+0 -8.106141E-2
2.173000E-3 -7.637501E-1 -1.063308E-1
2.174000E-3 1.192663E-1 -1.189655E-1
2.175000E-3 1.002283E+0 -1.189655E-1
2.176000E-3 1.717105E+0 -1.105424E-1
2.177000E-3 2.263735E+0 -8.527298E-2
2.178000E-3 2.516025E+0 -6.421515E-2
2.179000E-3 2.473977E+0 -3.473419E-2
2.180000E-3 2.179638E+0 -9.464801E-3
2.181000E-3 1.548912E+0 3.169895E-3
2.182000E-3 8.340890E-1 2.001616E-2
2.183000E-3 -4.892732E-2 2.001616E-2
2.184000E-3 -8.898953E-1 7.381461E-3
2.185000E-3 -1.646766E+0 -9.464801E-3
2.186000E-3 -2.193396E+0 -3.894576E-2
2.187000E-3 -2.529783E+0 -7.684985E-2
2.188000E-3 -2.529783E+0 -1.147539E-1
2.189000E-3 -2.193396E+0 -1.484465E-1
2.190000E-3 -1.646766E+0 -1.568696E-1
2.191000E-3 -9.319437E-1 -1.442349E-1
2.192000E-3 -4.892732E-2 -1.063308E-1
2.193000E-3 8.340890E-1 -5.579202E-2
2.194000E-3 1.590960E+0 3.169895E-3
2.195000E-3 2.179638E+0 5.370868E-2
2.196000E-3 2.516025E+0 1.126706E-1
2.197000E-3 2.516025E+0 1.421516E-1
2.198000E-3 2.263735E+0 1.674209E-1
2.199000E-3 1.675057E+0 1.842672E-1
2.200000E-3 9.602342E-1 1.926903E-1
2.201000E-3 1.192663E-1 1.926903E-1
2.202000E-3 -7.637501E-1 1.800556E-1
2.203000E-3 -1.520621E+0 1.547863E-1
2.204000E-3 -2.109299E+0 1.210937E-1
2.205000E-3 -2.487734E+0 8.740121E-2
2.206000E-3 -2.529783E+0 4.528555E-2
2.207000E-3 -2.277492E+0 3.169895E-3
2.208000E-3 -1.772912E+0 -2.631106E-2
2.209000E-3 -1.058089E+0 -5.158046E-2
2.210000E-3 -1.750725E-1 -6.842672E-2
2.211000E-3 6.658955E-1 -7.263828E-2
2.212000E-3 1.464815E+0 -6.842672E-2
2.213000E-3 2.053493E+0 -5.579202E-2
2.214000E-3 2.431928E+0 -3.052263E-2
2.215000E-3 2.516025E+0 -9.464801E-3
2.216000E-3 2.347831E+0 1.159303E-2
2.217000E-3 1.843251E+0 3.265085E-2
2.218000E-3 1.086379E+0 4.949712E-2
2.219000E-3 2.874599E-1 5.370868E-2
2.220000E-3 -5.955565E-1 4.949712E-2
2.221000E-3 -1.394476E+0 2.422772E-2
2.222000E-3 -2.025202E+0 3.169895E-3
2.223000E-3 -2.445686E+0 -3.052263E-2
2.224000E-3 -2.529783E+0 -6.842672E-2
2.225000E-3 -2.361589E+0 -1.105424E-1
2.226000E-3 -1.857008E+0 -1.484465E-1
2.227000E-3 -1.184234E+0 -1.737159E-1
2.228000E-3 -3.432661E-1 -1.737159E-1
2.229000E-3 4.977019E-1 -1.610812E-1
2.230000E-3 1.338670E+0 -1.189655E-1
2.231000E-3 2.011444E+0 -6.842672E-2
2.232000E-3 2.389880E+0 -9.464801E-3
2.233000E-3 2.516025E+0 3.686242E-2
2.234000E-3 2.389880E+0 9.582434E-2
2.235000E-3 1.927347E+0 1.210937E-1
2.236000E-3 1.254573E+0 1.379400E-1
2.237000E-3 4.136051E-1 1.379400E-1
2.238000E-3 -4.273629E-1 1.337284E-1
2.239000E-3 -1.226282E+0 1.168822E-1
2.240000E-3 -1.941105E+0 8.740121E-2
2.241000E-3 -2.361589E+0 5.370868E-2
2.242000E-3 -2.529783E+0 1.159303E-2
2.243000E-3 -2.361589E+0 -2.631106E-2
2.244000E-3 -1.983154E+0 -5.579202E-2
2.245000E-3 -1.310379E+0 -8.948455E-2
2.246000E-3 -5.114597E-1 -1.105424E-1
2.247000E-3 3.295083E-1 -1.189655E-1
2.248000E-3 1.212525E+0 -1.147539E-1
2.249000E-3 1.885299E+0 -1.021192E-1
2.250000E-3 2.347831E+0 -8.106141E-2
2.251000E-3 2.558073E+0 -5.158046E-2
2.252000E-3 2.431928E+0 -3.052263E-2
2.253000E-3 2.011444E+0 -1.041670E-3
2.254000E-3 1.338670E+0 7.381461E-3
2.255000E-3 6.238471E-1 2.001616E-2
2.256000E-3 -2.591693E-1 1.580459E-2
2.257000E-3 -1.100137E+0 3.169895E-3
2.258000E-3 -1.814960E+0 -1.367637E-2
2.259000E-3 -2.319541E+0 -4.736889E-2
2.260000E-3 -2.529783E+0 -8.527298E-2
2.261000E-3 -2.445686E+0 -1.273886E-1
2.262000E-3 -2.067250E+0 -1.526580E-1
2.263000E-3 -1.436524E+0 -1.526580E-1
2.264000E-3 -6.796533E-1 -1.358118E-1
2.265000E-3 2.033631E-1 -9.369611E-2
2.266000E-3 1.086379E+0 -3.473419E-2
2.267000E-3 1.801202E+0 1.580459E-2
2.268000E-3 2.263735E+0 6.634338E-2
2.269000E-3 2.516025E+0 1.210937E-1
2.270000E-3 2.473977E+0 1.463631E-1
2.271000E-3 2.095541E+0 1.716325E-1
2.272000E-3 1.506863E+0 1.842672E-1
2.273000E-3 7.499922E-1 1.926903E-1
2.274000E-3 -1.330241E-1 1.926903E-1
2.275000E-3 -9.739921E-1 1.716325E-1
2.276000E-3 -1.730863E+0 1.463631E-1
2.277000E-3 -2.277492E+0 1.126706E-1
2.278000E-3 -2.529783E+0 7.476651E-2
2.279000E-3 -2.487734E+0 3.686242E-2
2.280000E-3 -2.151347E+0 -5.253235E-3
2.281000E-3 -1.562670E+0 -3.473419E-2
2.282000E-3 -8.478469E-1 -5.579202E-2
2.283000E-3 3.516947E-2 -7.263828E-2
2.284000E-3 9.181858E-1 -7.263828E-2
2.285000E-3 1.675057E+0 -6.842672E-2
2.286000E-3 2.179638E+0 -5.158046E-2
2.287000E-3 2.516025E+0 -2.631106E-2
2.288000E-3 2.516025E+0 -1.041670E-3
2.289000E-3 2.179638E+0 2.001616E-2
2.290000E-3 1.633009E+0 3.686242E-2
2.291000E-3 9.181858E-1 5.370868E-2
2.292000E-3 3.516947E-2 5.370868E-2
2.293000E-3 -8.478469E-1 4.107398E-2
2.294000E-3 -1.604718E+0 2.001616E-2
2.295000E-3 -2.151347E+0 -5.253235E-3
2.296000E-3 -2.487734E+0 -4.315732E-2
2.297000E-3 -2.529783E+0 -8.527298E-2
2.298000E-3 -2.277492E+0 -1.189655E-1
2.299000E-3 -1.688815E+0 -1.526580E-1
2.300000E-3 -1.016040E+0 -1.779274E-1
2.301000E-3 -1.330241E-1 -1.695043E-1
2.302000E-3 7.499922E-1 -1.526580E-1
2.303000E-3 1.548912E+0 -1.063308E-1
2.304000E-3 2.137589E+0 -5.158046E-2
2.305000E-3 2.473977E+0 3.169895E-3
2.306000E-3 2.516025E+0 5.370868E-2
2.307000E-3 2.263735E+0 1.042475E-1
2.308000E-3 1.759154E+0 1.253053E-1
2.309000E-3 1.002283E+0 1.379400E-1
2.310000E-3 1.613147E-1 1.379400E-1
2.311000E-3 -6.796533E-1 1.295169E-1
2.312000E-3 -1.478573E+0 1.084590E-1
2.313000E-3 -2.067250E+0 8.318964E-2
2.314000E-3 -2.445686E+0 4.107398E-2
2.315000E-3 -2.529783E+0 3.169895E-3
2.316000E-3 -2.319541E+0 -3.052263E-2
2.317000E-3 -1.814960E+0 -6.842672E-2
2.318000E-3 -1.100137E+0 -9.790768E-2
2.319000E-3 -3.012177E-1 -1.147539E-1
2.320000E-3 5.817987E-1 -1.189655E-1
2.321000E-3 1.422767E+0 -1.147539E-1
2.322000E-3 2.011444E+0 -9.790768E-2
2.323000E-3 2.431928E+0 -7.263828E-2
2.324000E-3 2.516025E+0 -4.736889E-2
2.325000E-3 2.347831E+0 -1.788793E-2
2.326000E-3 1.843251E+0 -1.041670E-3
2.327000E-3 1.170476E+0 7.381461E-3
2.328000E-3 3.295083E-1 1.580459E-2
2.329000E-3 -5.114597E-1 1.580459E-2
2.330000E-3 -1.352428E+0 -1.041670E-3
2.331000E-3 -2.025202E+0 -2.209950E-2
2.332000E-3 -2.403638E+0 -6.000359E-2
2.333000E-3 -2.529783E+0 -9.790768E-2
2.334000E-3 -2.361589E+0 -1.358118E-1
2.335000E-3 -1.941105E+0 -1.526580E-1
2.336000E-3 -1.268331E+0 -1.526580E-1
2.337000E-3 -4.694113E-1 -1.273886E-1
2.338000E-3 4.136051E-1 -8.106141E-2
2.339000E-3 1.254573E+0 -2.631106E-2
2.340000E-3 1.927347E+0 2.422772E-2
2.341000E-3 2.389880E+0 7.897807E-2
2.342000E-3 2.558073E+0 1.295169E-1
2.343000E-3 2.389880E+0 1.547863E-1
2.344000E-3 1.969396E+0 1.758441E-1
2.345000E-3 1.296621E+0 1.884788E-1
2.346000E-3 4.977019E-1 1.926903E-1
2.347000E-3 -3.432661E-1 1.884788E-1
2.348000E-3 -1.184234E+0 1.674209E-1
2.349000E-3 -1.857008E+0 1.379400E-1
2.350000E-3 -2.361589E+0 1.042475E-1
2.351000E-3 -2.529783E+0 6.634338E-2
2.352000E-3 -2.445686E+0 2.422772E-2
2.353000E-3 -2.025202E+0 -1.367637E-2
2.354000E-3 -1.394476E+0 -4.315732E-2
2.355000E-3 -5.535081E-1 -6.421515E-2
2.356000E-3 2.874599E-1 -7.263828E-2
2.357000E-3 1.128428E+0 -7.263828E-2
2.358000E-3 1.843251E+0 -6.421515E-2
2.359000E-3 2.347831E+0 -4.736889E-2
2.360000E-3 2.516025E+0 -2.209950E-2
2.361000E-3 2.431928E+0 -1.041670E-3
2.362000E-3 2.053493E+0 2.422772E-2
2.363000E-3 1.422767E+0 4.107398E-2
2.364000E-3 6.658955E-1 5.370868E-2
2.365000E-3 -2.171209E-1 4.949712E-2
2.366000E-3 -1.016040E+0 3.686242E-2
2.367000E-3 -1.772912E+0 1.159303E-2
2.368000E-3 -2.277492E+0 -1.367637E-2
2.369000E-3 -2.529783E+0 -5.158046E-2
2.370000E-3 -2.445686E+0 -9.369611E-2
2.371000E-3 -2.109299E+0 -1.316002E-1
2.372000E-3 -1.520621E+0 -1.610812E-1
2.373000E-3 -7.217017E-1 -1.779274E-1
2.374000E-3 1.192663E-1 -1.652927E-1
2.375000E-3 1.002283E+0 -1.400233E-1
2.376000E-3 1.717105E+0 -8.948455E-2
2.377000E-3 2.263735E+0 -3.052263E-2
2.378000E-3 2.516025E+0 2.001616E-2
2.379000E-3 2.516025E+0 7.055494E-2
2.380000E-3 2.179638E+0 1.084590E-1
2.381000E-3 1.590960E+0 1.337284E-1
2.382000E-3 8.340890E-1 1.379400E-1
2.383000E-3 -4.892732E-2 1.379400E-1
2.384000E-3 -8.898953E-1 1.253053E-1
2.385000E-3 -1.688815E+0 1.042475E-1
2.386000E-3 -2.193396E+0 7.055494E-2
2.387000E-3 -2.529783E+0 3.265085E-2
2.388000E-3 -2.487734E+0 -9.464801E-3
2.389000E-3 -2.193396E+0 -4.315732E-2
2.390000E-3 -1.646766E+0 -7.684985E-2
2.391000E-3 -8.898953E-1 -1.021192E-1
2.392000E-3 -4.892732E-2 -1.189655E-1
2.393000E-3 8.340890E-1 -1.189655E-1
2.394000E-3 1.590960E+0 -1.105424E-1
2.395000E-3 2.179638E+0 -9.369611E-2
2.396000E-3 2.516025E+0 -6.842672E-2
2.397000E-3 2.516025E+0 -3.894576E-2
2.398000E-3 2.263735E+0 -1.367637E-2
2.399000E-3 1.675057E+0 3.169895E-3
2.400000E-3 9.602342E-1 1.580459E-2
2.401000E-3 1.192663E-1 2.001616E-2
2.402000E-3 -7.637501E-1 7.381461E-3
2.403000E-3 -1.520621E+0 -9.464801E-3
2.404000E-3 -2.109299E+0 -3.052263E-2
2.405000E-3 -2.487734E+0 -6.842672E-2
2.406000E-3 -2.529783E+0 -1.063308E-1
2.407000E-3 -2.277492E+0 -1.442349E-1
2.408000E-3 -1.772912E+0 -1.526580E-1
2.409000E-3 -1.058089E+0 -1.484465E-1
2.410000E-3 -1.750725E-1 -1.147539E-1
2.411000E-3 6.658955E-1 -6.421515E-2
2.412000E-3 1.464815E+0 -5.253235E-3
2.413000E-3 2.095541E+0 4.107398E-2
2.414000E-3 2.473977E+0 1.000359E-1
2.415000E-3 2.516025E+0 1.379400E-1
2.416000E-3 2.305783E+0 1.632094E-1
2.417000E-3 1.801202E+0 1.800556E-1
2.418000E-3 1.128428E+0 1.926903E-1
2.419000E-3 2.874599E-1 1.969019E-1
2.420000E-3 -5.955565E-1 1.842672E-1
2.421000E-3 -1.352428E+0 1.589978E-1
2.422000E-3 -2.025202E+0 1.295169E-1
2.423000E-3 -2.403638E+0 9.161277E-2
2.424000E-3 -2.529783E+0 5.370868E-2
2.425000E-3 -2.361589E+0 7.381461E-3
2.426000E-3 -1.857008E+0 -1.788793E-2
2.427000E-3 -1.184234E+0 -4.736889E-2
2.428000E-3 -3.432661E-1 -6.842672E-2
2.429000E-3 4.977019E-1 -7.684985E-2
2.430000E-3 1.338670E+0 -7.263828E-2
2.431000E-3 2.011444E+0 -6.421515E-2
2.432000E-3 2.431928E+0 -3.473419E-2
2.433000E-3 2.516025E+0 -1.367637E-2
2.434000E-3 2.347831E+0 3.169895E-3
2.435000E-3 1.927347E+0 3.265085E-2
2.436000E-3 1.254573E+0 4.949712E-2
2.437000E-3 4.136051E-1 5.370868E-2
2.438000E-3 -4.273629E-1 4.949712E-2
2.439000E-3 -1.268331E+0 3.265085E-2
2.440000E-3 -1.941105E+0 3.169895E-3
2.441000E-3 -2.361589E+0 -2.631106E-2
2.442000E-3 -2.529783E+0 -6.421515E-2
2.443000E-3 -2.403638E+0 -1.021192E-1
2.444000E-3 -1.983154E+0 -1.442349E-1
2.445000E-3 -1.352428E+0 -1.652927E-1
2.446000E-3 -5.114597E-1 -1.779274E-1
2.447000E-3 3.295083E-1 -1.652927E-1
2.448000E-3 1.170476E+0 -1.316002E-1
2.449000E-3 1.885299E+0 -7.684985E-2
2.450000E-3 2.347831E+0 -1.788793E-2
2.451000E-3 2.516025E+0 3.265085E-2
2.452000E-3 2.431928E+0 8.318964E-2
2.453000E-3 2.011444E+0 1.168822E-1
2.454000E-3 1.338670E+0 1.337284E-1
2.455000E-3 5.817987E-1 1.379400E-1
2.456000E-3 -2.591693E-1 1.337284E-1
2.457000E-3 -1.100137E+0 1.210937E-1
2.458000E-3 -1.814960E+0 9.161277E-2
2.459000E-3 -2.319541E+0 5.792025E-2
2.460000E-3 -2.529783E+0 2.001616E-2
2.461000E-3 -2.445686E+0 -1.367637E-2
2.462000E-3 -2.109299E+0 -5.158046E-2
2.463000E-3 -1.478573E+0 -8.106141E-2
2.464000E-3 -6.796533E-1 -1.063308E-1
2.465000E-3 1.613147E-1 -1.189655E-1
2.466000E-3 1.044331E+0 -1.189655E-1
2.467000E-3 1.759154E+0 -1.063308E-1
2.468000E-3 2.305783E+0 -8.527298E-2
2.469000E-3 2.516025E+0 -5.579202E-2
2.470000E-3 2.473977E+0 -3.052263E-2
2.471000E-3 2.137589E+0 -5.253235E-3
2.472000E-3 1.506863E+0 3.169895E-3
2.473000E-3 7.499922E-1 1.580459E-2
2.474000E-3 -1.330241E-1 1.580459E-2
2.475000E-3 -9.739921E-1 7.381461E-3
2.476000E-3 -1.688815E+0 -9.464801E-3
2.477000E-3 -2.235444E+0 -3.894576E-2
2.478000E-3 -2.529783E+0 -7.684985E-2
2.479000E-3 -2.487734E+0 -1.147539E-1
2.480000E-3 -2.151347E+0 -1.484465E-1
2.481000E-3 -1.604718E+0 -1.526580E-1
2.482000E-3 -8.478469E-1 -1.400233E-1
2.483000E-3 3.516947E-2 -1.021192E-1
2.484000E-3 8.761374E-1 -4.736889E-2
2.485000E-3 1.633009E+0 7.381461E-3
2.486000E-3 2.179638E+0 5.370868E-2
2.487000E-3 2.516025E+0 1.168822E-1
2.488000E-3 2.473977E+0 1.421516E-1
2.489000E-3 2.179638E+0 1.674209E-1
2.490000E-3 1.633009E+0 1.842672E-1
2.491000E-3 9.181858E-1 1.926903E-1
2.492000E-3 -6.878924E-3 1.926903E-1
2.493000E-3 -8.478469E-1 1.800556E-1
2.494000E-3 -1.604718E+0 1.505747E-1
2.495000E-3 -2.193396E+0 1.210937E-1
2.496000E-3 -2.487734E+0 8.318964E-2
2.497000E-3 -2.529783E+0 3.686242E-2
2.498000E-3 -2.235444E+0 -1.041670E-3
2.499000E-3 -1.688815E+0 -3.052263E-2
2.500000E-3 -1.016040E+0 -5.158046E-2
2.501000E-3 -9.097572E-2 -7.263828E-2
2.502000E-3 7.499922E-1 -7.684985E-2
2.503000E-3 1.506863E+0 -6.842672E-2
2.504000E-3 2.137589E+0 -5.579202E-2
2.505000E-3 2.473977E+0 -3.052263E-2
2.506000E-3 2.516025E+0 -5.253235E-3
2.507000E-3 2.263735E+0 1.159303E-2
2.508000E-3 1.759154E+0 3.265085E-2
2.509000E-3 1.044331E+0 4.949712E-2
2.510000E-3 1.613147E-1 5.370868E-2
2.511000E-3 -6.796533E-1 4.528555E-2
2.512000E-3 -1.478573E+0 2.422772E-2
2.513000E-3 -2.109299E+0 -1.041670E-3
2.514000E-3 -2.445686E+0 -3.473419E-2
2.515000E-3 -2.529783E+0 -7.684985E-2
2.516000E-3 -2.319541E+0 -1.147539E-1
2.517000E-3 -1.857008E+0 -1.526580E-1
2.518000E-3 -1.142186E+0 -1.737159E-1
2.519000E-3 -3.012177E-1 -1.779274E-1
2.520000E-3 5.817987E-1 -1.568696E-1
2.521000E-3 1.380718E+0 -1.147539E-1
2.522000E-3 2.011444E+0 -6.000359E-2
2.523000E-3 2.431928E+0 -1.041670E-3
2.524000E-3 2.516025E+0 4.528555E-2
2.525000E-3 2.347831E+0 1.000359E-1
2.526000E-3 1.843251E+0 1.210937E-1
2.527000E-3 1.170476E+0 1.379400E-1
2.528000E-3 3.295083E-1 1.379400E-1
2.529000E-3 -5.114597E-1 1.337284E-1
2.530000E-3 -1.352428E+0 1.168822E-1
2.531000E-3 -1.983154E+0 8.740121E-2
2.532000E-3 -2.403638E+0 4.949712E-2
2.533000E-3 -2.529783E+0 7.381461E-3
2.534000E-3 -2.361589E+0 -2.631106E-2
2.535000E-3 -1.941105E+0 -6.421515E-2
2.536000E-3 -1.268331E+0 -9.369611E-2
2.537000E-3 -4.273629E-1 -1.105424E-1
2.538000E-3 4.136051E-1 -1.189655E-1
2.539000E-3 1.254573E+0 -1.147539E-1
2.540000E-3 1.969396E+0 -1.021192E-1
2.541000E-3 2.347831E+0 -8.106141E-2
2.542000E-3 2.558073E+0 -5.158046E-2
2.543000E-3 2.389880E+0 -2.209950E-2
2.544000E-3 2.011444E+0 -1.041670E-3
2.545000E-3 1.296621E+0 3.169895E-3
2.546000E-3 4.977019E-1 1.580459E-2
2.547000E-3 -3.432661E-1 1.580459E-2
2.548000E-3 -1.184234E+0 3.169895E-3
2.549000E-3 -1.899057E+0 -1.367637E-2
2.550000E-3 -2.361589E+0 -5.158046E-2
2.551000E-3 -2.529783E+0 -8.948455E-2
2.552000E-3 -2.445686E+0 -1.316002E-1
2.553000E-3 -2.025202E+0 -1.526580E-1
2.554000E-3 -1.352428E+0 -1.526580E-1
2.555000E-3 -5.955565E-1 -1.316002E-1
2.556000E-3 2.874599E-1 -8.948455E-2
2.557000E-3 1.086379E+0 -3.473419E-2
2.558000E-3 1.843251E+0 2.001616E-2
2.559000E-3 2.305783E+0 7.055494E-2
2.560000E-3 2.516025E+0 1.253053E-1
2.561000E-3 2.473977E+0 1.505747E-1
2.562000E-3 2.053493E+0 1.716325E-1
2.563000E-3 1.422767E+0 1.884788E-1
2.564000E-3 6.658955E-1 1.926903E-1
2.565000E-3 -2.171209E-1 1.884788E-1
2.566000E-3 -1.058089E+0 1.716325E-1
2.567000E-3 -1.772912E+0 1.421516E-1
2.568000E-3 -2.277492E+0 1.084590E-1
2.569000E-3 -2.529783E+0 7.055494E-2
2.570000E-3 -2.487734E+0 2.843929E-2
2.571000E-3 -2.109299E+0 -9.464801E-3
2.572000E-3 -1.520621E+0 -3.473419E-2
2.573000E-3 -7.637501E-1 -6.000359E-2
2.574000E-3 1.192663E-1 -7.263828E-2
2.575000E-3 1.002283E+0 -7.263828E-2
2.576000E-3 1.675057E+0 -6.842672E-2
2.577000E-3 2.221686E+0 -4.736889E-2
2.578000E-3 2.516025E+0 -2.209950E-2
2.579000E-3 2.516025E+0 3.169895E-3
2.580000E-3 2.137589E+0 2.001616E-2
2.581000E-3 1.590960E+0 4.107398E-2
2.582000E-3 8.340890E-1 4.949712E-2
2.583000E-3 -4.892732E-2 4.949712E-2
2.584000E-3 -8.898953E-1 4.107398E-2
2.585000E-3 -1.646766E+0 2.001616E-2
2.586000E-3 -2.193396E+0 -1.367637E-2
2.587000E-3 -2.529783E+0 -4.315732E-2
2.588000E-3 -2.529783E+0 -8.527298E-2
2.589000E-3 -2.193396E+0 -1.231771E-1
2.590000E-3 -1.688815E+0 -1.568696E-1
2.591000E-3 -8.898953E-1 -1.821390E-1
2.592000E-3 -4.892732E-2 -1.695043E-1
2.593000E-3 8.340890E-1 -1.484465E-1
2.594000E-3 1.590960E+0 -1.021192E-1
2.595000E-3 2.179638E+0 -4.736889E-2
2.596000E-3 2.516025E+0 1.159303E-2
2.597000E-3 2.516025E+0 5.792025E-2
2.598000E-3 2.263735E+0 1.084590E-1
2.599000E-3 1.675057E+0 1.253053E-1
2.600000E-3 9.602342E-1 1.379400E-1
2.601000E-3 1.192663E-1 1.379400E-1
2.602000E-3 -7.217017E-1 1.253053E-1
2.603000E-3 -1.520621E+0 1.084590E-1
2.604000E-3 -2.109299E+0 7.476651E-2
2.605000E-3 -2.487734E+0 4.107398E-2
2.606000E-3 -2.529783E+0 -1.041670E-3
2.607000E-3 -2.277492E+0 -3.473419E-2
2.608000E-3 -1.772912E+0 -6.842672E-2
2.609000E-3 -1.058089E+0 -9.790768E-2
2.610000E-3 -1.750725E-1 -1.147539E-1
2.611000E-3 6.658955E-1 -1.189655E-1
2.612000E-3 1.464815E+0 -1.147539E-1
2.613000E-3 2.095541E+0 -9.790768E-2
2.614000E-3 2.473977E+0 -6.842672E-2
2.615000E-3 2.516025E+0 -4.736889E-2
2.616000E-3 2.305783E+0 -1.788793E-2
2.617000E-3 1.801202E+0 -1.041670E-3
2.618000E-3 1.086379E+0 1.580459E-2
2.619000E-3 2.874599E-1 1.580459E-2
2.620000E-3 -5.955565E-1 1.159303E-2
2.621000E-3 -1.394476E+0 -5.253235E-3
2.622000E-3 -2.025202E+0 -2.631106E-2
2.623000E-3 -2.445686E+0 -6.421515E-2
2.624000E-3 -2.529783E+0 -1.021192E-1
2.625000E-3 -2.361589E+0 -1.400233E-1
2.626000E-3 -1.899057E+0 -1.526580E-1
2.627000E-3 -1.184234E+0 -1.526580E-1
2.628000E-3 -3.432661E-1 -1.231771E-1
2.629000E-3 4.977019E-1 -7.684985E-2
2.630000E-3 1.338670E+0 -1.788793E-2
2.631000E-3 2.011444E+0 3.265085E-2
2.632000E-3 2.431928E+0 8.318964E-2
2.633000E-3 2.516025E+0 1.337284E-1
2.634000E-3 2.389880E+0 1.547863E-1
2.635000E-3 1.927347E+0 1.758441E-1
2.636000E-3 1.254573E+0 1.884788E-1
2.637000E-3 4.136051E-1 1.969019E-1
2.638000E-3 -4.273629E-1 1.884788E-1
2.639000E-3 -1.268331E+0 1.632094E-1
2.640000E-3 -1.941105E+0 1.337284E-1
2.641000E-3 -2.361589E+0 1.000359E-1
2.642000E-3 -2.529783E+0 5.792025E-2
2.643000E-3 -2.403638E+0 2.001616E-2
2.644000E-3 -1.983154E+0 -1.788793E-2
2.645000E-3 -1.310379E+0 -4.315732E-2
2.646000E-3 -5.114597E-1 -6.421515E-2
2.647000E-3 3.295083E-1 -7.684985E-2
2.648000E-3 1.170476E+0 -7.263828E-2
2.649000E-3 1.885299E+0 -6.421515E-2
2.650000E-3 2.347831E+0 -4.315732E-2
2.651000E-3 2.558073E+0 -1.788793E-2
2.652000E-3 2.431928E+0 3.169895E-3
2.653000E-3 2.011444E+0 2.843929E-2
2.654000E-3 1.380718E+0 4.528555E-2
2.655000E-3 5.817987E-1 5.370868E-2
2.656000E-3 -2.591693E-1 5.370868E-2
2.657000E-3 -1.142186E+0 3.686242E-2
2.658000E-3 -1.814960E+0 1.159303E-2
2.659000E-3 -2.319541E+0 -1.788793E-2
2.660000E-3 -2.529783E+0 -5.158046E-2
2.661000E-3 -2.445686E+0 -9.790768E-2
2.662000E-3 -2.067250E+0 -1.316002E-1
2.663000E-3 -1.436524E+0 -1.652927E-1
2.664000E-3 -6.796533E-1 -1.779274E-1
2.665000E-3 1.613147E-1 -1.652927E-1
2.666000E-3 1.044331E+0 -1.358118E-1
2.667000E-3 1.801202E+0 -8.527298E-2
2.668000E-3 2.305783E+0 -2.631106E-2
2.669000E-3 2.516025E+0 2.422772E-2
2.670000E-3 2.473977E+0 7.476651E-2
2.671000E-3 2.095541E+0 1.126706E-1
2.672000E-3 1.506863E+0 1.337284E-1
2.673000E-3 7.499922E-1 1.379400E-1
2.674000E-3 -9.097572E-2 1.337284E-1
2.675000E-3 -9.739921E-1 1.253053E-1
2.676000E-3 -1.688815E+0 1.000359E-1
2.677000E-3 -2.235444E+0 7.055494E-2
2.678000E-3 -2.529783E+0 2.843929E-2
2.679000E-3 -2.487734E+0 -1.367637E-2
2.680000E-3 -2.151347E+0 -4.736889E-2
2.681000E-3 -1.604718E+0 -8.106141E-2
2.682000E-3 -8.478469E-1 -1.021192E-1
2.683000E-3 3.516947E-2 -1.189655E-1
2.684000E-3 9.181858E-1 -1.189655E-1
2.685000E-3 1.675057E+0 -1.063308E-1
2.686000E-3 2.221686E+0 -8.948455E-2
2.687000E-3 2.516025E+0 -6.421515E-2
2.688000E-3 2.516025E+0 -3.473419E-2
2.689000E-3 2.221686E+0 -9.464801E-3
2.690000E-3 1.675057E+0 3.169895E-3
2.691000E-3 9.181858E-1 1.580459E-2
2.692000E-3 3.516947E-2 1.580459E-2
2.693000E-3 -8.057985E-1 7.381461E-3
2.694000E-3 -1.562670E+0 -9.464801E-3
2.695000E-3 -2.193396E+0 -3.473419E-2
2.696000E-3 -2.487734E+0 -6.842672E-2
2.697000E-3 -2.529783E+0 -1.105424E-1
2.698000E-3 -2.235444E+0 -1.442349E-1
2.699000E-3 -1.730863E+0 -1.568696E-1
2.700000E-3 -9.739921E-1 -1.484465E-1
2.701000E-3 -1.330241E-1 -1.147539E-1
2.702000E-3 7.499922E-1 -6.000359E-2
2.703000E-3 1.506863E+0 -1.041670E-3
2.704000E-3 2.137589E+0 4.528555E-2
2.705000E-3 2.473977E+0 1.042475E-1
2.706000E-3 2.516025E+0 1.379400E-1
2.707000E-3 2.263735E+0 1.674209E-1
2.708000E-3 1.759154E+0 1.842672E-1
2.709000E-3 1.044331E+0 1.926903E-1
2.710000E-3 2.033631E-1 1.926903E-1
2.711000E-3 -6.796533E-1 1.800556E-1
2.712000E-3 -1.478573E+0 1.547863E-1
2.713000E-3 -2.067250E+0 1.253053E-1
2.714000E-3 -2.445686E+0 8.740121E-2
2.715000E-3 -2.529783E+0 4.949712E-2
2.716000E-3 -2.319541E+0 3.169895E-3
2.717000E-3 -1.857008E+0 -2.209950E-2
2.718000E-3 -1.100137E+0 -4.736889E-2
2.719000E-3 -2.591693E-1 -6.421515E-2
2.720000E-3 6.238471E-1 -7.263828E-2
2.721000E-3 1.380718E+0 -6.842672E-2
2.722000E-3 2.053493E+0 -6.000359E-2
2.723000E-3 2.431928E+0 -3.473419E-2
2.724000E-3 2.558073E+0 -9.464801E-3
2.725000E-3 2.347831E+0 1.159303E-2
2.726000E-3 1.843251E+0 3.265085E-2
2.727000E-3 1.170476E+0 4.949712E-2
2.728000E-3 3.295083E-1 5.370868E-2
2.729000E-3 -5.114597E-1 4.528555E-2
2.730000E-3 -1.352428E+0 2.843929E-2
2.731000E-3 -1.983154E+0 3.169895E-3
2.732000E-3 -2.403638E+0 -3.052263E-2
2.733000E-3 -2.529783E+0 -6.842672E-2
2.734000E-3 -2.361589E+0 -1.063308E-1
2.735000E-3 -1.941105E+0 -1.400233E-1
2.736000E-3 -1.268331E+0 -1.695043E-1
2.737000E-3 -4.694113E-1 -1.737159E-1
2.738000E-3 4.136051E-1 -1.610812E-1
2.739000E-3 1.254573E+0 -1.231771E-1
2.740000E-3 1.969396E+0 -6.842672E-2
2.741000E-3 2.389880E+0 -1.367637E-2
2.742000E-3 2.516025E+0 3.686242E-2
2.743000E-3 2.431928E+0 9.582434E-2
2.744000E-3 2.011444E+0 1.168822E-1
2.745000E-3 1.338670E+0 1.379400E-1
2.746000E-3 4.977019E-1 1.379400E-1
2.747000E-3 -3.432661E-1 1.337284E-1
2.748000E-3 -1.184234E+0 1.168822E-1
2.749000E-3 -1.857008E+0 8.740121E-2
2.750000E-3 -2.361589E+0 5.370868E-2
2.751000E-3 -2.571831E+0 2.001616E-2
2.752000E-3 -2.403638E+0 -1.788793E-2
2.753000E-3 -2.025202E+0 -5.579202E-2
2.754000E-3 -1.394476E+0 -8.527298E-2
2.755000E-3 -5.955565E-1 -1.063308E-1
2.756000E-3 2.454115E-1 -1.189655E-1
2.757000E-3 1.086379E+0 -1.189655E-1
2.758000E-3 1.801202E+0 -1.021192E-1
2.759000E-3 2.347831E+0 -8.527298E-2
2.760000E-3 2.516025E+0 -6.000359E-2
2.761000E-3 2.431928E+0 -3.052263E-2
2.762000E-3 2.053493E+0 -5.253235E-3
2.763000E-3 1.464815E+0 3.169895E-3
2.764000E-3 6.658955E-1 1.580459E-2
2.765000E-3 -2.171209E-1 2.001616E-2
2.766000E-3 -1.058089E+0 3.169895E-3
2.767000E-3 -1.772912E+0 -1.367637E-2
2.768000E-3 -2.277492E+0 -4.736889E-2
2.769000E-3 -2.529783E+0 -8.106141E-2
2.770000E-3 -2.487734E+0 -1.189655E-1
2.771000E-3 -2.109299E+0 -1.484465E-1
2.772000E-3 -1.520621E+0 -1.568696E-1
2.773000E-3 -7.637501E-1 -1.358118E-1
2.774000E-3 1.192663E-1 -9.790768E-2
2.775000E-3 1.002283E+0 -4.315732E-2
2.776000E-3 1.675057E+0 1.159303E-2
2.777000E-3 2.263735E+0 6.213181E-2
2.778000E-3 2.516025E+0 1.210937E-1
2.779000E-3 2.473977E+0 1.421516E-1
2.780000E-3 2.179638E+0 1.716325E-1
2.781000E-3 1.590960E+0 1.842672E-1
2.782000E-3 8.340890E-1 1.969019E-1
2.783000E-3 -6.878924E-3 1.926903E-1
2.784000E-3 -8.898953E-1 1.758441E-1
2.785000E-3 -1.646766E+0 1.505747E-1
2.786000E-3 -2.193396E+0 1.168822E-1
2.787000E-3 -2.487734E+0 7.897807E-2
2.788000E-3 -2.529783E+0 3.686242E-2
2.789000E-3 -2.193396E+0 -1.041670E-3
2.790000E-3 -1.646766E+0 -3.052263E-2
2.791000E-3 -9.319437E-1 -5.579202E-2
2.792000E-3 -4.892732E-2 -7.263828E-2
2.793000E-3 8.340890E-1 -7.684985E-2
2.794000E-3 1.590960E+0 -6.842672E-2
2.795000E-3 2.179638E+0 -5.158046E-2
2.796000E-3 2.516025E+0 -3.052263E-2
2.797000E-3 2.516025E+0 -1.041670E-3
2.798000E-3 2.263735E+0 1.580459E-2
2.799000E-3 1.675057E+0 3.686242E-2
2.800000E-3 9.602342E-1 4.949712E-2
2.801000E-3 1.613147E-1 4.949712E-2
2.802000E-3 -7.637501E-1 4.528555E-2
2.803000E-3 -1.520621E+0 2.422772E-2
2.804000E-3 -2.151347E+0 -9.464801E-3
2.805000E-3 -2.487734E+0 -3.473419E-2
2.806000E-3 -2.529783E+0 -8.106141E-2
2.807000E-3 -2.277492E+0 -1.147539E-1
2.808000E-3 -1.772912E+0 -1.484465E-1
2.809000E-3 -1.058089E+0 -1.737159E-1
2.810000E-3 -1.750725E-1 -1.695043E-1
2.811000E-3 6.658955E-1 -1.526580E-1
2.812000E-3 1.464815E+0 -1.105424E-1
2.813000E-3 2.095541E+0 -5.579202E-2
2.814000E-3 2.473977E+0 3.169895E-3
2.815000E-3 2.516025E+0 4.949712E-2
2.816000E-3 2.305783E+0 1.042475E-1
2.817000E-3 1.801202E+0 1.253053E-1
2.818000E-3 1.086379E+0 1.379400E-1
2.819000E-3 2.874599E-1 1.379400E-1
2.820000E-3 -5.955565E-1 1.337284E-1
2.821000E-3 -1.394476E+0 1.126706E-1
2.822000E-3 -2.025202E+0 8.318964E-2
2.823000E-3 -2.403638E+0 4.949712E-2
2.824000E-3 -2.529783E+0 3.169895E-3
2.825000E-3 -2.319541E+0 -3.052263E-2
2.826000E-3 -1.857008E+0 -6.421515E-2
2.827000E-3 -1.184234E+0 -9.369611E-2
2.828000E-3 -3.432661E-1 -1.105424E-1
2.829000E-3 4.977019E-1 -1.189655E-1
2.830000E-3 1.338670E+0 -1.147539E-1
2.831000E-3 1.969396E+0 -9.790768E-2
2.832000E-3 2.431928E+0 -7.684985E-2
2.833000E-3 2.516025E+0 -5.158046E-2
2.834000E-3 2.347831E+0 -2.631106E-2
2.835000E-3 1.927347E+0 -1.041670E-3
2.836000E-3 1.254573E+0 7.381461E-3
2.837000E-3 4.136051E-1 1.580459E-2
2.838000E-3 -4.273629E-1 1.580459E-2
2.839000E-3 -1.268331E+0 -1.041670E-3
2.840000E-3 -1.941105E+0 -1.788793E-2
2.841000E-3 -2.361589E+0 -5.158046E-2
2.842000E-3 -2.529783E+0 -8.948455E-2
2.843000E-3 -2.403638E+0 -1.316002E-1
2.844000E-3 -1.983154E+0 -1.526580E-1
2.845000E-3 -1.352428E+0 -1.526580E-1
2.846000E-3 -5.535081E-1 -1.316002E-1
2.847000E-3 3.295083E-1 -8.527298E-2
2.848000E-3 1.170476E+0 -3.052263E-2
2.849000E-3 1.885299E+0 2.422772E-2
2.850000E-3 2.347831E+0 7.897807E-2
2.851000E-3 2.558073E+0 1.253053E-1
2.852000E-3 2.431928E+0 1.547863E-1
2.853000E-3 2.053493E+0 1.758441E-1
2.854000E-3 1.380718E+0 1.884788E-1
2.855000E-3 5.817987E-1 1.969019E-1
2.856000E-3 -2.591693E-1 1.884788E-1
2.857000E-3 -1.100137E+0 1.716325E-1
2.858000E-3 -1.814960E+0 1.421516E-1
2.859000E-3 -2.319541E+0 1.042475E-1
2.860000E-3 -2.529783E+0 6.634338E-2
2.861000E-3 -2.445686E+0 2.422772E-2
2.862000E-3 -2.067250E+0 -9.464801E-3
2.863000E-3 -1.436524E+0 -3.894576E-2
2.864000E-3 -6.796533E-1 -6.421515E-2
2.865000E-3 1.613147E-1 -7.684985E-2
2.866000E-3 1.044331E+0 -7.684985E-2
2.867000E-3 1.759154E+0 -6.421515E-2
2.868000E-3 2.263735E+0 -4.736889E-2
2.869000E-3 2.516025E+0 -2.209950E-2
2.870000E-3 2.473977E+0 3.169895E-3
2.871000E-3 2.137589E+0 2.422772E-2
2.872000E-3 1.506863E+0 4.107398E-2
2.873000E-3 7.499922E-1 5.370868E-2
2.874000E-3 -9.097572E-2 4.949712E-2
2.875000E-3 -9.739921E-1 3.686242E-2
2.876000E-3 -1.688815E+0 1.580459E-2
2.877000E-3 -2.235444E+0 -1.367637E-2
2.878000E-3 -2.529783E+0 -5.158046E-2
2.879000E-3 -2.529783E+0 -8.948455E-2
2.880000E-3 -2.193396E+0 -1.273886E-1
2.881000E-3 -1.604718E+0 -1.568696E-1
2.882000E-3 -8.478469E-1 -1.821390E-1
2.883000E-3 3.516947E-2 -1.695043E-1
2.884000E-3 9.181858E-1 -1.442349E-1
2.885000E-3 1.675057E+0 -9.790768E-2
2.886000E-3 2.221686E+0 -3.894576E-2
2.887000E-3 2.516025E+0 1.580459E-2
2.888000E-3 2.516025E+0 6.213181E-2
2.889000E-3 2.179638E+0 1.084590E-1
2.890000E-3 1.633009E+0 1.337284E-1
2.891000E-3 8.761374E-1 1.379400E-1
2.892000E-3 -6.878924E-3 1.379400E-1
2.893000E-3 -8.478469E-1 1.295169E-1
2.894000E-3 -1.604718E+0 1.084590E-1
2.895000E-3 -2.151347E+0 7.476651E-2
2.896000E-3 -2.529783E+0 3.686242E-2
2.897000E-3 -2.529783E+0 -5.253235E-3
2.898000E-3 -2.235444E+0 -3.894576E-2
2.899000E-3 -1.688815E+0 -7.263828E-2
2.900000E-3 -1.016040E+0 -1.021192E-1
2.901000E-3 -1.330241E-1 -1.189655E-1
2.902000E-3 7.499922E-1 -1.189655E-1
2.903000E-3 1.506863E+0 -1.147539E-1
2.904000E-3 2.137589E+0 -9.369611E-2
2.905000E-3 2.473977E+0 -6.842672E-2
2.906000E-3 2.516025E+0 -4.315732E-2
2.907000E-3 2.263735E+0 -1.367637E-2
2.908000E-3 1.759154E+0 -1.041670E-3
2.909000E-3 1.002283E+0 1.580459E-2
2.910000E-3 1.613147E-1 2.001616E-2
2.911000E-3 -6.796533E-1 1.159303E-2
2.912000E-3 -1.478573E+0 -5.253235E-3
2.913000E-3 -2.067250E+0 -3.052263E-2
2.914000E-3 -2.445686E+0 -6.421515E-2
2.915000E-3 -2.529783E+0 -1.021192E-1
2.916000E-3 -2.319541E+0 -1.400233E-1
2.917000E-3 -1.857008E+0 -1.568696E-1
2.918000E-3 -1.100137E+0 -1.484465E-1
2.919000E-3 -3.012177E-1 -1.189655E-1
2.920000E-3 5.817987E-1 -6.842672E-2
2.921000E-3 1.422767E+0 -1.367637E-2
2.922000E-3 2.011444E+0 3.686242E-2
2.923000E-3 2.431928E+0 9.161277E-2
2.924000E-3 2.516025E+0 1.337284E-1
2.925000E-3 2.347831E+0 1.589978E-1
2.926000E-3 1.843251E+0 1.758441E-1
2.927000E-3 1.170476E+0 1.926903E-1
2.928000E-3 3.295083E-1 1.926903E-1
2.929000E-3 -5.114597E-1 1.842672E-1
2.930000E-3 -1.310379E+0 1.632094E-1
2.931000E-3 -1.983154E+0 1.337284E-1
2.932000E-3 -2.403638E+0 9.582434E-2
2.933000E-3 -2.529783E+0 5.370868E-2
2.934000E-3 -2.361589E+0 1.580459E-2
2.935000E-3 -1.941105E+0 -1.788793E-2
2.936000E-3 -1.268331E+0 -4.736889E-2
2.937000E-3 -4.273629E-1 -6.421515E-2
2.938000E-3 4.136051E-1 -7.684985E-2
2.939000E-3 1.254573E+0 -6.842672E-2
2.940000E-3 1.927347E+0 -6.421515E-2
2.941000E-3 2.347831E+0 -4.315732E-2
2.942000E-3 2.516025E+0 -1.367637E-2
2.943000E-3 2.431928E+0 3.169895E-3
2.944000E-3 1.969396E+0 2.843929E-2
2.945000E-3 1.296621E+0 4.528555E-2
2.946000E-3 4.977019E-1 5.370868E-2
2.947000E-3 -3.432661E-1 4.949712E-2
2.948000E-3 -1.184234E+0 3.265085E-2
2.949000E-3 -1.857008E+0 7.381461E-3
2.950000E-3 -2.361589E+0 -1.788793E-2
2.951000E-3 -2.529783E+0 -6.000359E-2
2.952000E-3 -2.445686E+0 -9.790768E-2
2.953000E-3 -2.025202E+0 -1.358118E-1
2.954000E-3 -1.394476E+0 -1.652927E-1
2.955000E-3 -5.955565E-1 -1.821390E-1
2.956000E-3 2.874599E-1 -1.652927E-1
2.957000E-3 1.128428E+0 -1.358118E-1
2.958000E-3 1.843251E+0 -8.106141E-2
2.959000E-3 2.347831E+0 -2.209950E-2
2.960000E-3 2.516025E+0 2.843929E-2
2.961000E-3 2.431928E+0 8.318964E-2
2.962000E-3 2.053493E+0 1.168822E-1
2.963000E-3 1.464815E+0 1.337284E-1
2.964000E-3 6.658955E-1 1.379400E-1
2.965000E-3 -2.171209E-1 1.337284E-1
2.966000E-3 -1.058089E+0 1.210937E-1
2.967000E-3 -1.772912E+0 1.000359E-1
2.968000E-3 -2.277492E+0 6.634338E-2
2.969000E-3 -2.529783E+0 2.422772E-2
2.970000E-3 -2.487734E+0 -1.367637E-2
2.971000E-3 -2.109299E+0 -5.158046E-2
2.972000E-3 -1.520621E+0 -8.106141E-2
2.973000E-3 -7.637501E-1 -1.063308E-1
2.974000E-3 1.192663E-1 -1.189655E-1
2.975000E-3 9.602342E-1 -1.189655E-1
2.976000E-3 1.717105E+0 -1.063308E-1
2.977000E-3 2.221686E+0 -8.948455E-2
2.978000E-3 2.516025E+0 -6.421515E-2
2.979000E-3 2.473977E+0 -3.052263E-2
2.980000E-3 2.179638E+0 -9.464801E-3
2.981000E-3 1.548912E+0 3.169895E-3
2.982000E-3 8.340890E-1 1.580459E-2
2.983000E-3 -4.892732E-2 2.001616E-2
2.984000E-3 -8.898953E-1 7.381461E-3
2.985000E-3 -1.646766E+0 -9.464801E-3
2.986000E-3 -2.193396E+0 -3.473419E-2
2.987000E-3 -2.529783E+0 -7.684985E-2
2.988000E-3 -2.529783E+0 -1.147539E-1
2.989000E-3 -2.193396E+0 -1.484465E-1
2.990000E-3 -1.688815E+0 -1.568696E-1
2.991000E-3 -9.319437E-1 -1.442349E-1
2.992000E-3 -9.097572E-2 -1.063308E-1
2.993000E-3 8.340890E-1 -5.158046E-2
2.994000E-3 1.590960E+0 3.169895E-3
2.995000E-3 2.179638E+0 5.370868E-2
2.996000E-3 2.516025E+0 1.084590E-1
2.997000E-3 2.516025E+0 1.421516E-1
2.998000E-3 2.263735E+0 1.674209E-1
2.999000E-3 1.675057E+0 1.842672E-1
3.000000E-3 9.602342E-1 1.926903E-1
3.001000E-3 1.192663E-1 1.926903E-1
3.002000E-3 -7.637501E-1 1.800556E-1
3.003000E-3 -1.520621E+0 1.547863E-1
3.004000E-3 -2.109299E+0 1.210937E-1
3.005000E-3 -2.487734E+0 8.740121E-2
3.006000E-3 -2.529783E+0 4.528555E-2
3.007000E-3 -2.277492E+0 3.169895E-3
3.008000E-3 -1.772912E+0 -2.631106E-2
3.009000E-3 -1.058089E+0 -5.158046E-2
3.010000E-3 -1.750725E-1 -6.842672E-2
3.011000E-3 6.658955E-1 -7.263828E-2
3.012000E-3 1.464815E+0 -6.842672E-2
3.013000E-3 2.053493E+0 -6.000359E-2
3.014000E-3 2.431928E+0 -3.473419E-2
3.015000E-3 2.516025E+0 -9.464801E-3
3.016000E-3 2.305783E+0 1.159303E-2
3.017000E-3 1.801202E+0 3.265085E-2
3.018000E-3 1.086379E+0 4.949712E-2
3.019000E-3 2.874599E-1 5.370868E-2
3.020000E-3 -5.955565E-1 4.528555E-2
3.021000E-3 -1.394476E+0 2.843929E-2
3.022000E-3 -2.025202E+0 -1.041670E-3
3.023000E-3 -2.445686E+0 -3.052263E-2
3.024000E-3 -2.571831E+0 -6.842672E-2
3.025000E-3 -2.361589E+0 -1.105424E-1
3.026000E-3 -1.857008E+0 -1.484465E-1
3.027000E-3 -1.184234E+0 -1.737159E-1
3.028000E-3 -3.432661E-1 -1.779274E-1
3.029000E-3 4.977019E-1 -1.568696E-1
3.030000E-3 1.338670E+0 -1.189655E-1
3.031000E-3 2.011444E+0 -6.421515E-2
3.032000E-3 2.389880E+0 -5.253235E-3
3.033000E-3 2.516025E+0 4.107398E-2
3.034000E-3 2.347831E+0 9.582434E-2
3.035000E-3 1.927347E+0 1.210937E-1
3.036000E-3 1.212525E+0 1.379400E-1
3.037000E-3 4.136051E-1 1.379400E-1
3.038000E-3 -4.273629E-1 1.337284E-1
3.039000E-3 -1.268331E+0 1.168822E-1
3.040000E-3 -1.941105E+0 8.740121E-2
3.041000E-3 -2.403638E+0 5.370868E-2
3.042000E-3 -2.529783E+0 1.159303E-2
3.043000E-3 -2.403638E+0 -2.631106E-2
3.044000E-3 -1.983154E+0 -6.000359E-2
3.045000E-3 -1.352428E+0 -8.948455E-2
3.046000E-3 -5.114597E-1 -1.105424E-1
3.047000E-3 3.295083E-1 -1.189655E-1
3.048000E-3 1.170476E+0 -1.147539E-1
3.049000E-3 1.927347E+0 -9.790768E-2
3.050000E-3 2.347831E+0 -8.106141E-2
3.051000E-3 2.558073E+0 -5.158046E-2
3.052000E-3 2.431928E+0 -2.631106E-2
3.053000E-3 2.011444E+0 -1.041670E-3
3.054000E-3 1.380718E+0 7.381461E-3
3.055000E-3 5.817987E-1 1.580459E-2
3.056000E-3 -3.012177E-1 1.580459E-2
3.057000E-3 -1.100137E+0 3.169895E-3
3.058000E-3 -1.814960E+0 -1.367637E-2
3.059000E-3 -2.319541E+0 -4.736889E-2
3.060000E-3 -2.529783E+0 -8.527298E-2
3.061000E-3 -2.445686E+0 -1.231771E-1
3.062000E-3 -2.067250E+0 -1.484465E-1
3.063000E-3 -1.436524E+0 -1.526580E-1
3.064000E-3 -6.796533E-1 -1.358118E-1
3.065000E-3 2.033631E-1 -9.790768E-2
3.066000E-3 1.044331E+0 -3.473419E-2
3.067000E-3 1.759154E+0 1.580459E-2
3.068000E-3 2.263735E+0 6.634338E-2
3.069000E-3 2.516025E+0 1.210937E-1
3.070000E-3 2.473977E+0 1.505747E-1
3.071000E-3 2.137589E+0 1.674209E-1
3.072000E-3 1.506863E+0 1.884788E-1
3.073000E-3 7.499922E-1 1.969019E-1
3.074000E-3 -9.097572E-2 1.926903E-1
3.075000E-3 -9.739921E-1 1.716325E-1
3.076000E-3 -1.688815E+0 1.505747E-1
3.077000E-3 -2.235444E+0 1.126706E-1
3.078000E-3 -2.529783E+0 7.476651E-2
3.079000E-3 -2.487734E+0 3.265085E-2
3.080000E-3 -2.151347E+0 -5.253235E-3
3.081000E-3 -1.604718E+0 -3.473419E-2
3.082000E-3 -8.478469E-1 -5.579202E-2
3.083000E-3 3.516947E-2 -7.263828E-2
3.084000E-3 9.181858E-1 -7.263828E-2
3.085000E-3 1.633009E+0 -6.842672E-2
3.086000E-3 2.179638E+0 -5.158046E-2
3.087000E-3 2.516025E+0 -2.631106E-2
3.088000E-3 2.516025E+0 -1.041670E-3
3.089000E-3 2.179638E+0 1.580459E-2
3.090000E-3 1.633009E+0 3.686242E-2
3.091000E-3 9.181858E-1 4.949712E-2
3.092000E-3 3.516947E-2 5.370868E-2
3.093000E-3 -8.057985E-1 4.107398E-2
3.094000E-3 -1.562670E+0 2.001616E-2
3.095000E-3 -2.193396E+0 -9.464801E-3
3.096000E-3 -2.487734E+0 -4.315732E-2
3.097000E-3 -2.529783E+0 -8.106141E-2
3.098000E-3 -2.235444E+0 -1.189655E-1
3.099000E-3 -1.688815E+0 -1.526580E-1
3.100000E-3 -9.739921E-1 -1.779274E-1
3.101000E-3 -1.330241E-1 -1.695043E-1
3.102000E-3 7.499922E-1 -1.526580E-1
3.103000E-3 1.506863E+0 -1.063308E-1
3.104000E-3 2.179638E+0 -4.736889E-2
3.105000E-3 2.473977E+0 7.381461E-3
3.106000E-3 2.516025E+0 5.370868E-2
3.107000E-3 2.305783E+0 1.042475E-1
3.108000E-3 1.759154E+0 1.253053E-1
3.109000E-3 1.044331E+0 1.379400E-1
3.110000E-3 2.033631E-1 1.379400E-1
3.111000E-3 -6.796533E-1 1.295169E-1
3.112000E-3 -1.436524E+0 1.084590E-1
3.113000E-3 -2.109299E+0 8.318964E-2
3.114000E-3 -2.445686E+0 4.107398E-2
3.115000E-3 -2.529783E+0 -1.041670E-3
3.116000E-3 -2.277492E+0 -3.473419E-2
3.117000E-3 -1.857008E+0 -6.842672E-2
3.118000E-3 -1.142186E+0 -9.790768E-2
3.119000E-3 -2.591693E-1 -1.105424E-1
3.120000E-3 5.817987E-1 -1.189655E-1
3.121000E-3 1.380718E+0 -1.147539E-1
3.122000E-3 2.011444E+0 -9.790768E-2
3.123000E-3 2.431928E+0 -7.684985E-2
3.124000E-3 2.516025E+0 -4.736889E-2
3.125000E-3 2.347831E+0 -2.209950E-2
3.126000E-3 1.843251E+0 -1.041670E-3
3.127000E-3 1.170476E+0 1.159303E-2
3.128000E-3 3.295083E-1 1.580459E-2
3.129000E-3 -5.114597E-1 1.580459E-2
3.130000E-3 -1.352428E+0 -1.041670E-3
3.131000E-3 -1.983154E+0 -1.788793E-2
3.132000E-3 -2.403638E+0 -5.579202E-2
3.133000E-3 -2.529783E+0 -9.790768E-2
3.134000E-3 -2.403638E+0 -1.358118E-1
3.135000E-3 -1.941105E+0 -1.526580E-1
3.136000E-3 -1.226282E+0 -1.526580E-1
3.137000E-3 -4.273629E-1 -1.273886E-1
3.138000E-3 4.556535E-1 -8.106141E-2
3.139000E-3 1.254573E+0 -2.209950E-2
3.140000E-3 1.927347E+0 3.265085E-2
3.141000E-3 2.347831E+0 7.897807E-2
3.142000E-3 2.516025E+0 1.295169E-1
3.143000E-3 2.389880E+0 1.547863E-1
3.144000E-3 1.969396E+0 1.758441E-1
3.145000E-3 1.338670E+0 1.884788E-1
3.146000E-3 4.977019E-1 1.969019E-1
3.147000E-3 -3.432661E-1 1.884788E-1
3.148000E-3 -1.184234E+0 1.674209E-1
3.149000E-3 -1.857008E+0 1.379400E-1
3.150000E-3 -2.361589E+0 1.042475E-1
3.151000E-3 -2.529783E+0 6.634338E-2
3.152000E-3 -2.403638E+0 2.001616E-2
3.153000E-3 -2.025202E+0 -1.367637E-2
3.154000E-3 -1.394476E+0 -4.315732E-2
3.155000E-3 -5.955565E-1 -6.000359E-2
3.156000E-3 2.874599E-1 -7.684985E-2
3.157000E-3 1.128428E+0 -7.263828E-2
3.158000E-3 1.843251E+0 -6.421515E-2
3.159000E-3 2.347831E+0 -4.736889E-2
3.160000E-3 2.516025E+0 -2.209950E-2
3.161000E-3 2.431928E+0 3.169895E-3
3.162000E-3 2.095541E+0 2.001616E-2
3.163000E-3 1.422767E+0 4.107398E-2
3.164000E-3 6.658955E-1 5.370868E-2
3.165000E-3 -2.171209E-1 4.949712E-2
3.166000E-3 -1.058089E+0 3.686242E-2
3.167000E-3 -1.772912E+0 1.159303E-2
3.168000E-3 -2.277492E+0 -1.788793E-2
3.169000E-3 -2.529783E+0 -5.158046E-2
3.170000E-3 -2.445686E+0 -9.369611E-2
3.171000E-3 -2.151347E+0 -1.316002E-1
3.172000E-3 -1.520621E+0 -1.610812E-1
3.173000E-3 -7.637501E-1 -1.779274E-1
3.174000E-3 1.192663E-1 -1.695043E-1
3.175000E-3 9.602342E-1 -1.442349E-1
3.176000E-3 1.717105E+0 -9.369611E-2
3.177000E-3 2.263735E+0 -3.473419E-2
3.178000E-3 2.516025E+0 2.001616E-2
3.179000E-3 2.516025E+0 7.055494E-2
3.180000E-3 2.179638E+0 1.126706E-1
3.181000E-3 1.590960E+0 1.337284E-1
3.182000E-3 8.340890E-1 1.379400E-1
3.183000E-3 -6.878924E-3 1.379400E-1
3.184000E-3 -8.898953E-1 1.253053E-1
3.185000E-3 -1.604718E+0 1.042475E-1
3.186000E-3 -2.193396E+0 7.055494E-2
3.187000E-3 -2.529783E+0 3.265085E-2
3.188000E-3 -2.529783E+0 -9.464801E-3
3.189000E-3 -2.193396E+0 -4.315732E-2
3.190000E-3 -1.646766E+0 -8.106141E-2
3.191000E-3 -8.898953E-1 -1.021192E-1
3.192000E-3 -4.892732E-2 -1.147539E-1
3.193000E-3 8.340890E-1 -1.189655E-1
3.194000E-3 1.633009E+0 -1.105424E-1
3.195000E-3 2.137589E+0 -9.369611E-2
3.196000E-3 2.516025E+0 -6.842672E-2
3.197000E-3 2.516025E+0 -3.894576E-2
3.198000E-3 2.221686E+0 -1.367637E-2
3.199000E-3 1.675057E+0 3.169895E-3
3.200000E-3 9.602342E-1 1.580459E-2
3.201000E-3 1.192663E-1 2.001616E-2
3.202000E-3 -7.637501E-1 1.159303E-2
3.203000E-3 -1.520621E+0 -1.041670E-3
3.204000E-3 -2.109299E+0 -3.052263E-2
3.205000E-3 -2.487734E+0 -6.842672E-2
3.206000E-3 -2.529783E+0 -1.063308E-1
3.207000E-3 -2.277492E+0 -1.442349E-1
3.208000E-3 -1.772912E+0 -1.568696E-1
3.209000E-3 -1.058089E+0 -1.484465E-1
3.210000E-3 -2.171209E-1 -1.147539E-1
3.211000E-3 6.658955E-1 -6.421515E-2
3.212000E-3 1.464815E+0 -9.464801E-3
3.213000E-3 2.095541E+0 4.528555E-2
3.214000E-3 2.431928E+0 1.000359E-1
3.215000E-3 2.516025E+0 1.379400E-1
3.216000E-3 2.305783E+0 1.674209E-1
3.217000E-3 1.801202E+0 1.800556E-1
3.218000E-3 1.128428E+0 1.926903E-1
3.219000E-3 2.874599E-1 1.969019E-1
3.220000E-3 -5.955565E-1 1.842672E-1
3.221000E-3 -1.394476E+0 1.589978E-1
3.222000E-3 -2.025202E+0 1.295169E-1
3.223000E-3 -2.445686E+0 9.161277E-2
3.224000E-3 -2.529783E+0 5.370868E-2
3.225000E-3 -2.361589E+0 1.159303E-2
3.226000E-3 -1.857008E+0 -1.788793E-2
3.227000E-3 -1.184234E+0 -4.736889E-2
3.228000E-3 -3.432661E-1 -6.421515E-2
3.229000E-3 5.397503E-1 -7.684985E-2
3.230000E-3 1.338670E+0 -6.842672E-2
3.231000E-3 2.011444E+0 -6.000359E-2
3.232000E-3 2.431928E+0 -3.473419E-2
3.233000E-3 2.516025E+0 -1.367637E-2
3.234000E-3 2.347831E+0 7.381461E-3
3.235000E-3 1.927347E+0 3.265085E-2
3.236000E-3 1.254573E+0 4.528555E-2
3.237000E-3 4.556535E-1 4.949712E-2
3.238000E-3 -4.273629E-1 4.949712E-2
3.239000E-3 -1.268331E+0 3.265085E-2
3.240000E-3 -1.941105E+0 7.381461E-3
3.241000E-3 -2.403638E+0 -2.631106E-2
3.242000E-3 -2.529783E+0 -6.421515E-2
3.243000E-3 -2.403638E+0 -1.063308E-1
3.244000E-3 -1.983154E+0 -1.400233E-1
3.245000E-3 -1.352428E+0 -1.695043E-1
3.246000E-3 -5.114597E-1 -1.779274E-1
3.247000E-3 3.715567E-1 -1.652927E-1
3.248000E-3 1.170476E+0 -1.273886E-1
3.249000E-3 1.885299E+0 -7.684985E-2
3.250000E-3 2.347831E+0 -1.788793E-2
3.251000E-3 2.558073E+0 3.265085E-2
3.252000E-3 2.431928E+0 8.740121E-2
3.253000E-3 2.011444E+0 1.168822E-1
3.254000E-3 1.380718E+0 1.337284E-1
3.255000E-3 5.817987E-1 1.379400E-1
3.256000E-3 -2.591693E-1 1.379400E-1
3.257000E-3 -1.100137E+0 1.210937E-1
3.258000E-3 -1.857008E+0 9.582434E-2
3.259000E-3 -2.319541E+0 6.213181E-2
3.260000E-3 -2.529783E+0 2.001616E-2
3.261000E-3 -2.445686E+0 -1.788793E-2
3.262000E-3 -2.067250E+0 -5.158046E-2
3.263000E-3 -1.436524E+0 -8.106141E-2
3.264000E-3 -6.796533E-1 -1.105424E-1
3.265000E-3 2.033631E-1 -1.189655E-1
3.266000E-3 1.044331E+0 -1.147539E-1
3.267000E-3 1.759154E+0 -1.021192E-1
3.268000E-3 2.263735E+0 -8.527298E-2
3.269000E-3 2.516025E+0 -6.000359E-2
3.270000E-3 2.473977E+0 -3.052263E-2
3.271000E-3 2.137589E+0 -1.041670E-3
3.272000E-3 1.506863E+0 3.169895E-3
3.273000E-3 7.499922E-1 1.580459E-2
3.274000E-3 -9.097572E-2 1.580459E-2
3.275000E-3 -9.739921E-1 7.381461E-3
3.276000E-3 -1.688815E+0 -9.464801E-3
3.277000E-3 -2.235444E+0 -3.894576E-2
3.278000E-3 -2.529783E+0 -8.106141E-2
3.279000E-3 -2.529783E+0 -1.189655E-1
3.280000E-3 -2.151347E+0 -1.484465E-1
3.281000E-3 -1.604718E+0 -1.568696E-1
3.282000E-3 -8.478469E-1 -1.400233E-1
3.283000E-3 3.516947E-2 -1.021192E-1
3.284000E-3 9.181858E-1 -5.158046E-2
3.285000E-3 1.633009E+0 7.381461E-3
3.286000E-3 2.221686E+0 5.370868E-2
3.287000E-3 2.516025E+0 1.168822E-1
3.288000E-3 2.516025E+0 1.421516E-1
3.289000E-3 2.179638E+0 1.674209E-1
3.290000E-3 1.633009E+0 1.842672E-1
3.291000E-3 8.761374E-1 1.926903E-1
3.292000E-3 3.516947E-2 1.926903E-1
3.293000E-3 -8.478469E-1 1.800556E-1
3.294000E-3 -1.562670E+0 1.547863E-1
3.295000E-3 -2.151347E+0 1.210937E-1
3.296000E-3 -2.487734E+0 8.318964E-2
3.297000E-3 -2.529783E+0 4.107398E-2
3.298000E-3 -2.235444E+0 3.169895E-3
3.299000E-3 -1.688815E+0 -2.631106E-2
3.300000E-3 -9.739921E-1 -5.579202E-2
3.301000E-3 -9.097572E-2 -6.842672E-2
3.302000E-3 7.499922E-1 -7.263828E-2
3.303000E-3 1.506863E+0 -6.842672E-2
3.304000E-3 2.137589E+0 -5.579202E-2
3.305000E-3 2.473977E+0 -3.052263E-2
3.306000E-3 2.516025E+0 -5.253235E-3
3.307000E-3 2.263735E+0 1.580459E-2
3.308000E-3 1.759154E+0 3.686242E-2
3.309000E-3 1.044331E+0 4.949712E-2
3.310000E-3 1.613147E-1 5.370868E-2
3.311000E-3 -6.796533E-1 4.528555E-2
3.312000E-3 -1.436524E+0 2.422772E-2
3.313000E-3 -2.067250E+0 -5.253235E-3
3.314000E-3 -2.445686E+0 -3.052263E-2
3.315000E-3 -2.529783E+0 -7.263828E-2
3.316000E-3 -2.319541E+0 -1.147539E-1
3.317000E-3 -1.857008E+0 -1.484465E-1
3.318000E-3 -1.142186E+0 -1.737159E-1
3.319000E-3 -2.591693E-1 -1.737159E-1
3.320000E-3 5.817987E-1 -1.568696E-1
3.321000E-3 1.422767E+0 -1.147539E-1
3.322000E-3 2.011444E+0 -6.000359E-2
3.323000E-3 2.431928E+0 -1.041670E-3
3.324000E-3 2.558073E+0 4.528555E-2
3.325000E-3 2.347831E+0 1.000359E-1
3.326000E-3 1.885299E+0 1.210937E-1
3.327000E-3 1.170476E+0 1.379400E-1
3.328000E-3 3.295083E-1 1.379400E-1
3.329000E-3 -5.114597E-1 1.337284E-1
3.330000E-3 -1.352428E+0 1.168822E-1
3.331000E-3 -1.983154E+0 8.318964E-2
3.332000E-3 -2.403638E+0 4.949712E-2
3.333000E-3 -2.571831E+0 7.381461E-3
3.334000E-3 -2.361589E+0 -2.631106E-2
3.335000E-3 -1.941105E+0 -6.421515E-2
3.336000E-3 -1.226282E+0 -8.948455E-2
3.337000E-3 -4.273629E-1 -1.147539E-1
3.338000E-3 4.136051E-1 -1.189655E-1
3.339000E-3 1.254573E+0 -1.189655E-1
3.340000E-3 1.927347E+0 -9.790768E-2
3.341000E-3 2.347831E+0 -8.106141E-2
3.342000E-3 2.516025E+0 -5.158046E-2
3.343000E-3 2.389880E+0 -2.631106E-2
3.344000E-3 1.969396E+0 -1.041670E-3
3.345000E-3 1.296621E+0 7.381461E-3
3.346000E-3 4.977019E-1 1.580459E-2
3.347000E-3 -3.432661E-1 1.580459E-2
3.348000E-3 -1.184234E+0 3.169895E-3
3.349000E-3 -1.857008E+0 -1.367637E-2
3.350000E-3 -2.361589E+0 -4.736889E-2
3.351000E-3 -2.529783E+0 -8.948455E-2
3.352000E-3 -2.445686E+0 -1.273886E-1
3.353000E-3 -2.025202E+0 -1.526580E-1
3.354000E-3 -1.394476E+0 -1.526580E-1
3.355000E-3 -5.955565E-1 -1.316002E-1
3.356000E-3 2.874599E-1 -9.369611E-2
3.357000E-3 1.128428E+0 -3.473419E-2
3.358000E-3 1.843251E+0 2.001616E-2
3.359000E-3 2.347831E+0 7.055494E-2
3.360000E-3 2.516025E+0 1.253053E-1
3.361000E-3 2.431928E+0 1.547863E-1
3.362000E-3 2.095541E+0 1.716325E-1
3.363000E-3 1.422767E+0 1.884788E-1
3.364000E-3 6.658955E-1 1.926903E-1
3.365000E-3 -2.171209E-1 1.926903E-1
3.366000E-3 -1.016040E+0 1.716325E-1
3.367000E-3 -1.772912E+0 1.421516E-1
3.368000E-3 -2.277492E+0 1.084590E-1
3.369000E-3 -2.529783E+0 7.055494E-2
3.370000E-3 -2.445686E+0 3.265085E-2
3.371000E-3 -2.109299E+0 -9.464801E-3
3.372000E-3 -1.520621E+0 -3.473419E-2
3.373000E-3 -7.637501E-1 -6.000359E-2
3.374000E-3 1.192663E-1 -7.684985E-2
3.375000E-3 9.602342E-1 -7.263828E-2
3.376000E-3 1.675057E+0 -6.842672E-2
3.377000E-3 2.263735E+0 -5.158046E-2
3.378000E-3 2.516025E+0 -2.631106E-2
3.379000E-3 2.473977E+0 -1.041670E-3
3.380000E-3 2.179638E+0 2.001616E-2
3.381000E-3 1.548912E+0 3.686242E-2
3.382000E-3 8.340890E-1 4.949712E-2
3.383000E-3 -4.892732E-2 5.370868E-2
3.384000E-3 -9.319437E-1 4.107398E-2
3.385000E-3 -1.688815E+0 2.001616E-2
3.386000E-3 -2.193396E+0 -9.464801E-3
3.387000E-3 -2.529783E+0 -4.736889E-2
3.388000E-3 -2.529783E+0 -8.527298E-2
3.389000E-3 -2.193396E+0 -1.273886E-1
3.390000E-3 -1.688815E+0 -1.526580E-1
3.391000E-3 -9.319437E-1 -1.779274E-1
3.392000E-3 -4.892732E-2 -1.695043E-1
3.393000E-3 8.340890E-1 -1.484465E-1
3.394000E-3 1.590960E+0 -1.021192E-1
3.395000E-3 2.179638E+0 -4.315732E-2
3.396000E-3 2.516025E+0 7.381461E-3
3.397000E-3 2.516025E+0 5.792025E-2
3.398000E-3 2.221686E+0 1.042475E-1
3.399000E-3 1.675057E+0 1.295169E-1
3.400000E-3 9.602342E-1 1.379400E-1
3.401000E-3 1.192663E-1 1.379400E-1
3.402000E-3 -7.637501E-1 1.295169E-1
3.403000E-3 -1.520621E+0 1.084590E-1
3.404000E-3 -2.109299E+0 7.476651E-2
3.405000E-3 -2.487734E+0 4.107398E-2
3.406000E-3 -2.529783E+0 -1.041670E-3
3.407000E-3 -2.277492E+0 -3.473419E-2
3.408000E-3 -1.772912E+0 -6.842672E-2
3.409000E-3 -1.058089E+0 -9.790768E-2
3.410000E-3 -1.750725E-1 -1.105424E-1
3.411000E-3 6.658955E-1 -1.189655E-1
3.412000E-3 1.464815E+0 -1.147539E-1
3.413000E-3 2.095541E+0 -9.790768E-2
3.414000E-3 2.473977E+0 -7.263828E-2
3.415000E-3 2.516025E+0 -4.315732E-2
3.416000E-3 2.305783E+0 -1.788793E-2
3.417000E-3 1.801202E+0 -1.041670E-3
3.418000E-3 1.086379E+0 1.580459E-2
3.419000E-3 2.454115E-1 1.580459E-2
3.420000E-3 -5.955565E-1 1.580459E-2
3.421000E-3 -1.394476E+0 -1.041670E-3
3.422000E-3 -2.025202E+0 -3.052263E-2
3.423000E-3 -2.445686E+0 -6.000359E-2
3.424000E-3 -2.529783E+0 -9.790768E-2
3.425000E-3 -2.361589E+0 -1.358118E-1
3.426000E-3 -1.899057E+0 -1.526580E-1
3.427000E-3 -1.184234E+0 -1.526580E-1
3.428000E-3 -3.853145E-1 -1.273886E-1
3.429000E-3 4.977019E-1 -7.684985E-2
3.430000E-3 1.338670E+0 -1.788793E-2
3.431000E-3 2.011444E+0 3.265085E-2
3.432000E-3 2.389880E+0 8.318964E-2
3.433000E-3 2.516025E+0 1.337284E-1
3.434000E-3 2.347831E+0 1.547863E-1
3.435000E-3 1.927347E+0 1.758441E-1
3.436000E-3 1.254573E+0 1.884788E-1
3.437000E-3 4.136051E-1 1.969019E-1
3.438000E-3 -4.273629E-1 1.842672E-1
3.439000E-3 -1.268331E+0 1.632094E-1
3.440000E-3 -1.941105E+0 1.379400E-1
3.441000E-3 -2.403638E+0 1.000359E-1
3.442000E-3 -2.571831E+0 5.370868E-2
3.443000E-3 -2.403638E+0 1.580459E-2
3.444000E-3 -1.983154E+0 -1.788793E-2
3.445000E-3 -1.352428E+0 -4.315732E-2
3.446000E-3 -5.114597E-1 -6.421515E-2
3.447000E-3 3.295083E-1 -7.263828E-2
3.448000E-3 1.170476E+0 -7.263828E-2
3.449000E-3 1.885299E+0 -6.421515E-2
3.450000E-3 2.347831E+0 -4.315732E-2
3.451000E-3 2.516025E+0 -1.788793E-2
3.452000E-3 2.431928E+0 3.169895E-3
3.453000E-3 2.011444E+0 2.843929E-2
3.454000E-3 1.380718E+0 4.107398E-2
3.455000E-3 5.817987E-1 5.370868E-2
3.456000E-3 -2.591693E-1 4.949712E-2
3.457000E-3 -1.100137E+0 3.686242E-2
3.458000E-3 -1.814960E+0 1.159303E-2
3.459000E-3 -2.319541E+0 -1.788793E-2
3.460000E-3 -2.529783E+0 -5.579202E-2
3.461000E-3 -2.445686E+0 -9.790768E-2
3.462000E-3 -2.067250E+0 -1.316002E-1
3.463000E-3 -1.436524E+0 -1.652927E-1
3.464000E-3 -6.796533E-1 -1.821390E-1
3.465000E-3 1.613147E-1 -1.652927E-1
3.466000E-3 1.044331E+0 -1.358118E-1
3.467000E-3 1.759154E+0 -8.948455E-2
3.468000E-3 2.263735E+0 -3.052263E-2
3.469000E-3 2.516025E+0 2.422772E-2
3.470000E-3 2.473977E+0 7.476651E-2
3.471000E-3 2.095541E+0 1.126706E-1
3.472000E-3 1.506863E+0 1.337284E-1
3.473000E-3 7.499922E-1 1.379400E-1
3.474000E-3 -1.750725E-1 1.379400E-1
3.475000E-3 -1.016040E+0 1.253053E-1
3.476000E-3 -1.688815E+0 1.000359E-1
3.477000E-3 -2.277492E+0 6.634338E-2
3.478000E-3 -2.529783E+0 2.843929E-2
3.479000E-3 -2.529783E+0 -1.367637E-2
3.480000E-3 -2.193396E+0 -4.736889E-2
3.481000E-3 -1.604718E+0 -8.106141E-2
3.482000E-3 -8.478469E-1 -1.063308E-1
3.483000E-3 3.516947E-2 -1.189655E-1
3.484000E-3 8.761374E-1 -1.189655E-1
3.485000E-3 1.633009E+0 -1.105424E-1
3.486000E-3 2.221686E+0 -9.369611E-2
3.487000E-3 2.516025E+0 -6.842672E-2
3.488000E-3 2.473977E+0 -3.473419E-2
3.489000E-3 2.179638E+0 -1.367637E-2
3.490000E-3 1.590960E+0 3.169895E-3
3.491000E-3 8.761374E-1 1.580459E-2
3.492000E-3 3.516947E-2 1.580459E-2
3.493000E-3 -8.478469E-1 7.381461E-3
3.494000E-3 -1.604718E+0 -9.464801E-3
3.495000E-3 -2.193396E+0 -3.473419E-2
3.496000E-3 -2.529783E+0 -7.263828E-2
3.497000E-3 -2.529783E+0 -1.105424E-1
3.498000E-3 -2.235444E+0 -1.442349E-1
3.499000E-3 -1.688815E+0 -1.526580E-1
3.500000E-3 -9.739921E-1 -1.484465E-1
3.501000E-3 -1.330241E-1 -1.147539E-1
3.502000E-3 7.499922E-1 -6.000359E-2
3.503000E-3 1.506863E+0 -1.041670E-3
3.504000E-3 2.137589E+0 4.949712E-2
3.505000E-3 2.516025E+0 1.084590E-1
3.506000E-3 2.516025E+0 1.421516E-1
3.507000E-3 2.305783E+0 1.632094E-1
3.508000E-3 1.759154E+0 1.842672E-1
3.509000E-3 1.044331E+0 1.926903E-1
3.510000E-3 2.033631E-1 1.969019E-1
3.511000E-3 -6.796533E-1 1.800556E-1
3.512000E-3 -1.478573E+0 1.547863E-1
3.513000E-3 -2.067250E+0 1.253053E-1
3.514000E-3 -2.445686E+0 8.740121E-2
3.515000E-3 -2.529783E+0 4.949712E-2
3.516000E-3 -2.319541E+0 7.381461E-3
3.517000E-3 -1.857008E+0 -2.209950E-2
3.518000E-3 -1.100137E+0 -4.736889E-2
3.519000E-3 -3.012177E-1 -6.842672E-2
3.520000E-3 5.817987E-1 -7.684985E-2
3.521000E-3 1.380718E+0 -7.263828E-2
3.522000E-3 2.053493E+0 -6.000359E-2
3.523000E-3 2.431928E+0 -3.473419E-2
3.524000E-3 2.516025E+0 -1.367637E-2
3.525000E-3 2.347831E+0 7.381461E-3
3.526000E-3 1.843251E+0 3.265085E-2
3.527000E-3 1.170476E+0 4.949712E-2
3.528000E-3 3.295083E-1 5.370868E-2
3.529000E-3 -5.114597E-1 4.949712E-2
3.530000E-3 -1.352428E+0 2.843929E-2
3.531000E-3 -2.025202E+0 3.169895E-3
3.532000E-3 -2.403638E+0 -3.052263E-2
3.533000E-3 -2.529783E+0 -6.421515E-2
3.534000E-3 -2.361589E+0 -1.105424E-1
3.535000E-3 -1.941105E+0 -1.442349E-1
3.536000E-3 -1.268331E+0 -1.695043E-1
3.537000E-3 -4.273629E-1 -1.779274E-1
3.538000E-3 4.556535E-1 -1.610812E-1
3.539000E-3 1.254573E+0 -1.231771E-1
3.540000E-3 1.927347E+0 -7.263828E-2
3.541000E-3 2.389880E+0 -1.367637E-2
3.542000E-3 2.516025E+0 3.686242E-2
3.543000E-3 2.431928E+0 9.161277E-2
3.544000E-3 1.969396E+0 1.210937E-1
3.545000E-3 1.338670E+0 1.337284E-1
3.546000E-3 4.977019E-1 1.379400E-1
3.547000E-3 -3.432661E-1 1.379400E-1
3.548000E-3 -1.184234E+0 1.210937E-1
3.549000E-3 -1.857008E+0 9.161277E-2
3.550000E-3 -2.361589E+0 5.792025E-2
3.551000E-3 -2.529783E+0 1.580459E-2
3.552000E-3 -2.445686E+0 -2.209950E-2
3.553000E-3 -2.025202E+0 -5.579202E-2
3.554000E-3 -1.394476E+0 -8.948455E-2
3.555000E-3 -5.955565E-1 -1.105424E-1
3.556000E-3 2.874599E-1 -1.189655E-1
3.557000E-3 1.086379E+0 -1.147539E-1
3.558000E-3 1.843251E+0 -1.021192E-1
3.559000E-3 2.347831E+0 -8.106141E-2
3.560000E-3 2.516025E+0 -5.579202E-2
3.561000E-3 2.431928E+0 -3.052263E-2
3.562000E-3 2.053493E+0 -5.253235E-3
3.563000E-3 1.422767E+0 3.169895E-3
3.564000E-3 6.658955E-1 1.580459E-2
3.565000E-3 -1.750725E-1 1.580459E-2
3.566000E-3 -1.016040E+0 3.169895E-3
3.567000E-3 -1.772912E+0 -1.367637E-2
3.568000E-3 -2.319541E+0 -4.736889E-2
3.569000E-3 -2.529783E+0 -8.106141E-2
3.570000E-3 -2.445686E+0 -1.189655E-1
3.571000E-3 -2.109299E+0 -1.484465E-1
3.572000E-3 -1.520621E+0 -1.568696E-1
3.573000E-3 -7.637501E-1 -1.358118E-1
3.574000E-3 1.192663E-1 -9.790768E-2
3.575000E-3 1.002283E+0 -4.315732E-2
3.576000E-3 1.717105E+0 1.159303E-2
3.577000E-3 2.263735E+0 5.792025E-2
3.578000E-3 2.516025E+0 1.168822E-1
3.579000E-3 2.473977E+0 1.505747E-1
3.580000E-3 2.179638E+0 1.674209E-1
3.581000E-3 1.590960E+0 1.884788E-1
3.582000E-3 8.340890E-1 1.926903E-1
3.583000E-3 -4.892732E-2 1.926903E-1
3.584000E-3 -8.898953E-1 1.716325E-1
3.585000E-3 -1.646766E+0 1.505747E-1
3.586000E-3 -2.235444E+0 1.168822E-1
3.587000E-3 -2.529783E+0 7.476651E-2
3.588000E-3 -2.529783E+0 3.686242E-2
3.589000E-3 -2.193396E+0 -1.041670E-3
3.590000E-3 -1.688815E+0 -3.052263E-2
3.591000E-3 -8.898953E-1 -5.158046E-2
3.592000E-3 -6.878924E-3 -7.263828E-2
3.593000E-3 8.340890E-1 -7.263828E-2
3.594000E-3 1.590960E+0 -6.842672E-2
3.595000E-3 2.179638E+0 -5.158046E-2
3.596000E-3 2.473977E+0 -3.052263E-2
3.597000E-3 2.516025E+0 -1.041670E-3
3.598000E-3 2.221686E+0 1.580459E-2
3.599000E-3 1.675057E+0 3.686242E-2
3.600000E-3 9.602342E-1 4.949712E-2
3.601000E-3 1.192663E-1 5.370868E-2
3.602000E-3 -7.217017E-1 4.528555E-2
3.603000E-3 -1.520621E+0 2.422772E-2
3.604000E-3 -2.109299E+0 -9.464801E-3
3.605000E-3 -2.445686E+0 -3.473419E-2
3.606000E-3 -2.529783E+0 -8.106141E-2
3.607000E-3 -2.277492E+0 -1.189655E-1
3.608000E-3 -1.772912E+0 -1.526580E-1
3.609000E-3 -1.058089E+0 -1.737159E-1
3.610000E-3 -2.171209E-1 -1.737159E-1
3.611000E-3 6.658955E-1 -1.526580E-1
3.612000E-3 1.464815E+0 -1.105424E-1
3.613000E-3 2.095541E+0 -5.158046E-2
3.614000E-3 2.431928E+0 3.169895E-3
3.615000E-3 2.516025E+0 4.949712E-2
3.616000E-3 2.305783E+0 1.042475E-1
3.617000E-3 1.801202E+0 1.253053E-1
3.618000E-3 1.128428E+0 1.379400E-1
3.619000E-3 2.874599E-1 1.421516E-1
3.620000E-3 -5.955565E-1 1.295169E-1
3.621000E-3 -1.394476E+0 1.126706E-1
3.622000E-3 -2.025202E+0 8.318964E-2
3.623000E-3 -2.403638E+0 4.528555E-2
3.624000E-3 -2.529783E+0 3.169895E-3
3.625000E-3 -2.319541E+0 -3.052263E-2
3.626000E-3 -1.857008E+0 -6.421515E-2
3.627000E-3 -1.184234E+0 -9.369611E-2
3.628000E-3 -3.432661E-1 -1.105424E-1
3.629000E-3 4.977019E-1 -1.189655E-1
3.630000E-3 1.338670E+0 -1.147539E-1
3.631000E-3 2.011444E+0 -9.790768E-2
3.632000E-3 2.431928E+0 -7.684985E-2
3.633000E-3 2.516025E+0 -4.736889E-2
3.634000E-3 2.347831E+0 -2.209950E-2
3.635000E-3 1.927347E+0 -1.041670E-3
3.636000E-3 1.254573E+0 1.159303E-2
3.637000E-3 4.556535E-1 2.001616E-2
3.638000E-3 -4.273629E-1 1.580459E-2
3.639000E-3 -1.268331E+0 3.169895E-3
3.640000E-3 -1.899057E+0 -2.209950E-2
3.641000E-3 -2.361589E+0 -5.158046E-2
3.642000E-3 -2.529783E+0 -9.369611E-2
3.643000E-3 -2.403638E+0 -1.316002E-1
3.644000E-3 -1.983154E+0 -1.526580E-1
3.645000E-3 -1.352428E+0 -1.526580E-1
3.646000E-3 -5.114597E-1 -1.316002E-1
3.647000E-3 3.295083E-1 -8.527298E-2
3.648000E-3 1.170476E+0 -2.631106E-2
3.649000E-3 1.885299E+0 2.422772E-2
3.650000E-3 2.347831E+0 7.476651E-2
3.651000E-3 2.516025E+0 1.295169E-1
3.652000E-3 2.431928E+0 1.505747E-1
3.653000E-3 2.011444E+0 1.758441E-1
3.654000E-3 1.380718E+0 1.884788E-1
3.655000E-3 5.817987E-1 1.926903E-1
3.656000E-3 -2.591693E-1 1.884788E-1
3.657000E-3 -1.100137E+0 1.674209E-1
3.658000E-3 -1.857008E+0 1.421516E-1
3.659000E-3 -2.319541E+0 1.042475E-1
3.660000E-3 -2.529783E+0 6.634338E-2
3.661000E-3 -2.445686E+0 2.422772E-2
3.662000E-3 -2.067250E+0 -9.464801E-3
3.663000E-3 -1.436524E+0 -3.894576E-2
3.664000E-3 -6.796533E-1 -6.421515E-2
3.665000E-3 1.613147E-1 -7.263828E-2
3.666000E-3 1.044331E+0 -7.263828E-2
3.667000E-3 1.801202E+0 -6.421515E-2
3.668000E-3 2.263735E+0 -4.736889E-2
3.669000E-3 2.516025E+0 -2.209950E-2
3.670000E-3 2.473977E+0 3.169895E-3
3.671000E-3 2.137589E+0 2.422772E-2
3.672000E-3 1.506863E+0 4.107398E-2
3.673000E-3 7.499922E-1 5.370868E-2
3.674000E-3 -1.330241E-1 5.370868E-2
3.675000E-3 -9.739921E-1 3.686242E-2
3.676000E-3 -1.688815E+0 1.580459E-2
3.677000E-3 -2.235444E+0 -9.464801E-3
3.678000E-3 -2.529783E+0 -4.736889E-2
3.679000E-3 -2.445686E+0 -8.527298E-2
3.680000E-3 -2.151347E+0 -1.273886E-1
3.681000E-3 -1.562670E+0 -1.568696E-1
3.682000E-3 -8.057985E-1 -1.779274E-1
3.683000E-3 3.516947E-2 -1.695043E-1
3.684000E-3 9.181858E-1 -1.442349E-1
3.685000E-3 1.675057E+0 -9.790768E-2
3.686000E-3 2.221686E+0 -3.473419E-2
3.687000E-3 2.516025E+0 1.580459E-2
3.688000E-3 2.473977E+0 6.634338E-2
3.689000E-3 2.179638E+0 1.084590E-1
3.690000E-3 1.633009E+0 1.337284E-1
3.691000E-3 8.761374E-1 1.379400E-1
3.692000E-3 3.516947E-2 1.379400E-1
3.693000E-3 -8.057985E-1 1.253053E-1
3.694000E-3 -1.562670E+0 1.084590E-1
3.695000E-3 -2.193396E+0 7.476651E-2
3.696000E-3 -2.529783E+0 3.686242E-2
3.697000E-3 -2.529783E+0 -5.253235E-3
3.698000E-3 -2.235444E+0 -3.894576E-2
3.699000E-3 -1.688815E+0 -7.684985E-2
3.700000E-3 -1.016040E+0 -9.790768E-2
3.701000E-3 -1.330241E-1 -1.147539E-1
3.702000E-3 7.499922E-1 -1.189655E-1
3.703000E-3 1.506863E+0 -1.105424E-1
3.704000E-3 2.137589E+0 -9.369611E-2
3.705000E-3 2.473977E+0 -6.842672E-2
3.706000E-3 2.516025E+0 -4.315732E-2
3.707000E-3 2.263735E+0 -1.367637E-2
3.708000E-3 1.759154E+0 3.169895E-3
3.709000E-3 1.044331E+0 1.159303E-2
3.710000E-3 1.613147E-1 2.001616E-2
3.711000E-3 -6.796533E-1 1.159303E-2
3.712000E-3 -1.436524E+0 -5.253235E-3
3.713000E-3 -2.025202E+0 -3.052263E-2
3.714000E-3 -2.445686E+0 -6.421515E-2
3.715000E-3 -2.529783E+0 -1.021192E-1
3.716000E-3 -2.319541E+0 -1.358118E-1
3.717000E-3 -1.814960E+0 -1.526580E-1
3.718000E-3 -1.100137E+0 -1.484465E-1
3.719000E-3 -3.012177E-1 -1.189655E-1
3.720000E-3 6.238471E-1 -6.842672E-2
3.721000E-3 1.422767E+0 -9.464801E-3
3.722000E-3 2.011444E+0 4.107398E-2
3.723000E-3 2.431928E+0 9.582434E-2
3.724000E-3 2.558073E+0 1.337284E-1
3.725000E-3 2.347831E+0 1.589978E-1
3.726000E-3 1.885299E+0 1.800556E-1
3.727000E-3 1.170476E+0 1.926903E-1
3.728000E-3 3.295083E-1 1.926903E-1
3.729000E-3 -5.114597E-1 1.884788E-1
3.730000E-3 -1.352428E+0 1.632094E-1
3.731000E-3 -1.983154E+0 1.337284E-1
3.732000E-3 -2.403638E+0 9.582434E-2
3.733000E-3 -2.529783E+0 5.370868E-2
3.734000E-3 -2.361589E+0 1.580459E-2
3.735000E-3 -1.941105E+0 -1.788793E-2
3.736000E-3 -1.268331E+0 -4.315732E-2
3.737000E-3 -4.273629E-1 -6.842672E-2
3.738000E-3 4.556535E-1 -7.263828E-2
3.739000E-3 1.254573E+0 -7.263828E-2
3.740000E-3 1.927347E+0 -6.421515E-2
3.741000E-3 2.389880E+0 -4.315732E-2
3.742000E-3 2.516025E+0 -1.367637E-2
3.743000E-3 2.389880E+0 3.169895E-3
3.744000E-3 1.969396E+0 2.843929E-2
3.745000E-3 1.338670E+0 4.528555E-2
3.746000E-3 4.977019E-1 5.370868E-2
3.747000E-3 -3.432661E-1 4.949712E-2
3.748000E-3 -1.184234E+0 3.265085E-2
3.749000E-3 -1.857008E+0 7.381461E-3
3.750000E-3 -2.361589E+0 -1.788793E-2
3.751000E-3 -2.529783E+0 -6.000359E-2
3.752000E-3 -2.445686E+0 -9.790768E-2
3.753000E-3 -2.025202E+0 -1.358118E-1
3.754000E-3 -1.352428E+0 -1.652927E-1
3.755000E-3 -5.955565E-1 -1.737159E-1
3.756000E-3 2.454115E-1 -1.652927E-1
3.757000E-3 1.128428E+0 -1.316002E-1
3.758000E-3 1.843251E+0 -8.106141E-2
3.759000E-3 2.347831E+0 -2.209950E-2
3.760000E-3 2.516025E+0 3.265085E-2
3.761000E-3 2.473977E+0 7.897807E-2
3.762000E-3 2.095541E+0 1.168822E-1
3.763000E-3 1.464815E+0 1.337284E-1
3.764000E-3 6.658955E-1 1.379400E-1
3.765000E-3 -1.750725E-1 1.379400E-1
3.766000E-3 -1.016040E+0 1.210937E-1
3.767000E-3 -1.730863E+0 1.000359E-1
3.768000E-3 -2.277492E+0 6.634338E-2
3.769000E-3 -2.529783E+0 2.422772E-2
3.770000E-3 -2.445686E+0 -1.367637E-2
3.771000E-3 -2.109299E+0 -5.158046E-2
3.772000E-3 -1.520621E+0 -8.106141E-2
3.773000E-3 -7.217017E-1 -1.021192E-1
3.774000E-3 1.192663E-1 -1.189655E-1
3.775000E-3 1.002283E+0 -1.189655E-1
3.776000E-3 1.717105E+0 -1.063308E-1
3.777000E-3 2.263735E+0 -8.527298E-2
3.778000E-3 2.516025E+0 -6.421515E-2
3.779000E-3 2.473977E+0 -3.473419E-2
3.780000E-3 2.179638E+0 -9.464801E-3
3.781000E-3 1.590960E+0 3.169895E-3
3.782000E-3 8.340890E-1 1.580459E-2
3.783000E-3 -6.878924E-3 1.580459E-2
3.784000E-3 -8.898953E-1 3.169895E-3
3.785000E-3 -1.646766E+0 -5.253235E-3
3.786000E-3 -2.193396E+0 -3.473419E-2
3.787000E-3 -2.487734E+0 -7.684985E-2
3.788000E-3 -2.529783E+0 -1.147539E-1
3.789000E-3 -2.193396E+0 -1.484465E-1
3.790000E-3 -1.646766E+0 -1.526580E-1
3.791000E-3 -9.319437E-1 -1.442349E-1
3.792000E-3 -4.892732E-2 -1.063308E-1
3.793000E-3 8.340890E-1 -5.158046E-2
3.794000E-3 1.633009E+0 3.169895E-3
3.795000E-3 2.179638E+0 4.949712E-2
3.796000E-3 2.516025E+0 1.084590E-1
3.797000E-3 2.516025E+0 1.421516E-1
3.798000E-3 2.221686E+0 1.674209E-1
3.799000E-3 1.675057E+0 1.800556E-1
3.800000E-3 1.002283E+0 1.926903E-1
3.801000E-3 1.192663E-1 1.926903E-1
3.802000E-3 -7.217017E-1 1.758441E-1
3.803000E-3 -1.520621E+0 1.547863E-1
3.804000E-3 -2.109299E+0 1.210937E-1
3.805000E-3 -2.487734E+0 8.318964E-2
3.806000E-3 -2.529783E+0 4.528555E-2
3.807000E-3 -2.277492E+0 3.169895E-3
3.808000E-3 -1.772912E+0 -2.631106E-2
3.809000E-3 -1.016040E+0 -5.158046E-2
3.810000E-3 -2.171209E-1 -6.842672E-2
3.811000E-3 6.658955E-1 -7.684985E-2
3.812000E-3 1.464815E+0 -6.842672E-2
3.813000E-3 2.095541E+0 -5.579202E-2
3.814000E-3 2.431928E+0 -3.052263E-2
3.815000E-3 2.516025E+0 -9.464801E-3
3.816000E-3 2.263735E+0 1.159303E-2
3.817000E-3 1.801202E+0 3.265085E-2
3.818000E-3 1.086379E+0 4.949712E-2
3.819000E-3 2.454115E-1 5.370868E-2
3.820000E-3 -5.955565E-1 4.949712E-2
3.821000E-3 -1.394476E+0 2.843929E-2
3.822000E-3 -2.025202E+0 -1.041670E-3
3.823000E-3 -2.445686E+0 -3.052263E-2
3.824000E-3 -2.529783E+0 -6.842672E-2
3.825000E-3 -2.361589E+0 -1.063308E-1
3.826000E-3 -1.857008E+0 -1.442349E-1
3.827000E-3 -1.184234E+0 -1.737159E-1
3.828000E-3 -3.432661E-1 -1.737159E-1
3.829000E-3 4.977019E-1 -1.610812E-1
3.830000E-3 1.338670E+0 -1.231771E-1
3.831000E-3 2.011444E+0 -6.421515E-2
3.832000E-3 2.431928E+0 -5.253235E-3
3.833000E-3 2.516025E+0 3.686242E-2
3.834000E-3 2.347831E+0 9.582434E-2
3.835000E-3 1.927347E+0 1.210937E-1
3.836000E-3 1.254573E+0 1.379400E-1
3.837000E-3 4.136051E-1 1.379400E-1
3.838000E-3 -4.273629E-1 1.295169E-1
3.839000E-3 -1.268331E+0 1.168822E-1
3.840000E-3 -1.941105E+0 8.740121E-2
3.841000E-3 -2.361589E+0 5.370868E-2
3.842000E-3 -2.529783E+0 1.580459E-2
3.843000E-3 -2.403638E+0 -2.631106E-2
3.844000E-3 -1.983154E+0 -6.000359E-2
3.845000E-3 -1.352428E+0 -8.948455E-2
3.846000E-3 -5.114597E-1 -1.105424E-1
3.847000E-3 3.295083E-1 -1.189655E-1
3.848000E-3 1.170476E+0 -1.147539E-1
3.849000E-3 1.885299E+0 -1.021192E-1
3.850000E-3 2.347831E+0 -8.106141E-2
3.851000E-3 2.558073E+0 -5.579202E-2
3.852000E-3 2.431928E+0 -2.631106E-2
3.853000E-3 2.011444E+0 -1.041670E-3
3.854000E-3 1.338670E+0 7.381461E-3
3.855000E-3 5.817987E-1 1.580459E-2
3.856000E-3 -2.591693E-1 1.580459E-2
3.857000E-3 -1.100137E+0 3.169895E-3
3.858000E-3 -1.814960E+0 -1.367637E-2
3.859000E-3 -2.319541E+0 -4.736889E-2
3.860000E-3 -2.529783E+0 -8.527298E-2
3.861000E-3 -2.445686E+0 -1.273886E-1
3.862000E-3 -2.067250E+0 -1.526580E-1
3.863000E-3 -1.478573E+0 -1.526580E-1
3.864000E-3 -6.796533E-1 -1.358118E-1
3.865000E-3 2.033631E-1 -9.369611E-2
3.866000E-3 1.002283E+0 -3.894576E-2
3.867000E-3 1.759154E+0 1.580459E-2
3.868000E-3 2.263735E+0 6.634338E-2
3.869000E-3 2.516025E+0 1.210937E-1
3.870000E-3 2.473977E+0 1.505747E-1
3.871000E-3 2.137589E+0 1.716325E-1
3.872000E-3 1.506863E+0 1.842672E-1
3.873000E-3 7.499922E-1 1.926903E-1
3.874000E-3 -1.330241E-1 1.884788E-1
3.875000E-3 -9.739921E-1 1.716325E-1
3.876000E-3 -1.688815E+0 1.505747E-1
3.877000E-3 -2.235444E+0 1.084590E-1
3.878000E-3 -2.529783E+0 7.476651E-2
3.879000E-3 -2.487734E+0 3.265085E-2
3.880000E-3 -2.151347E+0 -5.253235E-3
3.881000E-3 -1.562670E+0 -3.052263E-2
3.882000E-3 -8.478469E-1 -5.579202E-2
3.883000E-3 3.516947E-2 -7.263828E-2
3.884000E-3 9.181858E-1 -7.263828E-2
3.885000E-3 1.675057E+0 -6.842672E-2
3.886000E-3 2.221686E+0 -5.158046E-2
3.887000E-3 2.516025E+0 -2.631106E-2
3.888000E-3 2.516025E+0 -1.041670E-3
3.889000E-3 2.179638E+0 1.580459E-2
3.890000E-3 1.633009E+0 3.686242E-2
3.891000E-3 8.761374E-1 5.370868E-2
3.892000E-3 3.516947E-2 5.370868E-2
3.893000E-3 -8.057985E-1 4.107398E-2
3.894000E-3 -1.604718E+0 2.001616E-2
3.895000E-3 -2.151347E+0 -5.253235E-3
3.896000E-3 -2.529783E+0 -4.315732E-2
3.897000E-3 -2.529783E+0 -8.106141E-2
3.898000E-3 -2.235444E+0 -1.189655E-1
3.899000E-3 -1.688815E+0 -1.526580E-1
3.900000E-3 -9.739921E-1 -1.779274E-1
3.901000E-3 -1.330241E-1 -1.695043E-1
3.902000E-3 7.499922E-1 -1.526580E-1
3.903000E-3 1.506863E+0 -1.063308E-1
3.904000E-3 2.137589E+0 -5.158046E-2
3.905000E-3 2.473977E+0 7.381461E-3
3.906000E-3 2.516025E+0 5.370868E-2
3.907000E-3 2.263735E+0 1.042475E-1
3.908000E-3 1.759154E+0 1.253053E-1
3.909000E-3 1.002283E+0 1.379400E-1
3.910000E-3 1.613147E-1 1.379400E-1
3.911000E-3 -6.796533E-1 1.295169E-1
3.912000E-3 -1.478573E+0 1.084590E-1
3.913000E-3 -2.067250E+0 8.318964E-2
3.914000E-3 -2.445686E+0 4.107398E-2
3.915000E-3 -2.529783E+0 3.169895E-3
3.916000E-3 -2.319541E+0 -3.473419E-2
3.917000E-3 -1.814960E+0 -6.842672E-2
3.918000E-3 -1.142186E+0 -9.790768E-2
3.919000E-3 -3.012177E-1 -1.147539E-1
3.920000E-3 5.817987E-1 -1.189655E-1
3.921000E-3 1.380718E+0 -1.147539E-1
3.922000E-3 2.053493E+0 -9.790768E-2
3.923000E-3 2.431928E+0 -7.684985E-2
3.924000E-3 2.516025E+0 -4.736889E-2
3.925000E-3 2.347831E+0 -1.788793E-2
3.926000E-3 1.843251E+0 -1.041670E-3
3.927000E-3 1.170476E+0 7.381461E-3
3.928000E-3 3.295083E-1 1.580459E-2
3.929000E-3 -5.114597E-1 1.159303E-2
3.930000E-3 -1.310379E+0 -5.253235E-3
3.931000E-3 -2.025202E+0 -2.209950E-2
3.932000E-3 -2.403638E+0 -6.000359E-2
3.933000E-3 -2.529783E+0 -9.790768E-2
3.934000E-3 -2.361589E+0 -1.358118E-1
3.935000E-3 -1.899057E+0 -1.526580E-1
3.936000E-3 -1.268331E+0 -1.526580E-1
3.937000E-3 -4.273629E-1 -1.273886E-1
3.938000E-3 4.136051E-1 -8.106141E-2
3.939000E-3 1.254573E+0 -2.209950E-2
3.940000E-3 1.927347E+0 3.265085E-2
3.941000E-3 2.389880E+0 7.476651E-2
3.942000E-3 2.558073E+0 1.295169E-1
3.943000E-3 2.431928E+0 1.547863E-1
3.944000E-3 1.969396E+0 1.758441E-1
3.945000E-3 1.338670E+0 1.884788E-1
3.946000E-3 4.977019E-1 1.969019E-1
3.947000E-3 -3.432661E-1 1.884788E-1
3.948000E-3 -1.184234E+0 1.674209E-1
3.949000E-3 -1.857008E+0 1.379400E-1
3.950000E-3 -2.361589E+0 1.042475E-1
3.951000E-3 -2.529783E+0 6.213181E-2
3.952000E-3 -2.445686E+0 2.001616E-2
3.953000E-3 -2.025202E+0 -1.367637E-2
3.954000E-3 -1.394476E+0 -4.315732E-2
3.955000E-3 -5.955565E-1 -6.421515E-2
3.956000E-3 2.874599E-1 -7.684985E-2
3.957000E-3 1.128428E+0 -7.263828E-2
3.958000E-3 1.843251E+0 -6.421515E-2
3.959000E-3 2.305783E+0 -4.736889E-2
3.960000E-3 2.516025E+0 -2.209950E-2
3.961000E-3 2.431928E+0 3.169895E-3
3.962000E-3 2.053493E+0 2.422772E-2
3.963000E-3 1.422767E+0 4.107398E-2
3.964000E-3 6.658955E-1 4.949712E-2
3.965000E-3 -1.750725E-1 4.949712E-2
3.966000E-3 -1.058089E+0 3.686242E-2
3.967000E-3 -1.772912E+0 1.580459E-2
3.968000E-3 -2.277492E+0 -1.367637E-2
3.969000E-3 -2.529783E+0 -5.158046E-2
3.970000E-3 -2.487734E+0 -9.369611E-2
3.971000E-3 -2.109299E+0 -1.316002E-1
3.972000E-3 -1.520621E+0 -1.610812E-1
3.973000E-3 -7.637501E-1 -1.779274E-1
3.974000E-3 1.192663E-1 -1.652927E-1
3.975000E-3 1.002283E+0 -1.400233E-1
3.976000E-3 1.717105E+0 -9.369611E-2
3.977000E-3 2.263735E+0 -3.473419E-2
3.978000E-3 2.516025E+0 2.001616E-2
3.979000E-3 2.473977E+0 6.634338E-2
3.980000E-3 2.179638E+0 1.126706E-1
3.981000E-3 1.590960E+0 1.295169E-1
3.982000E-3 8.340890E-1 1.379400E-1
3.983000E-3 -4.892732E-2 1.379400E-1
3.984000E-3 -8.898953E-1 1.253053E-1
3.985000E-3 -1.646766E+0 1.042475E-1
3.986000E-3 -2.193396E+0 7.055494E-2
3.987000E-3 -2.529783E+0 3.265085E-2
3.988000E-3 -2.487734E+0 -9.464801E-3
3.989000E-3 -2.193396E+0 -4.315732E-2
3.990000E-3 -1.688815E+0 -7.684985E-2
3.991000E-3 -8.898953E-1 -1.021192E-1
3.992000E-3 -6.878924E-3 -1.147539E-1
3.993000E-3 8.340890E-1 -1.189655E-1
3.994000E-3 1.590960E+0 -1.105424E-1
3.995000E-3 2.179638E+0 -9.369611E-2
3.996000E-3 2.473977E+0 -6.842672E-2
3.997000E-3 2.516025E+0 -3.894576E-2
3.998000E-3 2.221686E+0 -1.367637E-2
3.999000E-3 1.675057E+0 -1.041670E-3
4.000000E-3 9.602342E-1 1.159303E-2
4.001000E-3 1.192663E-1 2.001616E-2
4.002000E-3 -7.637501E-1 7.381461E-3
4.003000E-3 -1.520621E+0 -9.464801E-3
4.004000E-3 -2.109299E+0 -3.052263E-2
4.005000E-3 -2.487734E+0 -6.842672E-2
4.006000E-3 -2.529783E+0 -1.105424E-1
4.007000E-3 -2.277492E+0 -1.442349E-1
4.008000E-3 -1.772912E+0 -1.526580E-1
4.009000E-3 -1.058089E+0 -1.484465E-1
4.010000E-3 -2.171209E-1 -1.189655E-1
4.011000E-3 6.658955E-1 -6.842672E-2
4.012000E-3 1.464815E+0 -5.253235E-3
4.013000E-3 2.053493E+0 4.107398E-2
4.014000E-3 2.473977E+0 1.000359E-1
4.015000E-3 2.516025E+0 1.379400E-1
4.016000E-3 2.305783E+0 1.589978E-1
4.017000E-3 1.801202E+0 1.800556E-1
4.018000E-3 1.086379E+0 1.884788E-1
4.019000E-3 2.874599E-1 1.926903E-1
4.020000E-3 -5.955565E-1 1.842672E-1
4.021000E-3 -1.352428E+0 1.589978E-1
4.022000E-3 -2.025202E+0 1.295169E-1
4.023000E-3 -2.445686E+0 9.161277E-2
4.024000E-3 -2.529783E+0 5.370868E-2
4.025000E-3 -2.319541E+0 1.159303E-2
4.026000E-3 -1.857008E+0 -1.788793E-2
4.027000E-3 -1.184234E+0 -4.736889E-2
4.028000E-3 -3.432661E-1 -6.842672E-2
4.029000E-3 4.977019E-1 -7.684985E-2
4.030000E-3 1.338670E+0 -6.842672E-2
4.031000E-3 2.011444E+0 -6.421515E-2
4.032000E-3 2.431928E+0 -3.473419E-2
4.033000E-3 2.516025E+0 -1.367637E-2
4.034000E-3 2.389880E+0 7.381461E-3
4.035000E-3 1.927347E+0 3.265085E-2
4.036000E-3 1.254573E+0 4.528555E-2
4.037000E-3 4.556535E-1 5.370868E-2
4.038000E-3 -4.273629E-1 4.949712E-2
4.039000E-3 -1.268331E+0 3.265085E-2
4.040000E-3 -1.941105E+0 3.169895E-3
4.041000E-3 -2.361589E+0 -2.209950E-2
4.042000E-3 -2.529783E+0 -6.421515E-2
4.043000E-3 -2.403638E+0 -1.021192E-1
4.044000E-3 -1.983154E+0 -1.400233E-1
4.045000E-3 -1.352428E+0 -1.695043E-1
4.046000E-3 -5.114597E-1 -1.779274E-1
4.047000E-3 3.295083E-1 -1.652927E-1
4.048000E-3 1.170476E+0 -1.316002E-1
4.049000E-3 1.885299E+0 -7.684985E-2
4.050000E-3 2.347831E+0 -1.788793E-2
4.051000E-3 2.516025E+0 3.265085E-2
4.052000E-3 2.431928E+0 8.740121E-2
4.053000E-3 2.011444E+0 1.168822E-1
4.054000E-3 1.380718E+0 1.337284E-1
4.055000E-3 5.817987E-1 1.379400E-1
4.056000E-3 -2.591693E-1 1.337284E-1
4.057000E-3 -1.100137E+0 1.210937E-1
4.058000E-3 -1.814960E+0 9.582434E-2
4.059000E-3 -2.319541E+0 5.792025E-2
4.060000E-3 -2.529783E+0 2.001616E-2
4.061000E-3 -2.445686E+0 -1.788793E-2
4.062000E-3 -2.067250E+0 -5.158046E-2
4.063000E-3 -1.478573E+0 -8.527298E-2
4.064000E-3 -6.796533E-1 -1.105424E-1
4.065000E-3 1.613147E-1 -1.189655E-1
4.066000E-3 1.044331E+0 -1.189655E-1
4.067000E-3 1.759154E+0 -1.021192E-1
4.068000E-3 2.263735E+0 -8.527298E-2
4.069000E-3 2.516025E+0 -6.000359E-2
4.070000E-3 2.473977E+0 -3.473419E-2
4.071000E-3 2.095541E+0 -9.464801E-3
4.072000E-3 1.506863E+0 3.169895E-3
4.073000E-3 7.499922E-1 1.580459E-2
4.074000E-3 -9.097572E-2 1.580459E-2
4.075000E-3 -9.739921E-1 3.169895E-3
4.076000E-3 -1.688815E+0 -9.464801E-3
4.077000E-3 -2.235444E+0 -3.894576E-2
4.078000E-3 -2.529783E+0 -8.106141E-2
4.079000E-3 -2.445686E+0 -1.189655E-1
4.080000E-3 -2.151347E+0 -1.484465E-1
4.081000E-3 -1.604718E+0 -1.568696E-1
4.082000E-3 -8.478469E-1 -1.400233E-1
4.083000E-3 3.516947E-2 -1.021192E-1
4.084000E-3 9.181858E-1 -4.736889E-2
4.085000E-3 1.633009E+0 7.381461E-3
4.086000E-3 2.221686E+0 5.370868E-2
4.087000E-3 2.516025E+0 1.126706E-1
4.088000E-3 2.516025E+0 1.421516E-1
4.089000E-3 2.221686E+0 1.674209E-1
4.090000E-3 1.633009E+0 1.842672E-1
4.091000E-3 8.761374E-1 1.926903E-1
4.092000E-3 3.516947E-2 1.926903E-1
4.093000E-3 -8.057985E-1 1.758441E-1
4.094000E-3 -1.562670E+0 1.547863E-1
4.095000E-3 -2.151347E+0 1.210937E-1
4.096000E-3 -2.529783E+0 7.897807E-2
4.097000E-3 -2.529783E+0 3.686242E-2
4.098000E-3 -2.235444E+0 3.169895E-3
4.099000E-3 -1.688815E+0 -3.052263E-2
4.100000E-3 -1.016040E+0 -5.158046E-2
4.101000E-3 -1.330241E-1 -7.263828E-2
4.102000E-3 7.499922E-1 -7.263828E-2
4.103000E-3 1.506863E+0 -6.842672E-2
4.104000E-3 2.095541E+0 -5.158046E-2
4.105000E-3 2.473977E+0 -3.052263E-2
4.106000E-3 2.516025E+0 -5.253235E-3
4.107000E-3 2.263735E+0 1.580459E-2
4.108000E-3 1.717105E+0 3.686242E-2
4.109000E-3 1.044331E+0 4.949712E-2
4.110000E-3 1.613147E-1 5.370868E-2
4.111000E-3 -6.796533E-1 4.528555E-2
4.112000E-3 -1.478573E+0 2.422772E-2
4.113000E-3 -2.067250E+0 -5.253235E-3
4.114000E-3 -2.445686E+0 -3.473419E-2
4.115000E-3 -2.529783E+0 -7.684985E-2
4.116000E-3 -2.319541E+0 -1.147539E-1
4.117000E-3 -1.814960E+0 -1.484465E-1
4.118000E-3 -1.142186E+0 -1.779274E-1
4.119000E-3 -2.591693E-1 -1.737159E-1
4.120000E-3 5.817987E-1 -1.568696E-1
4.121000E-3 1.380718E+0 -1.147539E-1
4.122000E-3 2.011444E+0 -6.421515E-2
4.123000E-3 2.431928E+0 -1.041670E-3
4.124000E-3 2.516025E+0 4.528555E-2
4.125000E-3 2.347831E+0 1.000359E-1
4.126000E-3 1.843251E+0 1.210937E-1
4.127000E-3 1.170476E+0 1.379400E-1
4.128000E-3 3.295083E-1 1.421516E-1
4.129000E-3 -5.114597E-1 1.337284E-1
4.130000E-3 -1.352428E+0 1.168822E-1
4.131000E-3 -1.983154E+0 8.740121E-2
4.132000E-3 -2.445686E+0 4.949712E-2
4.133000E-3 -2.571831E+0 7.381461E-3
4.134000E-3 -2.361589E+0 -2.631106E-2
4.135000E-3 -1.899057E+0 -6.000359E-2
4.136000E-3 -1.268331E+0 -8.948455E-2
4.137000E-3 -4.273629E-1 -1.105424E-1
4.138000E-3 4.556535E-1 -1.189655E-1
4.139000E-3 1.254573E+0 -1.147539E-1
4.140000E-3 1.927347E+0 -1.021192E-1
4.141000E-3 2.389880E+0 -8.106141E-2
4.142000E-3 2.558073E+0 -5.158046E-2
4.143000E-3 2.389880E+0 -2.631106E-2
4.144000E-3 1.969396E+0 -1.041670E-3
4.145000E-3 1.338670E+0 1.159303E-2
4.146000E-3 4.977019E-1 2.001616E-2
4.147000E-3 -3.432661E-1 1.580459E-2
4.148000E-3 -1.184234E+0 3.169895E-3
4.149000E-3 -1.857008E+0 -1.367637E-2
4.150000E-3 -2.361589E+0 -5.158046E-2
4.151000E-3 -2.529783E+0 -8.948455E-2
4.152000E-3 -2.445686E+0 -1.273886E-1
4.153000E-3 -2.025202E+0 -1.526580E-1
4.154000E-3 -1.394476E+0 -1.526580E-1
4.155000E-3 -5.955565E-1 -1.316002E-1
4.156000E-3 2.874599E-1 -8.948455E-2
4.157000E-3 1.128428E+0 -3.052263E-2
4.158000E-3 1.843251E+0 2.001616E-2
4.159000E-3 2.347831E+0 7.055494E-2
4.160000E-3 2.516025E+0 1.253053E-1
4.161000E-3 2.431928E+0 1.505747E-1
4.162000E-3 2.095541E+0 1.716325E-1
4.163000E-3 1.464815E+0 1.884788E-1
4.164000E-3 6.658955E-1 1.969019E-1
4.165000E-3 -1.750725E-1 1.884788E-1
4.166000E-3 -1.058089E+0 1.716325E-1
4.167000E-3 -1.772912E+0 1.463631E-1
4.168000E-3 -2.277492E+0 1.084590E-1
4.169000E-3 -2.529783E+0 7.055494E-2
4.170000E-3 -2.487734E+0 2.843929E-2
4.171000E-3 -2.109299E+0 -9.464801E-3
4.172000E-3 -1.520621E+0 -3.473419E-2
4.173000E-3 -7.637501E-1 -5.579202E-2
4.174000E-3 1.192663E-1 -7.684985E-2
4.175000E-3 1.002283E+0 -7.263828E-2
4.176000E-3 1.717105E+0 -6.421515E-2
4.177000E-3 2.263735E+0 -5.158046E-2
4.178000E-3 2.516025E+0 -2.631106E-2
4.179000E-3 2.516025E+0 -1.041670E-3
4.180000E-3 2.179638E+0 2.001616E-2
4.181000E-3 1.590960E+0 3.686242E-2
4.182000E-3 8.340890E-1 5.370868E-2
4.183000E-3 -4.892732E-2 4.949712E-2
4.184000E-3 -8.898953E-1 4.107398E-2
4.185000E-3 -1.646766E+0 1.580459E-2
4.186000E-3 -2.193396E+0 -9.464801E-3
4.187000E-3 -2.529783E+0 -4.736889E-2
4.188000E-3 -2.487734E+0 -8.527298E-2
4.189000E-3 -2.193396E+0 -1.231771E-1
4.190000E-3 -1.646766E+0 -1.526580E-1
4.191000E-3 -9.319437E-1 -1.779274E-1
4.192000E-3 -4.892732E-2 -1.695043E-1
4.193000E-3 8.340890E-1 -1.442349E-1
4.194000E-3 1.590960E+0 -1.021192E-1
4.195000E-3 2.179638E+0 -4.736889E-2
4.196000E-3 2.516025E+0 7.381461E-3
4.197000E-3 2.516025E+0 5.792025E-2
4.198000E-3 2.221686E+0 1.042475E-1
4.199000E-3 1.675057E+0 1.295169E-1
4.200000E-3 1.002283E+0 1.379400E-1
4.201000E-3 1.192663E-1 1.379400E-1
4.202000E-3 -7.217017E-1 1.295169E-1
4.203000E-3 -1.520621E+0 1.084590E-1
4.204000E-3 -2.109299E+0 7.476651E-2
4.205000E-3 -2.487734E+0 3.686242E-2
4.206000E-3 -2.529783E+0 -1.041670E-3
4.207000E-3 -2.277492E+0 -3.473419E-2
4.208000E-3 -1.772912E+0 -7.263828E-2
4.209000E-3 -1.058089E+0 -9.790768E-2
4.210000E-3 -2.171209E-1 -1.147539E-1
4.211000E-3 6.658955E-1 -1.189655E-1
4.212000E-3 1.464815E+0 -1.105424E-1
4.213000E-3 2.095541E+0 -9.790768E-2
4.214000E-3 2.473977E+0 -7.263828E-2
4.215000E-3 2.516025E+0 -4.736889E-2
4.216000E-3 2.305783E+0 -1.367637E-2
4.217000E-3 1.801202E+0 -1.041670E-3
4.218000E-3 1.086379E+0 1.580459E-2
4.219000E-3 2.874599E-1 2.001616E-2
4.220000E-3 -5.955565E-1 1.580459E-2
4.221000E-3 -1.394476E+0 -1.041670E-3
4.222000E-3 -2.025202E+0 -2.631106E-2
4.223000E-3 -2.445686E+0 -6.000359E-2
4.224000E-3 -2.529783E+0 -9.790768E-2
4.225000E-3 -2.361589E+0 -1.358118E-1
4.226000E-3 -1.857008E+0 -1.526580E-1
4.227000E-3 -1.184234E+0 -1.484465E-1
4.228000E-3 -3.432661E-1 -1.231771E-1
4.229000E-3 4.977019E-1 -7.263828E-2
4.230000E-3 1.338670E+0 -1.788793E-2
4.231000E-3 2.011444E+0 3.686242E-2
4.232000E-3 2.431928E+0 8.318964E-2
4.233000E-3 2.558073E+0 1.337284E-1
4.234000E-3 2.389880E+0 1.589978E-1
4.235000E-3 1.927347E+0 1.758441E-1
4.236000E-3 1.212525E+0 1.884788E-1
4.237000E-3 4.556535E-1 1.926903E-1
4.238000E-3 -4.273629E-1 1.842672E-1
4.239000E-3 -1.268331E+0 1.632094E-1
4.240000E-3 -1.899057E+0 1.379400E-1
4.241000E-3 -2.361589E+0 1.000359E-1
4.242000E-3 -2.529783E+0 5.792025E-2
4.243000E-3 -2.403638E+0 2.001616E-2
4.244000E-3 -1.983154E+0 -1.367637E-2
4.245000E-3 -1.352428E+0 -4.315732E-2
4.246000E-3 -5.114597E-1 -6.421515E-2
4.247000E-3 3.295083E-1 -7.263828E-2
4.248000E-3 1.170476E+0 -7.263828E-2
4.249000E-3 1.885299E+0 -6.421515E-2
4.250000E-3 2.347831E+0 -4.315732E-2
4.251000E-3 2.516025E+0 -1.788793E-2
4.252000E-3 2.431928E+0 3.169895E-3
4.253000E-3 2.011444E+0 2.843929E-2
4.254000E-3 1.380718E+0 4.107398E-2
4.255000E-3 5.817987E-1 5.370868E-2
4.256000E-3 -2.591693E-1 5.370868E-2
4.257000E-3 -1.100137E+0 3.686242E-2
4.258000E-3 -1.814960E+0 7.381461E-3
4.259000E-3 -2.319541E+0 -1.367637E-2
4.260000E-3 -2.529783E+0 -5.158046E-2
4.261000E-3 -2.445686E+0 -9.369611E-2
4.262000E-3 -2.067250E+0 -1.316002E-1
4.263000E-3 -1.436524E+0 -1.610812E-1
4.264000E-3 -6.796533E-1 -1.779274E-1
4.265000E-3 1.613147E-1 -1.652927E-1
4.266000E-3 1.044331E+0 -1.358118E-1
4.267000E-3 1.801202E+0 -8.527298E-2
4.268000E-3 2.305783E+0 -2.631106E-2
4.269000E-3 2.516025E+0 2.422772E-2
4.270000E-3 2.473977E+0 7.476651E-2
4.271000E-3 2.137589E+0 1.168822E-1
4.272000E-3 1.506863E+0 1.337284E-1
4.273000E-3 7.499922E-1 1.379400E-1
4.274000E-3 -1.330241E-1 1.379400E-1
4.275000E-3 -9.739921E-1 1.253053E-1
4.276000E-3 -1.688815E+0 1.000359E-1
4.277000E-3 -2.235444E+0 6.634338E-2
4.278000E-3 -2.529783E+0 2.843929E-2
4.279000E-3 -2.487734E+0 -1.367637E-2
4.280000E-3 -2.151347E+0 -4.736889E-2
4.281000E-3 -1.604718E+0 -8.106141E-2
4.282000E-3 -8.478469E-1 -1.021192E-1
4.283000E-3 3.516947E-2 -1.147539E-1
4.284000E-3 9.181858E-1 -1.189655E-1
4.285000E-3 1.633009E+0 -1.063308E-1
4.286000E-3 2.179638E+0 -8.948455E-2
4.287000E-3 2.516025E+0 -6.421515E-2
4.288000E-3 2.473977E+0 -3.473419E-2
4.289000E-3 2.179638E+0 -1.367637E-2
4.290000E-3 1.675057E+0 3.169895E-3
4.291000E-3 8.761374E-1 1.580459E-2
4.292000E-3 3.516947E-2 1.580459E-2
4.293000E-3 -8.478469E-1 7.381461E-3
4.294000E-3 -1.562670E+0 -9.464801E-3
4.295000E-3 -2.193396E+0 -3.473419E-2
4.296000E-3 -2.529783E+0 -6.842672E-2
4.297000E-3 -2.529783E+0 -1.105424E-1
4.298000E-3 -2.235444E+0 -1.442349E-1
4.299000E-3 -1.688815E+0 -1.568696E-1
4.300000E-3 -1.016040E+0 -1.484465E-1
4.301000E-3 -1.330241E-1 -1.105424E-1
4.302000E-3 7.920406E-1 -6.000359E-2
4.303000E-3 1.506863E+0 -1.041670E-3
4.304000E-3 2.137589E+0 4.949712E-2
4.305000E-3 2.473977E+0 1.042475E-1
4.306000E-3 2.516025E+0 1.379400E-1
4.307000E-3 2.305783E+0 1.674209E-1
4.308000E-3 1.801202E+0 1.842672E-1
4.309000E-3 1.044331E+0 1.884788E-1
4.310000E-3 2.033631E-1 1.926903E-1
4.311000E-3 -6.796533E-1 1.842672E-1
4.312000E-3 -1.436524E+0 1.547863E-1
4.313000E-3 -2.067250E+0 1.253053E-1
4.314000E-3 -2.445686E+0 8.740121E-2
4.315000E-3 -2.529783E+0 4.949712E-2
4.316000E-3 -2.277492E+0 7.381461E-3
4.317000E-3 -1.814960E+0 -2.209950E-2
4.318000E-3 -1.142186E+0 -4.736889E-2
4.319000E-3 -2.591693E-1 -6.421515E-2
4.320000E-3 6.238471E-1 -7.263828E-2
4.321000E-3 1.422767E+0 -6.842672E-2
4.322000E-3 2.053493E+0 -6.000359E-2
4.323000E-3 2.431928E+0 -3.473419E-2
4.324000E-3 2.516025E+0 -9.464801E-3
4.325000E-3 2.347831E+0 7.381461E-3
4.326000E-3 1.843251E+0 3.265085E-2
4.327000E-3 1.170476E+0 4.949712E-2
4.328000E-3 3.715567E-1 5.370868E-2
4.329000E-3 -5.114597E-1 4.949712E-2
4.330000E-3 -1.310379E+0 2.843929E-2
4.331000E-3 -2.025202E+0 3.169895E-3
4.332000E-3 -2.445686E+0 -3.052263E-2
4.333000E-3 -2.529783E+0 -6.421515E-2
4.334000E-3 -2.361589E+0 -1.063308E-1
4.335000E-3 -1.941105E+0 -1.442349E-1
4.336000E-3 -1.268331E+0 -1.695043E-1
4.337000E-3 -4.694113E-1 -1.737159E-1
4.338000E-3 4.136051E-1 -1.610812E-1
4.339000E-3 1.254573E+0 -1.273886E-1
4.340000E-3 1.927347E+0 -7.263828E-2
4.341000E-3 2.389880E+0 -1.367637E-2
4.342000E-3 2.516025E+0 3.686242E-2
4.343000E-3 2.389880E+0 9.161277E-2
4.344000E-3 2.011444E+0 1.210937E-1
4.345000E-3 1.338670E+0 1.337284E-1
4.346000E-3 4.977019E-1 1.379400E-1
4.347000E-3 -3.432661E-1 1.337284E-1
4.348000E-3 -1.184234E+0 1.168822E-1
4.349000E-3 -1.857008E+0 9.161277E-2
4.350000E-3 -2.361589E+0 5.370868E-2
4.351000E-3 -2.529783E+0 1.580459E-2
4.352000E-3 -2.445686E+0 -1.788793E-2
4.353000E-3 -2.025202E+0 -5.579202E-2
4.354000E-3 -1.394476E+0 -8.527298E-2
4.355000E-3 -5.955565E-1 -1.063308E-1
4.356000E-3 2.874599E-1 -1.189655E-1
4.357000E-3 1.128428E+0 -1.189655E-1
4.358000E-3 1.843251E+0 -1.021192E-1
4.359000E-3 2.347831E+0 -8.527298E-2
4.360000E-3 2.516025E+0 -5.579202E-2
4.361000E-3 2.431928E+0 -3.052263E-2
4.362000E-3 2.095541E+0 -5.253235E-3
4.363000E-3 1.422767E+0 3.169895E-3
4.364000E-3 6.658955E-1 1.580459E-2
4.365000E-3 -2.171209E-1 1.580459E-2
4.366000E-3 -1.016040E+0 3.169895E-3
4.367000E-3 -1.772912E+0 -1.367637E-2
4.368000E-3 -2.277492E+0 -4.736889E-2
4.369000E-3 -2.529783E+0 -8.106141E-2
4.370000E-3 -2.445686E+0 -1.189655E-1
4.371000E-3 -2.109299E+0 -1.526580E-1
4.372000E-3 -1.520621E+0 -1.526580E-1
4.373000E-3 -7.637501E-1 -1.400233E-1
4.374000E-3 1.192663E-1 -9.790768E-2
4.375000E-3 1.002283E+0 -4.315732E-2
4.376000E-3 1.717105E+0 1.159303E-2
4.377000E-3 2.263735E+0 5.792025E-2
4.378000E-3 2.516025E+0 1.168822E-1
4.379000E-3 2.516025E+0 1.505747E-1
4.380000E-3 2.179638E+0 1.716325E-1
4.381000E-3 1.590960E+0 1.884788E-1
4.382000E-3 8.340890E-1 1.926903E-1
4.383000E-3 -4.892732E-2 1.926903E-1
4.384000E-3 -8.898953E-1 1.758441E-1
4.385000E-3 -1.688815E+0 1.505747E-1
4.386000E-3 -2.193396E+0 1.168822E-1
4.387000E-3 -2.529783E+0 7.897807E-2
4.388000E-3 -2.529783E+0 3.686242E-2
4.389000E-3 -2.193396E+0 -1.041670E-3
4.390000E-3 -1.646766E+0 -2.631106E-2
4.391000E-3 -9.319437E-1 -5.579202E-2
4.392000E-3 -6.878924E-3 -6.842672E-2
4.393000E-3 8.340890E-1 -7.263828E-2
4.394000E-3 1.590960E+0 -6.842672E-2
4.395000E-3 2.179638E+0 -5.158046E-2
4.396000E-3 2.516025E+0 -3.052263E-2
4.397000E-3 2.516025E+0 -1.041670E-3
4.398000E-3 2.263735E+0 1.580459E-2
4.399000E-3 1.717105E+0 3.686242E-2
4.400000E-3 1.002283E+0 5.370868E-2
4.401000E-3 1.192663E-1 5.370868E-2
4.402000E-3 -7.217017E-1 4.528555E-2
4.403000E-3 -1.520621E+0 2.422772E-2
4.404000E-3 -2.109299E+0 -9.464801E-3
4.405000E-3 -2.487734E+0 -3.894576E-2
4.406000E-3 -2.529783E+0 -7.684985E-2
4.407000E-3 -2.277492E+0 -1.189655E-1
4.408000E-3 -1.772912E+0 -1.484465E-1
4.409000E-3 -1.058089E+0 -1.779274E-1
4.410000E-3 -2.171209E-1 -1.737159E-1
4.411000E-3 6.658955E-1 -1.526580E-1
4.412000E-3 1.464815E+0 -1.105424E-1
4.413000E-3 2.095541E+0 -5.158046E-2
4.414000E-3 2.473977E+0 3.169895E-3
4.415000E-3 2.516025E+0 4.949712E-2
4.416000E-3 2.347831E+0 1.042475E-1
4.417000E-3 1.801202E+0 1.253053E-1
4.418000E-3 1.086379E+0 1.379400E-1
4.419000E-3 2.874599E-1 1.421516E-1
4.420000E-3 -5.955565E-1 1.337284E-1
4.421000E-3 -1.394476E+0 1.126706E-1
4.422000E-3 -2.025202E+0 8.318964E-2
4.423000E-3 -2.445686E+0 4.949712E-2
4.424000E-3 -2.529783E+0 3.169895E-3
4.425000E-3 -2.361589E+0 -3.052263E-2
4.426000E-3 -1.899057E+0 -6.421515E-2
4.427000E-3 -1.184234E+0 -9.369611E-2
4.428000E-3 -3.432661E-1 -1.105424E-1
4.429000E-3 5.397503E-1 -1.189655E-1
4.430000E-3 1.338670E+0 -1.147539E-1
4.431000E-3 2.011444E+0 -9.790768E-2
4.432000E-3 2.431928E+0 -7.684985E-2
4.433000E-3 2.558073E+0 -4.736889E-2
4.434000E-3 2.389880E+0 -2.631106E-2
4.435000E-3 1.927347E+0 -1.041670E-3
4.436000E-3 1.254573E+0 1.159303E-2
4.437000E-3 4.556535E-1 1.580459E-2
4.438000E-3 -4.273629E-1 1.580459E-2
4.439000E-3 -1.268331E+0 -1.041670E-3
4.440000E-3 -1.941105E+0 -1.788793E-2
4.441000E-3 -2.361589E+0 -5.158046E-2
4.442000E-3 -2.529783E+0 -8.948455E-2
4.443000E-3 -2.403638E+0 -1.316002E-1
4.444000E-3 -1.941105E+0 -1.526580E-1
4.445000E-3 -1.352428E+0 -1.526580E-1
4.446000E-3 -5.114597E-1 -1.273886E-1
4.447000E-3 3.295083E-1 -8.527298E-2
4.448000E-3 1.212525E+0 -3.052263E-2
4.449000E-3 1.885299E+0 2.422772E-2
4.450000E-3 2.347831E+0 7.476651E-2
4.451000E-3 2.516025E+0 1.295169E-1
4.452000E-3 2.389880E+0 1.505747E-1
4.453000E-3 2.011444E+0 1.716325E-1
4.454000E-3 1.338670E+0 1.884788E-1
4.455000E-3 5.817987E-1 1.926903E-1
4.456000E-3 -2.591693E-1 1.884788E-1
4.457000E-3 -1.100137E+0 1.674209E-1
4.458000E-3 -1.814960E+0 1.421516E-1
4.459000E-3 -2.319541E+0 1.042475E-1
4.460000E-3 -2.529783E+0 6.634338E-2
4.461000E-3 -2.445686E+0 2.422772E-2
4.462000E-3 -2.067250E+0 -1.367637E-2
4.463000E-3 -1.436524E+0 -3.894576E-2
4.464000E-3 -6.796533E-1 -6.421515E-2
4.465000E-3 1.613147E-1 -7.263828E-2
4.466000E-3 1.044331E+0 -7.684985E-2
4.467000E-3 1.759154E+0 -6.421515E-2
4.468000E-3 2.263735E+0 -4.736889E-2
4.469000E-3 2.516025E+0 -2.631106E-2
4.470000E-3 2.473977E+0 -1.041670E-3
4.471000E-3 2.095541E+0 2.001616E-2
4.472000E-3 1.506863E+0 4.107398E-2
4.473000E-3 7.499922E-1 5.370868E-2
4.474000E-3 -1.330241E-1 4.949712E-2
4.475000E-3 -9.739921E-1 4.107398E-2
4.476000E-3 -1.688815E+0 1.580459E-2
4.477000E-3 -2.235444E+0 -1.367637E-2
4.478000E-3 -2.529783E+0 -4.736889E-2
4.479000E-3 -2.487734E+0 -8.527298E-2
4.480000E-3 -2.193396E+0 -1.273886E-1
4.481000E-3 -1.604718E+0 -1.610812E-1
4.482000E-3 -8.478469E-1 -1.779274E-1
4.483000E-3 3.516947E-2 -1.695043E-1
4.484000E-3 9.181858E-1 -1.442349E-1
4.485000E-3 1.675057E+0 -9.369611E-2
4.486000E-3 2.221686E+0 -3.894576E-2
4.487000E-3 2.516025E+0 1.580459E-2
4.488000E-3 2.516025E+0 6.634338E-2
4.489000E-3 2.179638E+0 1.084590E-1
4.490000E-3 1.675057E+0 1.295169E-1
4.491000E-3 9.181858E-1 1.379400E-1
4.492000E-3 3.516947E-2 1.379400E-1
4.493000E-3 -8.057985E-1 1.253053E-1
4.494000E-3 -1.562670E+0 1.042475E-1
4.495000E-3 -2.151347E+0 7.476651E-2
4.496000E-3 -2.529783E+0 3.265085E-2
4.497000E-3 -2.529783E+0 -5.253235E-3
4.498000E-3 -2.235444E+0 -3.894576E-2
4.499000E-3 -1.688815E+0 -7.263828E-2
4.500000E-3 -1.016040E+0 -9.790768E-2
4.501000E-3 -9.097572E-2 -1.147539E-1
4.502000E-3 7.499922E-1 -1.189655E-1
4.503000E-3 1.506863E+0 -1.105424E-1
4.504000E-3 2.095541E+0 -9.369611E-2
4.505000E-3 2.473977E+0 -6.842672E-2
4.506000E-3 2.516025E+0 -4.315732E-2
4.507000E-3 2.305783E+0 -1.788793E-2
4.508000E-3 1.759154E+0 3.169895E-3
4.509000E-3 1.044331E+0 1.580459E-2
4.510000E-3 1.613147E-1 2.001616E-2
4.511000E-3 -6.796533E-1 1.159303E-2
4.512000E-3 -1.436524E+0 -9.464801E-3
4.513000E-3 -2.067250E+0 -2.631106E-2
4.514000E-3 -2.445686E+0 -6.421515E-2
4.515000E-3 -2.529783E+0 -1.021192E-1
4.516000E-3 -2.319541E+0 -1.400233E-1
4.517000E-3 -1.857008E+0 -1.526580E-1
4.518000E-3 -1.142186E+0 -1.526580E-1
4.519000E-3 -3.012177E-1 -1.189655E-1
4.520000E-3 5.817987E-1 -6.842672E-2
4.521000E-3 1.422767E+0 -9.464801E-3
4.522000E-3 2.011444E+0 3.686242E-2
4.523000E-3 2.431928E+0 9.161277E-2
4.524000E-3 2.516025E+0 1.337284E-1
4.525000E-3 2.347831E+0 1.589978E-1
4.526000E-3 1.843251E+0 1.800556E-1
4.527000E-3 1.170476E+0 1.884788E-1
4.528000E-3 3.295083E-1 1.926903E-1
4.529000E-3 -5.114597E-1 1.842672E-1
4.530000E-3 -1.352428E+0 1.589978E-1
4.531000E-3 -1.983154E+0 1.295169E-1
4.532000E-3 -2.403638E+0 9.582434E-2
4.533000E-3 -2.529783E+0 5.792025E-2
4.534000E-3 -2.361589E+0 2.001616E-2
4.535000E-3 -1.899057E+0 -1.788793E-2
4.536000E-3 -1.268331E+0 -4.736889E-2
4.537000E-3 -4.273629E-1 -6.421515E-2
4.538000E-3 4.136051E-1 -7.684985E-2
4.539000E-3 1.254573E+0 -7.263828E-2
4.540000E-3 1.927347E+0 -6.421515E-2
4.541000E-3 2.389880E+0 -3.894576E-2
4.542000E-3 2.516025E+0 -1.367637E-2
4.543000E-3 2.431928E+0 3.169895E-3
4.544000E-3 2.011444E+0 2.843929E-2
4.545000E-3 1.338670E+0 4.528555E-2
4.546000E-3 4.977019E-1 5.370868E-2
4.547000E-3 -3.432661E-1 4.949712E-2
4.548000E-3 -1.184234E+0 3.265085E-2
4.549000E-3 -1.857008E+0 3.169895E-3
4.550000E-3 -2.361589E+0 -2.209950E-2
4.551000E-3 -2.529783E+0 -6.000359E-2
4.552000E-3 -2.445686E+0 -1.021192E-1
4.553000E-3 -2.025202E+0 -1.358118E-1
4.554000E-3 -1.394476E+0 -1.652927E-1
4.555000E-3 -5.955565E-1 -1.779274E-1
4.556000E-3 2.874599E-1 -1.652927E-1
4.557000E-3 1.086379E+0 -1.316002E-1
4.558000E-3 1.843251E+0 -8.527298E-2
4.559000E-3 2.305783E+0 -2.209950E-2
4.560000E-3 2.516025E+0 2.843929E-2
4.561000E-3 2.431928E+0 8.318964E-2
4.562000E-3 2.095541E+0 1.168822E-1
4.563000E-3 1.464815E+0 1.337284E-1
4.564000E-3 6.658955E-1 1.421516E-1
4.565000E-3 -1.750725E-1 1.379400E-1
4.566000E-3 -1.016040E+0 1.253053E-1
4.567000E-3 -1.772912E+0 1.000359E-1
4.568000E-3 -2.277492E+0 6.213181E-2
4.569000E-3 -2.529783E+0 2.001616E-2
4.570000E-3 -2.487734E+0 -1.367637E-2
4.571000E-3 -2.109299E+0 -5.158046E-2
4.572000E-3 -1.520621E+0 -8.106141E-2
4.573000E-3 -7.637501E-1 -1.063308E-1
4.574000E-3 1.192663E-1 -1.189655E-1
4.575000E-3 9.602342E-1 -1.189655E-1
4.576000E-3 1.717105E+0 -1.063308E-1
4.577000E-3 2.263735E+0 -8.527298E-2
4.578000E-3 2.516025E+0 -6.000359E-2
4.579000E-3 2.516025E+0 -3.052263E-2
4.580000E-3 2.137589E+0 -9.464801E-3
4.581000E-3 1.590960E+0 3.169895E-3
4.582000E-3 8.340890E-1 1.580459E-2
4.583000E-3 -4.892732E-2 1.580459E-2
4.584000E-3 -8.898953E-1 7.381461E-3
4.585000E-3 -1.646766E+0 -9.464801E-3
4.586000E-3 -2.193396E+0 -3.473419E-2
4.587000E-3 -2.529783E+0 -7.684985E-2
4.588000E-3 -2.487734E+0 -1.147539E-1
4.589000E-3 -2.193396E+0 -1.442349E-1
4.590000E-3 -1.646766E+0 -1.568696E-1
4.591000E-3 -9.319437E-1 -1.442349E-1
4.592000E-3 -4.892732E-2 -1.105424E-1
4.593000E-3 8.340890E-1 -5.158046E-2
4.594000E-3 1.590960E+0 3.169895E-3
4.595000E-3 2.179638E+0 4.949712E-2
4.596000E-3 2.516025E+0 1.126706E-1
4.597000E-3 2.516025E+0 1.379400E-1
4.598000E-3 2.221686E+0 1.674209E-1
4.599000E-3 1.717105E+0 1.842672E-1
4.600000E-3 1.002283E+0 1.926903E-1
4.601000E-3 1.192663E-1 1.926903E-1
4.602000E-3 -7.637501E-1 1.800556E-1
4.603000E-3 -1.520621E+0 1.547863E-1
4.604000E-3 -2.151347E+0 1.210937E-1
4.605000E-3 -2.487734E+0 8.318964E-2
4.606000E-3 -2.529783E+0 4.528555E-2
4.607000E-3 -2.277492E+0 3.169895E-3
4.608000E-3 -1.772912E+0 -2.631106E-2
4.609000E-3 -1.058089E+0 -5.158046E-2
4.610000E-3 -2.171209E-1 -6.842672E-2
4.611000E-3 6.658955E-1 -7.263828E-2
4.612000E-3 1.464815E+0 -6.842672E-2
4.613000E-3 2.095541E+0 -5.579202E-2
4.614000E-3 2.431928E+0 -3.473419E-2
4.615000E-3 2.516025E+0 -9.464801E-3
4.616000E-3 2.305783E+0 1.580459E-2
4.617000E-3 1.843251E+0 3.265085E-2
4.618000E-3 1.086379E+0 4.949712E-2
4.619000E-3 2.874599E-1 5.370868E-2
4.620000E-3 -6.376049E-1 4.949712E-2
4.621000E-3 -1.394476E+0 2.843929E-2
4.622000E-3 -2.025202E+0 -1.041670E-3
4.623000E-3 -2.445686E+0 -3.052263E-2
4.624000E-3 -2.529783E+0 -6.842672E-2
4.625000E-3 -2.361589E+0 -1.105424E-1
4.626000E-3 -1.899057E+0 -1.484465E-1
4.627000E-3 -1.184234E+0 -1.737159E-1
4.628000E-3 -3.432661E-1 -1.737159E-1
4.629000E-3 4.977019E-1 -1.610812E-1
4.630000E-3 1.338670E+0 -1.189655E-1
4.631000E-3 1.969396E+0 -6.842672E-2
4.632000E-3 2.389880E+0 -5.253235E-3
4.633000E-3 2.516025E+0 4.107398E-2
4.634000E-3 2.347831E+0 9.582434E-2
4.635000E-3 1.927347E+0 1.210937E-1
4.636000E-3 1.254573E+0 1.337284E-1
4.637000E-3 4.136051E-1 1.379400E-1
4.638000E-3 -4.273629E-1 1.337284E-1
4.639000E-3 -1.268331E+0 1.168822E-1
4.640000E-3 -1.941105E+0 8.740121E-2
4.641000E-3 -2.361589E+0 5.370868E-2
4.642000E-3 -2.529783E+0 1.159303E-2
4.643000E-3 -2.403638E+0 -2.631106E-2
4.644000E-3 -1.983154E+0 -6.000359E-2
4.645000E-3 -1.352428E+0 -8.948455E-2
4.646000E-3 -5.114597E-1 -1.105424E-1
4.647000E-3 3.715567E-1 -1.189655E-1
4.648000E-3 1.212525E+0 -1.147539E-1
4.649000E-3 1.885299E+0 -1.021192E-1
4.650000E-3 2.347831E+0 -8.106141E-2
4.651000E-3 2.516025E+0 -5.158046E-2
4.652000E-3 2.431928E+0 -2.631106E-2
4.653000E-3 2.011444E+0 -1.041670E-3
4.654000E-3 1.380718E+0 7.381461E-3
4.655000E-3 5.817987E-1 2.001616E-2
4.656000E-3 -2.591693E-1 1.580459E-2
4.657000E-3 -1.142186E+0 3.169895E-3
4.658000E-3 -1.814960E+0 -1.367637E-2
4.659000E-3 -2.319541E+0 -4.736889E-2
4.660000E-3 -2.529783E+0 -8.527298E-2
4.661000E-3 -2.445686E+0 -1.231771E-1
4.662000E-3 -2.067250E+0 -1.484465E-1
4.663000E-3 -1.436524E+0 -1.526580E-1
4.664000E-3 -6.796533E-1 -1.358118E-1
4.665000E-3 1.613147E-1 -9.369611E-2
4.666000E-3 1.044331E+0 -3.473419E-2
4.667000E-3 1.759154E+0 1.580459E-2
4.668000E-3 2.305783E+0 6.634338E-2
4.669000E-3 2.516025E+0 1.210937E-1
4.670000E-3 2.473977E+0 1.505747E-1
4.671000E-3 2.095541E+0 1.716325E-1
4.672000E-3 1.506863E+0 1.842672E-1
4.673000E-3 7.499922E-1 1.926903E-1
4.674000E-3 -9.097572E-2 1.926903E-1
4.675000E-3 -9.739921E-1 1.716325E-1
4.676000E-3 -1.688815E+0 1.463631E-1
4.677000E-3 -2.235444E+0 1.168822E-1
4.678000E-3 -2.529783E+0 7.476651E-2
4.679000E-3 -2.487734E+0 3.686242E-2
4.680000E-3 -2.193396E+0 -5.253235E-3
4.681000E-3 -1.604718E+0 -3.473419E-2
4.682000E-3 -8.478469E-1 -6.000359E-2
4.683000E-3 3.516947E-2 -7.263828E-2
4.684000E-3 9.181858E-1 -7.263828E-2
4.685000E-3 1.675057E+0 -6.842672E-2
4.686000E-3 2.179638E+0 -5.158046E-2
4.687000E-3 2.473977E+0 -3.052263E-2
4.688000E-3 2.516025E+0 -1.041670E-3
4.689000E-3 2.179638E+0 1.580459E-2
4.690000E-3 1.633009E+0 3.686242E-2
4.691000E-3 8.761374E-1 4.949712E-2
4.692000E-3 3.516947E-2 4.949712E-2
4.693000E-3 -8.478469E-1 4.107398E-2
4.694000E-3 -1.604718E+0 2.001616E-2
4.695000E-3 -2.193396E+0 -9.464801E-3
4.696000E-3 -2.487734E+0 -4.315732E-2
4.697000E-3 -2.529783E+0 -8.106141E-2
4.698000E-3 -2.235444E+0 -1.189655E-1
4.699000E-3 -1.688815E+0 -1.526580E-1
4.700000E-3 -1.016040E+0 -1.779274E-1
4.701000E-3 -1.330241E-1 -1.695043E-1
4.702000E-3 7.499922E-1 -1.526580E-1
4.703000E-3 1.506863E+0 -1.063308E-1
4.704000E-3 2.137589E+0 -5.158046E-2
4.705000E-3 2.473977E+0 7.381461E-3
4.706000E-3 2.516025E+0 5.370868E-2
4.707000E-3 2.263735E+0 1.042475E-1
4.708000E-3 1.759154E+0 1.253053E-1
4.709000E-3 1.002283E+0 1.379400E-1
4.710000E-3 1.613147E-1 1.379400E-1
4.711000E-3 -6.796533E-1 1.295169E-1
4.712000E-3 -1.436524E+0 1.084590E-1
4.713000E-3 -2.067250E+0 7.897807E-2
4.714000E-3 -2.445686E+0 4.528555E-2
4.715000E-3 -2.529783E+0 3.169895E-3
4.716000E-3 -2.319541E+0 -3.052263E-2
4.717000E-3 -1.857008E+0 -6.421515E-2
4.718000E-3 -1.100137E+0 -9.790768E-2
4.719000E-3 -2.591693E-1 -1.105424E-1
4.720000E-3 5.817987E-1 -1.189655E-1
4.721000E-3 1.422767E+0 -1.147539E-1
4.722000E-3 2.053493E+0 -9.790768E-2
4.723000E-3 2.431928E+0 -7.684985E-2
4.724000E-3 2.516025E+0 -4.736889E-2
4.725000E-3 2.347831E+0 -2.209950E-2
4.726000E-3 1.843251E+0 -1.041670E-3
4.727000E-3 1.170476E+0 7.381461E-3
4.728000E-3 3.295083E-1 1.580459E-2
4.729000E-3 -5.114597E-1 1.580459E-2
4.730000E-3 -1.310379E+0 -5.253235E-3
4.731000E-3 -1.983154E+0 -2.209950E-2
4.732000E-3 -2.403638E+0 -5.579202E-2
4.733000E-3 -2.529783E+0 -9.790768E-2
4.734000E-3 -2.361589E+0 -1.358118E-1
4.735000E-3 -1.941105E+0 -1.526580E-1
4.736000E-3 -1.268331E+0 -1.526580E-1
4.737000E-3 -4.273629E-1 -1.273886E-1
4.738000E-3 4.556535E-1 -8.106141E-2
4.739000E-3 1.254573E+0 -1.788793E-2
4.740000E-3 1.927347E+0 2.843929E-2
4.741000E-3 2.389880E+0 7.897807E-2
4.742000E-3 2.558073E+0 1.253053E-1
4.743000E-3 2.389880E+0 1.547863E-1
4.744000E-3 1.969396E+0 1.758441E-1
4.745000E-3 1.338670E+0 1.884788E-1
4.746000E-3 4.977019E-1 1.969019E-1
4.747000E-3 -3.432661E-1 1.884788E-1
4.748000E-3 -1.184234E+0 1.674209E-1
4.749000E-3 -1.857008E+0 1.379400E-1
4.750000E-3 -2.361589E+0 1.042475E-1
4.751000E-3 -2.529783E+0 6.213181E-2
4.752000E-3 -2.403638E+0 2.001616E-2
4.753000E-3 -2.025202E+0 -1.367637E-2
4.754000E-3 -1.394476E+0 -3.894576E-2
4.755000E-3 -5.955565E-1 -6.421515E-2
4.756000E-3 2.874599E-1 -7.684985E-2
4.757000E-3 1.128428E+0 -6.842672E-2
4.758000E-3 1.801202E+0 -6.421515E-2
4.759000E-3 2.347831E+0 -4.315732E-2
4.760000E-3 2.516025E+0 -2.209950E-2
4.761000E-3 2.431928E+0 3.169895E-3
4.762000E-3 2.095541E+0 2.422772E-2
4.763000E-3 1.422767E+0 4.107398E-2
4.764000E-3 6.658955E-1 5.370868E-2
4.765000E-3 -2.171209E-1 4.949712E-2
4.766000E-3 -1.016040E+0 3.686242E-2
4.767000E-3 -1.772912E+0 1.580459E-2
4.768000E-3 -2.319541E+0 -1.367637E-2
4.769000E-3 -2.529783E+0 -5.158046E-2
4.770000E-3 -2.445686E+0 -9.369611E-2
4.771000E-3 -2.109299E+0 -1.316002E-1
4.772000E-3 -1.520621E+0 -1.652927E-1
4.773000E-3 -7.637501E-1 -1.779274E-1
4.774000E-3 1.613147E-1 -1.695043E-1
4.775000E-3 1.002283E+0 -1.358118E-1
4.776000E-3 1.717105E+0 -9.369611E-2
4.777000E-3 2.263735E+0 -3.052263E-2
4.778000E-3 2.516025E+0 2.001616E-2
4.779000E-3 2.473977E+0 7.055494E-2
4.780000E-3 2.179638E+0 1.126706E-1
4.781000E-3 1.548912E+0 1.337284E-1
4.782000E-3 8.340890E-1 1.379400E-1
4.783000E-3 -4.892732E-2 1.379400E-1
4.784000E-3 -8.898953E-1 1.253053E-1
4.785000E-3 -1.646766E+0 1.042475E-1
4.786000E-3 -2.193396E+0 7.055494E-2
4.787000E-3 -2.529783E+0 3.265085E-2
4.788000E-3 -2.529783E+0 -9.464801E-3
4.789000E-3 -2.193396E+0 -4.315732E-2
4.790000E-3 -1.646766E+0 -7.684985E-2
4.791000E-3 -9.319437E-1 -9.790768E-2
4.792000E-3 -4.892732E-2 -1.147539E-1
4.793000E-3 8.340890E-1 -1.189655E-1
4.794000E-3 1.590960E+0 -1.105424E-1
4.795000E-3 2.179638E+0 -9.369611E-2
4.796000E-3 2.516025E+0 -6.421515E-2
4.797000E-3 2.516025E+0 -3.894576E-2
4.798000E-3 2.263735E+0 -1.367637E-2
4.799000E-3 1.675057E+0 -1.041670E-3
4.800000E-3 9.602342E-1 1.580459E-2
4.801000E-3 1.192663E-1 2.001616E-2
4.802000E-3 -7.217017E-1 1.159303E-2
4.803000E-3 -1.520621E+0 -5.253235E-3
4.804000E-3 -2.109299E+0 -3.052263E-2
4.805000E-3 -2.487734E+0 -6.842672E-2
4.806000E-3 -2.529783E+0 -1.105424E-1
4.807000E-3 -2.277492E+0 -1.442349E-1
4.808000E-3 -1.772912E+0 -1.568696E-1
4.809000E-3 -1.058089E+0 -1.484465E-1
4.810000E-3 -2.171209E-1 -1.147539E-1
4.811000E-3 6.658955E-1 -6.421515E-2
4.812000E-3 1.464815E+0 -5.253235E-3
4.813000E-3 2.095541E+0 4.528555E-2
4.814000E-3 2.431928E+0 1.000359E-1
4.815000E-3 2.516025E+0 1.337284E-1
4.816000E-3 2.305783E+0 1.632094E-1
4.817000E-3 1.801202E+0 1.800556E-1
4.818000E-3 1.128428E+0 1.884788E-1
4.819000E-3 2.874599E-1 1.926903E-1
4.820000E-3 -5.955565E-1 1.842672E-1
4.821000E-3 -1.394476E+0 1.589978E-1
4.822000E-3 -2.025202E+0 1.295169E-1
4.823000E-3 -2.445686E+0 8.740121E-2
4.824000E-3 -2.529783E+0 5.370868E-2
4.825000E-3 -2.361589E+0 7.381461E-3
4.826000E-3 -1.899057E+0 -2.209950E-2
4.827000E-3 -1.184234E+0 -4.736889E-2
4.828000E-3 -3.853145E-1 -6.842672E-2
4.829000E-3 4.977019E-1 -7.684985E-2
4.830000E-3 1.338670E+0 -7.263828E-2
4.831000E-3 1.969396E+0 -6.421515E-2
4.832000E-3 2.431928E+0 -3.894576E-2
4.833000E-3 2.516025E+0 -1.367637E-2
4.834000E-3 2.347831E+0 7.381461E-3
4.835000E-3 1.927347E+0 3.265085E-2
4.836000E-3 1.212525E+0 4.528555E-2
4.837000E-3 4.136051E-1 5.370868E-2
4.838000E-3 -4.273629E-1 4.949712E-2
4.839000E-3 -1.268331E+0 3.265085E-2
4.840000E-3 -1.941105E+0 3.169895E-3
4.841000E-3 -2.361589E+0 -2.209950E-2
4.842000E-3 -2.571831E+0 -6.421515E-2
4.843000E-3 -2.403638E+0 -1.021192E-1
4.844000E-3 -1.983154E+0 -1.400233E-1
4.845000E-3 -1.352428E+0 -1.652927E-1
4.846000E-3 -5.114597E-1 -1.779274E-1
4.847000E-3 3.295083E-1 -1.652927E-1
4.848000E-3 1.170476E+0 -1.316002E-1
4.849000E-3 1.885299E+0 -7.684985E-2
4.850000E-3 2.347831E+0 -1.788793E-2
4.851000E-3 2.516025E+0 3.686242E-2
4.852000E-3 2.431928E+0 8.740121E-2
4.853000E-3 2.011444E+0 1.168822E-1
4.854000E-3 1.380718E+0 1.337284E-1
4.855000E-3 5.817987E-1 1.421516E-1
4.856000E-3 -3.012177E-1 1.337284E-1
4.857000E-3 -1.100137E+0 1.210937E-1
4.858000E-3 -1.814960E+0 9.582434E-2
4.859000E-3 -2.319541E+0 5.792025E-2
4.860000E-3 -2.529783E+0 2.001616E-2
4.861000E-3 -2.445686E+0 -1.788793E-2
4.862000E-3 -2.109299E+0 -5.158046E-2
4.863000E-3 -1.436524E+0 -8.527298E-2
4.864000E-3 -6.796533E-1 -1.105424E-1
4.865000E-3 1.613147E-1 -1.189655E-1
4.866000E-3 1.044331E+0 -1.189655E-1
4.867000E-3 1.801202E+0 -1.021192E-1
4.868000E-3 2.305783E+0 -8.527298E-2
4.869000E-3 2.516025E+0 -6.000359E-2
4.870000E-3 2.473977E+0 -3.052263E-2
4.871000E-3 2.095541E+0 -5.253235E-3
4.872000E-3 1.506863E+0 3.169895E-3
4.873000E-3 7.499922E-1 1.580459E-2
4.874000E-3 -1.330241E-1 1.580459E-2
4.875000E-3 -1.016040E+0 7.381461E-3
4.876000E-3 -1.688815E+0 -9.464801E-3
4.877000E-3 -2.235444E+0 -4.315732E-2
4.878000E-3 -2.529783E+0 -8.106141E-2
4.879000E-3 -2.529783E+0 -1.189655E-1
4.880000E-3 -2.193396E+0 -1.484465E-1
4.881000E-3 -1.604718E+0 -1.568696E-1
4.882000E-3 -8.478469E-1 -1.442349E-1
4.883000E-3 3.516947E-2 -1.021192E-1
4.884000E-3 9.181858E-1 -4.736889E-2
4.885000E-3 1.675057E+0 7.381461E-3
4.886000E-3 2.221686E+0 5.370868E-2
4.887000E-3 2.516025E+0 1.168822E-1
4.888000E-3 2.516025E+0 1.421516E-1
4.889000E-3 2.221686E+0 1.674209E-1
4.890000E-3 1.675057E+0 1.842672E-1
4.891000E-3 9.181858E-1 1.969019E-1
4.892000E-3 3.516947E-2 1.926903E-1
4.893000E-3 -8.478469E-1 1.800556E-1
4.894000E-3 -1.604718E+0 1.505747E-1
4.895000E-3 -2.193396E+0 1.210937E-1
4.896000E-3 -2.487734E+0 8.318964E-2
4.897000E-3 -2.529783E+0 4.107398E-2
4.898000E-3 -2.235444E+0 3.169895E-3
4.899000E-3 -1.688815E+0 -2.631106E-2
4.900000E-3 -1.016040E+0 -5.158046E-2
4.901000E-3 -1.330241E-1 -6.842672E-2
4.902000E-3 7.499922E-1 -7.263828E-2
4.903000E-3 1.506863E+0 -6.842672E-2
4.904000E-3 2.137589E+0 -5.579202E-2
4.905000E-3 2.473977E+0 -3.052263E-2
4.906000E-3 2.516025E+0 -5.253235E-3
4.907000E-3 2.263735E+0 1.159303E-2
4.908000E-3 1.759154E+0 3.686242E-2
4.909000E-3 1.044331E+0 4.949712E-2
4.910000E-3 1.613147E-1 5.370868E-2
4.911000E-3 -6.796533E-1 4.528555E-2
4.912000E-3 -1.436524E+0 2.422772E-2
4.913000E-3 -2.067250E+0 -1.041670E-3
4.914000E-3 -2.487734E+0 -3.052263E-2
4.915000E-3 -2.529783E+0 -7.263828E-2
4.916000E-3 -2.319541E+0 -1.147539E-1
4.917000E-3 -1.857008E+0 -1.484465E-1
4.918000E-3 -1.100137E+0 -1.737159E-1
4.919000E-3 -3.012177E-1 -1.737159E-1
4.920000E-3 5.817987E-1 -1.568696E-1
4.921000E-3 1.422767E+0 -1.147539E-1
4.922000E-3 2.053493E+0 -6.000359E-2
4.923000E-3 2.431928E+0 -1.041670E-3
4.924000E-3 2.516025E+0 4.528555E-2
4.925000E-3 2.347831E+0 1.000359E-1
4.926000E-3 1.843251E+0 1.210937E-1
4.927000E-3 1.170476E+0 1.379400E-1
4.928000E-3 3.295083E-1 1.379400E-1
4.929000E-3 -5.114597E-1 1.337284E-1
4.930000E-3 -1.310379E+0 1.168822E-1
4.931000E-3 -1.983154E+0 8.740121E-2
4.932000E-3 -2.403638E+0 4.949712E-2
4.933000E-3 -2.571831E+0 7.381461E-3
4.934000E-3 -2.361589E+0 -2.631106E-2
4.935000E-3 -1.941105E+0 -6.000359E-2
4.936000E-3 -1.268331E+0 -8.948455E-2
4.937000E-3 -4.694113E-1 -1.105424E-1
4.938000E-3 4.136051E-1 -1.189655E-1
4.939000E-3 1.254573E+0 -1.147539E-1
4.940000E-3 1.927347E+0 -1.021192E-1
4.941000E-3 2.389880E+0 -8.106141E-2
4.942000E-3 2.516025E+0 -5.158046E-2
4.943000E-3 2.389880E+0 -2.631106E-2
4.944000E-3 1.969396E+0 -1.041670E-3
4.945000E-3 1.296621E+0 7.381461E-3
4.946000E-3 4.977019E-1 1.580459E-2
4.947000E-3 -3.432661E-1 1.580459E-2
4.948000E-3 -1.184234E+0 3.169895E-3
4.949000E-3 -1.857008E+0 -1.788793E-2
4.950000E-3 -2.361589E+0 -4.736889E-2
4.951000E-3 -2.529783E+0 -8.948455E-2
4.952000E-3 -2.445686E+0 -1.273886E-1
4.953000E-3 -2.025202E+0 -1.526580E-1
4.954000E-3 -1.394476E+0 -1.526580E-1
4.955000E-3 -5.955565E-1 -1.316002E-1
4.956000E-3 2.874599E-1 -9.369611E-2
4.957000E-3 1.128428E+0 -3.473419E-2
4.958000E-3 1.801202E+0 2.001616E-2
4.959000E-3 2.305783E+0 7.055494E-2
4.960000E-3 2.558073E+0 1.210937E-1
4.961000E-3 2.431928E+0 1.505747E-1
4.962000E-3 2.095541E+0 1.716325E-1
4.963000E-3 1.422767E+0 1.842672E-1
4.964000E-3 6.658955E-1 1.969019E-1
4.965000E-3 -1.750725E-1 1.884788E-1
4.966000E-3 -1.016040E+0 1.716325E-1
4.967000E-3 -1.772912E+0 1.421516E-1
4.968000E-3 -2.277492E+0 1.084590E-1
4.969000E-3 -2.529783E+0 7.055494E-2
4.970000E-3 -2.445686E+0 2.843929E-2
4.971000E-3 -2.109299E+0 -9.464801E-3
4.972000E-3 -1.520621E+0 -3.473419E-2
4.973000E-3 -7.637501E-1 -6.000359E-2
4.974000E-3 1.192663E-1 -7.263828E-2
4.975000E-3 1.002283E+0 -7.263828E-2
4.976000E-3 1.717105E+0 -6.842672E-2
4.977000E-3 2.263735E+0 -4.736889E-2
4.978000E-3 2.516025E+0 -2.631106E-2
4.979000E-3 2.473977E+0 -1.041670E-3
4.980000E-3 2.137589E+0 2.001616E-2
4.981000E-3 1.590960E+0 4.107398E-2
4.982000E-3 8.340890E-1 5.370868E-2
4.983000E-3 -4.892732E-2 5.370868E-2
4.984000E-3 -8.898953E-1 4.107398E-2
4.985000E-3 -1.646766E+0 2.001616E-2
4.986000E-3 -2.193396E+0 -9.464801E-3
4.987000E-3 -2.529783E+0 -4.736889E-2
4.988000E-3 -2.529783E+0 -8.527298E-2
4.989000E-3 -2.193396E+0 -1.231771E-1
4.990000E-3 -1.688815E+0 -1.568696E-1
4.991000E-3 -9.319437E-1 -1.779274E-1
4.992000E-3 -4.892732E-2 -1.695043E-1
4.993000E-3 8.340890E-1 -1.484465E-1
4.994000E-3 1.548912E+0 -1.021192E-1
4.995000E-3 2.179638E+0 -4.736889E-2
4.996000E-3 2.516025E+0 7.381461E-3
4.997000E-3 2.516025E+0 5.792025E-2
4.998000E-3 2.221686E+0 1.042475E-1
4.999000E-3 1.675057E+0 1.295169E-1
5.000000E-3 9.602342E-1 1.379400E-1
5.001000E-3 7.721787E-2 1.379400E-1
5.002000E-3 -7.217017E-1 1.295169E-1
5.003000E-3 -1.520621E+0 1.042475E-1
5.004000E-3 -2.109299E+0 7.476651E-2
5.005000E-3 -2.487734E+0 3.686242E-2
5.006000E-3 -2.529783E+0 -1.041670E-3
5.007000E-3 -2.277492E+0 -3.473419E-2
5.008000E-3 -1.772912E+0 -7.263828E-2
5.009000E-3 -1.058089E+0 -9.790768E-2
5.010000E-3 -2.171209E-1 -1.147539E-1
5.011000E-3 6.658955E-1 -1.189655E-1
5.012000E-3 1.464815E+0 -1.147539E-1
5.013000E-3 2.095541E+0 -9.790768E-2
5.014000E-3 2.431928E+0 -7.263828E-2
5.015000E-3 2.558073E+0 -4.315732E-2
5.016000E-3 2.305783E+0 -1.788793E-2
5.017000E-3 1.801202E+0 -1.041670E-3
5.018000E-3 1.086379E+0 7.381461E-3
5.019000E-3 2.874599E-1 2.001616E-2
5.020000E-3 -5.955565E-1 1.159303E-2
5.021000E-3 -1.394476E+0 -5.253235E-3
5.022000E-3 -2.025202E+0 -2.631106E-2
5.023000E-3 -2.445686E+0 -6.000359E-2
5.024000E-3 -2.529783E+0 -1.021192E-1
5.025000E-3 -2.361589E+0 -1.358118E-1
5.026000E-3 -1.857008E+0 -1.526580E-1
5.027000E-3 -1.184234E+0 -1.484465E-1
5.028000E-3 -3.853145E-1 -1.231771E-1
5.029000E-3 4.977019E-1 -7.684985E-2
5.030000E-3 1.338670E+0 -1.788793E-2
5.031000E-3 2.011444E+0 3.265085E-2
5.032000E-3 2.389880E+0 8.318964E-2
5.033000E-3 2.516025E+0 1.337284E-1
5.034000E-3 2.347831E+0 1.589978E-1
5.035000E-3 1.927347E+0 1.758441E-1
5.036000E-3 1.254573E+0 1.884788E-1
5.037000E-3 4.556535E-1 1.926903E-1
5.038000E-3 -4.273629E-1 1.884788E-1
5.039000E-3 -1.268331E+0 1.632094E-1
5.040000E-3 -1.899057E+0 1.379400E-1
5.041000E-3 -2.361589E+0 1.000359E-1
5.042000E-3 -2.571831E+0 5.792025E-2
5.043000E-3 -2.403638E+0 2.001616E-2
5.044000E-3 -1.983154E+0 -1.367637E-2
5.045000E-3 -1.352428E+0 -4.315732E-2
5.046000E-3 -5.114597E-1 -6.421515E-2
5.047000E-3 3.295083E-1 -7.684985E-2
5.048000E-3 1.170476E+0 -7.263828E-2
5.049000E-3 1.885299E+0 -6.421515E-2
5.050000E-3 2.347831E+0 -3.894576E-2
5.051000E-3 2.516025E+0 -1.788793E-2
5.052000E-3 2.431928E+0 3.169895E-3
5.053000E-3 2.011444E+0 2.422772E-2
5.054000E-3 1.338670E+0 4.528555E-2
5.055000E-3 5.817987E-1 5.370868E-2
5.056000E-3 -2.591693E-1 4.949712E-2
5.057000E-3 -1.100137E+0 3.686242E-2
5.058000E-3 -1.814960E+0 7.381461E-3
5.059000E-3 -2.319541E+0 -1.788793E-2
5.060000E-3 -2.529783E+0 -5.158046E-2
5.061000E-3 -2.445686E+0 -9.790768E-2
5.062000E-3 -2.067250E+0 -1.316002E-1
5.063000E-3 -1.436524E+0 -1.652927E-1
5.064000E-3 -6.796533E-1 -1.779274E-1
5.065000E-3 1.613147E-1 -1.695043E-1
5.066000E-3 1.044331E+0 -1.358118E-1
5.067000E-3 1.759154E+0 -8.948455E-2
5.068000E-3 2.305783E+0 -3.052263E-2
5.069000E-3 2.516025E+0 2.422772E-2
5.070000E-3 2.431928E+0 7.055494E-2
5.071000E-3 2.137589E+0 1.168822E-1
5.072000E-3 1.506863E+0 1.337284E-1
5.073000E-3 7.499922E-1 1.379400E-1
5.074000E-3 -1.330241E-1 1.379400E-1
5.075000E-3 -1.016040E+0 1.253053E-1
5.076000E-3 -1.688815E+0 1.000359E-1
5.077000E-3 -2.235444E+0 6.634338E-2
5.078000E-3 -2.529783E+0 2.843929E-2
5.079000E-3 -2.487734E+0 -9.464801E-3
5.080000E-3 -2.151347E+0 -4.736889E-2
5.081000E-3 -1.604718E+0 -8.106141E-2
5.082000E-3 -8.478469E-1 -1.021192E-1
5.083000E-3 3.516947E-2 -1.189655E-1
5.084000E-3 9.181858E-1 -1.189655E-1
5.085000E-3 1.675057E+0 -1.063308E-1
5.086000E-3 2.179638E+0 -8.948455E-2
5.087000E-3 2.516025E+0 -6.421515E-2
5.088000E-3 2.516025E+0 -3.473419E-2
5.089000E-3 2.179638E+0 -1.367637E-2
5.090000E-3 1.633009E+0 3.169895E-3
5.091000E-3 8.761374E-1 1.580459E-2
5.092000E-3 3.516947E-2 1.580459E-2
5.093000E-3 -8.478469E-1 7.381461E-3
5.094000E-3 -1.604718E+0 -9.464801E-3
5.095000E-3 -2.193396E+0 -3.052263E-2
5.096000E-3 -2.487734E+0 -6.842672E-2
5.097000E-3 -2.529783E+0 -1.105424E-1
5.098000E-3 -2.235444E+0 -1.442349E-1
5.099000E-3 -1.688815E+0 -1.568696E-1
5.100000E-3 -1.016040E+0 -1.484465E-1
5.101000E-3 -1.330241E-1 -1.147539E-1
5.102000E-3 7.499922E-1 -6.000359E-2
5.103000E-3 1.506863E+0 -1.041670E-3
5.104000E-3 2.137589E+0 4.528555E-2
5.105000E-3 2.473977E+0 1.084590E-1
5.106000E-3 2.516025E+0 1.379400E-1
5.107000E-3 2.263735E+0 1.632094E-1
5.108000E-3 1.759154E+0 1.842672E-1
5.109000E-3 1.044331E+0 1.926903E-1
5.110000E-3 2.033631E-1 1.926903E-1
5.111000E-3 -6.796533E-1 1.842672E-1
5.112000E-3 -1.436524E+0 1.547863E-1
5.113000E-3 -2.067250E+0 1.253053E-1
5.114000E-3 -2.445686E+0 9.161277E-2
5.115000E-3 -2.529783E+0 4.949712E-2
5.116000E-3 -2.277492E+0 1.159303E-2
5.117000E-3 -1.814960E+0 -1.788793E-2
5.118000E-3 -1.100137E+0 -4.736889E-2
5.119000E-3 -2.591693E-1 -6.421515E-2
5.120000E-3 6.238471E-1 -7.684985E-2
5.121000E-3 1.422767E+0 -6.842672E-2
5.122000E-3 2.053493E+0 -6.000359E-2
5.123000E-3 2.431928E+0 -3.473419E-2
5.124000E-3 2.516025E+0 -9.464801E-3
5.125000E-3 2.347831E+0 7.381461E-3
5.126000E-3 1.885299E+0 3.265085E-2
5.127000E-3 1.170476E+0 4.949712E-2
5.128000E-3 3.295083E-1 5.370868E-2
5.129000E-3 -5.114597E-1 4.949712E-2
5.130000E-3 -1.310379E+0 2.843929E-2
5.131000E-3 -1.941105E+0 3.169895E-3
5.132000E-3 -2.403638E+0 -3.052263E-2
5.133000E-3 -2.529783E+0 -6.421515E-2
5.134000E-3 -2.361589E+0 -1.063308E-1
5.135000E-3 -1.941105E+0 -1.442349E-1
5.136000E-3 -1.226282E+0 -1.695043E-1
5.137000E-3 -4.273629E-1 -1.737159E-1
5.138000E-3 4.136051E-1 -1.652927E-1
5.139000E-3 1.254573E+0 -1.231771E-1
5.140000E-3 1.969396E+0 -7.263828E-2
5.141000E-3 2.389880E+0 -9.464801E-3
5.142000E-3 2.516025E+0 3.686242E-2
5.143000E-3 2.431928E+0 9.582434E-2
5.144000E-3 1.969396E+0 1.168822E-1
5.145000E-3 1.296621E+0 1.337284E-1
5.146000E-3 4.977019E-1 1.379400E-1
5.147000E-3 -3.432661E-1 1.337284E-1
5.148000E-3 -1.184234E+0 1.210937E-1
5.149000E-3 -1.857008E+0 9.582434E-2
5.150000E-3 -2.361589E+0 5.792025E-2
5.151000E-3 -2.529783E+0 2.001616E-2
5.152000E-3 -2.445686E+0 -1.788793E-2
5.153000E-3 -2.025202E+0 -5.158046E-2
5.154000E-3 -1.394476E+0 -8.527298E-2
5.155000E-3 -5.955565E-1 -1.063308E-1
5.156000E-3 2.874599E-1 -1.189655E-1
5.157000E-3 1.128428E+0 -1.189655E-1
5.158000E-3 1.843251E+0 -1.021192E-1
5.159000E-3 2.347831E+0 -8.106141E-2
5.160000E-3 2.516025E+0 -5.579202E-2
5.161000E-3 2.431928E+0 -3.052263E-2
5.162000E-3 2.053493E+0 -1.041670E-3
5.163000E-3 1.422767E+0 7.381461E-3
5.164000E-3 6.658955E-1 1.580459E-2
5.165000E-3 -1.750725E-1 1.580459E-2
5.166000E-3 -1.058089E+0 3.169895E-3
5.167000E-3 -1.772912E+0 -1.367637E-2
5.168000E-3 -2.277492E+0 -4.736889E-2
5.169000E-3 -2.529783E+0 -8.106141E-2
5.170000E-3 -2.445686E+0 -1.189655E-1
5.171000E-3 -2.109299E+0 -1.484465E-1
5.172000E-3 -1.520621E+0 -1.526580E-1
5.173000E-3 -7.217017E-1 -1.400233E-1
5.174000E-3 1.613147E-1 -9.790768E-2
5.175000E-3 1.002283E+0 -4.315732E-2
5.176000E-3 1.675057E+0 1.580459E-2
5.177000E-3 2.221686E+0 6.213181E-2
5.178000E-3 2.516025E+0 1.168822E-1
5.179000E-3 2.516025E+0 1.463631E-1
5.180000E-3 2.179638E+0 1.674209E-1
5.181000E-3 1.548912E+0 1.842672E-1
5.182000E-3 8.340890E-1 1.969019E-1
5.183000E-3 -6.878924E-3 1.969019E-1
5.184000E-3 -8.898953E-1 1.758441E-1
5.185000E-3 -1.688815E+0 1.505747E-1
5.186000E-3 -2.193396E+0 1.168822E-1
5.187000E-3 -2.529783E+0 7.897807E-2
5.188000E-3 -2.529783E+0 3.686242E-2
5.189000E-3 -2.193396E+0 -1.041670E-3
5.190000E-3 -1.688815E+0 -3.052263E-2
5.191000E-3 -9.319437E-1 -5.158046E-2
5.192000E-3 -4.892732E-2 -7.263828E-2
5.193000E-3 8.340890E-1 -7.684985E-2
5.194000E-3 1.590960E+0 -6.842672E-2
5.195000E-3 2.179638E+0 -5.158046E-2
5.196000E-3 2.473977E+0 -3.052263E-2
5.197000E-3 2.516025E+0 -1.041670E-3
5.198000E-3 2.221686E+0 1.580459E-2
5.199000E-3 1.675057E+0 3.686242E-2
5.200000E-3 9.602342E-1 4.949712E-2
5.201000E-3 7.721787E-2 5.370868E-2
5.202000E-3 -7.637501E-1 4.528555E-2
5.203000E-3 -1.520621E+0 2.001616E-2
5.204000E-3 -2.109299E+0 -5.253235E-3
5.205000E-3 -2.487734E+0 -3.894576E-2
5.206000E-3 -2.529783E+0 -7.684985E-2
5.207000E-3 -2.277492E+0 -1.147539E-1
5.208000E-3 -1.772912E+0 -1.484465E-1
5.209000E-3 -1.058089E+0 -1.737159E-1
5.210000E-3 -2.171209E-1 -1.695043E-1
5.211000E-3 6.658955E-1 -1.526580E-1
5.212000E-3 1.464815E+0 -1.105424E-1
5.213000E-3 2.095541E+0 -5.579202E-2
5.214000E-3 2.473977E+0 3.169895E-3
5.215000E-3 2.516025E+0 4.949712E-2
5.216000E-3 2.347831E+0 1.042475E-1
5.217000E-3 1.801202E+0 1.253053E-1
5.218000E-3 1.128428E+0 1.379400E-1
5.219000E-3 2.874599E-1 1.379400E-1
5.220000E-3 -5.955565E-1 1.295169E-1
5.221000E-3 -1.394476E+0 1.168822E-1
5.222000E-3 -2.025202E+0 8.318964E-2
5.223000E-3 -2.445686E+0 4.949712E-2
5.224000E-3 -2.529783E+0 3.169895E-3
5.225000E-3 -2.361589E+0 -3.052263E-2
5.226000E-3 -1.857008E+0 -6.421515E-2
5.227000E-3 -1.184234E+0 -9.369611E-2
5.228000E-3 -3.432661E-1 -1.105424E-1
5.229000E-3 4.977019E-1 -1.189655E-1
5.230000E-3 1.338670E+0 -1.147539E-1
5.231000E-3 1.969396E+0 -9.790768E-2
5.232000E-3 2.389880E+0 -8.106141E-2
5.233000E-3 2.516025E+0 -4.736889E-2
5.234000E-3 2.347831E+0 -2.209950E-2
5.235000E-3 1.885299E+0 -1.041670E-3
5.236000E-3 1.212525E+0 7.381461E-3
5.237000E-3 4.136051E-1 1.580459E-2
5.238000E-3 -4.273629E-1 1.580459E-2
5.239000E-3 -1.226282E+0 -1.041670E-3
5.240000E-3 -1.941105E+0 -1.788793E-2
5.241000E-3 -2.361589E+0 -5.158046E-2
5.242000E-3 -2.529783E+0 -9.369611E-2
5.243000E-3 -2.403638E+0 -1.316002E-1
5.244000E-3 -1.983154E+0 -1.526580E-1
5.245000E-3 -1.352428E+0 -1.526580E-1
5.246000E-3 -5.114597E-1 -1.316002E-1
5.247000E-3 3.295083E-1 -8.527298E-2
5.248000E-3 1.170476E+0 -3.052263E-2
5.249000E-3 1.885299E+0 2.422772E-2
5.250000E-3 2.347831E+0 7.476651E-2
5.251000E-3 2.516025E+0 1.253053E-1
5.252000E-3 2.431928E+0 1.547863E-1
5.253000E-3 2.011444E+0 1.758441E-1
5.254000E-3 1.380718E+0 1.884788E-1
5.255000E-3 5.817987E-1 1.969019E-1
5.256000E-3 -3.012177E-1 1.884788E-1
5.257000E-3 -1.142186E+0 1.674209E-1
5.258000E-3 -1.814960E+0 1.379400E-1
5.259000E-3 -2.319541E+0 1.042475E-1
5.260000E-3 -2.529783E+0 6.634338E-2
5.261000E-3 -2.445686E+0 2.422772E-2
5.262000E-3 -2.067250E+0 -9.464801E-3
5.263000E-3 -1.436524E+0 -3.894576E-2
5.264000E-3 -6.796533E-1 -6.000359E-2
5.265000E-3 1.613147E-1 -7.684985E-2
5.266000E-3 1.044331E+0 -7.263828E-2
5.267000E-3 1.759154E+0 -6.842672E-2
5.268000E-3 2.263735E+0 -4.736889E-2
5.269000E-3 2.516025E+0 -2.631106E-2
5.270000E-3 2.473977E+0 3.169895E-3
5.271000E-3 2.095541E+0 2.001616E-2
5.272000E-3 1.506863E+0 3.686242E-2
5.273000E-3 7.499922E-1 4.949712E-2
5.274000E-3 -1.330241E-1 4.949712E-2
5.275000E-3 -9.739921E-1 3.686242E-2
5.276000E-3 -1.688815E+0 1.580459E-2
5.277000E-3 -2.277492E+0 -1.367637E-2
5.278000E-3 -2.529783E+0 -4.736889E-2
5.279000E-3 -2.487734E+0 -8.527298E-2
5.280000E-3 -2.193396E+0 -1.273886E-1
5.281000E-3 -1.604718E+0 -1.610812E-1
5.282000E-3 -8.478469E-1 -1.779274E-1
5.283000E-3 -6.878924E-3 -1.695043E-1
5.284000E-3 9.181858E-1 -1.442349E-1
5.285000E-3 1.675057E+0 -9.790768E-2
5.286000E-3 2.179638E+0 -3.894576E-2
5.287000E-3 2.516025E+0 1.580459E-2
5.288000E-3 2.516025E+0 6.213181E-2
5.289000E-3 2.179638E+0 1.084590E-1
5.290000E-3 1.633009E+0 1.295169E-1
5.291000E-3 9.181858E-1 1.379400E-1
5.292000E-3 3.516947E-2 1.379400E-1
5.293000E-3 -8.478469E-1 1.253053E-1
5.294000E-3 -1.562670E+0 1.042475E-1
5.295000E-3 -2.151347E+0 7.476651E-2
5.296000E-3 -2.487734E+0 3.686242E-2
5.297000E-3 -2.529783E+0 -5.253235E-3
5.298000E-3 -2.235444E+0 -3.894576E-2
5.299000E-3 -1.688815E+0 -7.263828E-2
5.300000E-3 -1.016040E+0 -1.021192E-1
5.301000E-3 -1.330241E-1 -1.147539E-1
5.302000E-3 7.499922E-1 -1.189655E-1
5.303000E-3 1.506863E+0 -1.105424E-1
5.304000E-3 2.137589E+0 -9.369611E-2
5.305000E-3 2.473977E+0 -6.842672E-2
5.306000E-3 2.516025E+0 -4.315732E-2
5.307000E-3 2.263735E+0 -1.788793E-2
5.308000E-3 1.759154E+0 3.169895E-3
5.309000E-3 1.002283E+0 1.580459E-2
5.310000E-3 1.613147E-1 1.580459E-2
5.311000E-3 -6.796533E-1 1.159303E-2
5.312000E-3 -1.478573E+0 -5.253235E-3
5.313000E-3 -2.067250E+0 -3.052263E-2
5.314000E-3 -2.445686E+0 -6.421515E-2
5.315000E-3 -2.529783E+0 -1.021192E-1
5.316000E-3 -2.319541E+0 -1.400233E-1
5.317000E-3 -1.814960E+0 -1.526580E-1
5.318000E-3 -1.100137E+0 -1.484465E-1
5.319000E-3 -3.012177E-1 -1.189655E-1
5.320000E-3 5.817987E-1 -6.842672E-2
5.321000E-3 1.422767E+0 -9.464801E-3
5.322000E-3 2.011444E+0 3.686242E-2
5.323000E-3 2.431928E+0 9.161277E-2
5.324000E-3 2.516025E+0 1.379400E-1
5.325000E-3 2.347831E+0 1.589978E-1
5.326000E-3 1.843251E+0 1.800556E-1
5.327000E-3 1.170476E+0 1.926903E-1
5.328000E-3 3.295083E-1 1.926903E-1
5.329000E-3 -5.114597E-1 1.842672E-1
5.330000E-3 -1.352428E+0 1.632094E-1
5.331000E-3 -1.983154E+0 1.337284E-1
5.332000E-3 -2.403638E+0 9.582434E-2
5.333000E-3 -2.529783E+0 5.370868E-2
5.334000E-3 -2.403638E+0 1.580459E-2
5.335000E-3 -1.941105E+0 -1.788793E-2
5.336000E-3 -1.268331E+0 -4.315732E-2
5.337000E-3 -4.273629E-1 -6.421515E-2
5.338000E-3 4.556535E-1 -6.842672E-2
5.339000E-3 1.296621E+0 -6.842672E-2
5.340000E-3 1.927347E+0 -6.421515E-2
5.341000E-3 2.389880E+0 -4.315732E-2
5.342000E-3 2.516025E+0 -1.788793E-2
5.343000E-3 2.389880E+0 3.169895E-3
5.344000E-3 1.927347E+0 2.422772E-2
5.345000E-3 1.338670E+0 4.528555E-2
5.346000E-3 4.977019E-1 5.370868E-2
5.347000E-3 -3.432661E-1 4.949712E-2
5.348000E-3 -1.184234E+0 3.265085E-2
5.349000E-3 -1.857008E+0 7.381461E-3
5.350000E-3 -2.361589E+0 -2.209950E-2
5.351000E-3 -2.529783E+0 -6.000359E-2
5.352000E-3 -2.403638E+0 -9.790768E-2
5.353000E-3 -2.025202E+0 -1.400233E-1
5.354000E-3 -1.394476E+0 -1.652927E-1
5.355000E-3 -5.955565E-1 -1.779274E-1
5.356000E-3 2.874599E-1 -1.652927E-1
5.357000E-3 1.128428E+0 -1.316002E-1
5.358000E-3 1.843251E+0 -8.106141E-2
5.359000E-3 2.347831E+0 -2.209950E-2
5.360000E-3 2.516025E+0 2.843929E-2
5.361000E-3 2.431928E+0 8.318964E-2
5.362000E-3 2.095541E+0 1.168822E-1
5.363000E-3 1.464815E+0 1.337284E-1
5.364000E-3 6.658955E-1 1.379400E-1
5.365000E-3 -2.171209E-1 1.379400E-1
5.366000E-3 -1.016040E+0 1.210937E-1
5.367000E-3 -1.772912E+0 1.000359E-1
5.368000E-3 -2.277492E+0 6.213181E-2
5.369000E-3 -2.529783E+0 2.422772E-2
5.370000E-3 -2.445686E+0 -1.367637E-2
5.371000E-3 -2.109299E+0 -5.158046E-2
5.372000E-3 -1.520621E+0 -8.106141E-2
5.373000E-3 -7.637501E-1 -1.063308E-1
5.374000E-3 1.192663E-1 -1.189655E-1
5.375000E-3 9.602342E-1 -1.189655E-1
5.376000E-3 1.717105E+0 -1.105424E-1
5.377000E-3 2.221686E+0 -8.948455E-2
5.378000E-3 2.516025E+0 -6.421515E-2
5.379000E-3 2.473977E+0 -3.473419E-2
5.380000E-3 2.179638E+0 -9.464801E-3
5.381000E-3 1.548912E+0 3.169895E-3
5.382000E-3 8.340890E-1 1.580459E-2
5.383000E-3 -4.892732E-2 2.001616E-2
5.384000E-3 -8.898953E-1 7.381461E-3
5.385000E-3 -1.646766E+0 -5.253235E-3
5.386000E-3 -2.193396E+0 -3.473419E-2
5.387000E-3 -2.529783E+0 -7.684985E-2
5.388000E-3 -2.529783E+0 -1.147539E-1
5.389000E-3 -2.193396E+0 -1.484465E-1
5.390000E-3 -1.688815E+0 -1.568696E-1
5.391000E-3 -9.319437E-1 -1.442349E-1
5.392000E-3 -4.892732E-2 -1.063308E-1
5.393000E-3 8.340890E-1 -5.158046E-2
5.394000E-3 1.590960E+0 3.169895E-3
5.395000E-3 2.179638E+0 4.949712E-2
5.396000E-3 2.473977E+0 1.084590E-1
5.397000E-3 2.516025E+0 1.421516E-1
5.398000E-3 2.221686E+0 1.674209E-1
5.399000E-3 1.675057E+0 1.842672E-1
5.400000E-3 9.602342E-1 1.926903E-1
5.401000E-3 1.192663E-1 1.926903E-1
5.402000E-3 -7.217017E-1 1.800556E-1
5.403000E-3 -1.520621E+0 1.589978E-1
5.404000E-3 -2.151347E+0 1.210937E-1
5.405000E-3 -2.487734E+0 8.740121E-2
5.406000E-3 -2.529783E+0 4.107398E-2
5.407000E-3 -2.277492E+0 3.169895E-3
5.408000E-3 -1.772912E+0 -2.631106E-2
5.409000E-3 -1.016040E+0 -5.158046E-2
5.410000E-3 -2.171209E-1 -6.842672E-2
5.411000E-3 6.658955E-1 -7.684985E-2
5.412000E-3 1.464815E+0 -6.842672E-2
5.413000E-3 2.095541E+0 -6.000359E-2
5.414000E-3 2.431928E+0 -3.052263E-2
5.415000E-3 2.516025E+0 -9.464801E-3
5.416000E-3 2.305783E+0 7.381461E-3
5.417000E-3 1.801202E+0 3.265085E-2
5.418000E-3 1.086379E+0 4.949712E-2
5.419000E-3 2.874599E-1 5.370868E-2
5.420000E-3 -5.955565E-1 4.528555E-2
5.421000E-3 -1.394476E+0 2.422772E-2
5.422000E-3 -2.025202E+0 -1.041670E-3
5.423000E-3 -2.445686E+0 -3.052263E-2
5.424000E-3 -2.529783E+0 -6.842672E-2
5.425000E-3 -2.361589E+0 -1.105424E-1
5.426000E-3 -1.857008E+0 -1.442349E-1
5.427000E-3 -1.184234E+0 -1.695043E-1
5.428000E-3 -3.853145E-1 -1.737159E-1
5.429000E-3 4.977019E-1 -1.610812E-1
5.430000E-3 1.338670E+0 -1.189655E-1
5.431000E-3 2.011444E+0 -6.842672E-2
5.432000E-3 2.389880E+0 -5.253235E-3
5.433000E-3 2.516025E+0 3.686242E-2
5.434000E-3 2.347831E+0 9.582434E-2
5.435000E-3 1.885299E+0 1.210937E-1
5.436000E-3 1.254573E+0 1.337284E-1
5.437000E-3 4.556535E-1 1.379400E-1
5.438000E-3 -4.273629E-1 1.337284E-1
5.439000E-3 -1.268331E+0 1.168822E-1
5.440000E-3 -1.941105E+0 8.740121E-2
5.441000E-3 -2.361589E+0 5.370868E-2
5.442000E-3 -2.529783E+0 1.580459E-2
5.443000E-3 -2.403638E+0 -2.631106E-2
5.444000E-3 -2.025202E+0 -6.000359E-2
5.445000E-3 -1.352428E+0 -8.948455E-2
5.446000E-3 -5.114597E-1 -1.105424E-1
5.447000E-3 3.295083E-1 -1.189655E-1
5.448000E-3 1.170476E+0 -1.147539E-1
5.449000E-3 1.885299E+0 -9.790768E-2
5.450000E-3 2.347831E+0 -8.106141E-2
5.451000E-3 2.516025E+0 -5.158046E-2
5.452000E-3 2.431928E+0 -3.052263E-2
5.453000E-3 2.011444E+0 -1.041670E-3
5.454000E-3 1.338670E+0 3.169895E-3
5.455000E-3 5.817987E-1 1.580459E-2
5.456000E-3 -2.591693E-1 1.580459E-2
5.457000E-3 -1.100137E+0 3.169895E-3
5.458000E-3 -1.814960E+0 -1.367637E-2
5.459000E-3 -2.319541E+0 -4.736889E-2
5.460000E-3 -2.529783E+0 -8.527298E-2
5.461000E-3 -2.445686E+0 -1.231771E-1
5.462000E-3 -2.067250E+0 -1.526580E-1
5.463000E-3 -1.478573E+0 -1.526580E-1
5.464000E-3 -6.796533E-1 -1.358118E-1
5.465000E-3 2.033631E-1 -9.790768E-2
5.466000E-3 1.044331E+0 -3.894576E-2
5.467000E-3 1.759154E+0 1.580459E-2
5.468000E-3 2.263735E+0 6.634338E-2
5.469000E-3 2.516025E+0 1.210937E-1
5.470000E-3 2.473977E+0 1.463631E-1
5.471000E-3 2.095541E+0 1.716325E-1
5.472000E-3 1.506863E+0 1.842672E-1
5.473000E-3 7.499922E-1 1.926903E-1
5.474000E-3 -1.330241E-1 1.926903E-1
5.475000E-3 -9.739921E-1 1.716325E-1
5.476000E-3 -1.730863E+0 1.463631E-1
5.477000E-3 -2.235444E+0 1.126706E-1
5.478000E-3 -2.529783E+0 7.476651E-2
5.479000E-3 -2.487734E+0 3.265085E-2
5.480000E-3 -2.151347E+0 -5.253235E-3
5.481000E-3 -1.604718E+0 -3.052263E-2
5.482000E-3 -8.478469E-1 -6.000359E-2
5.483000E-3 3.516947E-2 -7.263828E-2
5.484000E-3 9.181858E-1 -7.684985E-2
5.485000E-3 1.675057E+0 -6.842672E-2
5.486000E-3 2.221686E+0 -5.158046E-2
5.487000E-3 2.516025E+0 -2.631106E-2
5.488000E-3 2.516025E+0 -1.041670E-3
5.489000E-3 2.179638E+0 2.001616E-2
5.490000E-3 1.675057E+0 3.686242E-2
5.491000E-3 8.761374E-1 5.370868E-2
5.492000E-3 -6.878924E-3 4.949712E-2
5.493000E-3 -8.057985E-1 4.107398E-2
5.494000E-3 -1.562670E+0 2.001616E-2
5.495000E-3 -2.193396E+0 -9.464801E-3
5.496000E-3 -2.529783E+0 -3.894576E-2
5.497000E-3 -2.529783E+0 -8.106141E-2
5.498000E-3 -2.235444E+0 -1.189655E-1
5.499000E-3 -1.688815E+0 -1.526580E-1
5.500000E-3 -1.016040E+0 -1.779274E-1
5.501000E-3 -1.330241E-1 -1.695043E-1
5.502000E-3 7.499922E-1 -1.526580E-1
5.503000E-3 1.506863E+0 -1.021192E-1
5.504000E-3 2.095541E+0 -5.158046E-2
5.505000E-3 2.473977E+0 7.381461E-3
5.506000E-3 2.516025E+0 5.370868E-2
5.507000E-3 2.263735E+0 1.042475E-1
5.508000E-3 1.759154E+0 1.253053E-1
5.509000E-3 1.002283E+0 1.379400E-1
5.510000E-3 1.613147E-1 1.379400E-1
5.511000E-3 -6.796533E-1 1.295169E-1
5.512000E-3 -1.436524E+0 1.084590E-1
5.513000E-3 -2.067250E+0 8.318964E-2
5.514000E-3 -2.487734E+0 4.107398E-2
5.515000E-3 -2.529783E+0 3.169895E-3
5.516000E-3 -2.319541E+0 -3.473419E-2
5.517000E-3 -1.814960E+0 -6.421515E-2
5.518000E-3 -1.100137E+0 -9.790768E-2
5.519000E-3 -2.591693E-1 -1.147539E-1
5.520000E-3 6.238471E-1 -1.189655E-1
5.521000E-3 1.422767E+0 -1.147539E-1
5.522000E-3 2.053493E+0 -9.790768E-2
5.523000E-3 2.431928E+0 -7.263828E-2
5.524000E-3 2.516025E+0 -4.736889E-2
5.525000E-3 2.347831E+0 -1.788793E-2
5.526000E-3 1.843251E+0 -1.041670E-3
5.527000E-3 1.170476E+0 1.580459E-2
5.528000E-3 3.295083E-1 1.580459E-2
5.529000E-3 -5.114597E-1 1.580459E-2
5.530000E-3 -1.310379E+0 -1.041670E-3
5.531000E-3 -1.983154E+0 -2.209950E-2
5.532000E-3 -2.361589E+0 -6.000359E-2
5.533000E-3 -2.529783E+0 -9.790768E-2
5.534000E-3 -2.361589E+0 -1.358118E-1
5.535000E-3 -1.941105E+0 -1.526580E-1
5.536000E-3 -1.268331E+0 -1.526580E-1
5.537000E-3 -4.694113E-1 -1.273886E-1
5.538000E-3 4.136051E-1 -8.106141E-2
5.539000E-3 1.254573E+0 -2.209950E-2
5.540000E-3 1.969396E+0 2.843929E-2
5.541000E-3 2.389880E+0 7.897807E-2
5.542000E-3 2.558073E+0 1.295169E-1
5.543000E-3 2.389880E+0 1.547863E-1
5.544000E-3 2.011444E+0 1.758441E-1
5.545000E-3 1.338670E+0 1.884788E-1
5.546000E-3 4.977019E-1 1.969019E-1
5.547000E-3 -3.432661E-1 1.884788E-1
5.548000E-3 -1.184234E+0 1.674209E-1
5.549000E-3 -1.857008E+0 1.379400E-1
5.550000E-3 -2.361589E+0 1.042475E-1
5.551000E-3 -2.529783E+0 6.213181E-2
5.552000E-3 -2.403638E+0 2.422772E-2
5.553000E-3 -2.025202E+0 -1.367637E-2
5.554000E-3 -1.394476E+0 -4.315732E-2
5.555000E-3 -5.955565E-1 -6.421515E-2
5.556000E-3 2.874599E-1 -7.263828E-2
5.557000E-3 1.128428E+0 -7.263828E-2
5.558000E-3 1.843251E+0 -6.421515E-2
5.559000E-3 2.347831E+0 -4.736889E-2
5.560000E-3 2.516025E+0 -1.788793E-2
5.561000E-3 2.431928E+0 -1.041670E-3
5.562000E-3 2.053493E+0 2.422772E-2
5.563000E-3 1.422767E+0 4.528555E-2
5.564000E-3 6.658955E-1 5.370868E-2
5.565000E-3 -2.171209E-1 5.370868E-2
5.566000E-3 -1.016040E+0 3.686242E-2
5.567000E-3 -1.772912E+0 1.580459E-2
5.568000E-3 -2.277492E+0 -1.367637E-2
5.569000E-3 -2.529783E+0 -5.158046E-2
5.570000E-3 -2.445686E+0 -9.369611E-2
5.571000E-3 -2.109299E+0 -1.316002E-1
5.572000E-3 -1.520621E+0 -1.610812E-1
5.573000E-3 -7.637501E-1 -1.821390E-1
5.574000E-3 1.192663E-1 -1.695043E-1
5.575000E-3 1.002283E+0 -1.400233E-1
5.576000E-3 1.717105E+0 -9.369611E-2
5.577000E-3 2.221686E+0 -3.473419E-2
5.578000E-3 2.516025E+0 2.001616E-2
5.579000E-3 2.473977E+0 6.634338E-2
5.580000E-3 2.179638E+0 1.084590E-1
5.581000E-3 1.590960E+0 1.337284E-1
5.582000E-3 8.340890E-1 1.379400E-1
5.583000E-3 -6.878924E-3 1.379400E-1
5.584000E-3 -8.898953E-1 1.253053E-1
5.585000E-3 -1.646766E+0 1.042475E-1
5.586000E-3 -2.235444E+0 7.055494E-2
5.587000E-3 -2.529783E+0 3.265085E-2
5.588000E-3 -2.529783E+0 -9.464801E-3
5.589000E-3 -2.193396E+0 -4.736889E-2
5.590000E-3 -1.646766E+0 -7.684985E-2
5.591000E-3 -9.319437E-1 -1.021192E-1
5.592000E-3 -4.892732E-2 -1.147539E-1
5.593000E-3 8.340890E-1 -1.189655E-1
5.594000E-3 1.590960E+0 -1.105424E-1
5.595000E-3 2.179638E+0 -9.369611E-2
5.596000E-3 2.516025E+0 -6.421515E-2
5.597000E-3 2.516025E+0 -3.894576E-2
5.598000E-3 2.221686E+0 -1.367637E-2
5.599000E-3 1.675057E+0 3.169895E-3
5.600000E-3 9.602342E-1 1.580459E-2
5.601000E-3 1.192663E-1 2.001616E-2
5.602000E-3 -7.637501E-1 1.159303E-2
5.603000E-3 -1.520621E+0 -5.253235E-3
5.604000E-3 -2.109299E+0 -3.052263E-2
5.605000E-3 -2.487734E+0 -6.842672E-2
5.606000E-3 -2.529783E+0 -1.063308E-1
5.607000E-3 -2.277492E+0 -1.442349E-1
5.608000E-3 -1.772912E+0 -1.568696E-1
5.609000E-3 -1.058089E+0 -1.526580E-1
5.610000E-3 -2.171209E-1 -1.147539E-1
5.611000E-3 6.658955E-1 -6.421515E-2
5.612000E-3 1.464815E+0 -5.253235E-3
5.613000E-3 2.095541E+0 4.528555E-2
5.614000E-3 2.473977E+0 1.042475E-1
5.615000E-3 2.516025E+0 1.379400E-1
5.616000E-3 2.347831E+0 1.632094E-1
5.617000E-3 1.801202E+0 1.800556E-1
5.618000E-3 1.086379E+0 1.926903E-1
5.619000E-3 2.874599E-1 1.926903E-1
5.620000E-3 -5.955565E-1 1.842672E-1
5.621000E-3 -1.436524E+0 1.589978E-1
5.622000E-3 -2.025202E+0 1.295169E-1
5.623000E-3 -2.445686E+0 9.161277E-2
5.624000E-3 -2.529783E+0 5.370868E-2
5.625000E-3 -2.361589E+0 1.580459E-2
5.626000E-3 -1.857008E+0 -1.788793E-2
5.627000E-3 -1.184234E+0 -4.736889E-2
5.628000E-3 -3.432661E-1 -6.842672E-2
5.629000E-3 4.977019E-1 -7.684985E-2
5.630000E-3 1.338670E+0 -6.842672E-2
5.631000E-3 1.969396E+0 -6.421515E-2
5.632000E-3 2.389880E+0 -3.473419E-2
5.633000E-3 2.516025E+0 -1.367637E-2
5.634000E-3 2.347831E+0 3.169895E-3
5.635000E-3 1.927347E+0 3.265085E-2
5.636000E-3 1.254573E+0 4.949712E-2
5.637000E-3 4.556535E-1 5.370868E-2
5.638000E-3 -4.273629E-1 4.949712E-2
5.639000E-3 -1.226282E+0 3.265085E-2
5.640000E-3 -1.899057E+0 7.381461E-3
5.641000E-3 -2.361589E+0 -2.631106E-2
5.642000E-3 -2.529783E+0 -6.421515E-2
5.643000E-3 -2.403638E+0 -1.021192E-1
5.644000E-3 -1.983154E+0 -1.400233E-1
5.645000E-3 -1.352428E+0 -1.652927E-1
5.646000E-3 -5.114597E-1 -1.779274E-1
5.647000E-3 3.295083E-1 -1.652927E-1
5.648000E-3 1.170476E+0 -1.316002E-1
5.649000E-3 1.885299E+0 -7.684985E-2
5.650000E-3 2.347831E+0 -1.788793E-2
5.651000E-3 2.516025E+0 3.265085E-2
5.652000E-3 2.431928E+0 8.740121E-2
5.653000E-3 2.011444E+0 1.168822E-1
5.654000E-3 1.380718E+0 1.337284E-1
5.655000E-3 5.817987E-1 1.379400E-1
5.656000E-3 -2.591693E-1 1.337284E-1
5.657000E-3 -1.100137E+0 1.210937E-1
5.658000E-3 -1.814960E+0 9.582434E-2
5.659000E-3 -2.319541E+0 5.792025E-2
5.660000E-3 -2.529783E+0 2.001616E-2
5.661000E-3 -2.445686E+0 -1.367637E-2
5.662000E-3 -2.067250E+0 -5.158046E-2
5.663000E-3 -1.478573E+0 -8.527298E-2
5.664000E-3 -6.796533E-1 -1.063308E-1
5.665000E-3 2.033631E-1 -1.189655E-1
5.666000E-3 1.002283E+0 -1.189655E-1
5.667000E-3 1.801202E+0 -1.063308E-1
5.668000E-3 2.305783E+0 -8.527298E-2
5.669000E-3 2.558073E+0 -6.000359E-2
5.670000E-3 2.473977E+0 -3.052263E-2
5.671000E-3 2.137589E+0 -5.253235E-3
5.672000E-3 1.506863E+0 3.169895E-3
5.673000E-3 7.499922E-1 1.580459E-2
5.674000E-3 -1.330241E-1 1.580459E-2
5.675000E-3 -9.739921E-1 3.169895E-3
5.676000E-3 -1.688815E+0 -1.367637E-2
5.677000E-3 -2.277492E+0 -4.315732E-2
5.678000E-3 -2.529783E+0 -8.106141E-2
5.679000E-3 -2.487734E+0 -1.147539E-1
5.680000E-3 -2.193396E+0 -1.484465E-1
5.681000E-3 -1.604718E+0 -1.568696E-1
5.682000E-3 -8.478469E-1 -1.400233E-1
5.683000E-3 -6.878924E-3 -1.021192E-1
5.684000E-3 9.181858E-1 -5.158046E-2
5.685000E-3 1.675057E+0 7.381461E-3
5.686000E-3 2.179638E+0 5.792025E-2
5.687000E-3 2.516025E+0 1.126706E-1
5.688000E-3 2.516025E+0 1.421516E-1
5.689000E-3 2.179638E+0 1.674209E-1
5.690000E-3 1.633009E+0 1.842672E-1
5.691000E-3 8.761374E-1 1.926903E-1
5.692000E-3 3.516947E-2 1.926903E-1
5.693000E-3 -8.478469E-1 1.758441E-1
5.694000E-3 -1.604718E+0 1.505747E-1
5.695000E-3 -2.193396E+0 1.210937E-1
5.696000E-3 -2.529783E+0 8.318964E-2
5.697000E-3 -2.529783E+0 4.107398E-2
5.698000E-3 -2.235444E+0 -1.041670E-3
5.699000E-3 -1.688815E+0 -2.631106E-2
5.700000E-3 -1.016040E+0 -5.579202E-2
5.701000E-3 -1.330241E-1 -7.263828E-2
5.702000E-3 7.499922E-1 -7.263828E-2
5.703000E-3 1.506863E+0 -6.842672E-2
5.704000E-3 2.095541E+0 -5.579202E-2
5.705000E-3 2.473977E+0 -3.052263E-2
5.706000E-3 2.516025E+0 -5.253235E-3
5.707000E-3 2.263735E+0 1.580459E-2
5.708000E-3 1.717105E+0 3.686242E-2
5.709000E-3 1.002283E+0 4.949712E-2
5.710000E-3 2.033631E-1 5.370868E-2
5.711000E-3 -6.796533E-1 4.949712E-2
5.712000E-3 -1.436524E+0 2.422772E-2
5.713000E-3 -2.067250E+0 -1.041670E-3
5.714000E-3 -2.445686E+0 -3.473419E-2
5.715000E-3 -2.529783E+0 -7.684985E-2
5.716000E-3 -2.319541E+0 -1.105424E-1
5.717000E-3 -1.857008E+0 -1.484465E-1
5.718000E-3 -1.142186E+0 -1.737159E-1
5.719000E-3 -3.012177E-1 -1.737159E-1
5.720000E-3 5.817987E-1 -1.568696E-1
5.721000E-3 1.380718E+0 -1.189655E-1
5.722000E-3 2.011444E+0 -6.421515E-2
5.723000E-3 2.431928E+0 -1.041670E-3
5.724000E-3 2.516025E+0 4.528555E-2
5.725000E-3 2.347831E+0 1.000359E-1
5.726000E-3 1.843251E+0 1.210937E-1
5.727000E-3 1.170476E+0 1.337284E-1
5.728000E-3 3.295083E-1 1.379400E-1
5.729000E-3 -5.114597E-1 1.337284E-1
5.730000E-3 -1.352428E+0 1.168822E-1
5.731000E-3 -1.983154E+0 8.740121E-2
5.732000E-3 -2.403638E+0 4.949712E-2
5.733000E-3 -2.529783E+0 7.381461E-3
5.734000E-3 -2.361589E+0 -2.631106E-2
5.735000E-3 -1.941105E+0 -6.421515E-2
5.736000E-3 -1.268331E+0 -8.948455E-2
5.737000E-3 -4.694113E-1 -1.105424E-1
5.738000E-3 4.556535E-1 -1.189655E-1
5.739000E-3 1.254573E+0 -1.147539E-1
5.740000E-3 1.927347E+0 -1.021192E-1
5.741000E-3 2.347831E+0 -8.106141E-2
5.742000E-3 2.516025E+0 -5.158046E-2
5.743000E-3 2.389880E+0 -2.631106E-2
5.744000E-3 2.011444E+0 -1.041670E-3
5.745000E-3 1.338670E+0 7.381461E-3
5.746000E-3 4.977019E-1 1.580459E-2
5.747000E-3 -3.432661E-1 1.580459E-2
5.748000E-3 -1.184234E+0 3.169895E-3
5.749000E-3 -1.857008E+0 -1.788793E-2
5.750000E-3 -2.361589E+0 -5.158046E-2
5.751000E-3 -2.529783E+0 -8.948455E-2
5.752000E-3 -2.403638E+0 -1.316002E-1
5.753000E-3 -2.025202E+0 -1.526580E-1
5.754000E-3 -1.394476E+0 -1.568696E-1
5.755000E-3 -5.955565E-1 -1.316002E-1
5.756000E-3 2.874599E-1 -8.948455E-2
5.757000E-3 1.128428E+0 -3.052263E-2
5.758000E-3 1.843251E+0 2.001616E-2
5.759000E-3 2.305783E+0 7.055494E-2
5.760000E-3 2.516025E+0 1.253053E-1
5.761000E-3 2.431928E+0 1.505747E-1
5.762000E-3 2.053493E+0 1.716325E-1
5.763000E-3 1.422767E+0 1.884788E-1
5.764000E-3 6.658955E-1 1.926903E-1
5.765000E-3 -1.750725E-1 1.884788E-1
5.766000E-3 -1.016040E+0 1.716325E-1
5.767000E-3 -1.772912E+0 1.421516E-1
5.768000E-3 -2.277492E+0 1.084590E-1
5.769000E-3 -2.529783E+0 7.055494E-2
5.770000E-3 -2.445686E+0 3.265085E-2
5.771000E-3 -2.109299E+0 -9.464801E-3
5.772000E-3 -1.520621E+0 -3.473419E-2
5.773000E-3 -7.637501E-1 -6.000359E-2
5.774000E-3 1.192663E-1 -7.684985E-2
5.775000E-3 1.002283E+0 -7.263828E-2
5.776000E-3 1.675057E+0 -6.842672E-2
5.777000E-3 2.221686E+0 -5.158046E-2
5.778000E-3 2.516025E+0 -2.631106E-2
5.779000E-3 2.473977E+0 -1.041670E-3
5.780000E-3 2.137589E+0 2.001616E-2
5.781000E-3 1.590960E+0 3.686242E-2
5.782000E-3 8.340890E-1 5.370868E-2
5.783000E-3 -4.892732E-2 4.949712E-2
5.784000E-3 -9.319437E-1 4.107398E-2
5.785000E-3 -1.646766E+0 2.001616E-2
5.786000E-3 -2.193396E+0 -9.464801E-3
5.787000E-3 -2.529783E+0 -4.736889E-2
5.788000E-3 -2.529783E+0 -8.527298E-2
5.789000E-3 -2.193396E+0 -1.231771E-1
5.790000E-3 -1.688815E+0 -1.568696E-1
5.791000E-3 -8.898953E-1 -1.779274E-1
5.792000E-3 -6.878924E-3 -1.695043E-1
5.793000E-3 8.340890E-1 -1.484465E-1
5.794000E-3 1.590960E+0 -1.021192E-1
5.795000E-3 2.179638E+0 -4.736889E-2
5.796000E-3 2.473977E+0 1.159303E-2
5.797000E-3 2.516025E+0 5.792025E-2
5.798000E-3 2.263735E+0 1.042475E-1
5.799000E-3 1.675057E+0 1.253053E-1
5.800000E-3 9.602342E-1 1.337284E-1
5.801000E-3 7.721787E-2 1.379400E-1
5.802000E-3 -7.637501E-1 1.295169E-1
5.803000E-3 -1.520621E+0 1.084590E-1
5.804000E-3 -2.151347E+0 7.476651E-2
5.805000E-3 -2.487734E+0 3.686242E-2
5.806000E-3 -2.529783E+0 -1.041670E-3
5.807000E-3 -2.277492E+0 -3.473419E-2
5.808000E-3 -1.772912E+0 -7.263828E-2
5.809000E-3 -1.058089E+0 -9.790768E-2
5.810000E-3 -1.750725E-1 -1.147539E-1
5.811000E-3 6.658955E-1 -1.189655E-1
5.812000E-3 1.464815E+0 -1.147539E-1
5.813000E-3 2.095541E+0 -9.790768E-2
5.814000E-3 2.431928E+0 -7.263828E-2
5.815000E-3 2.516025E+0 -4.315732E-2
5.816000E-3 2.305783E+0 -1.788793E-2
5.817000E-3 1.801202E+0 3.169895E-3
5.818000E-3 1.086379E+0 7.381461E-3
5.819000E-3 2.874599E-1 1.580459E-2
5.820000E-3 -5.955565E-1 1.159303E-2
5.821000E-3 -1.394476E+0 -5.253235E-3
5.822000E-3 -2.025202E+0 -2.631106E-2
5.823000E-3 -2.445686E+0 -6.000359E-2
5.824000E-3 -2.529783E+0 -9.790768E-2
5.825000E-3 -2.361589E+0 -1.358118E-1
5.826000E-3 -1.857008E+0 -1.526580E-1
5.827000E-3 -1.184234E+0 -1.526580E-1
5.828000E-3 -3.432661E-1 -1.231771E-1
5.829000E-3 4.977019E-1 -7.684985E-2
5.830000E-3 1.338670E+0 -1.788793E-2
5.831000E-3 2.011444E+0 3.686242E-2
5.832000E-3 2.389880E+0 8.318964E-2
5.833000E-3 2.558073E+0 1.337284E-1
5.834000E-3 2.347831E+0 1.547863E-1
5.835000E-3 1.927347E+0 1.758441E-1
5.836000E-3 1.212525E+0 1.842672E-1
5.837000E-3 4.556535E-1 1.969019E-1
5.838000E-3 -4.273629E-1 1.842672E-1
5.839000E-3 -1.268331E+0 1.674209E-1
5.840000E-3 -1.941105E+0 1.337284E-1
5.841000E-3 -2.361589E+0 1.042475E-1
5.842000E-3 -2.571831E+0 5.792025E-2
5.843000E-3 -2.403638E+0 1.580459E-2
5.844000E-3 -2.025202E+0 -1.367637E-2
5.845000E-3 -1.352428E+0 -4.315732E-2
5.846000E-3 -5.114597E-1 -6.421515E-2
5.847000E-3 3.295083E-1 -7.263828E-2
5.848000E-3 1.170476E+0 -7.263828E-2
5.849000E-3 1.885299E+0 -6.421515E-2
5.850000E-3 2.347831E+0 -4.315732E-2
5.851000E-3 2.516025E+0 -1.367637E-2
5.852000E-3 2.389880E+0 3.169895E-3
5.853000E-3 2.011444E+0 2.422772E-2
5.854000E-3 1.380718E+0 4.528555E-2
5.855000E-3 5.817987E-1 5.370868E-2
5.856000E-3 -3.012177E-1 4.949712E-2
5.857000E-3 -1.100137E+0 3.686242E-2
5.858000E-3 -1.857008E+0 1.580459E-2
5.859000E-3 -2.319541E+0 -1.788793E-2
5.860000E-3 -2.529783E+0 -5.579202E-2
5.861000E-3 -2.445686E+0 -9.790768E-2
5.862000E-3 -2.109299E+0 -1.358118E-1
5.863000E-3 -1.478573E+0 -1.652927E-1
5.864000E-3 -6.796533E-1 -1.821390E-1
5.865000E-3 1.613147E-1 -1.695043E-1
5.866000E-3 1.044331E+0 -1.358118E-1
5.867000E-3 1.759154E+0 -8.527298E-2
5.868000E-3 2.263735E+0 -2.631106E-2
5.869000E-3 2.558073E+0 2.422772E-2
5.870000E-3 2.473977E+0 7.476651E-2
5.871000E-3 2.137589E+0 1.126706E-1
5.872000E-3 1.506863E+0 1.337284E-1
5.873000E-3 7.499922E-1 1.379400E-1
5.874000E-3 -1.330241E-1 1.379400E-1
5.875000E-3 -9.739921E-1 1.210937E-1
5.876000E-3 -1.688815E+0 1.000359E-1
5.877000E-3 -2.235444E+0 6.634338E-2
5.878000E-3 -2.529783E+0 2.843929E-2
5.879000E-3 -2.487734E+0 -1.367637E-2
5.880000E-3 -2.151347E+0 -4.736889E-2
5.881000E-3 -1.562670E+0 -7.684985E-2
5.882000E-3 -8.478469E-1 -1.021192E-1
5.883000E-3 3.516947E-2 -1.147539E-1
5.884000E-3 9.181858E-1 -1.189655E-1
5.885000E-3 1.633009E+0 -1.105424E-1
5.886000E-3 2.221686E+0 -8.948455E-2
5.887000E-3 2.516025E+0 -6.421515E-2
5.888000E-3 2.516025E+0 -3.473419E-2
5.889000E-3 2.179638E+0 -1.367637E-2
5.890000E-3 1.633009E+0 3.169895E-3
5.891000E-3 8.761374E-1 1.580459E-2
5.892000E-3 3.516947E-2 1.580459E-2
5.893000E-3 -8.478469E-1 7.381461E-3
5.894000E-3 -1.562670E+0 -5.253235E-3
5.895000E-3 -2.193396E+0 -3.473419E-2
5.896000E-3 -2.529783E+0 -7.263828E-2
5.897000E-3 -2.529783E+0 -1.147539E-1
5.898000E-3 -2.277492E+0 -1.442349E-1
5.899000E-3 -1.730863E+0 -1.568696E-1
5.900000E-3 -9.739921E-1 -1.484465E-1
5.901000E-3 -1.330241E-1 -1.147539E-1
5.902000E-3 7.499922E-1 -6.000359E-2
5.903000E-3 1.506863E+0 -1.041670E-3
5.904000E-3 2.095541E+0 4.949712E-2
5.905000E-3 2.473977E+0 1.042475E-1
5.906000E-3 2.516025E+0 1.379400E-1
5.907000E-3 2.263735E+0 1.632094E-1
5.908000E-3 1.759154E+0 1.800556E-1
5.909000E-3 1.002283E+0 1.926903E-1
5.910000E-3 2.033631E-1 1.926903E-1
5.911000E-3 -6.796533E-1 1.800556E-1
5.912000E-3 -1.478573E+0 1.589978E-1
5.913000E-3 -2.067250E+0 1.253053E-1
5.914000E-3 -2.445686E+0 8.740121E-2
5.915000E-3 -2.529783E+0 4.949712E-2
5.916000E-3 -2.319541E+0 7.381461E-3
5.917000E-3 -1.857008E+0 -2.209950E-2
5.918000E-3 -1.100137E+0 -4.736889E-2
5.919000E-3 -2.591693E-1 -6.842672E-2
5.920000E-3 5.817987E-1 -7.684985E-2
5.921000E-3 1.380718E+0 -6.842672E-2
5.922000E-3 2.053493E+0 -5.579202E-2
5.923000E-3 2.431928E+0 -3.473419E-2
5.924000E-3 2.516025E+0 -9.464801E-3
5.925000E-3 2.347831E+0 7.381461E-3
5.926000E-3 1.843251E+0 3.265085E-2
5.927000E-3 1.170476E+0 4.949712E-2
5.928000E-3 3.295083E-1 4.949712E-2
5.929000E-3 -5.114597E-1 4.949712E-2
5.930000E-3 -1.352428E+0 2.843929E-2
5.931000E-3 -1.983154E+0 3.169895E-3
5.932000E-3 -2.403638E+0 -3.052263E-2
5.933000E-3 -2.529783E+0 -6.842672E-2
5.934000E-3 -2.361589E+0 -1.063308E-1
5.935000E-3 -1.941105E+0 -1.400233E-1
5.936000E-3 -1.268331E+0 -1.695043E-1
5.937000E-3 -4.273629E-1 -1.779274E-1
5.938000E-3 4.136051E-1 -1.610812E-1
5.939000E-3 1.254573E+0 -1.273886E-1
5.940000E-3 1.927347E+0 -7.263828E-2
5.941000E-3 2.347831E+0 -1.367637E-2
5.942000E-3 2.516025E+0 3.686242E-2
5.943000E-3 2.389880E+0 9.161277E-2
5.944000E-3 1.969396E+0 1.168822E-1
5.945000E-3 1.296621E+0 1.337284E-1
5.946000E-3 4.977019E-1 1.379400E-1
5.947000E-3 -3.432661E-1 1.337284E-1
5.948000E-3 -1.184234E+0 1.210937E-1
5.949000E-3 -1.857008E+0 9.161277E-2
5.950000E-3 -2.361589E+0 5.792025E-2
5.951000E-3 -2.529783E+0 1.580459E-2
5.952000E-3 -2.403638E+0 -1.788793E-2
5.953000E-3 -2.025202E+0 -6.000359E-2
5.954000E-3 -1.394476E+0 -8.948455E-2
5.955000E-3 -5.955565E-1 -1.105424E-1
5.956000E-3 2.874599E-1 -1.189655E-1
5.957000E-3 1.128428E+0 -1.189655E-1
5.958000E-3 1.801202E+0 -1.021192E-1
5.959000E-3 2.305783E+0 -8.106141E-2
5.960000E-3 2.516025E+0 -6.000359E-2
5.961000E-3 2.431928E+0 -3.052263E-2
5.962000E-3 2.053493E+0 -9.464801E-3
5.963000E-3 1.422767E+0 3.169895E-3
5.964000E-3 6.658955E-1 1.580459E-2
5.965000E-3 -1.750725E-1 1.580459E-2
5.966000E-3 -1.016040E+0 3.169895E-3
5.967000E-3 -1.772912E+0 -9.464801E-3
5.968000E-3 -2.277492E+0 -4.736889E-2
5.969000E-3 -2.529783E+0 -8.106141E-2
5.970000E-3 -2.487734E+0 -1.189655E-1
5.971000E-3 -2.109299E+0 -1.484465E-1
5.972000E-3 -1.520621E+0 -1.568696E-1
5.973000E-3 -7.217017E-1 -1.358118E-1
5.974000E-3 1.192663E-1 -9.790768E-2
5.975000E-3 9.602342E-1 -4.315732E-2
5.976000E-3 1.717105E+0 1.159303E-2
5.977000E-3 2.221686E+0 6.213181E-2
5.978000E-3 2.516025E+0 1.168822E-1
5.979000E-3 2.516025E+0 1.463631E-1
5.980000E-3 2.179638E+0 1.716325E-1
5.981000E-3 1.590960E+0 1.842672E-1
5.982000E-3 8.340890E-1 1.969019E-1
5.983000E-3 -6.878924E-3 1.926903E-1
5.984000E-3 -9.319437E-1 1.758441E-1
5.985000E-3 -1.688815E+0 1.505747E-1
5.986000E-3 -2.235444E+0 1.168822E-1
5.987000E-3 -2.529783E+0 7.897807E-2
5.988000E-3 -2.529783E+0 3.686242E-2
5.989000E-3 -2.193396E+0 -1.041670E-3
5.990000E-3 -1.688815E+0 -3.052263E-2
5.991000E-3 -8.898953E-1 -5.579202E-2
5.992000E-3 -4.892732E-2 -7.263828E-2
5.993000E-3 8.340890E-1 -7.684985E-2
5.994000E-3 1.590960E+0 -6.842672E-2
5.995000E-3 2.179638E+0 -5.158046E-2
5.996000E-3 2.516025E+0 -3.052263E-2
5.997000E-3 2.516025E+0 -1.041670E-3
5.998000E-3 2.221686E+0 1.580459E-2
5.999000E-3 1.675057E+0 3.686242E-2
6.000000E-3 1.002283E+0 4.949712E-2
6.001000E-3 1.192663E-1 5.370868E-2
6.002000E-3 -7.637501E-1 4.528555E-2
6.003000E-3 -1.520621E+0 2.001616E-2
6.004000E-3 -2.109299E+0 -9.464801E-3
6.005000E-3 -2.487734E+0 -3.473419E-2
6.006000E-3 -2.529783E+0 -7.684985E-2
6.007000E-3 -2.277492E+0 -1.189655E-1
6.008000E-3 -1.772912E+0 -1.484465E-1
6.009000E-3 -1.058089E+0 -1.779274E-1
6.010000E-3 -1.750725E-1 -1.695043E-1
6.011000E-3 6.658955E-1 -1.526580E-1
6.012000E-3 1.506863E+0 -1.105424E-1
6.013000E-3 2.095541E+0 -5.579202E-2
6.014000E-3 2.473977E+0 3.169895E-3
6.015000E-3 2.516025E+0 4.949712E-2
6.016000E-3 2.305783E+0 1.042475E-1
6.017000E-3 1.801202E+0 1.210937E-1
6.018000E-3 1.128428E+0 1.379400E-1
6.019000E-3 2.874599E-1 1.379400E-1
6.020000E-3 -5.955565E-1 1.295169E-1
6.021000E-3 -1.394476E+0 1.126706E-1
6.022000E-3 -2.025202E+0 8.318964E-2
6.023000E-3 -2.445686E+0 4.949712E-2
6.024000E-3 -2.529783E+0 7.381461E-3
6.025000E-3 -2.361589E+0 -3.052263E-2
6.026000E-3 -1.857008E+0 -6.421515E-2
6.027000E-3 -1.184234E+0 -9.369611E-2
6.028000E-3 -3.432661E-1 -1.147539E-1
6.029000E-3 4.977019E-1 -1.189655E-1
6.030000E-3 1.338670E+0 -1.147539E-1
6.031000E-3 2.011444E+0 -9.790768E-2
6.032000E-3 2.389880E+0 -7.684985E-2
6.033000E-3 2.516025E+0 -5.158046E-2
6.034000E-3 2.347831E+0 -2.209950E-2
6.035000E-3 1.927347E+0 -1.041670E-3
6.036000E-3 1.212525E+0 7.381461E-3
6.037000E-3 4.136051E-1 1.580459E-2
6.038000E-3 -4.273629E-1 1.580459E-2
6.039000E-3 -1.268331E+0 -1.041670E-3
6.040000E-3 -1.941105E+0 -1.788793E-2
6.041000E-3 -2.403638E+0 -5.158046E-2
6.042000E-3 -2.529783E+0 -9.369611E-2
6.043000E-3 -2.403638E+0 -1.316002E-1
6.044000E-3 -1.983154E+0 -1.526580E-1
6.045000E-3 -1.310379E+0 -1.526580E-1
6.046000E-3 -5.114597E-1 -1.316002E-1
6.047000E-3 3.295083E-1 -8.527298E-2
6.048000E-3 1.170476E+0 -3.052263E-2
6.049000E-3 1.885299E+0 2.422772E-2
6.050000E-3 2.347831E+0 7.476651E-2
6.051000E-3 2.516025E+0 1.253053E-1
6.052000E-3 2.431928E+0 1.547863E-1
6.053000E-3 2.011444E+0 1.716325E-1
6.054000E-3 1.380718E+0 1.884788E-1
6.055000E-3 5.817987E-1 1.926903E-1
6.056000E-3 -2.591693E-1 1.884788E-1
6.057000E-3 -1.100137E+0 1.674209E-1
6.058000E-3 -1.814960E+0 1.421516E-1
6.059000E-3 -2.319541E+0 1.042475E-1
6.060000E-3 -2.529783E+0 7.055494E-2
6.061000E-3 -2.445686E+0 2.422772E-2
6.062000E-3 -2.067250E+0 -1.367637E-2
6.063000E-3 -1.478573E+0 -3.473419E-2
6.064000E-3 -6.796533E-1 -6.421515E-2
6.065000E-3 1.613147E-1 -7.684985E-2
6.066000E-3 1.044331E+0 -7.263828E-2
6.067000E-3 1.801202E+0 -6.421515E-2
6.068000E-3 2.305783E+0 -4.736889E-2
6.069000E-3 2.516025E+0 -2.631106E-2
6.070000E-3 2.473977E+0 3.169895E-3
6.071000E-3 2.095541E+0 2.001616E-2
6.072000E-3 1.506863E+0 3.686242E-2
6.073000E-3 7.499922E-1 4.949712E-2
6.074000E-3 -1.330241E-1 4.949712E-2
6.075000E-3 -9.739921E-1 3.686242E-2
6.076000E-3 -1.688815E+0 1.580459E-2
6.077000E-3 -2.235444E+0 -1.367637E-2
6.078000E-3 -2.529783E+0 -4.736889E-2
6.079000E-3 -2.487734E+0 -8.948455E-2
6.080000E-3 -2.151347E+0 -1.273886E-1
6.081000E-3 -1.604718E+0 -1.568696E-1
6.082000E-3 -8.478469E-1 -1.779274E-1
6.083000E-3 -6.878924E-3 -1.695043E-1
6.084000E-3 9.181858E-1 -1.442349E-1
6.085000E-3 1.633009E+0 -9.790768E-2
6.086000E-3 2.221686E+0 -3.894576E-2
6.087000E-3 2.516025E+0 1.580459E-2
6.088000E-3 2.516025E+0 6.213181E-2
6.089000E-3 2.179638E+0 1.084590E-1
6.090000E-3 1.675057E+0 1.337284E-1
6.091000E-3 9.181858E-1 1.379400E-1
6.092000E-3 3.516947E-2 1.379400E-1
6.093000E-3 -8.057985E-1 1.253053E-1
6.094000E-3 -1.562670E+0 1.042475E-1
6.095000E-3 -2.151347E+0 7.055494E-2
6.096000E-3 -2.529783E+0 3.265085E-2
6.097000E-3 -2.529783E+0 -5.253235E-3
6.098000E-3 -2.193396E+0 -3.894576E-2
6.099000E-3 -1.688815E+0 -7.263828E-2
6.100000E-3 -9.739921E-1 -9.790768E-2
6.101000E-3 -1.330241E-1 -1.147539E-1
6.102000E-3 7.499922E-1 -1.189655E-1
6.103000E-3 1.506863E+0 -1.105424E-1
6.104000E-3 2.137589E+0 -9.369611E-2
6.105000E-3 2.473977E+0 -6.842672E-2
6.106000E-3 2.516025E+0 -4.315732E-2
6.107000E-3 2.263735E+0 -1.788793E-2
6.108000E-3 1.759154E+0 3.169895E-3
6.109000E-3 1.002283E+0 1.580459E-2
6.110000E-3 2.033631E-1 1.580459E-2
6.111000E-3 -6.796533E-1 7.381461E-3
6.112000E-3 -1.478573E+0 -9.464801E-3
6.113000E-3 -2.067250E+0 -3.052263E-2
6.114000E-3 -2.445686E+0 -6.421515E-2
6.115000E-3 -2.529783E+0 -1.021192E-1
6.116000E-3 -2.319541E+0 -1.400233E-1
6.117000E-3 -1.857008E+0 -1.568696E-1
6.118000E-3 -1.100137E+0 -1.484465E-1
6.119000E-3 -2.591693E-1 -1.189655E-1
6.120000E-3 5.817987E-1 -6.842672E-2
6.121000E-3 1.422767E+0 -1.367637E-2
6.122000E-3 2.053493E+0 3.686242E-2
6.123000E-3 2.431928E+0 9.582434E-2
6.124000E-3 2.558073E+0 1.379400E-1
6.125000E-3 2.347831E+0 1.589978E-1
6.126000E-3 1.843251E+0 1.800556E-1
6.127000E-3 1.170476E+0 1.926903E-1
6.128000E-3 3.715567E-1 1.969019E-1
6.129000E-3 -5.114597E-1 1.842672E-1
6.130000E-3 -1.352428E+0 1.632094E-1
6.131000E-3 -1.983154E+0 1.337284E-1
6.132000E-3 -2.403638E+0 9.582434E-2
6.133000E-3 -2.529783E+0 5.370868E-2
6.134000E-3 -2.361589E+0 1.580459E-2
6.135000E-3 -1.899057E+0 -1.788793E-2
6.136000E-3 -1.268331E+0 -4.736889E-2
6.137000E-3 -4.273629E-1 -6.421515E-2
6.138000E-3 4.136051E-1 -7.263828E-2
6.139000E-3 1.254573E+0 -7.263828E-2
6.140000E-3 1.927347E+0 -6.421515E-2
6.141000E-3 2.389880E+0 -3.894576E-2
6.142000E-3 2.516025E+0 -1.788793E-2
6.143000E-3 2.389880E+0 3.169895E-3
6.144000E-3 1.969396E+0 2.843929E-2
6.145000E-3 1.338670E+0 4.949712E-2
6.146000E-3 4.977019E-1 5.370868E-2
6.147000E-3 -3.432661E-1 5.370868E-2
6.148000E-3 -1.184234E+0 3.686242E-2
6.149000E-3 -1.857008E+0 7.381461E-3
6.150000E-3 -2.361589E+0 -2.209950E-2
6.151000E-3 -2.529783E+0 -5.579202E-2
6.152000E-3 -2.445686E+0 -1.021192E-1
6.153000E-3 -2.025202E+0 -1.358118E-1
6.154000E-3 -1.394476E+0 -1.652927E-1
6.155000E-3 -5.955565E-1 -1.779274E-1
6.156000E-3 2.874599E-1 -1.652927E-1
6.157000E-3 1.128428E+0 -1.316002E-1
6.158000E-3 1.843251E+0 -8.106141E-2
6.159000E-3 2.347831E+0 -2.631106E-2
6.160000E-3 2.516025E+0 2.843929E-2
6.161000E-3 2.431928E+0 7.897807E-2
6.162000E-3 2.053493E+0 1.168822E-1
6.163000E-3 1.422767E+0 1.337284E-1
6.164000E-3 6.658955E-1 1.379400E-1
6.165000E-3 -2.171209E-1 1.379400E-1
6.166000E-3 -1.016040E+0 1.253053E-1
6.167000E-3 -1.772912E+0 1.000359E-1
6.168000E-3 -2.277492E+0 6.213181E-2
6.169000E-3 -2.529783E+0 2.422772E-2
6.170000E-3 -2.487734E+0 -1.367637E-2
6.171000E-3 -2.109299E+0 -5.158046E-2
6.172000E-3 -1.520621E+0 -8.106141E-2
6.173000E-3 -7.637501E-1 -1.063308E-1
6.174000E-3 1.192663E-1 -1.189655E-1
6.175000E-3 9.602342E-1 -1.189655E-1
6.176000E-3 1.717105E+0 -1.105424E-1
6.177000E-3 2.263735E+0 -8.527298E-2
6.178000E-3 2.516025E+0 -6.000359E-2
6.179000E-3 2.516025E+0 -3.052263E-2
6.180000E-3 2.137589E+0 -9.464801E-3
6.181000E-3 1.590960E+0 3.169895E-3
6.182000E-3 8.340890E-1 1.580459E-2
6.183000E-3 -4.892732E-2 1.580459E-2
6.184000E-3 -8.898953E-1 7.381461E-3
6.185000E-3 -1.604718E+0 -9.464801E-3
6.186000E-3 -2.193396E+0 -3.894576E-2
6.187000E-3 -2.529783E+0 -7.684985E-2
6.188000E-3 -2.487734E+0 -1.147539E-1
6.189000E-3 -2.193396E+0 -1.484465E-1
6.190000E-3 -1.646766E+0 -1.526580E-1
6.191000E-3 -9.319437E-1 -1.442349E-1
6.192000E-3 -4.892732E-2 -1.105424E-1
6.193000E-3 8.340890E-1 -5.158046E-2
6.194000E-3 1.590960E+0 3.169895E-3
6.195000E-3 2.179638E+0 4.949712E-2
6.196000E-3 2.473977E+0 1.126706E-1
6.197000E-3 2.516025E+0 1.421516E-1
6.198000E-3 2.221686E+0 1.632094E-1
6.199000E-3 1.675057E+0 1.842672E-1
6.200000E-3 1.002283E+0 1.926903E-1
6.201000E-3 1.192663E-1 1.926903E-1
6.202000E-3 -7.637501E-1 1.800556E-1
6.203000E-3 -1.520621E+0 1.547863E-1
6.204000E-3 -2.109299E+0 1.210937E-1
6.205000E-3 -2.487734E+0 8.318964E-2
6.206000E-3 -2.529783E+0 4.528555E-2
6.207000E-3 -2.277492E+0 3.169895E-3
6.208000E-3 -1.772912E+0 -2.631106E-2
6.209000E-3 -1.016040E+0 -5.158046E-2
6.210000E-3 -2.171209E-1 -6.842672E-2
6.211000E-3 6.658955E-1 -7.263828E-2
6.212000E-3 1.464815E+0 -6.842672E-2
6.213000E-3 2.095541E+0 -6.000359E-2
6.214000E-3 2.473977E+0 -3.052263E-2
6.215000E-3 2.516025E+0 -9.464801E-3
6.216000E-3 2.305783E+0 1.159303E-2
6.217000E-3 1.801202E+0 3.686242E-2
6.218000E-3 1.086379E+0 4.949712E-2
6.219000E-3 2.874599E-1 5.370868E-2
6.220000E-3 -5.955565E-1 4.949712E-2
6.221000E-3 -1.394476E+0 2.422772E-2
6.222000E-3 -2.025202E+0 -1.041670E-3
6.223000E-3 -2.403638E+0 -3.052263E-2
6.224000E-3 -2.529783E+0 -6.842672E-2
6.225000E-3 -2.361589E+0 -1.105424E-1
6.226000E-3 -1.857008E+0 -1.484465E-1
6.227000E-3 -1.184234E+0 -1.737159E-1
6.228000E-3 -3.432661E-1 -1.737159E-1
6.229000E-3 4.977019E-1 -1.610812E-1
6.230000E-3 1.338670E+0 -1.189655E-1
6.231000E-3 2.011444E+0 -6.842672E-2
6.232000E-3 2.389880E+0 -5.253235E-3
6.233000E-3 2.516025E+0 4.107398E-2
6.234000E-3 2.347831E+0 9.582434E-2
6.235000E-3 1.927347E+0 1.210937E-1
6.236000E-3 1.254573E+0 1.379400E-1
6.237000E-3 4.136051E-1 1.379400E-1
6.238000E-3 -4.273629E-1 1.337284E-1
6.239000E-3 -1.268331E+0 1.168822E-1
6.240000E-3 -1.899057E+0 9.161277E-2
6.241000E-3 -2.361589E+0 5.370868E-2
6.242000E-3 -2.529783E+0 1.580459E-2
6.243000E-3 -2.403638E+0 -2.631106E-2
6.244000E-3 -1.983154E+0 -6.000359E-2
6.245000E-3 -1.352428E+0 -8.948455E-2
6.246000E-3 -5.114597E-1 -1.105424E-1
6.247000E-3 3.295083E-1 -1.189655E-1
6.248000E-3 1.170476E+0 -1.189655E-1
6.249000E-3 1.885299E+0 -1.021192E-1
6.250000E-3 2.347831E+0 -8.106141E-2
6.251000E-3 2.516025E+0 -5.579202E-2
6.252000E-3 2.431928E+0 -3.052263E-2
6.253000E-3 2.011444E+0 -5.253235E-3
6.254000E-3 1.338670E+0 7.381461E-3
6.255000E-3 5.817987E-1 1.580459E-2
6.256000E-3 -2.591693E-1 1.580459E-2
6.257000E-3 -1.100137E+0 3.169895E-3
6.258000E-3 -1.857008E+0 -1.367637E-2
6.259000E-3 -2.319541E+0 -4.736889E-2
6.260000E-3 -2.529783E+0 -8.527298E-2
6.261000E-3 -2.445686E+0 -1.273886E-1
6.262000E-3 -2.109299E+0 -1.484465E-1
6.263000E-3 -1.478573E+0 -1.526580E-1
6.264000E-3 -6.796533E-1 -1.358118E-1
6.265000E-3 1.613147E-1 -9.369611E-2
6.266000E-3 1.044331E+0 -3.894576E-2
6.267000E-3 1.801202E+0 1.580459E-2
6.268000E-3 2.263735E+0 6.213181E-2
6.269000E-3 2.516025E+0 1.210937E-1
6.270000E-3 2.473977E+0 1.463631E-1
6.271000E-3 2.095541E+0 1.716325E-1
6.272000E-3 1.506863E+0 1.842672E-1
6.273000E-3 7.499922E-1 1.969019E-1
6.274000E-3 -1.330241E-1 1.926903E-1
6.275000E-3 -1.016040E+0 1.716325E-1
6.276000E-3 -1.688815E+0 1.505747E-1
6.277000E-3 -2.235444E+0 1.168822E-1
6.278000E-3 -2.529783E+0 7.476651E-2
6.279000E-3 -2.529783E+0 3.265085E-2
6.280000E-3 -2.193396E+0 -5.253235E-3
6.281000E-3 -1.604718E+0 -3.473419E-2
6.282000E-3 -8.478469E-1 -5.579202E-2
6.283000E-3 3.516947E-2 -7.263828E-2
6.284000E-3 9.181858E-1 -7.684985E-2
6.285000E-3 1.675057E+0 -6.842672E-2
6.286000E-3 2.179638E+0 -5.158046E-2
6.287000E-3 2.516025E+0 -2.631106E-2
6.288000E-3 2.516025E+0 -1.041670E-3
6.289000E-3 2.179638E+0 2.001616E-2
6.290000E-3 1.633009E+0 3.686242E-2
6.291000E-3 9.181858E-1 4.949712E-2
6.292000E-3 3.516947E-2 5.370868E-2
6.293000E-3 -8.478469E-1 4.107398E-2
6.294000E-3 -1.562670E+0 2.001616E-2
6.295000E-3 -2.193396E+0 -9.464801E-3
6.296000E-3 -2.529783E+0 -4.315732E-2
6.297000E-3 -2.529783E+0 -8.106141E-2
6.298000E-3 -2.277492E+0 -1.189655E-1
6.299000E-3 -1.730863E+0 -1.526580E-1
6.300000E-3 -9.739921E-1 -1.779274E-1
6.301000E-3 -1.330241E-1 -1.695043E-1
6.302000E-3 7.499922E-1 -1.484465E-1
6.303000E-3 1.506863E+0 -1.063308E-1
6.304000E-3 2.137589E+0 -5.158046E-2
6.305000E-3 2.473977E+0 3.169895E-3
6.306000E-3 2.516025E+0 5.370868E-2
6.307000E-3 2.263735E+0 1.042475E-1
6.308000E-3 1.759154E+0 1.253053E-1
6.309000E-3 1.002283E+0 1.379400E-1
6.310000E-3 2.033631E-1 1.379400E-1
6.311000E-3 -6.796533E-1 1.295169E-1
6.312000E-3 -1.436524E+0 1.084590E-1
6.313000E-3 -2.067250E+0 7.897807E-2
6.314000E-3 -2.445686E+0 4.107398E-2
6.315000E-3 -2.529783E+0 3.169895E-3
6.316000E-3 -2.319541E+0 -3.473419E-2
6.317000E-3 -1.857008E+0 -6.842672E-2
6.318000E-3 -1.142186E+0 -9.790768E-2
6.319000E-3 -3.012177E-1 -1.105424E-1
6.320000E-3 5.817987E-1 -1.189655E-1
6.321000E-3 1.380718E+0 -1.147539E-1
6.322000E-3 2.053493E+0 -9.790768E-2
6.323000E-3 2.431928E+0 -7.263828E-2
6.324000E-3 2.516025E+0 -4.736889E-2
6.325000E-3 2.347831E+0 -1.788793E-2
6.326000E-3 1.843251E+0 -1.041670E-3
6.327000E-3 1.170476E+0 1.159303E-2
6.328000E-3 3.295083E-1 1.580459E-2
6.329000E-3 -5.114597E-1 1.580459E-2
6.330000E-3 -1.352428E+0 -1.041670E-3
6.331000E-3 -1.983154E+0 -2.209950E-2
6.332000E-3 -2.445686E+0 -6.000359E-2
6.333000E-3 -2.529783E+0 -9.790768E-2
6.334000E-3 -2.361589E+0 -1.358118E-1
6.335000E-3 -1.941105E+0 -1.526580E-1
6.336000E-3 -1.268331E+0 -1.526580E-1
6.337000E-3 -4.273629E-1 -1.273886E-1
6.338000E-3 4.136051E-1 -8.106141E-2
6.339000E-3 1.254573E+0 -2.209950E-2
6.340000E-3 1.927347E+0 2.843929E-2
6.341000E-3 2.347831E+0 7.897807E-2
6.342000E-3 2.558073E+0 1.337284E-1
6.343000E-3 2.389880E+0 1.547863E-1
6.344000E-3 1.969396E+0 1.716325E-1
6.345000E-3 1.338670E+0 1.884788E-1
6.346000E-3 4.977019E-1 1.969019E-1
6.347000E-3 -3.432661E-1 1.884788E-1
6.348000E-3 -1.184234E+0 1.674209E-1
6.349000E-3 -1.857008E+0 1.379400E-1
6.350000E-3 -2.361589E+0 1.042475E-1
6.351000E-3 -2.529783E+0 6.634338E-2
6.352000E-3 -2.445686E+0 2.001616E-2
6.353000E-3 -2.025202E+0 -1.367637E-2
6.354000E-3 -1.394476E+0 -4.315732E-2
6.355000E-3 -5.955565E-1 -6.000359E-2
6.356000E-3 2.874599E-1 -7.684985E-2
6.357000E-3 1.128428E+0 -7.263828E-2
6.358000E-3 1.843251E+0 -6.421515E-2
6.359000E-3 2.347831E+0 -4.315732E-2
6.360000E-3 2.558073E+0 -2.209950E-2
6.361000E-3 2.431928E+0 -1.041670E-3
6.362000E-3 2.053493E+0 2.422772E-2
6.363000E-3 1.464815E+0 4.107398E-2
6.364000E-3 6.658955E-1 5.370868E-2
6.365000E-3 -2.171209E-1 5.370868E-2
6.366000E-3 -1.058089E+0 3.686242E-2
6.367000E-3 -1.772912E+0 1.580459E-2
6.368000E-3 -2.277492E+0 -1.367637E-2
6.369000E-3 -2.529783E+0 -5.158046E-2
6.370000E-3 -2.487734E+0 -9.369611E-2
6.371000E-3 -2.109299E+0 -1.316002E-1
6.372000E-3 -1.562670E+0 -1.610812E-1
6.373000E-3 -7.637501E-1 -1.821390E-1
6.374000E-3 1.192663E-1 -1.695043E-1
6.375000E-3 1.002283E+0 -1.400233E-1
6.376000E-3 1.717105E+0 -9.369611E-2
6.377000E-3 2.263735E+0 -3.052263E-2
6.378000E-3 2.516025E+0 2.001616E-2
6.379000E-3 2.473977E+0 7.055494E-2
6.380000E-3 2.137589E+0 1.126706E-1
6.381000E-3 1.590960E+0 1.337284E-1
6.382000E-3 8.340890E-1 1.379400E-1
6.383000E-3 -6.878924E-3 1.379400E-1
6.384000E-3 -9.319437E-1 1.253053E-1
6.385000E-3 -1.646766E+0 1.042475E-1
6.386000E-3 -2.193396E+0 7.055494E-2
6.387000E-3 -2.529783E+0 3.265085E-2
6.388000E-3 -2.487734E+0 -9.464801E-3
6.389000E-3 -2.193396E+0 -4.736889E-2
6.390000E-3 -1.646766E+0 -8.106141E-2
6.391000E-3 -9.319437E-1 -1.021192E-1
6.392000E-3 -4.892732E-2 -1.147539E-1
6.393000E-3 8.340890E-1 -1.189655E-1
6.394000E-3 1.590960E+0 -1.105424E-1
6.395000E-3 2.179638E+0 -9.369611E-2
6.396000E-3 2.473977E+0 -6.842672E-2
6.397000E-3 2.516025E+0 -3.894576E-2
6.398000E-3 2.221686E+0 -1.367637E-2
6.399000E-3 1.675057E+0 3.169895E-3
6.400000E-3 9.602342E-1 1.580459E-2
6.401000E-3 1.192663E-1 1.580459E-2
6.402000E-3 -7.637501E-1 1.159303E-2
6.403000E-3 -1.520621E+0 -9.464801E-3
6.404000E-3 -2.109299E+0 -3.052263E-2
6.405000E-3 -2.487734E+0 -6.842672E-2
6.406000E-3 -2.529783E+0 -1.063308E-1
6.407000E-3 -2.277492E+0 -1.442349E-1
6.408000E-3 -1.772912E+0 -1.526580E-1
6.409000E-3 -1.058089E+0 -1.484465E-1
6.410000E-3 -2.171209E-1 -1.147539E-1
6.411000E-3 6.658955E-1 -6.421515E-2
6.412000E-3 1.464815E+0 -5.253235E-3
6.413000E-3 2.095541E+0 4.528555E-2
6.414000E-3 2.473977E+0 1.000359E-1
6.415000E-3 2.516025E+0 1.379400E-1
6.416000E-3 2.305783E+0 1.589978E-1
6.417000E-3 1.843251E+0 1.800556E-1
6.418000E-3 1.128428E+0 1.926903E-1
6.419000E-3 2.874599E-1 1.926903E-1
6.420000E-3 -5.955565E-1 1.842672E-1
6.421000E-3 -1.394476E+0 1.589978E-1
6.422000E-3 -2.025202E+0 1.295169E-1
6.423000E-3 -2.445686E+0 9.161277E-2
6.424000E-3 -2.529783E+0 5.370868E-2
6.425000E-3 -2.361589E+0 1.580459E-2
6.426000E-3 -1.899057E+0 -2.209950E-2
6.427000E-3 -1.184234E+0 -4.736889E-2
6.428000E-3 -3.853145E-1 -6.842672E-2
6.429000E-3 4.977019E-1 -7.263828E-2
6.430000E-3 1.338670E+0 -7.263828E-2
6.431000E-3 1.969396E+0 -6.421515E-2
6.432000E-3 2.389880E+0 -3.473419E-2
6.433000E-3 2.516025E+0 -1.367637E-2
6.434000E-3 2.347831E+0 3.169895E-3
6.435000E-3 1.927347E+0 3.265085E-2
6.436000E-3 1.254573E+0 4.949712E-2
6.437000E-3 4.136051E-1 5.370868E-2
6.438000E-3 -4.273629E-1 4.949712E-2
6.439000E-3 -1.268331E+0 3.265085E-2
6.440000E-3 -1.941105E+0 3.169895E-3
6.441000E-3 -2.361589E+0 -2.209950E-2
6.442000E-3 -2.529783E+0 -6.421515E-2
6.443000E-3 -2.403638E+0 -1.021192E-1
6.444000E-3 -1.983154E+0 -1.400233E-1
6.445000E-3 -1.352428E+0 -1.695043E-1
6.446000E-3 -5.114597E-1 -1.779274E-1
6.447000E-3 3.295083E-1 -1.652927E-1
6.448000E-3 1.170476E+0 -1.316002E-1
6.449000E-3 1.843251E+0 -8.106141E-2
6.450000E-3 2.347831E+0 -1.788793E-2
6.451000E-3 2.516025E+0 3.265085E-2
6.452000E-3 2.389880E+0 8.740121E-2
6.453000E-3 2.011444E+0 1.168822E-1
6.454000E-3 1.380718E+0 1.337284E-1
6.455000E-3 6.238471E-1 1.421516E-1
6.456000E-3 -3.012177E-1 1.337284E-1
6.457000E-3 -1.100137E+0 1.210937E-1
6.458000E-3 -1.814960E+0 9.582434E-2
6.459000E-3 -2.319541E+0 6.213181E-2
6.460000E-3 -2.529783E+0 2.001616E-2
6.461000E-3 -2.445686E+0 -1.788793E-2
6.462000E-3 -2.109299E+0 -5.158046E-2
6.463000E-3 -1.436524E+0 -8.527298E-2
6.464000E-3 -6.796533E-1 -1.063308E-1
6.465000E-3 1.613147E-1 -1.189655E-1
6.466000E-3 1.044331E+0 -1.189655E-1
6.467000E-3 1.759154E+0 -1.021192E-1
6.468000E-3 2.263735E+0 -8.527298E-2
6.469000E-3 2.516025E+0 -6.421515E-2
6.470000E-3 2.473977E+0 -3.052263E-2
6.471000E-3 2.095541E+0 -9.464801E-3
6.472000E-3 1.506863E+0 7.381461E-3
6.473000E-3 7.499922E-1 1.580459E-2
6.474000E-3 -1.330241E-1 1.580459E-2
6.475000E-3 -9.739921E-1 7.381461E-3
6.476000E-3 -1.688815E+0 -9.464801E-3
6.477000E-3 -2.235444E+0 -3.894576E-2
6.478000E-3 -2.529783E+0 -7.684985E-2
6.479000E-3 -2.487734E+0 -1.189655E-1
6.480000E-3 -2.151347E+0 -1.484465E-1
6.481000E-3 -1.604718E+0 -1.568696E-1
6.482000E-3 -8.478469E-1 -1.400233E-1
6.483000E-3 3.516947E-2 -1.021192E-1
6.484000E-3 8.761374E-1 -5.158046E-2
6.485000E-3 1.675057E+0 7.381461E-3
6.486000E-3 2.221686E+0 5.370868E-2
6.487000E-3 2.516025E+0 1.168822E-1
6.488000E-3 2.516025E+0 1.421516E-1
6.489000E-3 2.221686E+0 1.674209E-1
6.490000E-3 1.633009E+0 1.842672E-1
6.491000E-3 8.761374E-1 1.926903E-1
6.492000E-3 -6.878924E-3 1.884788E-1
6.493000E-3 -8.478469E-1 1.758441E-1
6.494000E-3 -1.562670E+0 1.547863E-1
6.495000E-3 -2.193396E+0 1.210937E-1
6.496000E-3 -2.487734E+0 8.318964E-2
6.497000E-3 -2.529783E+0 3.686242E-2
6.498000E-3 -2.235444E+0 -1.041670E-3
6.499000E-3 -1.688815E+0 -3.052263E-2
6.500000E-3 -9.739921E-1 -5.579202E-2
6.501000E-3 -1.330241E-1 -7.263828E-2
6.502000E-3 7.499922E-1 -7.263828E-2
6.503000E-3 1.506863E+0 -7.263828E-2
6.504000E-3 2.137589E+0 -5.579202E-2
6.505000E-3 2.473977E+0 -3.052263E-2
6.506000E-3 2.516025E+0 -5.253235E-3
6.507000E-3 2.263735E+0 1.580459E-2
6.508000E-3 1.759154E+0 3.265085E-2
6.509000E-3 1.044331E+0 4.949712E-2
6.510000E-3 2.033631E-1 5.370868E-2
6.511000E-3 -6.796533E-1 4.528555E-2
6.512000E-3 -1.478573E+0 2.422772E-2
6.513000E-3 -2.067250E+0 -1.041670E-3
6.514000E-3 -2.445686E+0 -3.473419E-2
6.515000E-3 -2.529783E+0 -7.263828E-2
6.516000E-3 -2.319541E+0 -1.147539E-1
6.517000E-3 -1.857008E+0 -1.484465E-1
6.518000E-3 -1.100137E+0 -1.737159E-1
6.519000E-3 -2.591693E-1 -1.779274E-1
6.520000E-3 6.238471E-1 -1.568696E-1
6.521000E-3 1.422767E+0 -1.147539E-1
6.522000E-3 2.053493E+0 -6.000359E-2
6.523000E-3 2.431928E+0 -1.041670E-3
6.524000E-3 2.516025E+0 4.528555E-2
6.525000E-3 2.347831E+0 1.000359E-1
6.526000E-3 1.843251E+0 1.210937E-1
6.527000E-3 1.170476E+0 1.337284E-1
6.528000E-3 3.295083E-1 1.379400E-1
6.529000E-3 -5.114597E-1 1.337284E-1
6.530000E-3 -1.310379E+0 1.126706E-1
6.531000E-3 -1.983154E+0 8.740121E-2
6.532000E-3 -2.403638E+0 4.949712E-2
6.533000E-3 -2.529783E+0 1.159303E-2
6.534000E-3 -2.361589E+0 -2.631106E-2
6.535000E-3 -1.941105E+0 -6.421515E-2
6.536000E-3 -1.268331E+0 -9.369611E-2
6.537000E-3 -4.694113E-1 -1.105424E-1
6.538000E-3 4.556535E-1 -1.189655E-1
6.539000E-3 1.254573E+0 -1.189655E-1
6.540000E-3 1.927347E+0 -1.021192E-1
6.541000E-3 2.389880E+0 -8.106141E-2
6.542000E-3 2.516025E+0 -5.158046E-2
6.543000E-3 2.431928E+0 -2.631106E-2
6.544000E-3 1.969396E+0 -1.041670E-3
6.545000E-3 1.296621E+0 7.381461E-3
6.546000E-3 4.977019E-1 2.001616E-2
6.547000E-3 -3.432661E-1 1.580459E-2
6.548000E-3 -1.184234E+0 3.169895E-3
6.549000E-3 -1.857008E+0 -1.788793E-2
6.550000E-3 -2.361589E+0 -4.736889E-2
6.551000E-3 -2.529783E+0 -8.527298E-2
6.552000E-3 -2.445686E+0 -1.273886E-1
6.553000E-3 -2.025202E+0 -1.526580E-1
6.554000E-3 -1.394476E+0 -1.526580E-1
6.555000E-3 -5.955565E-1 -1.316002E-1
6.556000E-3 2.874599E-1 -8.948455E-2
6.557000E-3 1.128428E+0 -3.052263E-2
6.558000E-3 1.843251E+0 2.001616E-2
6.559000E-3 2.305783E+0 7.055494E-2
6.560000E-3 2.516025E+0 1.253053E-1
6.561000E-3 2.431928E+0 1.505747E-1
6.562000E-3 2.095541E+0 1.716325E-1
6.563000E-3 1.464815E+0 1.884788E-1
6.564000E-3 6.658955E-1 1.926903E-1
6.565000E-3 -2.171209E-1 1.884788E-1
6.566000E-3 -1.058089E+0 1.716325E-1
6.567000E-3 -1.772912E+0 1.421516E-1
6.568000E-3 -2.277492E+0 1.084590E-1
6.569000E-3 -2.529783E+0 7.055494E-2
6.570000E-3 -2.445686E+0 2.422772E-2
6.571000E-3 -2.109299E+0 -9.464801E-3
6.572000E-3 -1.520621E+0 -3.473419E-2
6.573000E-3 -7.637501E-1 -6.000359E-2
6.574000E-3 1.192663E-1 -7.263828E-2
6.575000E-3 1.002283E+0 -7.263828E-2
6.576000E-3 1.717105E+0 -6.421515E-2
6.577000E-3 2.263735E+0 -5.158046E-2
6.578000E-3 2.516025E+0 -2.631106E-2
6.579000E-3 2.516025E+0 3.169895E-3
6.580000E-3 2.179638E+0 2.001616E-2
6.581000E-3 1.548912E+0 3.686242E-2
6.582000E-3 8.340890E-1 5.370868E-2
6.583000E-3 -4.892732E-2 4.949712E-2
6.584000E-3 -8.898953E-1 4.107398E-2
6.585000E-3 -1.646766E+0 2.001616E-2
6.586000E-3 -2.193396E+0 -1.367637E-2
6.587000E-3 -2.487734E+0 -4.315732E-2
6.588000E-3 -2.529783E+0 -8.106141E-2
6.589000E-3 -2.193396E+0 -1.189655E-1
6.590000E-3 -1.646766E+0 -1.526580E-1
6.591000E-3 -9.319437E-1 -1.779274E-1
6.592000E-3 -4.892732E-2 -1.695043E-1
6.593000E-3 8.340890E-1 -1.484465E-1
6.594000E-3 1.590960E+0 -1.021192E-1
6.595000E-3 2.179638E+0 -4.736889E-2
6.596000E-3 2.516025E+0 1.159303E-2
6.597000E-3 2.516025E+0 5.792025E-2
6.598000E-3 2.263735E+0 1.042475E-1
6.599000E-3 1.717105E+0 1.295169E-1
6.600000E-3 1.002283E+0 1.379400E-1
6.601000E-3 1.192663E-1 1.379400E-1
6.602000E-3 -7.637501E-1 1.295169E-1
6.603000E-3 -1.520621E+0 1.084590E-1
6.604000E-3 -2.151347E+0 7.476651E-2
6.605000E-3 -2.487734E+0 3.686242E-2
6.606000E-3 -2.529783E+0 -1.041670E-3
6.607000E-3 -2.277492E+0 -3.473419E-2
6.608000E-3 -1.772912E+0 -6.842672E-2
6.609000E-3 -1.058089E+0 -9.790768E-2
6.610000E-3 -2.171209E-1 -1.147539E-1
6.611000E-3 6.658955E-1 -1.189655E-1
6.612000E-3 1.422767E+0 -1.147539E-1
6.613000E-3 2.095541E+0 -9.790768E-2
6.614000E-3 2.431928E+0 -7.263828E-2
6.615000E-3 2.516025E+0 -4.736889E-2
6.616000E-3 2.305783E+0 -1.788793E-2
6.617000E-3 1.843251E+0 -1.041670E-3
6.618000E-3 1.086379E+0 1.159303E-2
6.619000E-3 2.874599E-1 1.580459E-2
6.620000E-3 -5.955565E-1 1.159303E-2
6.621000E-3 -1.352428E+0 -5.253235E-3
6.622000E-3 -2.025202E+0 -2.631106E-2
6.623000E-3 -2.445686E+0 -6.421515E-2
6.624000E-3 -2.529783E+0 -9.790768E-2
6.625000E-3 -2.361589E+0 -1.358118E-1
6.626000E-3 -1.857008E+0 -1.526580E-1
6.627000E-3 -1.184234E+0 -1.526580E-1
6.628000E-3 -3.432661E-1 -1.231771E-1
6.629000E-3 4.977019E-1 -7.684985E-2
6.630000E-3 1.338670E+0 -1.788793E-2
6.631000E-3 2.011444E+0 3.686242E-2
6.632000E-3 2.431928E+0 8.740121E-2
6.633000E-3 2.516025E+0 1.337284E-1
6.634000E-3 2.389880E+0 1.547863E-1
6.635000E-3 1.927347E+0 1.758441E-1
6.636000E-3 1.254573E+0 1.926903E-1
6.637000E-3 4.556535E-1 1.926903E-1
6.638000E-3 -4.273629E-1 1.884788E-1
6.639000E-3 -1.268331E+0 1.674209E-1
6.640000E-3 -1.899057E+0 1.337284E-1
6.641000E-3 -2.361589E+0 1.042475E-1
6.642000E-3 -2.529783E+0 5.792025E-2
6.643000E-3 -2.361589E+0 2.001616E-2
6.644000E-3 -1.941105E+0 -1.367637E-2
6.645000E-3 -1.310379E+0 -4.315732E-2
6.646000E-3 -5.114597E-1 -6.421515E-2
6.647000E-3 3.295083E-1 -7.263828E-2
6.648000E-3 1.170476E+0 -7.684985E-2
6.649000E-3 1.885299E+0 -6.421515E-2
6.650000E-3 2.347831E+0 -4.736889E-2
6.651000E-3 2.516025E+0 -1.788793E-2
6.652000E-3 2.431928E+0 3.169895E-3
6.653000E-3 2.011444E+0 2.422772E-2
6.654000E-3 1.380718E+0 4.528555E-2
6.655000E-3 5.817987E-1 5.370868E-2
6.656000E-3 -2.591693E-1 5.370868E-2
6.657000E-3 -1.100137E+0 3.686242E-2
6.658000E-3 -1.814960E+0 7.381461E-3
6.659000E-3 -2.319541E+0 -1.788793E-2
6.660000E-3 -2.529783E+0 -5.579202E-2
6.661000E-3 -2.445686E+0 -9.369611E-2
6.662000E-3 -2.067250E+0 -1.316002E-1
6.663000E-3 -1.436524E+0 -1.652927E-1
6.664000E-3 -6.796533E-1 -1.779274E-1
6.665000E-3 2.033631E-1 -1.652927E-1
6.666000E-3 1.044331E+0 -1.358118E-1
6.667000E-3 1.759154E+0 -8.948455E-2
6.668000E-3 2.305783E+0 -3.052263E-2
6.669000E-3 2.516025E+0 2.001616E-2
6.670000E-3 2.473977E+0 7.055494E-2
6.671000E-3 2.095541E+0 1.168822E-1
6.672000E-3 1.506863E+0 1.337284E-1
6.673000E-3 7.079438E-1 1.379400E-1
6.674000E-3 -1.330241E-1 1.379400E-1
6.675000E-3 -1.016040E+0 1.253053E-1
6.676000E-3 -1.688815E+0 1.000359E-1
6.677000E-3 -2.235444E+0 6.634338E-2
6.678000E-3 -2.529783E+0 2.843929E-2
6.679000E-3 -2.487734E+0 -1.367637E-2
6.680000E-3 -2.151347E+0 -4.736889E-2
6.681000E-3 -1.562670E+0 -8.106141E-2
6.682000E-3 -8.478469E-1 -1.021192E-1
6.683000E-3 3.516947E-2 -1.147539E-1
6.684000E-3 9.181858E-1 -1.189655E-1
6.685000E-3 1.675057E+0 -1.063308E-1
6.686000E-3 2.221686E+0 -8.948455E-2
6.687000E-3 2.516025E+0 -6.421515E-2
6.688000E-3 2.516025E+0 -3.473419E-2
6.689000E-3 2.221686E+0 -1.367637E-2
6.690000E-3 1.633009E+0 3.169895E-3
6.691000E-3 9.181858E-1 1.580459E-2
6.692000E-3 -6.878924E-3 2.001616E-2
6.693000E-3 -8.478469E-1 7.381461E-3
6.694000E-3 -1.604718E+0 -9.464801E-3
6.695000E-3 -2.151347E+0 -3.473419E-2
6.696000E-3 -2.487734E+0 -7.263828E-2
6.697000E-3 -2.529783E+0 -1.105424E-1
6.698000E-3 -2.235444E+0 -1.442349E-1
6.699000E-3 -1.688815E+0 -1.526580E-1
6.700000E-3 -1.016040E+0 -1.484465E-1
6.701000E-3 -1.330241E-1 -1.105424E-1
6.702000E-3 7.499922E-1 -5.579202E-2
6.703000E-3 1.506863E+0 3.169895E-3
6.704000E-3 2.095541E+0 4.949712E-2
6.705000E-3 2.473977E+0 1.084590E-1
6.706000E-3 2.516025E+0 1.379400E-1
6.707000E-3 2.263735E+0 1.632094E-1
6.708000E-3 1.759154E+0 1.800556E-1
6.709000E-3 1.044331E+0 1.926903E-1
6.710000E-3 2.033631E-1 1.926903E-1
6.711000E-3 -6.796533E-1 1.800556E-1
6.712000E-3 -1.436524E+0 1.589978E-1
6.713000E-3 -2.067250E+0 1.253053E-1
6.714000E-3 -2.445686E+0 8.740121E-2
6.715000E-3 -2.529783E+0 4.949712E-2
6.716000E-3 -2.277492E+0 7.381461E-3
6.717000E-3 -1.857008E+0 -2.209950E-2
6.718000E-3 -1.142186E+0 -4.736889E-2
6.719000E-3 -2.591693E-1 -6.842672E-2
6.720000E-3 5.817987E-1 -7.263828E-2
6.721000E-3 1.380718E+0 -6.842672E-2
6.722000E-3 2.011444E+0 -5.579202E-2
6.723000E-3 2.431928E+0 -3.473419E-2
6.724000E-3 2.516025E+0 -9.464801E-3
6.725000E-3 2.347831E+0 7.381461E-3
6.726000E-3 1.843251E+0 3.265085E-2
6.727000E-3 1.170476E+0 4.949712E-2
6.728000E-3 3.295083E-1 5.370868E-2
6.729000E-3 -5.114597E-1 4.949712E-2
6.730000E-3 -1.310379E+0 2.843929E-2
6.731000E-3 -1.941105E+0 3.169895E-3
6.732000E-3 -2.403638E+0 -2.631106E-2
6.733000E-3 -2.529783E+0 -6.842672E-2
6.734000E-3 -2.361589E+0 -1.063308E-1
6.735000E-3 -1.941105E+0 -1.442349E-1
6.736000E-3 -1.268331E+0 -1.695043E-1
6.737000E-3 -4.273629E-1 -1.779274E-1
6.738000E-3 4.136051E-1 -1.652927E-1
6.739000E-3 1.254573E+0 -1.231771E-1
6.740000E-3 1.927347E+0 -6.842672E-2
6.741000E-3 2.389880E+0 -9.464801E-3
6.742000E-3 2.558073E+0 3.686242E-2
6.743000E-3 2.389880E+0 9.161277E-2
6.744000E-3 2.011444E+0 1.210937E-1
6.745000E-3 1.338670E+0 1.337284E-1
6.746000E-3 5.397503E-1 1.379400E-1
6.747000E-3 -3.432661E-1 1.337284E-1
6.748000E-3 -1.184234E+0 1.210937E-1
6.749000E-3 -1.857008E+0 9.161277E-2
6.750000E-3 -2.361589E+0 5.792025E-2
6.751000E-3 -2.529783E+0 2.001616E-2
6.752000E-3 -2.403638E+0 -2.209950E-2
6.753000E-3 -2.025202E+0 -5.158046E-2
6.754000E-3 -1.394476E+0 -8.527298E-2
6.755000E-3 -5.955565E-1 -1.105424E-1
6.756000E-3 2.874599E-1 -1.147539E-1
6.757000E-3 1.128428E+0 -1.189655E-1
6.758000E-3 1.843251E+0 -1.021192E-1
6.759000E-3 2.347831E+0 -8.106141E-2
6.760000E-3 2.516025E+0 -5.579202E-2
6.761000E-3 2.431928E+0 -3.052263E-2
6.762000E-3 2.053493E+0 -5.253235E-3
6.763000E-3 1.422767E+0 3.169895E-3
6.764000E-3 6.658955E-1 1.580459E-2
6.765000E-3 -1.750725E-1 1.580459E-2
6.766000E-3 -1.058089E+0 3.169895E-3
6.767000E-3 -1.772912E+0 -1.367637E-2
6.768000E-3 -2.277492E+0 -4.736889E-2
6.769000E-3 -2.529783E+0 -8.106141E-2
6.770000E-3 -2.445686E+0 -1.189655E-1
6.771000E-3 -2.109299E+0 -1.484465E-1
6.772000E-3 -1.562670E+0 -1.526580E-1
6.773000E-3 -7.637501E-1 -1.358118E-1
6.774000E-3 1.192663E-1 -9.790768E-2
6.775000E-3 1.002283E+0 -4.315732E-2
6.776000E-3 1.717105E+0 1.580459E-2
6.777000E-3 2.263735E+0 6.213181E-2
6.778000E-3 2.516025E+0 1.210937E-1
6.779000E-3 2.516025E+0 1.463631E-1
6.780000E-3 2.179638E+0 1.716325E-1
6.781000E-3 1.590960E+0 1.842672E-1
6.782000E-3 8.340890E-1 1.926903E-1
6.783000E-3 -6.878924E-3 1.926903E-1
6.784000E-3 -8.898953E-1 1.758441E-1
6.785000E-3 -1.646766E+0 1.505747E-1
6.786000E-3 -2.193396E+0 1.168822E-1
6.787000E-3 -2.487734E+0 7.897807E-2
6.788000E-3 -2.529783E+0 3.686242E-2
6.789000E-3 -2.193396E+0 -1.041670E-3
6.790000E-3 -1.646766E+0 -3.052263E-2
6.791000E-3 -8.898953E-1 -5.158046E-2
6.792000E-3 -4.892732E-2 -7.263828E-2
6.793000E-3 8.340890E-1 -7.263828E-2
6.794000E-3 1.590960E+0 -6.842672E-2
6.795000E-3 2.179638E+0 -5.158046E-2
6.796000E-3 2.516025E+0 -2.631106E-2
6.797000E-3 2.516025E+0 -1.041670E-3
6.798000E-3 2.263735E+0 1.580459E-2
6.799000E-3 1.675057E+0 3.686242E-2
6.800000E-3 9.602342E-1 4.949712E-2
6.801000E-3 1.192663E-1 5.370868E-2
6.802000E-3 -7.217017E-1 4.528555E-2
6.803000E-3 -1.520621E+0 2.422772E-2
6.804000E-3 -2.109299E+0 -9.464801E-3
6.805000E-3 -2.487734E+0 -3.894576E-2
6.806000E-3 -2.529783E+0 -8.106141E-2
6.807000E-3 -2.277492E+0 -1.147539E-1
6.808000E-3 -1.772912E+0 -1.484465E-1
6.809000E-3 -1.058089E+0 -1.779274E-1
6.810000E-3 -1.750725E-1 -1.695043E-1
6.811000E-3 6.658955E-1 -1.526580E-1
6.812000E-3 1.464815E+0 -1.147539E-1
6.813000E-3 2.095541E+0 -5.579202E-2
6.814000E-3 2.473977E+0 3.169895E-3
6.815000E-3 2.516025E+0 4.949712E-2
6.816000E-3 2.347831E+0 1.042475E-1
6.817000E-3 1.801202E+0 1.253053E-1
6.818000E-3 1.086379E+0 1.379400E-1
6.819000E-3 2.874599E-1 1.379400E-1
6.820000E-3 -5.955565E-1 1.295169E-1
6.821000E-3 -1.352428E+0 1.126706E-1
6.822000E-3 -2.025202E+0 8.318964E-2
6.823000E-3 -2.445686E+0 4.528555E-2
6.824000E-3 -2.529783E+0 7.381461E-3
6.825000E-3 -2.361589E+0 -3.052263E-2
6.826000E-3 -1.857008E+0 -6.421515E-2
6.827000E-3 -1.184234E+0 -9.369611E-2
6.828000E-3 -3.432661E-1 -1.105424E-1
6.829000E-3 4.977019E-1 -1.189655E-1
6.830000E-3 1.338670E+0 -1.147539E-1
6.831000E-3 2.011444E+0 -9.790768E-2
6.832000E-3 2.431928E+0 -7.684985E-2
6.833000E-3 2.516025E+0 -5.158046E-2
6.834000E-3 2.347831E+0 -2.209950E-2
6.835000E-3 1.927347E+0 -1.041670E-3
6.836000E-3 1.212525E+0 7.381461E-3
6.837000E-3 4.136051E-1 1.580459E-2
6.838000E-3 -4.273629E-1 1.159303E-2
6.839000E-3 -1.268331E+0 -5.253235E-3
6.840000E-3 -1.941105E+0 -1.788793E-2
6.841000E-3 -2.403638E+0 -5.158046E-2
6.842000E-3 -2.529783E+0 -9.369611E-2
6.843000E-3 -2.403638E+0 -1.316002E-1
6.844000E-3 -1.983154E+0 -1.526580E-1
6.845000E-3 -1.352428E+0 -1.526580E-1
6.846000E-3 -5.114597E-1 -1.316002E-1
6.847000E-3 3.295083E-1 -8.527298E-2
6.848000E-3 1.170476E+0 -2.631106E-2
6.849000E-3 1.843251E+0 2.422772E-2
6.850000E-3 2.347831E+0 7.055494E-2
6.851000E-3 2.516025E+0 1.253053E-1
6.852000E-3 2.431928E+0 1.547863E-1
6.853000E-3 2.011444E+0 1.716325E-1
6.854000E-3 1.380718E+0 1.884788E-1
6.855000E-3 5.817987E-1 1.926903E-1
6.856000E-3 -2.591693E-1 1.884788E-1
6.857000E-3 -1.100137E+0 1.674209E-1
6.858000E-3 -1.814960E+0 1.379400E-1
6.859000E-3 -2.319541E+0 1.042475E-1
6.860000E-3 -2.529783E+0 6.634338E-2
6.861000E-3 -2.445686E+0 2.422772E-2
6.862000E-3 -2.067250E+0 -1.367637E-2
6.863000E-3 -1.436524E+0 -3.473419E-2
6.864000E-3 -6.796533E-1 -6.421515E-2
6.865000E-3 1.613147E-1 -7.263828E-2
6.866000E-3 1.044331E+0 -7.684985E-2
6.867000E-3 1.759154E+0 -6.842672E-2
6.868000E-3 2.263735E+0 -4.736889E-2
6.869000E-3 2.516025E+0 -2.209950E-2
6.870000E-3 2.473977E+0 -1.041670E-3
6.871000E-3 2.095541E+0 2.422772E-2
6.872000E-3 1.506863E+0 4.107398E-2
6.873000E-3 7.499922E-1 5.370868E-2
6.874000E-3 -1.330241E-1 5.370868E-2
6.875000E-3 -9.739921E-1 3.686242E-2
6.876000E-3 -1.688815E+0 1.580459E-2
6.877000E-3 -2.235444E+0 -1.367637E-2
6.878000E-3 -2.529783E+0 -4.736889E-2
6.879000E-3 -2.529783E+0 -8.948455E-2
6.880000E-3 -2.193396E+0 -1.273886E-1
6.881000E-3 -1.604718E+0 -1.610812E-1
6.882000E-3 -8.478469E-1 -1.821390E-1
6.883000E-3 3.516947E-2 -1.695043E-1
6.884000E-3 9.181858E-1 -1.442349E-1
6.885000E-3 1.675057E+0 -9.790768E-2
6.886000E-3 2.221686E+0 -3.894576E-2
6.887000E-3 2.516025E+0 1.159303E-2
6.888000E-3 2.473977E+0 6.213181E-2
6.889000E-3 2.179638E+0 1.084590E-1
6.890000E-3 1.633009E+0 1.253053E-1
6.891000E-3 8.761374E-1 1.379400E-1
6.892000E-3 -6.878924E-3 1.379400E-1
6.893000E-3 -8.478469E-1 1.253053E-1
6.894000E-3 -1.562670E+0 1.042475E-1
6.895000E-3 -2.193396E+0 7.476651E-2
6.896000E-3 -2.529783E+0 3.265085E-2
6.897000E-3 -2.529783E+0 -9.464801E-3
6.898000E-3 -2.277492E+0 -3.894576E-2
6.899000E-3 -1.730863E+0 -7.263828E-2
6.900000E-3 -9.739921E-1 -9.790768E-2
6.901000E-3 -1.330241E-1 -1.147539E-1
6.902000E-3 7.499922E-1 -1.189655E-1
6.903000E-3 1.506863E+0 -1.105424E-1
6.904000E-3 2.137589E+0 -9.790768E-2
6.905000E-3 2.473977E+0 -6.842672E-2
6.906000E-3 2.516025E+0 -4.315732E-2
6.907000E-3 2.263735E+0 -1.367637E-2
6.908000E-3 1.759154E+0 3.169895E-3
6.909000E-3 1.044331E+0 1.159303E-2
6.910000E-3 2.033631E-1 2.001616E-2
6.911000E-3 -6.796533E-1 1.159303E-2
6.912000E-3 -1.478573E+0 -5.253235E-3
6.913000E-3 -2.109299E+0 -3.052263E-2
6.914000E-3 -2.445686E+0 -6.421515E-2
6.915000E-3 -2.529783E+0 -1.021192E-1
6.916000E-3 -2.319541E+0 -1.442349E-1
6.917000E-3 -1.814960E+0 -1.568696E-1
6.918000E-3 -1.142186E+0 -1.484465E-1
6.919000E-3 -2.591693E-1 -1.189655E-1
6.920000E-3 5.817987E-1 -7.263828E-2
6.921000E-3 1.380718E+0 -9.464801E-3
6.922000E-3 2.011444E+0 3.686242E-2
6.923000E-3 2.431928E+0 9.161277E-2
6.924000E-3 2.516025E+0 1.337284E-1
6.925000E-3 2.347831E+0 1.589978E-1
6.926000E-3 1.843251E+0 1.758441E-1
6.927000E-3 1.170476E+0 1.884788E-1
6.928000E-3 3.295083E-1 1.926903E-1
6.929000E-3 -5.114597E-1 1.842672E-1
6.930000E-3 -1.352428E+0 1.589978E-1
6.931000E-3 -2.025202E+0 1.295169E-1
6.932000E-3 -2.403638E+0 9.582434E-2
6.933000E-3 -2.529783E+0 5.370868E-2
6.934000E-3 -2.361589E+0 1.580459E-2
6.935000E-3 -1.941105E+0 -1.788793E-2
6.936000E-3 -1.268331E+0 -4.736889E-2
6.937000E-3 -4.273629E-1 -6.421515E-2
6.938000E-3 4.136051E-1 -7.684985E-2
6.939000E-3 1.254573E+0 -7.263828E-2
6.940000E-3 1.927347E+0 -6.421515E-2
6.941000E-3 2.389880E+0 -4.315732E-2
6.942000E-3 2.516025E+0 -1.367637E-2
6.943000E-3 2.389880E+0 3.169895E-3
6.944000E-3 1.969396E+0 2.843929E-2
6.945000E-3 1.296621E+0 4.107398E-2
6.946000E-3 4.977019E-1 5.370868E-2
6.947000E-3 -3.432661E-1 4.949712E-2
6.948000E-3 -1.184234E+0 3.265085E-2
6.949000E-3 -1.857008E+0 7.381461E-3
6.950000E-3 -2.361589E+0 -1.788793E-2
6.951000E-3 -2.529783E+0 -6.000359E-2
6.952000E-3 -2.445686E+0 -9.790768E-2
6.953000E-3 -2.025202E+0 -1.358118E-1
6.954000E-3 -1.394476E+0 -1.652927E-1
6.955000E-3 -5.955565E-1 -1.779274E-1
6.956000E-3 2.874599E-1 -1.652927E-1
6.957000E-3 1.128428E+0 -1.316002E-1
6.958000E-3 1.843251E+0 -8.527298E-2
6.959000E-3 2.347831E+0 -2.631106E-2
6.960000E-3 2.516025E+0 2.843929E-2
6.961000E-3 2.431928E+0 7.897807E-2
6.962000E-3 2.095541E+0 1.168822E-1
6.963000E-3 1.464815E+0 1.337284E-1
6.964000E-3 6.658955E-1 1.379400E-1
6.965000E-3 -2.171209E-1 1.337284E-1
6.966000E-3 -1.058089E+0 1.210937E-1
6.967000E-3 -1.730863E+0 1.000359E-1
6.968000E-3 -2.277492E+0 6.213181E-2
6.969000E-3 -2.529783E+0 2.422772E-2
6.970000E-3 -2.487734E+0 -1.367637E-2
6.971000E-3 -2.109299E+0 -5.158046E-2
6.972000E-3 -1.520621E+0 -8.106141E-2
6.973000E-3 -7.637501E-1 -1.063308E-1
6.974000E-3 1.192663E-1 -1.189655E-1
6.975000E-3 9.602342E-1 -1.189655E-1
6.976000E-3 1.717105E+0 -1.105424E-1
6.977000E-3 2.263735E+0 -8.948455E-2
6.978000E-3 2.516025E+0 -6.421515E-2
6.979000E-3 2.473977E+0 -3.473419E-2
6.980000E-3 2.179638E+0 -9.464801E-3
6.981000E-3 1.590960E+0 3.169895E-3
6.982000E-3 7.920406E-1 1.580459E-2
6.983000E-3 -4.892732E-2 1.580459E-2
6.984000E-3 -8.898953E-1 7.381461E-3
6.985000E-3 -1.646766E+0 -9.464801E-3
6.986000E-3 -2.193396E+0 -3.473419E-2
6.987000E-3 -2.487734E+0 -7.684985E-2
6.988000E-3 -2.529783E+0 -1.147539E-1
6.989000E-3 -2.193396E+0 -1.484465E-1
6.990000E-3 -1.646766E+0 -1.568696E-1
6.991000E-3 -9.319437E-1 -1.442349E-1
6.992000E-3 -4.892732E-2 -1.105424E-1
6.993000E-3 8.340890E-1 -5.158046E-2
6.994000E-3 1.590960E+0 3.169895E-3
6.995000E-3 2.179638E+0 5.370868E-2
6.996000E-3 2.516025E+0 1.126706E-1
6.997000E-3 2.516025E+0 1.421516E-1
6.998000E-3 2.263735E+0 1.674209E-1
6.999000E-3 1.675057E+0 1.842672E-1
7.000000E-3 1.002283E+0 1.926903E-1
7.001000E-3 1.192663E-1 1.969019E-1
7.002000E-3 -7.217017E-1 1.800556E-1
7.003000E-3 -1.520621E+0 1.547863E-1
7.004000E-3 -2.109299E+0 1.210937E-1
7.005000E-3 -2.445686E+0 8.740121E-2
7.006000E-3 -2.529783E+0 4.528555E-2
7.007000E-3 -2.277492E+0 3.169895E-3
7.008000E-3 -1.772912E+0 -2.631106E-2
7.009000E-3 -1.058089E+0 -5.158046E-2
7.010000E-3 -2.171209E-1 -6.842672E-2
7.011000E-3 6.658955E-1 -7.684985E-2
7.012000E-3 1.464815E+0 -6.842672E-2
7.013000E-3 2.095541E+0 -6.000359E-2
7.014000E-3 2.431928E+0 -3.473419E-2
7.015000E-3 2.516025E+0 -9.464801E-3
7.016000E-3 2.305783E+0 7.381461E-3
7.017000E-3 1.801202E+0 3.265085E-2
7.018000E-3 1.086379E+0 4.949712E-2
7.019000E-3 2.874599E-1 5.370868E-2
7.020000E-3 -5.955565E-1 4.949712E-2
7.021000E-3 -1.394476E+0 2.422772E-2
7.022000E-3 -2.025202E+0 -1.041670E-3
7.023000E-3 -2.445686E+0 -3.052263E-2
7.024000E-3 -2.529783E+0 -7.263828E-2
7.025000E-3 -2.361589E+0 -1.105424E-1
7.026000E-3 -1.899057E+0 -1.484465E-1
7.027000E-3 -1.184234E+0 -1.695043E-1
7.028000E-3 -3.432661E-1 -1.737159E-1
7.029000E-3 4.977019E-1 -1.568696E-1
7.030000E-3 1.338670E+0 -1.189655E-1
7.031000E-3 2.011444E+0 -6.842672E-2
7.032000E-3 2.431928E+0 -5.253235E-3
7.033000E-3 2.516025E+0 4.107398E-2
7.034000E-3 2.347831E+0 9.161277E-2
7.035000E-3 1.927347E+0 1.210937E-1
7.036000E-3 1.254573E+0 1.337284E-1
7.037000E-3 4.136051E-1 1.379400E-1
7.038000E-3 -4.273629E-1 1.337284E-1
7.039000E-3 -1.268331E+0 1.168822E-1
7.040000E-3 -1.941105E+0 8.740121E-2
7.041000E-3 -2.361589E+0 5.370868E-2
7.042000E-3 -2.529783E+0 1.580459E-2
7.043000E-3 -2.361589E+0 -2.631106E-2
7.044000E-3 -1.983154E+0 -6.000359E-2
7.045000E-3 -1.310379E+0 -8.527298E-2
7.046000E-3 -5.114597E-1 -1.105424E-1
7.047000E-3 3.295083E-1 -1.189655E-1
7.048000E-3 1.170476E+0 -1.189655E-1
7.049000E-3 1.885299E+0 -1.021192E-1
7.050000E-3 2.347831E+0 -8.106141E-2
7.051000E-3 2.516025E+0 -5.579202E-2
7.052000E-3 2.431928E+0 -2.631106E-2
7.053000E-3 2.011444E+0 -1.041670E-3
7.054000E-3 1.338670E+0 7.381461E-3
7.055000E-3 5.817987E-1 1.580459E-2
7.056000E-3 -2.591693E-1 1.580459E-2
7.057000E-3 -1.100137E+0 3.169895E-3
7.058000E-3 -1.814960E+0 -1.367637E-2
7.059000E-3 -2.319541E+0 -4.736889E-2
7.060000E-3 -2.529783E+0 -8.527298E-2
7.061000E-3 -2.445686E+0 -1.273886E-1
7.062000E-3 -2.067250E+0 -1.484465E-1
7.063000E-3 -1.436524E+0 -1.526580E-1
7.064000E-3 -6.796533E-1 -1.358118E-1
7.065000E-3 1.613147E-1 -9.790768E-2
7.066000E-3 1.044331E+0 -3.473419E-2
7.067000E-3 1.759154E+0 1.580459E-2
7.068000E-3 2.305783E+0 6.634338E-2
7.069000E-3 2.516025E+0 1.210937E-1
7.070000E-3 2.473977E+0 1.463631E-1
7.071000E-3 2.095541E+0 1.716325E-1
7.072000E-3 1.506863E+0 1.884788E-1
7.073000E-3 7.499922E-1 1.969019E-1
7.074000E-3 -9.097572E-2 1.926903E-1
7.075000E-3 -9.739921E-1 1.716325E-1
7.076000E-3 -1.688815E+0 1.505747E-1
7.077000E-3 -2.235444E+0 1.168822E-1
7.078000E-3 -2.529783E+0 7.476651E-2
7.079000E-3 -2.445686E+0 3.265085E-2
7.080000E-3 -2.151347E+0 -5.253235E-3
7.081000E-3 -1.604718E+0 -3.052263E-2
7.082000E-3 -8.057985E-1 -6.000359E-2
7.083000E-3 3.516947E-2 -7.263828E-2
7.084000E-3 9.181858E-1 -7.263828E-2
7.085000E-3 1.675057E+0 -6.842672E-2
7.086000E-3 2.263735E+0 -5.158046E-2
7.087000E-3 2.516025E+0 -2.631106E-2
7.088000E-3 2.516025E+0 3.169895E-3
7.089000E-3 2.221686E+0 1.580459E-2
7.090000E-3 1.633009E+0 3.686242E-2
7.091000E-3 8.761374E-1 5.370868E-2
7.092000E-3 3.516947E-2 5.370868E-2
7.093000E-3 -8.057985E-1 4.107398E-2
7.094000E-3 -1.604718E+0 2.422772E-2
7.095000E-3 -2.151347E+0 -9.464801E-3
7.096000E-3 -2.487734E+0 -4.315732E-2
7.097000E-3 -2.529783E+0 -8.106141E-2
7.098000E-3 -2.235444E+0 -1.189655E-1
7.099000E-3 -1.688815E+0 -1.526580E-1
7.100000E-3 -9.739921E-1 -1.779274E-1
7.101000E-3 -1.330241E-1 -1.695043E-1
7.102000E-3 7.499922E-1 -1.484465E-1
7.103000E-3 1.506863E+0 -1.063308E-1
7.104000E-3 2.137589E+0 -5.158046E-2
7.105000E-3 2.473977E+0 7.381461E-3
7.106000E-3 2.516025E+0 5.370868E-2
7.107000E-3 2.263735E+0 1.042475E-1
7.108000E-3 1.717105E+0 1.253053E-1
7.109000E-3 1.044331E+0 1.379400E-1
7.110000E-3 2.454115E-1 1.379400E-1
7.111000E-3 -6.796533E-1 1.295169E-1
7.112000E-3 -1.436524E+0 1.084590E-1
7.113000E-3 -2.067250E+0 7.897807E-2
7.114000E-3 -2.445686E+0 4.107398E-2
7.115000E-3 -2.529783E+0 3.169895E-3
7.116000E-3 -2.319541E+0 -3.052263E-2
7.117000E-3 -1.814960E+0 -6.842672E-2
7.118000E-3 -1.100137E+0 -9.369611E-2
7.119000E-3 -3.012177E-1 -1.147539E-1
7.120000E-3 6.238471E-1 -1.189655E-1
7.121000E-3 1.380718E+0 -1.147539E-1
7.122000E-3 2.053493E+0 -9.790768E-2
7.123000E-3 2.431928E+0 -7.684985E-2
7.124000E-3 2.516025E+0 -4.736889E-2
7.125000E-3 2.347831E+0 -2.209950E-2
7.126000E-3 1.843251E+0 -1.041670E-3
7.127000E-3 1.170476E+0 7.381461E-3
7.128000E-3 3.295083E-1 2.001616E-2
7.129000E-3 -5.114597E-1 1.580459E-2
7.130000E-3 -1.310379E+0 -1.041670E-3
7.131000E-3 -1.983154E+0 -2.209950E-2
7.132000E-3 -2.403638E+0 -5.579202E-2
7.133000E-3 -2.529783E+0 -9.790768E-2
7.134000E-3 -2.403638E+0 -1.358118E-1
7.135000E-3 -1.941105E+0 -1.526580E-1
7.136000E-3 -1.268331E+0 -1.526580E-1
7.137000E-3 -4.273629E-1 -1.273886E-1
7.138000E-3 4.556535E-1 -8.106141E-2
7.139000E-3 1.254573E+0 -2.209950E-2
7.140000E-3 1.927347E+0 2.843929E-2
7.141000E-3 2.389880E+0 7.897807E-2
7.142000E-3 2.516025E+0 1.295169E-1
7.143000E-3 2.389880E+0 1.547863E-1
7.144000E-3 1.969396E+0 1.758441E-1
7.145000E-3 1.338670E+0 1.884788E-1
7.146000E-3 4.977019E-1 1.969019E-1
7.147000E-3 -3.432661E-1 1.884788E-1
7.148000E-3 -1.184234E+0 1.674209E-1
7.149000E-3 -1.899057E+0 1.379400E-1
7.150000E-3 -2.361589E+0 1.042475E-1
7.151000E-3 -2.529783E+0 6.634338E-2
7.152000E-3 -2.403638E+0 2.001616E-2
7.153000E-3 -2.025202E+0 -1.367637E-2
7.154000E-3 -1.394476E+0 -3.894576E-2
7.155000E-3 -5.535081E-1 -6.000359E-2
7.156000E-3 2.874599E-1 -7.263828E-2
7.157000E-3 1.086379E+0 -7.263828E-2
7.158000E-3 1.843251E+0 -6.421515E-2
7.159000E-3 2.347831E+0 -4.736889E-2
7.160000E-3 2.516025E+0 -1.788793E-2
7.161000E-3 2.431928E+0 3.169895E-3
7.162000E-3 2.053493E+0 2.422772E-2
7.163000E-3 1.422767E+0 4.107398E-2
7.164000E-3 6.658955E-1 5.370868E-2
7.165000E-3 -2.171209E-1 5.370868E-2
7.166000E-3 -1.016040E+0 3.686242E-2
7.167000E-3 -1.772912E+0 1.580459E-2
7.168000E-3 -2.277492E+0 -1.367637E-2
7.169000E-3 -2.529783E+0 -5.158046E-2
7.170000E-3 -2.487734E+0 -8.948455E-2
7.171000E-3 -2.109299E+0 -1.316002E-1
7.172000E-3 -1.520621E+0 -1.610812E-1
7.173000E-3 -7.637501E-1 -1.779274E-1
7.174000E-3 7.721787E-2 -1.695043E-1
7.175000E-3 1.002283E+0 -1.400233E-1
7.176000E-3 1.717105E+0 -9.369611E-2
7.177000E-3 2.263735E+0 -3.473419E-2
7.178000E-3 2.516025E+0 2.001616E-2
7.179000E-3 2.516025E+0 6.634338E-2
7.180000E-3 2.179638E+0 1.126706E-1
7.181000E-3 1.590960E+0 1.295169E-1
7.182000E-3 8.340890E-1 1.379400E-1
7.183000E-3 -4.892732E-2 1.379400E-1
7.184000E-3 -8.898953E-1 1.253053E-1
7.185000E-3 -1.646766E+0 1.042475E-1
7.186000E-3 -2.193396E+0 7.055494E-2
7.187000E-3 -2.529783E+0 3.265085E-2
7.188000E-3 -2.529783E+0 -9.464801E-3
7.189000E-3 -2.193396E+0 -4.736889E-2
7.190000E-3 -1.646766E+0 -7.684985E-2
7.191000E-3 -8.898953E-1 -1.021192E-1
7.192000E-3 -4.892732E-2 -1.147539E-1
7.193000E-3 8.340890E-1 -1.189655E-1
7.194000E-3 1.590960E+0 -1.105424E-1
7.195000E-3 2.179638E+0 -9.369611E-2
7.196000E-3 2.516025E+0 -6.421515E-2
7.197000E-3 2.516025E+0 -3.894576E-2
7.198000E-3 2.263735E+0 -1.367637E-2
7.199000E-3 1.675057E+0 3.169895E-3
7.200000E-3 1.002283E+0 1.580459E-2
7.201000E-3 1.192663E-1 1.580459E-2
7.202000E-3 -7.217017E-1 1.159303E-2
7.203000E-3 -1.520621E+0 -9.464801E-3
7.204000E-3 -2.109299E+0 -3.052263E-2
7.205000E-3 -2.445686E+0 -6.842672E-2
7.206000E-3 -2.529783E+0 -1.105424E-1
7.207000E-3 -2.277492E+0 -1.442349E-1
7.208000E-3 -1.772912E+0 -1.526580E-1
7.209000E-3 -1.016040E+0 -1.484465E-1
7.210000E-3 -2.171209E-1 -1.147539E-1
7.211000E-3 6.658955E-1 -6.421515E-2
7.212000E-3 1.464815E+0 -5.253235E-3
7.213000E-3 2.095541E+0 4.107398E-2
7.214000E-3 2.431928E+0 1.000359E-1
7.215000E-3 2.516025E+0 1.379400E-1
7.216000E-3 2.305783E+0 1.632094E-1
7.217000E-3 1.801202E+0 1.800556E-1
7.218000E-3 1.128428E+0 1.884788E-1
7.219000E-3 2.874599E-1 1.969019E-1
7.220000E-3 -5.955565E-1 1.842672E-1
7.221000E-3 -1.394476E+0 1.589978E-1
7.222000E-3 -2.025202E+0 1.253053E-1
7.223000E-3 -2.445686E+0 9.161277E-2
7.224000E-3 -2.529783E+0 5.370868E-2
7.225000E-3 -2.361589E+0 1.159303E-2
7.226000E-3 -1.857008E+0 -2.209950E-2
7.227000E-3 -1.184234E+0 -4.736889E-2
7.228000E-3 -3.432661E-1 -6.842672E-2
7.229000E-3 4.977019E-1 -7.263828E-2
7.230000E-3 1.338670E+0 -6.842672E-2
7.231000E-3 1.969396E+0 -6.000359E-2
7.232000E-3 2.389880E+0 -3.894576E-2
7.233000E-3 2.516025E+0 -1.367637E-2
7.234000E-3 2.347831E+0 3.169895E-3
7.235000E-3 1.927347E+0 2.843929E-2
7.236000E-3 1.212525E+0 4.528555E-2
7.237000E-3 4.556535E-1 5.370868E-2
7.238000E-3 -4.273629E-1 4.949712E-2
7.239000E-3 -1.268331E+0 3.265085E-2
7.240000E-3 -1.899057E+0 3.169895E-3
7.241000E-3 -2.361589E+0 -2.631106E-2
7.242000E-3 -2.529783E+0 -6.421515E-2
7.243000E-3 -2.403638E+0 -1.021192E-1
7.244000E-3 -1.983154E+0 -1.400233E-1
7.245000E-3 -1.352428E+0 -1.652927E-1
7.246000E-3 -5.114597E-1 -1.779274E-1
7.247000E-3 3.295083E-1 -1.652927E-1
7.248000E-3 1.212525E+0 -1.316002E-1
7.249000E-3 1.885299E+0 -7.684985E-2
7.250000E-3 2.347831E+0 -1.788793E-2
7.251000E-3 2.516025E+0 3.265085E-2
7.252000E-3 2.431928E+0 8.740121E-2
7.253000E-3 2.011444E+0 1.210937E-1
7.254000E-3 1.380718E+0 1.337284E-1
7.255000E-3 5.817987E-1 1.379400E-1
7.256000E-3 -3.012177E-1 1.337284E-1
7.257000E-3 -1.100137E+0 1.210937E-1
7.258000E-3 -1.857008E+0 9.161277E-2
7.259000E-3 -2.277492E+0 6.213181E-2
7.260000E-3 -2.529783E+0 2.001616E-2
7.261000E-3 -2.445686E+0 -1.788793E-2
7.262000E-3 -2.067250E+0 -5.158046E-2
7.263000E-3 -1.436524E+0 -8.527298E-2
7.264000E-3 -6.796533E-1 -1.063308E-1
7.265000E-3 1.613147E-1 -1.189655E-1
7.266000E-3 1.086379E+0 -1.189655E-1
7.267000E-3 1.759154E+0 -1.021192E-1
7.268000E-3 2.263735E+0 -8.527298E-2
7.269000E-3 2.516025E+0 -6.000359E-2
7.270000E-3 2.473977E+0 -3.052263E-2
7.271000E-3 2.137589E+0 -9.464801E-3
7.272000E-3 1.506863E+0 3.169895E-3
7.273000E-3 7.499922E-1 1.580459E-2
7.274000E-3 -1.330241E-1 2.001616E-2
7.275000E-3 -9.739921E-1 3.169895E-3
7.276000E-3 -1.688815E+0 -1.367637E-2
7.277000E-3 -2.235444E+0 -4.315732E-2
7.278000E-3 -2.529783E+0 -8.106141E-2
7.279000E-3 -2.487734E+0 -1.189655E-1
7.280000E-3 -2.193396E+0 -1.484465E-1
7.281000E-3 -1.604718E+0 -1.568696E-1
7.282000E-3 -8.478469E-1 -1.400233E-1
7.283000E-3 -6.878924E-3 -1.021192E-1
7.284000E-3 9.181858E-1 -4.736889E-2
7.285000E-3 1.675057E+0 7.381461E-3
7.286000E-3 2.179638E+0 5.792025E-2
7.287000E-3 2.516025E+0 1.168822E-1
7.288000E-3 2.473977E+0 1.421516E-1
7.289000E-3 2.179638E+0 1.674209E-1
7.290000E-3 1.633009E+0 1.842672E-1
7.291000E-3 8.761374E-1 1.926903E-1
7.292000E-3 3.516947E-2 1.926903E-1
7.293000E-3 -8.478469E-1 1.758441E-1
7.294000E-3 -1.562670E+0 1.547863E-1
7.295000E-3 -2.193396E+0 1.210937E-1
7.296000E-3 -2.487734E+0 8.318964E-2
7.297000E-3 -2.529783E+0 4.107398E-2
7.298000E-3 -2.235444E+0 -1.041670E-3
7.299000E-3 -1.730863E+0 -3.052263E-2
7.300000E-3 -1.016040E+0 -5.158046E-2
7.301000E-3 -1.750725E-1 -7.263828E-2
7.302000E-3 7.499922E-1 -7.263828E-2
7.303000E-3 1.506863E+0 -6.842672E-2
7.304000E-3 2.137589E+0 -5.158046E-2
7.305000E-3 2.473977E+0 -3.052263E-2
7.306000E-3 2.516025E+0 -1.041670E-3
7.307000E-3 2.263735E+0 1.580459E-2
7.308000E-3 1.759154E+0 3.686242E-2
7.309000E-3 1.044331E+0 4.949712E-2
7.310000E-3 2.033631E-1 5.370868E-2
7.311000E-3 -6.796533E-1 4.107398E-2
7.312000E-3 -1.478573E+0 2.422772E-2
7.313000E-3 -2.067250E+0 -1.041670E-3
7.314000E-3 -2.445686E+0 -3.473419E-2
7.315000E-3 -2.529783E+0 -7.263828E-2
7.316000E-3 -2.319541E+0 -1.147539E-1
7.317000E-3 -1.857008E+0 -1.484465E-1
7.318000E-3 -1.142186E+0 -1.737159E-1
7.319000E-3 -3.012177E-1 -1.737159E-1
7.320000E-3 5.817987E-1 -1.568696E-1
7.321000E-3 1.422767E+0 -1.147539E-1
7.322000E-3 2.011444E+0 -6.421515E-2
7.323000E-3 2.431928E+0 -1.041670E-3
7.324000E-3 2.516025E+0 4.107398E-2
7.325000E-3 2.347831E+0 1.000359E-1
7.326000E-3 1.843251E+0 1.210937E-1
7.327000E-3 1.170476E+0 1.379400E-1
7.328000E-3 3.715567E-1 1.379400E-1
7.329000E-3 -5.114597E-1 1.337284E-1
7.330000E-3 -1.310379E+0 1.168822E-1
7.331000E-3 -2.025202E+0 8.740121E-2
7.332000E-3 -2.445686E+0 4.949712E-2
7.333000E-3 -2.529783E+0 7.381461E-3
7.334000E-3 -2.361589E+0 -3.052263E-2
7.335000E-3 -1.941105E+0 -6.421515E-2
7.336000E-3 -1.268331E+0 -9.369611E-2
7.337000E-3 -4.273629E-1 -1.105424E-1
7.338000E-3 4.136051E-1 -1.189655E-1
7.339000E-3 1.254573E+0 -1.147539E-1
7.340000E-3 1.927347E+0 -1.021192E-1
7.341000E-3 2.347831E+0 -8.106141E-2
7.342000E-3 2.516025E+0 -5.158046E-2
7.343000E-3 2.347831E+0 -2.631106E-2
7.344000E-3 1.969396E+0 -1.041670E-3
7.345000E-3 1.338670E+0 7.381461E-3
7.346000E-3 4.977019E-1 2.001616E-2
7.347000E-3 -3.432661E-1 1.580459E-2
7.348000E-3 -1.184234E+0 -1.041670E-3
7.349000E-3 -1.899057E+0 -1.788793E-2
7.350000E-3 -2.361589E+0 -5.158046E-2
7.351000E-3 -2.529783E+0 -8.948455E-2
7.352000E-3 -2.403638E+0 -1.273886E-1
7.353000E-3 -2.025202E+0 -1.526580E-1
7.354000E-3 -1.436524E+0 -1.526580E-1
7.355000E-3 -5.955565E-1 -1.316002E-1
7.356000E-3 2.874599E-1 -8.948455E-2
7.357000E-3 1.128428E+0 -3.052263E-2
7.358000E-3 1.843251E+0 2.001616E-2
7.359000E-3 2.347831E+0 7.055494E-2
7.360000E-3 2.558073E+0 1.210937E-1
7.361000E-3 2.431928E+0 1.505747E-1
7.362000E-3 2.095541E+0 1.716325E-1
7.363000E-3 1.464815E+0 1.884788E-1
7.364000E-3 6.658955E-1 1.969019E-1
7.365000E-3 -2.171209E-1 1.884788E-1
7.366000E-3 -1.058089E+0 1.716325E-1
7.367000E-3 -1.772912E+0 1.421516E-1
7.368000E-3 -2.277492E+0 1.084590E-1
7.369000E-3 -2.529783E+0 7.055494E-2
7.370000E-3 -2.445686E+0 3.265085E-2
7.371000E-3 -2.109299E+0 -9.464801E-3
7.372000E-3 -1.520621E+0 -3.473419E-2
7.373000E-3 -7.637501E-1 -6.000359E-2
7.374000E-3 1.192663E-1 -7.684985E-2
7.375000E-3 1.002283E+0 -7.263828E-2
7.376000E-3 1.675057E+0 -6.842672E-2
7.377000E-3 2.263735E+0 -4.736889E-2
7.378000E-3 2.473977E+0 -2.631106E-2
7.379000E-3 2.473977E+0 3.169895E-3
7.380000E-3 2.179638E+0 2.001616E-2
7.381000E-3 1.590960E+0 3.686242E-2
7.382000E-3 8.340890E-1 4.949712E-2
7.383000E-3 -4.892732E-2 5.370868E-2
7.384000E-3 -8.898953E-1 4.528555E-2
7.385000E-3 -1.604718E+0 2.001616E-2
7.386000E-3 -2.193396E+0 -1.367637E-2
7.387000E-3 -2.529783E+0 -4.315732E-2
7.388000E-3 -2.529783E+0 -8.527298E-2
7.389000E-3 -2.193396E+0 -1.231771E-1
7.390000E-3 -1.688815E+0 -1.568696E-1
7.391000E-3 -8.898953E-1 -1.779274E-1
7.392000E-3 -4.892732E-2 -1.695043E-1
7.393000E-3 8.340890E-1 -1.484465E-1
7.394000E-3 1.633009E+0 -9.790768E-2
7.395000E-3 2.179638E+0 -4.736889E-2
7.396000E-3 2.473977E+0 7.381461E-3
7.397000E-3 2.516025E+0 5.792025E-2
7.398000E-3 2.221686E+0 1.084590E-1
7.399000E-3 1.717105E+0 1.295169E-1
7.400000E-3 1.002283E+0 1.379400E-1
7.401000E-3 1.192663E-1 1.379400E-1
7.402000E-3 -7.637501E-1 1.295169E-1
7.403000E-3 -1.520621E+0 1.084590E-1
7.404000E-3 -2.109299E+0 7.476651E-2
7.405000E-3 -2.487734E+0 3.686242E-2
7.406000E-3 -2.529783E+0 -1.041670E-3
7.407000E-3 -2.277492E+0 -3.894576E-2
7.408000E-3 -1.772912E+0 -6.842672E-2
7.409000E-3 -1.058089E+0 -9.790768E-2
7.410000E-3 -2.171209E-1 -1.105424E-1
7.411000E-3 6.658955E-1 -1.189655E-1
7.412000E-3 1.464815E+0 -1.147539E-1
7.413000E-3 2.095541E+0 -9.790768E-2
7.414000E-3 2.431928E+0 -7.263828E-2
7.415000E-3 2.516025E+0 -4.315732E-2
7.416000E-3 2.305783E+0 -1.788793E-2
7.417000E-3 1.801202E+0 -1.041670E-3
7.418000E-3 1.086379E+0 1.159303E-2
7.419000E-3 2.454115E-1 1.580459E-2
7.420000E-3 -5.955565E-1 1.159303E-2
7.421000E-3 -1.352428E+0 -5.253235E-3
7.422000E-3 -2.025202E+0 -2.631106E-2
7.423000E-3 -2.445686E+0 -6.000359E-2
7.424000E-3 -2.529783E+0 -9.790768E-2
7.425000E-3 -2.361589E+0 -1.358118E-1
7.426000E-3 -1.899057E+0 -1.526580E-1
7.427000E-3 -1.184234E+0 -1.526580E-1
7.428000E-3 -3.432661E-1 -1.273886E-1
7.429000E-3 4.977019E-1 -7.684985E-2
7.430000E-3 1.296621E+0 -1.788793E-2
7.431000E-3 1.969396E+0 3.265085E-2
7.432000E-3 2.389880E+0 8.318964E-2
7.433000E-3 2.516025E+0 1.337284E-1
7.434000E-3 2.347831E+0 1.547863E-1
7.435000E-3 1.927347E+0 1.758441E-1
7.436000E-3 1.254573E+0 1.884788E-1
7.437000E-3 4.556535E-1 1.969019E-1
7.438000E-3 -4.273629E-1 1.842672E-1
7.439000E-3 -1.226282E+0 1.632094E-1
7.440000E-3 -1.941105E+0 1.337284E-1
7.441000E-3 -2.361589E+0 1.000359E-1
7.442000E-3 -2.529783E+0 6.213181E-2
7.443000E-3 -2.403638E+0 2.001616E-2
7.444000E-3 -1.983154E+0 -1.367637E-2
7.445000E-3 -1.352428E+0 -4.315732E-2
7.446000E-3 -5.114597E-1 -6.421515E-2
7.447000E-3 3.715567E-1 -7.684985E-2
7.448000E-3 1.212525E+0 -7.263828E-2
7.449000E-3 1.885299E+0 -6.421515E-2
7.450000E-3 2.347831E+0 -4.315732E-2
7.451000E-3 2.516025E+0 -1.788793E-2
7.452000E-3 2.431928E+0 3.169895E-3
7.453000E-3 2.011444E+0 2.843929E-2
7.454000E-3 1.380718E+0 4.528555E-2
7.455000E-3 5.817987E-1 5.370868E-2
7.456000E-3 -3.012177E-1 4.949712E-2
7.457000E-3 -1.100137E+0 3.686242E-2
7.458000E-3 -1.814960E+0 7.381461E-3
7.459000E-3 -2.319541E+0 -1.788793E-2
7.460000E-3 -2.529783E+0 -5.158046E-2
7.461000E-3 -2.445686E+0 -9.790768E-2
7.462000E-3 -2.067250E+0 -1.316002E-1
7.463000E-3 -1.436524E+0 -1.610812E-1
7.464000E-3 -6.796533E-1 -1.779274E-1
7.465000E-3 1.613147E-1 -1.695043E-1
7.466000E-3 1.044331E+0 -1.358118E-1
7.467000E-3 1.759154E+0 -8.948455E-2
7.468000E-3 2.263735E+0 -3.052263E-2
7.469000E-3 2.516025E+0 2.422772E-2
7.470000E-3 2.473977E+0 7.476651E-2
7.471000E-3 2.095541E+0 1.168822E-1
7.472000E-3 1.506863E+0 1.337284E-1
7.473000E-3 7.499922E-1 1.379400E-1
7.474000E-3 -1.330241E-1 1.337284E-1
7.475000E-3 -9.739921E-1 1.210937E-1
7.476000E-3 -1.688815E+0 1.000359E-1
7.477000E-3 -2.235444E+0 6.634338E-2
7.478000E-3 -2.529783E+0 2.843929E-2
7.479000E-3 -2.529783E+0 -1.367637E-2
7.480000E-3 -2.193396E+0 -4.736889E-2
7.481000E-3 -1.604718E+0 -8.106141E-2
7.482000E-3 -8.478469E-1 -1.021192E-1
7.483000E-3 -6.878924E-3 -1.189655E-1
7.484000E-3 9.181858E-1 -1.189655E-1
7.485000E-3 1.675057E+0 -1.105424E-1
7.486000E-3 2.179638E+0 -8.948455E-2
7.487000E-3 2.516025E+0 -6.421515E-2
7.488000E-3 2.473977E+0 -3.473419E-2
7.489000E-3 2.179638E+0 -1.367637E-2
7.490000E-3 1.633009E+0 3.169895E-3
7.491000E-3 8.761374E-1 1.580459E-2
7.492000E-3 3.516947E-2 1.580459E-2
7.493000E-3 -8.478469E-1 7.381461E-3
7.494000E-3 -1.604718E+0 -5.253235E-3
7.495000E-3 -2.151347E+0 -3.473419E-2
7.496000E-3 -2.487734E+0 -7.263828E-2
7.497000E-3 -2.529783E+0 -1.147539E-1
7.498000E-3 -2.235444E+0 -1.442349E-1
7.499000E-3 -1.688815E+0 -1.568696E-1
7.500000E-3 -1.016040E+0 -1.484465E-1
7.501000E-3 -1.330241E-1 -1.105424E-1
7.502000E-3 7.499922E-1 -5.579202E-2
7.503000E-3 1.506863E+0 3.169895E-3
7.504000E-3 2.137589E+0 4.949712E-2
7.505000E-3 2.473977E+0 1.084590E-1
7.506000E-3 2.516025E+0 1.379400E-1
7.507000E-3 2.263735E+0 1.632094E-1
7.508000E-3 1.759154E+0 1.842672E-1
7.509000E-3 1.044331E+0 1.926903E-1
7.510000E-3 2.033631E-1 1.926903E-1
7.511000E-3 -6.796533E-1 1.842672E-1
7.512000E-3 -1.436524E+0 1.589978E-1
7.513000E-3 -2.067250E+0 1.253053E-1
7.514000E-3 -2.445686E+0 8.740121E-2
7.515000E-3 -2.529783E+0 4.949712E-2
7.516000E-3 -2.319541E+0 7.381461E-3
7.517000E-3 -1.857008E+0 -2.209950E-2
7.518000E-3 -1.142186E+0 -5.158046E-2
7.519000E-3 -3.012177E-1 -6.842672E-2
7.520000E-3 5.817987E-1 -7.684985E-2
7.521000E-3 1.422767E+0 -6.842672E-2
7.522000E-3 2.011444E+0 -6.000359E-2
7.523000E-3 2.431928E+0 -3.473419E-2
7.524000E-3 2.516025E+0 -1.367637E-2
7.525000E-3 2.347831E+0 7.381461E-3
7.526000E-3 1.843251E+0 3.265085E-2
7.527000E-3 1.170476E+0 4.949712E-2
7.528000E-3 3.295083E-1 5.370868E-2
7.529000E-3 -5.114597E-1 4.949712E-2
7.530000E-3 -1.352428E+0 2.843929E-2
7.531000E-3 -1.983154E+0 3.169895E-3
7.532000E-3 -2.403638E+0 -2.631106E-2
7.533000E-3 -2.529783E+0 -6.421515E-2
7.534000E-3 -2.361589E+0 -1.063308E-1
7.535000E-3 -1.941105E+0 -1.442349E-1
7.536000E-3 -1.268331E+0 -1.695043E-1
7.537000E-3 -4.273629E-1 -1.779274E-1
7.538000E-3 4.136051E-1 -1.610812E-1
7.539000E-3 1.254573E+0 -1.273886E-1
7.540000E-3 1.927347E+0 -7.263828E-2
7.541000E-3 2.347831E+0 -1.367637E-2
7.542000E-3 2.516025E+0 3.686242E-2
7.543000E-3 2.389880E+0 9.161277E-2
7.544000E-3 1.969396E+0 1.210937E-1
7.545000E-3 1.338670E+0 1.337284E-1
7.546000E-3 4.977019E-1 1.379400E-1
7.547000E-3 -3.853145E-1 1.337284E-1
7.548000E-3 -1.184234E+0 1.210937E-1
7.549000E-3 -1.857008E+0 9.161277E-2
7.550000E-3 -2.361589E+0 5.792025E-2
7.551000E-3 -2.529783E+0 1.580459E-2
7.552000E-3 -2.403638E+0 -1.788793E-2
7.553000E-3 -2.025202E+0 -5.579202E-2
7.554000E-3 -1.394476E+0 -8.527298E-2
7.555000E-3 -5.955565E-1 -1.105424E-1
7.556000E-3 2.874599E-1 -1.189655E-1
7.557000E-3 1.128428E+0 -1.189655E-1
7.558000E-3 1.843251E+0 -1.021192E-1
7.559000E-3 2.347831E+0 -8.527298E-2
7.560000E-3 2.558073E+0 -5.579202E-2
7.561000E-3 2.431928E+0 -3.052263E-2
7.562000E-3 2.053493E+0 -9.464801E-3
7.563000E-3 1.422767E+0 3.169895E-3
7.564000E-3 6.658955E-1 1.580459E-2
7.565000E-3 -2.171209E-1 1.580459E-2
7.566000E-3 -1.058089E+0 3.169895E-3
7.567000E-3 -1.772912E+0 -1.367637E-2
7.568000E-3 -2.277492E+0 -4.315732E-2
7.569000E-3 -2.529783E+0 -8.106141E-2
7.570000E-3 -2.445686E+0 -1.189655E-1
7.571000E-3 -2.109299E+0 -1.484465E-1
7.572000E-3 -1.520621E+0 -1.568696E-1
7.573000E-3 -7.637501E-1 -1.358118E-1
7.574000E-3 7.721787E-2 -9.790768E-2
7.575000E-3 9.602342E-1 -4.315732E-2
7.576000E-3 1.717105E+0 7.381461E-3
7.577000E-3 2.263735E+0 5.792025E-2
7.578000E-3 2.516025E+0 1.210937E-1
7.579000E-3 2.516025E+0 1.505747E-1
7.580000E-3 2.179638E+0 1.716325E-1
7.581000E-3 1.590960E+0 1.842672E-1
7.582000E-3 8.340890E-1 1.969019E-1
7.583000E-3 -4.892732E-2 1.926903E-1
7.584000E-3 -8.898953E-1 1.758441E-1
7.585000E-3 -1.646766E+0 1.505747E-1
7.586000E-3 -2.193396E+0 1.168822E-1
7.587000E-3 -2.529783E+0 7.476651E-2
7.588000E-3 -2.487734E+0 3.686242E-2
7.589000E-3 -2.193396E+0 -5.253235E-3
7.590000E-3 -1.646766E+0 -3.052263E-2
7.591000E-3 -8.898953E-1 -5.579202E-2
7.592000E-3 -4.892732E-2 -6.842672E-2
7.593000E-3 8.340890E-1 -7.263828E-2
7.594000E-3 1.633009E+0 -6.842672E-2
7.595000E-3 2.179638E+0 -5.158046E-2
7.596000E-3 2.516025E+0 -3.052263E-2
7.597000E-3 2.516025E+0 -1.041670E-3
7.598000E-3 2.263735E+0 1.580459E-2
7.599000E-3 1.675057E+0 3.686242E-2
7.600000E-3 9.602342E-1 5.370868E-2
7.601000E-3 1.192663E-1 5.370868E-2
7.602000E-3 -7.217017E-1 4.528555E-2
7.603000E-3 -1.520621E+0 2.422772E-2
7.604000E-3 -2.151347E+0 -5.253235E-3
7.605000E-3 -2.487734E+0 -3.473419E-2
7.606000E-3 -2.529783E+0 -7.684985E-2
7.607000E-3 -2.277492E+0 -1.189655E-1
7.608000E-3 -1.772912E+0 -1.526580E-1
7.609000E-3 -1.058089E+0 -1.737159E-1
7.610000E-3 -2.171209E-1 -1.737159E-1
7.611000E-3 6.658955E-1 -1.526580E-1
7.612000E-3 1.464815E+0 -1.105424E-1
7.613000E-3 2.095541E+0 -5.579202E-2
7.614000E-3 2.473977E+0 3.169895E-3
7.615000E-3 2.516025E+0 4.949712E-2
7.616000E-3 2.305783E+0 1.042475E-1
7.617000E-3 1.843251E+0 1.210937E-1
7.618000E-3 1.128428E+0 1.379400E-1
7.619000E-3 2.874599E-1 1.379400E-1
7.620000E-3 -5.955565E-1 1.295169E-1
7.621000E-3 -1.352428E+0 1.126706E-1
7.622000E-3 -2.025202E+0 8.318964E-2
7.623000E-3 -2.403638E+0 4.949712E-2
7.624000E-3 -2.529783E+0 3.169895E-3
7.625000E-3 -2.361589E+0 -3.052263E-2
7.626000E-3 -1.857008E+0 -6.421515E-2
7.627000E-3 -1.184234E+0 -9.369611E-2
7.628000E-3 -3.432661E-1 -1.105424E-1
7.629000E-3 4.977019E-1 -1.189655E-1
7.630000E-3 1.338670E+0 -1.147539E-1
7.631000E-3 2.011444E+0 -9.790768E-2
7.632000E-3 2.431928E+0 -7.684985E-2
7.633000E-3 2.516025E+0 -4.736889E-2
7.634000E-3 2.347831E+0 -2.209950E-2
7.635000E-3 1.927347E+0 -1.041670E-3
7.636000E-3 1.254573E+0 1.159303E-2
7.637000E-3 4.556535E-1 1.580459E-2
7.638000E-3 -4.273629E-1 1.159303E-2
7.639000E-3 -1.226282E+0 -1.041670E-3
7.640000E-3 -1.941105E+0 -1.788793E-2
7.641000E-3 -2.361589E+0 -5.579202E-2
7.642000E-3 -2.529783E+0 -9.369611E-2
7.643000E-3 -2.403638E+0 -1.316002E-1
7.644000E-3 -1.983154E+0 -1.526580E-1
7.645000E-3 -1.352428E+0 -1.526580E-1
7.646000E-3 -5.114597E-1 -1.316002E-1
7.647000E-3 3.295083E-1 -8.527298E-2
7.648000E-3 1.170476E+0 -2.631106E-2
7.649000E-3 1.885299E+0 2.422772E-2
7.650000E-3 2.347831E+0 7.476651E-2
7.651000E-3 2.516025E+0 1.253053E-1
7.652000E-3 2.431928E+0 1.547863E-1
7.653000E-3 2.011444E+0 1.716325E-1
7.654000E-3 1.380718E+0 1.884788E-1
7.655000E-3 5.817987E-1 1.926903E-1
7.656000E-3 -2.591693E-1 1.884788E-1
7.657000E-3 -1.100137E+0 1.716325E-1
7.658000E-3 -1.857008E+0 1.421516E-1
7.659000E-3 -2.319541E+0 1.042475E-1
7.660000E-3 -2.529783E+0 6.634338E-2
7.661000E-3 -2.445686E+0 2.422772E-2
7.662000E-3 -2.067250E+0 -1.367637E-2
7.663000E-3 -1.478573E+0 -3.894576E-2
7.664000E-3 -6.796533E-1 -6.000359E-2
7.665000E-3 2.033631E-1 -7.263828E-2
7.666000E-3 1.044331E+0 -7.263828E-2
7.667000E-3 1.759154E+0 -6.842672E-2
7.668000E-3 2.305783E+0 -4.736889E-2
7.669000E-3 2.516025E+0 -2.209950E-2
7.670000E-3 2.473977E+0 3.169895E-3
7.671000E-3 2.095541E+0 2.001616E-2
7.672000E-3 1.506863E+0 4.107398E-2
7.673000E-3 7.499922E-1 5.370868E-2
7.674000E-3 -9.097572E-2 5.370868E-2
7.675000E-3 -9.739921E-1 3.686242E-2
7.676000E-3 -1.730863E+0 1.580459E-2
7.677000E-3 -2.235444E+0 -1.367637E-2
7.678000E-3 -2.529783E+0 -4.736889E-2
7.679000E-3 -2.487734E+0 -8.527298E-2
7.680000E-3 -2.151347E+0 -1.273886E-1
7.681000E-3 -1.562670E+0 -1.610812E-1
7.682000E-3 -8.478469E-1 -1.779274E-1
7.683000E-3 3.516947E-2 -1.695043E-1
7.684000E-3 9.181858E-1 -1.442349E-1
7.685000E-3 1.633009E+0 -9.790768E-2
7.686000E-3 2.179638E+0 -3.894576E-2
7.687000E-3 2.516025E+0 1.580459E-2
7.688000E-3 2.516025E+0 6.213181E-2
7.689000E-3 2.179638E+0 1.084590E-1
7.690000E-3 1.633009E+0 1.337284E-1
7.691000E-3 8.761374E-1 1.379400E-1
7.692000E-3 3.516947E-2 1.379400E-1
7.693000E-3 -8.478469E-1 1.253053E-1
7.694000E-3 -1.562670E+0 1.042475E-1
7.695000E-3 -2.193396E+0 7.055494E-2
7.696000E-3 -2.487734E+0 3.686242E-2
7.697000E-3 -2.529783E+0 -9.464801E-3
7.698000E-3 -2.277492E+0 -3.894576E-2
7.699000E-3 -1.688815E+0 -7.684985E-2
7.700000E-3 -9.739921E-1 -9.790768E-2
7.701000E-3 -1.330241E-1 -1.147539E-1
7.702000E-3 7.499922E-1 -1.189655E-1
7.703000E-3 1.506863E+0 -1.147539E-1
7.704000E-3 2.137589E+0 -9.369611E-2
7.705000E-3 2.473977E+0 -6.842672E-2
7.706000E-3 2.516025E+0 -4.315732E-2
7.707000E-3 2.263735E+0 -1.788793E-2
7.708000E-3 1.759154E+0 -1.041670E-3
7.709000E-3 1.002283E+0 1.580459E-2
7.710000E-3 1.613147E-1 1.580459E-2
7.711000E-3 -6.796533E-1 1.159303E-2
7.712000E-3 -1.478573E+0 -9.464801E-3
7.713000E-3 -2.067250E+0 -2.631106E-2
7.714000E-3 -2.445686E+0 -6.421515E-2
7.715000E-3 -2.529783E+0 -1.021192E-1
7.716000E-3 -2.319541E+0 -1.400233E-1
7.717000E-3 -1.814960E+0 -1.568696E-1
7.718000E-3 -1.100137E+0 -1.484465E-1
7.719000E-3 -3.012177E-1 -1.189655E-1
7.720000E-3 5.817987E-1 -6.842672E-2
7.721000E-3 1.422767E+0 -9.464801E-3
7.722000E-3 2.053493E+0 4.107398E-2
7.723000E-3 2.431928E+0 9.582434E-2
7.724000E-3 2.516025E+0 1.379400E-1
7.725000E-3 2.347831E+0 1.589978E-1
7.726000E-3 1.843251E+0 1.758441E-1
7.727000E-3 1.170476E+0 1.926903E-1
7.728000E-3 3.295083E-1 1.926903E-1
7.729000E-3 -5.114597E-1 1.842672E-1
7.730000E-3 -1.352428E+0 1.632094E-1
7.731000E-3 -1.983154E+0 1.337284E-1
7.732000E-3 -2.403638E+0 1.000359E-1
7.733000E-3 -2.529783E+0 5.792025E-2
7.734000E-3 -2.361589E+0 1.580459E-2
7.735000E-3 -1.941105E+0 -1.788793E-2
7.736000E-3 -1.268331E+0 -4.315732E-2
7.737000E-3 -4.273629E-1 -6.421515E-2
7.738000E-3 4.136051E-1 -7.263828E-2
7.739000E-3 1.254573E+0 -6.842672E-2
7.740000E-3 1.927347E+0 -6.421515E-2
7.741000E-3 2.347831E+0 -3.894576E-2
7.742000E-3 2.558073E+0 -1.367637E-2
7.743000E-3 2.389880E+0 3.169895E-3
7.744000E-3 1.969396E+0 2.843929E-2
7.745000E-3 1.296621E+0 4.528555E-2
7.746000E-3 4.977019E-1 5.370868E-2
7.747000E-3 -3.432661E-1 4.949712E-2
7.748000E-3 -1.184234E+0 3.265085E-2
7.749000E-3 -1.857008E+0 7.381461E-3
7.750000E-3 -2.361589E+0 -2.209950E-2
7.751000E-3 -2.529783E+0 -6.000359E-2
7.752000E-3 -2.445686E+0 -9.790768E-2
7.753000E-3 -2.025202E+0 -1.358118E-1
7.754000E-3 -1.394476E+0 -1.652927E-1
7.755000E-3 -5.955565E-1 -1.779274E-1
7.756000E-3 2.874599E-1 -1.652927E-1
7.757000E-3 1.128428E+0 -1.316002E-1
7.758000E-3 1.843251E+0 -8.527298E-2
7.759000E-3 2.347831E+0 -2.209950E-2
7.760000E-3 2.516025E+0 2.843929E-2
7.761000E-3 2.431928E+0 8.318964E-2
7.762000E-3 2.053493E+0 1.168822E-1
7.763000E-3 1.422767E+0 1.337284E-1
7.764000E-3 6.658955E-1 1.379400E-1
7.765000E-3 -2.171209E-1 1.379400E-1
7.766000E-3 -1.058089E+0 1.210937E-1
7.767000E-3 -1.772912E+0 1.000359E-1
7.768000E-3 -2.277492E+0 6.213181E-2
7.769000E-3 -2.529783E+0 2.422772E-2
7.770000E-3 -2.445686E+0 -1.367637E-2
7.771000E-3 -2.109299E+0 -5.158046E-2
7.772000E-3 -1.520621E+0 -8.106141E-2
7.773000E-3 -7.637501E-1 -1.063308E-1
7.774000E-3 1.192663E-1 -1.189655E-1
7.775000E-3 1.002283E+0 -1.189655E-1
7.776000E-3 1.717105E+0 -1.063308E-1
7.777000E-3 2.263735E+0 -8.948455E-2
7.778000E-3 2.516025E+0 -6.421515E-2
7.779000E-3 2.473977E+0 -3.052263E-2
7.780000E-3 2.179638E+0 -9.464801E-3
7.781000E-3 1.590960E+0 3.169895E-3
7.782000E-3 8.340890E-1 1.580459E-2
7.783000E-3 -4.892732E-2 1.580459E-2
7.784000E-3 -9.319437E-1 7.381461E-3
7.785000E-3 -1.646766E+0 -9.464801E-3
7.786000E-3 -2.235444E+0 -3.894576E-2
7.787000E-3 -2.529783E+0 -7.684985E-2
7.788000E-3 -2.529783E+0 -1.147539E-1
7.789000E-3 -2.193396E+0 -1.442349E-1
7.790000E-3 -1.688815E+0 -1.568696E-1
7.791000E-3 -8.898953E-1 -1.442349E-1
7.792000E-3 -9.097572E-2 -1.063308E-1
7.793000E-3 8.340890E-1 -5.158046E-2
7.794000E-3 1.590960E+0 3.169895E-3
7.795000E-3 2.179638E+0 4.949712E-2
7.796000E-3 2.516025E+0 1.126706E-1
7.797000E-3 2.516025E+0 1.379400E-1
7.798000E-3 2.221686E+0 1.674209E-1
7.799000E-3 1.675057E+0 1.842672E-1
7.800000E-3 9.602342E-1 1.926903E-1
7.801000E-3 1.192663E-1 1.969019E-1
7.802000E-3 -7.637501E-1 1.800556E-1
7.803000E-3 -1.520621E+0 1.547863E-1
7.804000E-3 -2.109299E+0 1.210937E-1
7.805000E-3 -2.487734E+0 8.740121E-2
7.806000E-3 -2.529783E+0 4.107398E-2
7.807000E-3 -2.277492E+0 3.169895E-3
7.808000E-3 -1.772912E+0 -2.631106E-2
7.809000E-3 -1.058089E+0 -5.158046E-2
7.810000E-3 -2.171209E-1 -6.842672E-2
7.811000E-3 6.658955E-1 -7.684985E-2
7.812000E-3 1.464815E+0 -6.842672E-2
7.813000E-3 2.053493E+0 -6.000359E-2
7.814000E-3 2.431928E+0 -3.473419E-2
7.815000E-3 2.516025E+0 -9.464801E-3
7.816000E-3 2.305783E+0 7.381461E-3
7.817000E-3 1.759154E+0 3.265085E-2
7.818000E-3 1.086379E+0 4.949712E-2
7.819000E-3 2.454115E-1 5.370868E-2
7.820000E-3 -5.955565E-1 4.528555E-2
7.821000E-3 -1.394476E+0 2.843929E-2
7.822000E-3 -2.025202E+0 -1.041670E-3
7.823000E-3 -2.445686E+0 -3.052263E-2
7.824000E-3 -2.529783E+0 -6.842672E-2
7.825000E-3 -2.319541E+0 -1.105424E-1
7.826000E-3 -1.857008E+0 -1.484465E-1
7.827000E-3 -1.184234E+0 -1.695043E-1
7.828000E-3 -3.432661E-1 -1.779274E-1
7.829000E-3 4.977019E-1 -1.610812E-1
7.830000E-3 1.338670E+0 -1.189655E-1
7.831000E-3 2.011444E+0 -6.842672E-2
7.832000E-3 2.389880E+0 -9.464801E-3
7.833000E-3 2.516025E+0 3.686242E-2
7.834000E-3 2.347831E+0 9.582434E-2
7.835000E-3 1.927347E+0 1.210937E-1
7.836000E-3 1.212525E+0 1.337284E-1
7.837000E-3 4.136051E-1 1.379400E-1
7.838000E-3 -4.273629E-1 1.337284E-1
7.839000E-3 -1.226282E+0 1.168822E-1
7.840000E-3 -1.899057E+0 8.740121E-2
7.841000E-3 -2.403638E+0 5.370868E-2
7.842000E-3 -2.529783E+0 7.381461E-3
7.843000E-3 -2.403638E+0 -2.631106E-2
7.844000E-3 -1.983154E+0 -5.579202E-2
7.845000E-3 -1.352428E+0 -8.527298E-2
7.846000E-3 -5.114597E-1 -1.105424E-1
7.847000E-3 3.715567E-1 -1.189655E-1
7.848000E-3 1.170476E+0 -1.189655E-1
7.849000E-3 1.885299E+0 -1.021192E-1
7.850000E-3 2.347831E+0 -8.106141E-2
7.851000E-3 2.516025E+0 -5.158046E-2
7.852000E-3 2.431928E+0 -2.631106E-2
7.853000E-3 2.011444E+0 -5.253235E-3
7.854000E-3 1.380718E+0 7.381461E-3
7.855000E-3 5.817987E-1 1.580459E-2
7.856000E-3 -2.591693E-1 1.580459E-2
7.857000E-3 -1.100137E+0 3.169895E-3
7.858000E-3 -1.857008E+0 -1.367637E-2
7.859000E-3 -2.319541E+0 -4.736889E-2
7.860000E-3 -2.529783E+0 -8.527298E-2
7.861000E-3 -2.445686E+0 -1.273886E-1
7.862000E-3 -2.067250E+0 -1.526580E-1
7.863000E-3 -1.436524E+0 -1.568696E-1
7.864000E-3 -6.796533E-1 -1.358118E-1
7.865000E-3 1.613147E-1 -9.790768E-2
7.866000E-3 1.044331E+0 -3.894576E-2
7.867000E-3 1.759154E+0 1.580459E-2
7.868000E-3 2.263735E+0 6.634338E-2
7.869000E-3 2.516025E+0 1.210937E-1
7.870000E-3 2.473977E+0 1.463631E-1
7.871000E-3 2.137589E+0 1.716325E-1
7.872000E-3 1.506863E+0 1.884788E-1
7.873000E-3 7.499922E-1 1.926903E-1
7.874000E-3 -1.330241E-1 1.884788E-1
7.875000E-3 -9.739921E-1 1.716325E-1
7.876000E-3 -1.688815E+0 1.505747E-1
7.877000E-3 -2.277492E+0 1.126706E-1
7.878000E-3 -2.529783E+0 7.476651E-2
7.879000E-3 -2.487734E+0 3.265085E-2
7.880000E-3 -2.193396E+0 -5.253235E-3
7.881000E-3 -1.604718E+0 -3.052263E-2
7.882000E-3 -8.478469E-1 -5.579202E-2
7.883000E-3 3.516947E-2 -7.263828E-2
7.884000E-3 8.761374E-1 -7.263828E-2
7.885000E-3 1.633009E+0 -6.842672E-2
7.886000E-3 2.179638E+0 -5.158046E-2
7.887000E-3 2.516025E+0 -3.052263E-2
7.888000E-3 2.473977E+0 -1.041670E-3
7.889000E-3 2.179638E+0 2.001616E-2
7.890000E-3 1.633009E+0 3.686242E-2
7.891000E-3 9.181858E-1 4.949712E-2
7.892000E-3 3.516947E-2 5.370868E-2
7.893000E-3 -8.057985E-1 4.107398E-2
7.894000E-3 -1.604718E+0 2.422772E-2
7.895000E-3 -2.193396E+0 -9.464801E-3
7.896000E-3 -2.487734E+0 -3.894576E-2
7.897000E-3 -2.529783E+0 -8.106141E-2
7.898000E-3 -2.235444E+0 -1.231771E-1
7.899000E-3 -1.688815E+0 -1.526580E-1
7.900000E-3 -9.739921E-1 -1.779274E-1
7.901000E-3 -9.097572E-2 -1.695043E-1
7.902000E-3 7.499922E-1 -1.484465E-1
7.903000E-3 1.506863E+0 -1.105424E-1
7.904000E-3 2.137589E+0 -5.158046E-2
7.905000E-3 2.473977E+0 7.381461E-3
7.906000E-3 2.516025E+0 5.370868E-2
7.907000E-3 2.263735E+0 1.042475E-1
7.908000E-3 1.759154E+0 1.253053E-1
7.909000E-3 1.044331E+0 1.379400E-1
7.910000E-3 2.033631E-1 1.379400E-1
7.911000E-3 -6.796533E-1 1.295169E-1
7.912000E-3 -1.436524E+0 1.084590E-1
7.913000E-3 -2.067250E+0 8.318964E-2
7.914000E-3 -2.445686E+0 4.528555E-2
7.915000E-3 -2.529783E+0 3.169895E-3
7.916000E-3 -2.277492E+0 -3.473419E-2
7.917000E-3 -1.814960E+0 -6.421515E-2
7.918000E-3 -1.100137E+0 -9.790768E-2
7.919000E-3 -2.591693E-1 -1.105424E-1
7.920000E-3 5.817987E-1 -1.189655E-1
7.921000E-3 1.380718E+0 -1.147539E-1
7.922000E-3 2.053493E+0 -9.790768E-2
7.923000E-3 2.431928E+0 -7.263828E-2
7.924000E-3 2.558073E+0 -4.736889E-2
7.925000E-3 2.347831E+0 -2.209950E-2
7.926000E-3 1.843251E+0 -1.041670E-3
7.927000E-3 1.170476E+0 7.381461E-3
7.928000E-3 3.295083E-1 1.580459E-2
7.929000E-3 -5.114597E-1 1.580459E-2
7.930000E-3 -1.352428E+0 -5.253235E-3
7.931000E-3 -1.983154E+0 -2.209950E-2
7.932000E-3 -2.403638E+0 -6.000359E-2
7.933000E-3 -2.529783E+0 -9.790768E-2
7.934000E-3 -2.361589E+0 -1.316002E-1
7.935000E-3 -1.941105E+0 -1.526580E-1
7.936000E-3 -1.268331E+0 -1.526580E-1
7.937000E-3 -4.273629E-1 -1.231771E-1
7.938000E-3 4.556535E-1 -8.106141E-2
7.939000E-3 1.254573E+0 -2.209950E-2
7.940000E-3 1.927347E+0 3.265085E-2
7.941000E-3 2.389880E+0 8.318964E-2
7.942000E-3 2.558073E+0 1.295169E-1
7.943000E-3 2.431928E+0 1.547863E-1
7.944000E-3 1.969396E+0 1.758441E-1
7.945000E-3 1.296621E+0 1.884788E-1
7.946000E-3 4.977019E-1 1.926903E-1
7.947000E-3 -3.432661E-1 1.884788E-1
7.948000E-3 -1.184234E+0 1.716325E-1
7.949000E-3 -1.857008E+0 1.379400E-1
7.950000E-3 -2.361589E+0 1.042475E-1
7.951000E-3 -2.529783E+0 6.634338E-2
7.952000E-3 -2.445686E+0 2.001616E-2
7.953000E-3 -2.067250E+0 -1.367637E-2
7.954000E-3 -1.394476E+0 -4.315732E-2
7.955000E-3 -5.955565E-1 -6.421515E-2
7.956000E-3 2.874599E-1 -7.263828E-2
7.957000E-3 1.086379E+0 -6.842672E-2
7.958000E-3 1.843251E+0 -6.421515E-2
7.959000E-3 2.305783E+0 -4.315732E-2
7.960000E-3 2.516025E+0 -1.788793E-2
7.961000E-3 2.431928E+0 3.169895E-3
7.962000E-3 2.053493E+0 2.422772E-2
7.963000E-3 1.422767E+0 4.107398E-2
7.964000E-3 6.658955E-1 4.949712E-2
7.965000E-3 -1.750725E-1 4.949712E-2
7.966000E-3 -1.016040E+0 3.686242E-2
7.967000E-3 -1.772912E+0 1.580459E-2
7.968000E-3 -2.277492E+0 -1.788793E-2
7.969000E-3 -2.529783E+0 -5.158046E-2
7.970000E-3 -2.445686E+0 -9.369611E-2
7.971000E-3 -2.109299E+0 -1.316002E-1
7.972000E-3 -1.520621E+0 -1.610812E-1
7.973000E-3 -7.637501E-1 -1.779274E-1
7.974000E-3 1.192663E-1 -1.652927E-1
7.975000E-3 1.002283E+0 -1.400233E-1
7.976000E-3 1.717105E+0 -9.369611E-2
7.977000E-3 2.263735E+0 -3.473419E-2
7.978000E-3 2.516025E+0 2.001616E-2
7.979000E-3 2.473977E+0 6.634338E-2
7.980000E-3 2.179638E+0 1.084590E-1
7.981000E-3 1.548912E+0 1.337284E-1
7.982000E-3 8.340890E-1 1.379400E-1
7.983000E-3 -6.878924E-3 1.379400E-1
7.984000E-3 -8.898953E-1 1.253053E-1
7.985000E-3 -1.646766E+0 1.042475E-1
7.986000E-3 -2.193396E+0 7.055494E-2
7.987000E-3 -2.529783E+0 3.265085E-2
7.988000E-3 -2.529783E+0 -9.464801E-3
7.989000E-3 -2.193396E+0 -4.315732E-2
7.990000E-3 -1.646766E+0 -7.684985E-2
7.991000E-3 -9.319437E-1 -1.021192E-1
7.992000E-3 -4.892732E-2 -1.147539E-1
7.993000E-3 8.340890E-1 -1.189655E-1
7.994000E-3 1.590960E+0 -1.105424E-1
7.995000E-3 2.179638E+0 -9.369611E-2
7.996000E-3 2.516025E+0 -6.842672E-2
7.997000E-3 2.516025E+0 -3.894576E-2
7.998000E-3 2.263735E+0 -1.367637E-2
7.999000E-3 1.675057E+0 3.169895E-3
8.000000E-3 1.002283E+0 1.580459E-2
8.001000E-3 1.192663E-1 2.001616E-2
8.002000E-3 -7.217017E-1 1.580459E-2
8.003000E-3 -1.520621E+0 -9.464801E-3
8.004000E-3 -2.109299E+0 -3.052263E-2
8.005000E-3 -2.487734E+0 -6.842672E-2
8.006000E-3 -2.529783E+0 -1.063308E-1
8.007000E-3 -2.277492E+0 -1.400233E-1
8.008000E-3 -1.772912E+0 -1.526580E-1
8.009000E-3 -1.058089E+0 -1.484465E-1
8.010000E-3 -1.750725E-1 -1.147539E-1
8.011000E-3 6.658955E-1 -6.421515E-2
8.012000E-3 1.464815E+0 -5.253235E-3
8.013000E-3 2.053493E+0 4.528555E-2
8.014000E-3 2.431928E+0 1.042475E-1
8.015000E-3 2.558073E+0 1.379400E-1
8.016000E-3 2.347831E+0 1.589978E-1
8.017000E-3 1.801202E+0 1.800556E-1
8.018000E-3 1.128428E+0 1.926903E-1
8.019000E-3 2.874599E-1 1.926903E-1
8.020000E-3 -5.955565E-1 1.842672E-1
8.021000E-3 -1.394476E+0 1.589978E-1
8.022000E-3 -2.025202E+0 1.295169E-1
8.023000E-3 -2.445686E+0 9.161277E-2
8.024000E-3 -2.529783E+0 5.370868E-2
8.025000E-3 -2.361589E+0 1.159303E-2
8.026000E-3 -1.857008E+0 -1.788793E-2
8.027000E-3 -1.184234E+0 -4.736889E-2
8.028000E-3 -3.432661E-1 -6.421515E-2
8.029000E-3 5.397503E-1 -7.263828E-2
8.030000E-3 1.338670E+0 -6.842672E-2
8.031000E-3 2.011444E+0 -6.421515E-2
8.032000E-3 2.431928E+0 -3.473419E-2
8.033000E-3 2.516025E+0 -1.367637E-2
8.034000E-3 2.347831E+0 7.381461E-3
8.035000E-3 1.927347E+0 3.265085E-2
8.036000E-3 1.254573E+0 4.949712E-2
8.037000E-3 4.136051E-1 5.370868E-2
8.038000E-3 -4.273629E-1 4.949712E-2
8.039000E-3 -1.268331E+0 3.265085E-2
8.040000E-3 -1.899057E+0 3.169895E-3
8.041000E-3 -2.361589E+0 -2.631106E-2
8.042000E-3 -2.529783E+0 -6.421515E-2
8.043000E-3 -2.361589E+0 -1.021192E-1
8.044000E-3 -1.983154E+0 -1.400233E-1
8.045000E-3 -1.352428E+0 -1.652927E-1
8.046000E-3 -5.114597E-1 -1.779274E-1
8.047000E-3 3.715567E-1 -1.652927E-1
8.048000E-3 1.170476E+0 -1.316002E-1
8.049000E-3 1.885299E+0 -7.684985E-2
8.050000E-3 2.347831E+0 -1.788793E-2
8.051000E-3 2.516025E+0 3.265085E-2
8.052000E-3 2.431928E+0 8.740121E-2
8.053000E-3 2.011444E+0 1.168822E-1
8.054000E-3 1.380718E+0 1.337284E-1
8.055000E-3 5.817987E-1 1.379400E-1
8.056000E-3 -2.591693E-1 1.379400E-1
8.057000E-3 -1.100137E+0 1.210937E-1
8.058000E-3 -1.814960E+0 1.000359E-1
8.059000E-3 -2.319541E+0 6.213181E-2
8.060000E-3 -2.529783E+0 2.001616E-2
8.061000E-3 -2.445686E+0 -1.788793E-2
8.062000E-3 -2.067250E+0 -5.158046E-2
8.063000E-3 -1.436524E+0 -8.527298E-2
8.064000E-3 -6.796533E-1 -1.105424E-1
8.065000E-3 1.613147E-1 -1.189655E-1
8.066000E-3 1.044331E+0 -1.189655E-1
8.067000E-3 1.759154E+0 -1.063308E-1
8.068000E-3 2.305783E+0 -8.527298E-2
8.069000E-3 2.516025E+0 -6.000359E-2
8.070000E-3 2.473977E+0 -3.052263E-2
8.071000E-3 2.095541E+0 -5.253235E-3
8.072000E-3 1.506863E+0 3.169895E-3
8.073000E-3 7.499922E-1 1.580459E-2
8.074000E-3 -1.330241E-1 1.580459E-2
8.075000E-3 -9.739921E-1 7.381461E-3
8.076000E-3 -1.688815E+0 -9.464801E-3
8.077000E-3 -2.235444E+0 -4.315732E-2
8.078000E-3 -2.529783E+0 -7.684985E-2
8.079000E-3 -2.487734E+0 -1.189655E-1
8.080000E-3 -2.193396E+0 -1.484465E-1
8.081000E-3 -1.562670E+0 -1.568696E-1
8.082000E-3 -8.478469E-1 -1.400233E-1
8.083000E-3 3.516947E-2 -1.021192E-1
8.084000E-3 9.181858E-1 -5.158046E-2
8.085000E-3 1.675057E+0 7.381461E-3
8.086000E-3 2.179638E+0 5.792025E-2
8.087000E-3 2.516025E+0 1.126706E-1
8.088000E-3 2.516025E+0 1.421516E-1
8.089000E-3 2.179638E+0 1.674209E-1
8.090000E-3 1.633009E+0 1.842672E-1
8.091000E-3 9.181858E-1 1.926903E-1
8.092000E-3 3.516947E-2 1.926903E-1
8.093000E-3 -8.057985E-1 1.758441E-1
8.094000E-3 -1.604718E+0 1.505747E-1
8.095000E-3 -2.193396E+0 1.210937E-1
8.096000E-3 -2.487734E+0 8.318964E-2
8.097000E-3 -2.529783E+0 4.107398E-2
8.098000E-3 -2.277492E+0 3.169895E-3
8.099000E-3 -1.730863E+0 -2.631106E-2
8.100000E-3 -1.016040E+0 -5.158046E-2
8.101000E-3 -1.330241E-1 -6.842672E-2
8.102000E-3 7.499922E-1 -7.684985E-2
8.103000E-3 1.506863E+0 -6.842672E-2
8.104000E-3 2.137589E+0 -5.579202E-2
8.105000E-3 2.473977E+0 -3.052263E-2
8.106000E-3 2.516025E+0 -5.253235E-3
8.107000E-3 2.263735E+0 1.159303E-2
8.108000E-3 1.759154E+0 3.686242E-2
8.109000E-3 1.002283E+0 4.949712E-2
8.110000E-3 2.033631E-1 5.370868E-2
8.111000E-3 -6.796533E-1 4.528555E-2
8.112000E-3 -1.436524E+0 2.843929E-2
8.113000E-3 -2.067250E+0 -1.041670E-3
8.114000E-3 -2.445686E+0 -3.473419E-2
8.115000E-3 -2.529783E+0 -7.263828E-2
8.116000E-3 -2.319541E+0 -1.147539E-1
8.117000E-3 -1.857008E+0 -1.484465E-1
8.118000E-3 -1.142186E+0 -1.737159E-1
8.119000E-3 -2.591693E-1 -1.779274E-1
8.120000E-3 5.817987E-1 -1.568696E-1
8.121000E-3 1.422767E+0 -1.147539E-1
8.122000E-3 2.053493E+0 -6.421515E-2
8.123000E-3 2.431928E+0 -1.041670E-3
8.124000E-3 2.558073E+0 4.528555E-2
8.125000E-3 2.347831E+0 1.000359E-1
8.126000E-3 1.885299E+0 1.210937E-1
8.127000E-3 1.170476E+0 1.379400E-1
8.128000E-3 3.295083E-1 1.379400E-1
8.129000E-3 -5.114597E-1 1.337284E-1
8.130000E-3 -1.310379E+0 1.168822E-1
8.131000E-3 -1.983154E+0 8.740121E-2
8.132000E-3 -2.403638E+0 4.949712E-2
8.133000E-3 -2.529783E+0 1.159303E-2
8.134000E-3 -2.361589E+0 -2.631106E-2
8.135000E-3 -1.899057E+0 -6.421515E-2
8.136000E-3 -1.268331E+0 -8.948455E-2
8.137000E-3 -4.273629E-1 -1.105424E-1
8.138000E-3 4.136051E-1 -1.189655E-1
8.139000E-3 1.254573E+0 -1.189655E-1
8.140000E-3 1.927347E+0 -9.790768E-2
8.141000E-3 2.389880E+0 -7.684985E-2
8.142000E-3 2.516025E+0 -5.158046E-2
8.143000E-3 2.389880E+0 -2.631106E-2
8.144000E-3 1.969396E+0 -1.041670E-3
8.145000E-3 1.296621E+0 7.381461E-3
8.146000E-3 4.977019E-1 2.001616E-2
8.147000E-3 -3.432661E-1 1.580459E-2
8.148000E-3 -1.184234E+0 3.169895E-3
8.149000E-3 -1.857008E+0 -1.788793E-2
8.150000E-3 -2.361589E+0 -4.736889E-2
8.151000E-3 -2.529783E+0 -8.948455E-2
8.152000E-3 -2.403638E+0 -1.273886E-1
8.153000E-3 -2.025202E+0 -1.526580E-1
8.154000E-3 -1.394476E+0 -1.526580E-1
8.155000E-3 -5.955565E-1 -1.316002E-1
8.156000E-3 2.874599E-1 -8.948455E-2
8.157000E-3 1.128428E+0 -3.052263E-2
8.158000E-3 1.801202E+0 2.001616E-2
8.159000E-3 2.347831E+0 7.055494E-2
8.160000E-3 2.516025E+0 1.210937E-1
8.161000E-3 2.431928E+0 1.505747E-1
8.162000E-3 2.053493E+0 1.716325E-1
8.163000E-3 1.464815E+0 1.884788E-1
8.164000E-3 6.658955E-1 1.926903E-1
8.165000E-3 -1.750725E-1 1.884788E-1
8.166000E-3 -1.016040E+0 1.716325E-1
8.167000E-3 -1.730863E+0 1.421516E-1
8.168000E-3 -2.319541E+0 1.084590E-1
8.169000E-3 -2.529783E+0 7.055494E-2
8.170000E-3 -2.445686E+0 2.843929E-2
8.171000E-3 -2.109299E+0 -9.464801E-3
8.172000E-3 -1.520621E+0 -3.473419E-2
8.173000E-3 -7.637501E-1 -6.000359E-2
8.174000E-3 1.192663E-1 -7.684985E-2
8.175000E-3 1.002283E+0 -7.263828E-2
8.176000E-3 1.717105E+0 -6.842672E-2
8.177000E-3 2.263735E+0 -4.736889E-2
8.178000E-3 2.516025E+0 -2.209950E-2
8.179000E-3 2.473977E+0 3.169895E-3
8.180000E-3 2.179638E+0 2.001616E-2
8.181000E-3 1.590960E+0 4.107398E-2
8.182000E-3 8.340890E-1 5.370868E-2
8.183000E-3 -4.892732E-2 5.370868E-2
8.184000E-3 -8.898953E-1 4.107398E-2
8.185000E-3 -1.646766E+0 2.001616E-2
8.186000E-3 -2.193396E+0 -9.464801E-3
8.187000E-3 -2.529783E+0 -4.736889E-2
8.188000E-3 -2.529783E+0 -8.527298E-2
8.189000E-3 -2.193396E+0 -1.231771E-1
8.190000E-3 -1.646766E+0 -1.526580E-1
8.191000E-3 -9.319437E-1 -1.779274E-1
8.192000E-3 -6.878924E-3 -1.695043E-1
8.193000E-3 8.340890E-1 -1.484465E-1
8.194000E-3 1.590960E+0 -1.021192E-1
8.195000E-3 2.179638E+0 -4.315732E-2
8.196000E-3 2.473977E+0 7.381461E-3
8.197000E-3 2.516025E+0 5.370868E-2
8.198000E-3 2.221686E+0 1.084590E-1
8.199000E-3 1.675057E+0 1.253053E-1
8.200000E-3 9.602342E-1 1.379400E-1
8.201000E-3 1.192663E-1 1.379400E-1
8.202000E-3 -7.217017E-1 1.337284E-1
8.203000E-3 -1.520621E+0 1.084590E-1
8.204000E-3 -2.109299E+0 7.476651E-2
8.205000E-3 -2.445686E+0 3.686242E-2
8.206000E-3 -2.529783E+0 -1.041670E-3
8.207000E-3 -2.277492E+0 -3.894576E-2
8.208000E-3 -1.772912E+0 -7.263828E-2
8.209000E-3 -1.058089E+0 -9.790768E-2
8.210000E-3 -2.171209E-1 -1.147539E-1
8.211000E-3 6.658955E-1 -1.189655E-1
8.212000E-3 1.464815E+0 -1.105424E-1
8.213000E-3 2.095541E+0 -9.790768E-2
8.214000E-3 2.473977E+0 -6.842672E-2
8.215000E-3 2.516025E+0 -4.315732E-2
8.216000E-3 2.305783E+0 -1.788793E-2
8.217000E-3 1.801202E+0 -1.041670E-3
8.218000E-3 1.086379E+0 1.580459E-2
8.219000E-3 2.874599E-1 2.001616E-2
8.220000E-3 -5.955565E-1 1.159303E-2
8.221000E-3 -1.394476E+0 -5.253235E-3
8.222000E-3 -2.025202E+0 -2.209950E-2
8.223000E-3 -2.445686E+0 -6.000359E-2
8.224000E-3 -2.571831E+0 -9.790768E-2
8.225000E-3 -2.361589E+0 -1.358118E-1
8.226000E-3 -1.857008E+0 -1.526580E-1
8.227000E-3 -1.184234E+0 -1.526580E-1
8.228000E-3 -3.432661E-1 -1.231771E-1
8.229000E-3 5.397503E-1 -7.684985E-2
8.230000E-3 1.338670E+0 -1.367637E-2
8.231000E-3 1.969396E+0 3.686242E-2
8.232000E-3 2.389880E+0 8.740121E-2
8.233000E-3 2.516025E+0 1.337284E-1
8.234000E-3 2.347831E+0 1.589978E-1
8.235000E-3 1.927347E+0 1.758441E-1
8.236000E-3 1.254573E+0 1.884788E-1
8.237000E-3 4.136051E-1 1.926903E-1
8.238000E-3 -4.273629E-1 1.842672E-1
8.239000E-3 -1.268331E+0 1.674209E-1
8.240000E-3 -1.941105E+0 1.337284E-1
8.241000E-3 -2.361589E+0 1.000359E-1
8.242000E-3 -2.529783E+0 5.792025E-2
8.243000E-3 -2.403638E+0 1.580459E-2
8.244000E-3 -2.025202E+0 -1.367637E-2
8.245000E-3 -1.352428E+0 -4.315732E-2
8.246000E-3 -5.114597E-1 -6.421515E-2
8.247000E-3 3.295083E-1 -7.263828E-2
8.248000E-3 1.170476E+0 -7.263828E-2
8.249000E-3 1.885299E+0 -6.421515E-2
8.250000E-3 2.347831E+0 -4.315732E-2
8.251000E-3 2.516025E+0 -1.788793E-2
8.252000E-3 2.431928E+0 3.169895E-3
8.253000E-3 2.011444E+0 2.422772E-2
8.254000E-3 1.380718E+0 4.528555E-2
8.255000E-3 5.817987E-1 5.370868E-2
8.256000E-3 -3.012177E-1 5.370868E-2
8.257000E-3 -1.100137E+0 3.686242E-2
8.258000E-3 -1.814960E+0 7.381461E-3
8.259000E-3 -2.319541E+0 -1.788793E-2
8.260000E-3 -2.529783E+0 -5.158046E-2
8.261000E-3 -2.445686E+0 -9.790768E-2
8.262000E-3 -2.109299E+0 -1.358118E-1
8.263000E-3 -1.436524E+0 -1.610812E-1
8.264000E-3 -6.796533E-1 -1.779274E-1
8.265000E-3 1.613147E-1 -1.652927E-1
8.266000E-3 1.044331E+0 -1.358118E-1
8.267000E-3 1.759154E+0 -8.527298E-2
8.268000E-3 2.305783E+0 -3.052263E-2
8.269000E-3 2.516025E+0 2.422772E-2
8.270000E-3 2.473977E+0 7.476651E-2
8.271000E-3 2.095541E+0 1.168822E-1
8.272000E-3 1.506863E+0 1.337284E-1
8.273000E-3 7.499922E-1 1.379400E-1
8.274000E-3 -1.330241E-1 1.379400E-1
8.275000E-3 -9.739921E-1 1.253053E-1
8.276000E-3 -1.688815E+0 1.042475E-1
8.277000E-3 -2.235444E+0 6.634338E-2
8.278000E-3 -2.529783E+0 2.843929E-2
8.279000E-3 -2.487734E+0 -1.367637E-2
8.280000E-3 -2.151347E+0 -4.315732E-2
8.281000E-3 -1.604718E+0 -8.106141E-2
8.282000E-3 -8.478469E-1 -1.021192E-1
8.283000E-3 3.516947E-2 -1.189655E-1
8.284000E-3 9.181858E-1 -1.189655E-1
8.285000E-3 1.675057E+0 -1.105424E-1
8.286000E-3 2.179638E+0 -9.369611E-2
8.287000E-3 2.516025E+0 -6.421515E-2
8.288000E-3 2.516025E+0 -3.473419E-2
8.289000E-3 2.179638E+0 -1.367637E-2
8.290000E-3 1.633009E+0 3.169895E-3
8.291000E-3 8.761374E-1 1.580459E-2
8.292000E-3 3.516947E-2 2.001616E-2
8.293000E-3 -8.478469E-1 7.381461E-3
8.294000E-3 -1.604718E+0 -9.464801E-3
8.295000E-3 -2.151347E+0 -3.052263E-2
8.296000E-3 -2.529783E+0 -7.263828E-2
8.297000E-3 -2.529783E+0 -1.105424E-1
8.298000E-3 -2.235444E+0 -1.442349E-1
8.299000E-3 -1.688815E+0 -1.526580E-1
8.300000E-3 -1.016040E+0 -1.484465E-1
8.301000E-3 -1.750725E-1 -1.105424E-1
8.302000E-3 7.499922E-1 -6.000359E-2
8.303000E-3 1.506863E+0 -1.041670E-3
8.304000E-3 2.137589E+0 4.949712E-2
8.305000E-3 2.473977E+0 1.042475E-1
8.306000E-3 2.516025E+0 1.379400E-1
8.307000E-3 2.263735E+0 1.674209E-1
8.308000E-3 1.759154E+0 1.842672E-1
8.309000E-3 1.044331E+0 1.926903E-1
8.310000E-3 2.033631E-1 1.926903E-1
8.311000E-3 -6.796533E-1 1.842672E-1
8.312000E-3 -1.478573E+0 1.547863E-1
8.313000E-3 -2.067250E+0 1.253053E-1
8.314000E-3 -2.445686E+0 8.740121E-2
8.315000E-3 -2.529783E+0 4.949712E-2
8.316000E-3 -2.319541E+0 7.381461E-3
8.317000E-3 -1.814960E+0 -2.209950E-2
8.318000E-3 -1.100137E+0 -5.158046E-2
8.319000E-3 -3.012177E-1 -6.842672E-2
8.320000E-3 6.238471E-1 -7.684985E-2
8.321000E-3 1.422767E+0 -7.263828E-2
8.322000E-3 2.011444E+0 -6.000359E-2
8.323000E-3 2.431928E+0 -3.473419E-2
8.324000E-3 2.516025E+0 -9.464801E-3
8.325000E-3 2.305783E+0 7.381461E-3
8.326000E-3 1.843251E+0 3.265085E-2
8.327000E-3 1.170476E+0 4.528555E-2
8.328000E-3 3.295083E-1 5.370868E-2
8.329000E-3 -5.114597E-1 4.528555E-2
8.330000E-3 -1.352428E+0 2.843929E-2
8.331000E-3 -1.983154E+0 3.169895E-3
8.332000E-3 -2.403638E+0 -2.631106E-2
8.333000E-3 -2.529783E+0 -6.421515E-2
8.334000E-3 -2.361589E+0 -1.063308E-1
8.335000E-3 -1.941105E+0 -1.442349E-1
8.336000E-3 -1.268331E+0 -1.695043E-1
8.337000E-3 -4.273629E-1 -1.821390E-1
8.338000E-3 4.136051E-1 -1.652927E-1
8.339000E-3 1.254573E+0 -1.273886E-1
8.340000E-3 1.927347E+0 -7.263828E-2
8.341000E-3 2.389880E+0 -9.464801E-3
8.342000E-3 2.516025E+0 3.686242E-2
8.343000E-3 2.389880E+0 9.582434E-2
8.344000E-3 1.969396E+0 1.210937E-1
8.345000E-3 1.296621E+0 1.337284E-1
8.346000E-3 5.397503E-1 1.421516E-1
8.347000E-3 -3.432661E-1 1.337284E-1
8.348000E-3 -1.184234E+0 1.168822E-1
8.349000E-3 -1.857008E+0 9.161277E-2
8.350000E-3 -2.361589E+0 5.792025E-2
8.351000E-3 -2.529783E+0 1.580459E-2
8.352000E-3 -2.445686E+0 -1.788793E-2
8.353000E-3 -2.025202E+0 -5.579202E-2
8.354000E-3 -1.394476E+0 -8.527298E-2
8.355000E-3 -5.955565E-1 -1.105424E-1
8.356000E-3 2.874599E-1 -1.189655E-1
8.357000E-3 1.128428E+0 -1.189655E-1
8.358000E-3 1.843251E+0 -1.021192E-1
8.359000E-3 2.305783E+0 -8.527298E-2
8.360000E-3 2.516025E+0 -6.000359E-2
8.361000E-3 2.431928E+0 -3.052263E-2
8.362000E-3 2.053493E+0 -5.253235E-3
8.363000E-3 1.422767E+0 7.381461E-3
8.364000E-3 6.658955E-1 1.580459E-2
8.365000E-3 -2.171209E-1 1.580459E-2
8.366000E-3 -1.058089E+0 3.169895E-3
8.367000E-3 -1.772912E+0 -1.367637E-2
8.368000E-3 -2.277492E+0 -4.315732E-2
8.369000E-3 -2.529783E+0 -8.106141E-2
8.370000E-3 -2.487734E+0 -1.189655E-1
8.371000E-3 -2.109299E+0 -1.484465E-1
8.372000E-3 -1.520621E+0 -1.568696E-1
8.373000E-3 -7.637501E-1 -1.358118E-1
8.374000E-3 1.192663E-1 -9.790768E-2
8.375000E-3 1.002283E+0 -4.315732E-2
8.376000E-3 1.675057E+0 1.159303E-2
8.377000E-3 2.263735E+0 6.213181E-2
8.378000E-3 2.516025E+0 1.210937E-1
8.379000E-3 2.473977E+0 1.463631E-1
8.380000E-3 2.179638E+0 1.674209E-1
8.381000E-3 1.506863E+0 1.842672E-1
8.382000E-3 8.340890E-1 1.926903E-1
8.383000E-3 -4.892732E-2 1.926903E-1
8.384000E-3 -8.898953E-1 1.758441E-1
8.385000E-3 -1.688815E+0 1.505747E-1
8.386000E-3 -2.193396E+0 1.168822E-1
8.387000E-3 -2.529783E+0 7.897807E-2
8.388000E-3 -2.529783E+0 3.686242E-2
8.389000E-3 -2.193396E+0 -1.041670E-3
8.390000E-3 -1.646766E+0 -3.052263E-2
8.391000E-3 -8.898953E-1 -5.158046E-2
8.392000E-3 -4.892732E-2 -6.842672E-2
8.393000E-3 8.340890E-1 -7.263828E-2
8.394000E-3 1.590960E+0 -6.842672E-2
8.395000E-3 2.179638E+0 -5.158046E-2
8.396000E-3 2.473977E+0 -3.052263E-2
8.397000E-3 2.516025E+0 -1.041670E-3
8.398000E-3 2.221686E+0 1.580459E-2
8.399000E-3 1.675057E+0 3.686242E-2
8.400000E-3 9.602342E-1 4.949712E-2
8.401000E-3 1.192663E-1 4.949712E-2
8.402000E-3 -7.637501E-1 4.528555E-2
8.403000E-3 -1.520621E+0 2.422772E-2
8.404000E-3 -2.109299E+0 -5.253235E-3
8.405000E-3 -2.487734E+0 -3.473419E-2
8.406000E-3 -2.529783E+0 -7.684985E-2
8.407000E-3 -2.277492E+0 -1.147539E-1
8.408000E-3 -1.772912E+0 -1.526580E-1
8.409000E-3 -1.058089E+0 -1.779274E-1
8.410000E-3 -2.171209E-1 -1.737159E-1
8.411000E-3 6.658955E-1 -1.526580E-1
8.412000E-3 1.464815E+0 -1.105424E-1
8.413000E-3 2.095541E+0 -5.579202E-2
8.414000E-3 2.431928E+0 3.169895E-3
8.415000E-3 2.516025E+0 4.949712E-2
8.416000E-3 2.347831E+0 1.042475E-1
8.417000E-3 1.801202E+0 1.253053E-1
8.418000E-3 1.086379E+0 1.379400E-1
8.419000E-3 2.874599E-1 1.379400E-1
8.420000E-3 -5.955565E-1 1.295169E-1
8.421000E-3 -1.394476E+0 1.126706E-1
8.422000E-3 -2.025202E+0 8.318964E-2
8.423000E-3 -2.445686E+0 4.949712E-2
8.424000E-3 -2.529783E+0 3.169895E-3
8.425000E-3 -2.361589E+0 -3.052263E-2
8.426000E-3 -1.857008E+0 -6.421515E-2
8.427000E-3 -1.184234E+0 -9.790768E-2
8.428000E-3 -3.432661E-1 -1.105424E-1
8.429000E-3 4.977019E-1 -1.189655E-1
8.430000E-3 1.296621E+0 -1.147539E-1
8.431000E-3 2.011444E+0 -9.790768E-2
8.432000E-3 2.431928E+0 -7.684985E-2
8.433000E-3 2.516025E+0 -4.736889E-2
8.434000E-3 2.347831E+0 -2.209950E-2
8.435000E-3 1.927347E+0 -1.041670E-3
8.436000E-3 1.254573E+0 7.381461E-3
8.437000E-3 4.136051E-1 1.580459E-2
8.438000E-3 -4.273629E-1 1.580459E-2
8.439000E-3 -1.268331E+0 -1.041670E-3
8.440000E-3 -1.941105E+0 -1.788793E-2
8.441000E-3 -2.403638E+0 -5.579202E-2
8.442000E-3 -2.529783E+0 -9.369611E-2
8.443000E-3 -2.403638E+0 -1.316002E-1
8.444000E-3 -1.983154E+0 -1.526580E-1
8.445000E-3 -1.352428E+0 -1.526580E-1
8.446000E-3 -5.114597E-1 -1.316002E-1
8.447000E-3 3.295083E-1 -8.527298E-2
8.448000E-3 1.170476E+0 -2.631106E-2
8.449000E-3 1.927347E+0 2.422772E-2
8.450000E-3 2.347831E+0 7.476651E-2
8.451000E-3 2.516025E+0 1.253053E-1
8.452000E-3 2.431928E+0 1.505747E-1
8.453000E-3 2.011444E+0 1.758441E-1
8.454000E-3 1.380718E+0 1.884788E-1
8.455000E-3 5.817987E-1 1.926903E-1
8.456000E-3 -2.591693E-1 1.884788E-1
8.457000E-3 -1.100137E+0 1.716325E-1
8.458000E-3 -1.814960E+0 1.421516E-1
8.459000E-3 -2.319541E+0 1.084590E-1
8.460000E-3 -2.529783E+0 6.634338E-2
8.461000E-3 -2.445686E+0 2.843929E-2
8.462000E-3 -2.067250E+0 -9.464801E-3
8.463000E-3 -1.478573E+0 -3.473419E-2
8.464000E-3 -6.796533E-1 -6.000359E-2
8.465000E-3 1.613147E-1 -7.263828E-2
8.466000E-3 1.044331E+0 -7.263828E-2
8.467000E-3 1.759154E+0 -6.421515E-2
8.468000E-3 2.263735E+0 -4.736889E-2
8.469000E-3 2.516025E+0 -2.209950E-2
8.470000E-3 2.473977E+0 3.169895E-3
8.471000E-3 2.137589E+0 2.422772E-2
8.472000E-3 1.506863E+0 4.107398E-2
8.473000E-3 7.499922E-1 5.370868E-2
8.474000E-3 -1.330241E-1 4.949712E-2
8.475000E-3 -9.739921E-1 3.686242E-2
8.476000E-3 -1.688815E+0 2.001616E-2
8.477000E-3 -2.235444E+0 -1.367637E-2
8.478000E-3 -2.529783E+0 -4.736889E-2
8.479000E-3 -2.487734E+0 -8.527298E-2
8.480000E-3 -2.151347E+0 -1.273886E-1
8.481000E-3 -1.604718E+0 -1.568696E-1
8.482000E-3 -8.478469E-1 -1.779274E-1
8.483000E-3 -6.878924E-3 -1.695043E-1
8.484000E-3 9.181858E-1 -1.484465E-1
8.485000E-3 1.633009E+0 -9.790768E-2
8.486000E-3 2.221686E+0 -3.894576E-2
8.487000E-3 2.516025E+0 1.580459E-2
8.488000E-3 2.516025E+0 6.634338E-2
8.489000E-3 2.179638E+0 1.084590E-1
8.490000E-3 1.633009E+0 1.295169E-1
8.491000E-3 8.761374E-1 1.379400E-1
8.492000E-3 3.516947E-2 1.379400E-1
8.493000E-3 -8.478469E-1 1.295169E-1
8.494000E-3 -1.562670E+0 1.042475E-1
8.495000E-3 -2.193396E+0 7.476651E-2
8.496000E-3 -2.529783E+0 3.686242E-2
8.497000E-3 -2.529783E+0 -9.464801E-3
8.498000E-3 -2.277492E+0 -4.315732E-2
8.499000E-3 -1.688815E+0 -7.684985E-2
8.500000E-3 -9.739921E-1 -9.790768E-2
8.501000E-3 -1.330241E-1 -1.147539E-1
8.502000E-3 7.499922E-1 -1.189655E-1
8.503000E-3 1.506863E+0 -1.147539E-1
8.504000E-3 2.137589E+0 -9.790768E-2
8.505000E-3 2.473977E+0 -6.842672E-2
8.506000E-3 2.516025E+0 -4.315732E-2
8.507000E-3 2.263735E+0 -1.788793E-2
8.508000E-3 1.759154E+0 3.169895E-3
8.509000E-3 1.002283E+0 1.159303E-2
8.510000E-3 1.613147E-1 2.001616E-2
8.511000E-3 -6.796533E-1 7.381461E-3
8.512000E-3 -1.436524E+0 -5.253235E-3
8.513000E-3 -2.067250E+0 -3.052263E-2
8.514000E-3 -2.445686E+0 -6.421515E-2
8.515000E-3 -2.529783E+0 -1.021192E-1
8.516000E-3 -2.319541E+0 -1.442349E-1
8.517000E-3 -1.857008E+0 -1.526580E-1
8.518000E-3 -1.142186E+0 -1.484465E-1
8.519000E-3 -3.012177E-1 -1.189655E-1
8.520000E-3 5.817987E-1 -6.842672E-2
8.521000E-3 1.422767E+0 -9.464801E-3
8.522000E-3 2.053493E+0 3.686242E-2
8.523000E-3 2.431928E+0 9.161277E-2
8.524000E-3 2.516025E+0 1.379400E-1
8.525000E-3 2.347831E+0 1.589978E-1
8.526000E-3 1.885299E+0 1.800556E-1
8.527000E-3 1.170476E+0 1.926903E-1
8.528000E-3 3.295083E-1 1.926903E-1
8.529000E-3 -5.535081E-1 1.842672E-1
8.530000E-3 -1.352428E+0 1.632094E-1
8.531000E-3 -1.941105E+0 1.337284E-1
8.532000E-3 -2.403638E+0 9.582434E-2
8.533000E-3 -2.529783E+0 5.792025E-2
8.534000E-3 -2.361589E+0 1.580459E-2
8.535000E-3 -1.941105E+0 -1.788793E-2
8.536000E-3 -1.268331E+0 -4.315732E-2
8.537000E-3 -4.273629E-1 -6.421515E-2
8.538000E-3 4.136051E-1 -7.684985E-2
8.539000E-3 1.254573E+0 -7.263828E-2
8.540000E-3 1.927347E+0 -6.421515E-2
8.541000E-3 2.347831E+0 -3.894576E-2
8.542000E-3 2.516025E+0 -1.367637E-2
8.543000E-3 2.389880E+0 7.381461E-3
8.544000E-3 1.969396E+0 2.843929E-2
8.545000E-3 1.338670E+0 4.528555E-2
8.546000E-3 4.977019E-1 5.370868E-2
8.547000E-3 -3.432661E-1 4.949712E-2
8.548000E-3 -1.184234E+0 3.265085E-2
8.549000E-3 -1.899057E+0 7.381461E-3
8.550000E-3 -2.361589E+0 -2.209950E-2
8.551000E-3 -2.529783E+0 -6.000359E-2
8.552000E-3 -2.445686E+0 -1.021192E-1
8.553000E-3 -2.025202E+0 -1.358118E-1
8.554000E-3 -1.394476E+0 -1.652927E-1
8.555000E-3 -5.955565E-1 -1.779274E-1
8.556000E-3 2.874599E-1 -1.652927E-1
8.557000E-3 1.128428E+0 -1.316002E-1
8.558000E-3 1.843251E+0 -8.106141E-2
8.559000E-3 2.347831E+0 -2.209950E-2
8.560000E-3 2.516025E+0 2.843929E-2
8.561000E-3 2.431928E+0 8.318964E-2
8.562000E-3 2.095541E+0 1.168822E-1
8.563000E-3 1.422767E+0 1.379400E-1
8.564000E-3 6.658955E-1 1.379400E-1
8.565000E-3 -1.750725E-1 1.337284E-1
8.566000E-3 -1.058089E+0 1.253053E-1
8.567000E-3 -1.730863E+0 1.000359E-1
8.568000E-3 -2.277492E+0 6.634338E-2
8.569000E-3 -2.529783E+0 2.843929E-2
8.570000E-3 -2.445686E+0 -1.367637E-2
8.571000E-3 -2.109299E+0 -5.158046E-2
8.572000E-3 -1.520621E+0 -8.527298E-2
8.573000E-3 -7.217017E-1 -1.063308E-1
8.574000E-3 1.192663E-1 -1.147539E-1
8.575000E-3 9.602342E-1 -1.189655E-1
8.576000E-3 1.717105E+0 -1.063308E-1
8.577000E-3 2.263735E+0 -8.948455E-2
8.578000E-3 2.516025E+0 -6.421515E-2
8.579000E-3 2.473977E+0 -3.473419E-2
8.580000E-3 2.179638E+0 -9.464801E-3
8.581000E-3 1.590960E+0 3.169895E-3
8.582000E-3 8.340890E-1 1.580459E-2
8.583000E-3 -4.892732E-2 1.580459E-2
8.584000E-3 -8.898953E-1 7.381461E-3
8.585000E-3 -1.646766E+0 -9.464801E-3
8.586000E-3 -2.193396E+0 -3.473419E-2
8.587000E-3 -2.487734E+0 -7.263828E-2
8.588000E-3 -2.487734E+0 -1.147539E-1
8.589000E-3 -2.193396E+0 -1.442349E-1
8.590000E-3 -1.646766E+0 -1.526580E-1
8.591000E-3 -8.898953E-1 -1.442349E-1
8.592000E-3 -4.892732E-2 -1.063308E-1
8.593000E-3 8.340890E-1 -5.158046E-2
8.594000E-3 1.590960E+0 3.169895E-3
8.595000E-3 2.179638E+0 4.949712E-2
8.596000E-3 2.516025E+0 1.126706E-1
8.597000E-3 2.516025E+0 1.421516E-1
8.598000E-3 2.263735E+0 1.674209E-1
8.599000E-3 1.675057E+0 1.842672E-1
8.600000E-3 1.002283E+0 1.926903E-1
8.601000E-3 1.192663E-1 1.926903E-1
8.602000E-3 -7.217017E-1 1.800556E-1
8.603000E-3 -1.520621E+0 1.547863E-1
8.604000E-3 -2.109299E+0 1.210937E-1
8.605000E-3 -2.487734E+0 8.318964E-2
8.606000E-3 -2.529783E+0 4.528555E-2
8.607000E-3 -2.277492E+0 3.169895E-3
8.608000E-3 -1.772912E+0 -2.631106E-2
8.609000E-3 -1.058089E+0 -5.158046E-2
8.610000E-3 -2.171209E-1 -6.842672E-2
8.611000E-3 6.658955E-1 -7.263828E-2
8.612000E-3 1.464815E+0 -6.842672E-2
8.613000E-3 2.095541E+0 -5.579202E-2
8.614000E-3 2.473977E+0 -3.052263E-2
8.615000E-3 2.516025E+0 -9.464801E-3
8.616000E-3 2.347831E+0 1.159303E-2
8.617000E-3 1.801202E+0 3.686242E-2
8.618000E-3 1.128428E+0 4.949712E-2
8.619000E-3 2.874599E-1 5.370868E-2
8.620000E-3 -5.955565E-1 4.949712E-2
8.621000E-3 -1.394476E+0 2.843929E-2
8.622000E-3 -2.025202E+0 -1.041670E-3
8.623000E-3 -2.403638E+0 -3.052263E-2
8.624000E-3 -2.529783E+0 -6.842672E-2
8.625000E-3 -2.361589E+0 -1.147539E-1
8.626000E-3 -1.899057E+0 -1.484465E-1
8.627000E-3 -1.184234E+0 -1.737159E-1
8.628000E-3 -3.853145E-1 -1.779274E-1
8.629000E-3 5.397503E-1 -1.610812E-1
8.630000E-3 1.338670E+0 -1.189655E-1
8.631000E-3 2.011444E+0 -6.842672E-2
8.632000E-3 2.389880E+0 -9.464801E-3
8.633000E-3 2.558073E+0 4.107398E-2
8.634000E-3 2.389880E+0 1.000359E-1
8.635000E-3 1.927347E+0 1.210937E-1
8.636000E-3 1.254573E+0 1.379400E-1
8.637000E-3 4.136051E-1 1.379400E-1
8.638000E-3 -4.273629E-1 1.337284E-1
8.639000E-3 -1.268331E+0 1.210937E-1
8.640000E-3 -1.899057E+0 9.161277E-2
8.641000E-3 -2.361589E+0 5.370868E-2
8.642000E-3 -2.529783E+0 1.580459E-2
8.643000E-3 -2.403638E+0 -2.209950E-2
8.644000E-3 -1.983154E+0 -6.000359E-2
8.645000E-3 -1.352428E+0 -8.948455E-2
8.646000E-3 -5.114597E-1 -1.105424E-1
8.647000E-3 3.295083E-1 -1.189655E-1
8.648000E-3 1.170476E+0 -1.189655E-1
8.649000E-3 1.927347E+0 -1.021192E-1
8.650000E-3 2.347831E+0 -8.527298E-2
8.651000E-3 2.516025E+0 -5.158046E-2
8.652000E-3 2.389880E+0 -2.631106E-2
8.653000E-3 2.011444E+0 -1.041670E-3
8.654000E-3 1.338670E+0 7.381461E-3
8.655000E-3 5.817987E-1 2.001616E-2
8.656000E-3 -2.591693E-1 1.580459E-2
8.657000E-3 -1.100137E+0 3.169895E-3
8.658000E-3 -1.814960E+0 -1.367637E-2
8.659000E-3 -2.319541E+0 -4.736889E-2
8.660000E-3 -2.529783E+0 -8.527298E-2
8.661000E-3 -2.445686E+0 -1.273886E-1
8.662000E-3 -2.067250E+0 -1.484465E-1
8.663000E-3 -1.436524E+0 -1.526580E-1
8.664000E-3 -6.796533E-1 -1.358118E-1
8.665000E-3 1.613147E-1 -9.369611E-2
8.666000E-3 1.044331E+0 -3.473419E-2
8.667000E-3 1.759154E+0 1.580459E-2
8.668000E-3 2.263735E+0 6.634338E-2
8.669000E-3 2.516025E+0 1.210937E-1
8.670000E-3 2.473977E+0 1.463631E-1
8.671000E-3 2.095541E+0 1.716325E-1
8.672000E-3 1.506863E+0 1.884788E-1
8.673000E-3 7.079438E-1 1.969019E-1
8.674000E-3 -1.330241E-1 1.884788E-1
8.675000E-3 -9.739921E-1 1.716325E-1
8.676000E-3 -1.688815E+0 1.505747E-1
8.677000E-3 -2.235444E+0 1.126706E-1
8.678000E-3 -2.529783E+0 7.476651E-2
8.679000E-3 -2.529783E+0 3.265085E-2
8.680000E-3 -2.151347E+0 -9.464801E-3
8.681000E-3 -1.604718E+0 -3.052263E-2
8.682000E-3 -8.478469E-1 -5.579202E-2
8.683000E-3 -6.878924E-3 -7.684985E-2
8.684000E-3 9.181858E-1 -7.263828E-2
8.685000E-3 1.675057E+0 -6.421515E-2
8.686000E-3 2.179638E+0 -5.158046E-2
8.687000E-3 2.473977E+0 -2.631106E-2
8.688000E-3 2.516025E+0 -1.041670E-3
8.689000E-3 2.179638E+0 1.580459E-2
8.690000E-3 1.633009E+0 3.686242E-2
8.691000E-3 8.761374E-1 5.370868E-2
8.692000E-3 -6.878924E-3 4.949712E-2
8.693000E-3 -8.478469E-1 4.107398E-2
8.694000E-3 -1.604718E+0 2.001616E-2
8.695000E-3 -2.193396E+0 -9.464801E-3
8.696000E-3 -2.487734E+0 -3.894576E-2
8.697000E-3 -2.529783E+0 -8.106141E-2
8.698000E-3 -2.277492E+0 -1.189655E-1
8.699000E-3 -1.730863E+0 -1.526580E-1
8.700000E-3 -1.016040E+0 -1.779274E-1
8.701000E-3 -1.330241E-1 -1.737159E-1
8.702000E-3 7.499922E-1 -1.484465E-1
8.703000E-3 1.506863E+0 -1.063308E-1
8.704000E-3 2.137589E+0 -5.158046E-2
8.705000E-3 2.473977E+0 7.381461E-3
8.706000E-3 2.516025E+0 5.370868E-2
8.707000E-3 2.263735E+0 1.042475E-1
8.708000E-3 1.759154E+0 1.253053E-1
8.709000E-3 1.002283E+0 1.379400E-1
8.710000E-3 2.033631E-1 1.379400E-1
8.711000E-3 -6.796533E-1 1.295169E-1
8.712000E-3 -1.478573E+0 1.084590E-1
8.713000E-3 -2.067250E+0 7.897807E-2
8.714000E-3 -2.445686E+0 4.107398E-2
8.715000E-3 -2.571831E+0 -1.041670E-3
8.716000E-3 -2.319541E+0 -3.052263E-2
8.717000E-3 -1.857008E+0 -6.842672E-2
8.718000E-3 -1.142186E+0 -9.790768E-2
8.719000E-3 -3.012177E-1 -1.147539E-1
8.720000E-3 5.817987E-1 -1.189655E-1
8.721000E-3 1.422767E+0 -1.147539E-1
8.722000E-3 2.011444E+0 -9.790768E-2
8.723000E-3 2.431928E+0 -7.684985E-2
8.724000E-3 2.558073E+0 -4.736889E-2
8.725000E-3 2.305783E+0 -2.209950E-2
8.726000E-3 1.843251E+0 3.169895E-3
8.727000E-3 1.170476E+0 7.381461E-3
8.728000E-3 3.295083E-1 1.580459E-2
8.729000E-3 -5.535081E-1 1.159303E-2
8.730000E-3 -1.352428E+0 -1.041670E-3
8.731000E-3 -1.983154E+0 -2.209950E-2
8.732000E-3 -2.403638E+0 -6.000359E-2
8.733000E-3 -2.529783E+0 -9.790768E-2
8.734000E-3 -2.361589E+0 -1.358118E-1
8.735000E-3 -1.941105E+0 -1.526580E-1
8.736000E-3 -1.268331E+0 -1.526580E-1
8.737000E-3 -4.694113E-1 -1.273886E-1
8.738000E-3 4.136051E-1 -8.106141E-2
8.739000E-3 1.254573E+0 -2.631106E-2
8.740000E-3 1.927347E+0 2.843929E-2
8.741000E-3 2.347831E+0 8.318964E-2
8.742000E-3 2.516025E+0 1.295169E-1
8.743000E-3 2.389880E+0 1.547863E-1
8.744000E-3 1.969396E+0 1.758441E-1
8.745000E-3 1.296621E+0 1.884788E-1
8.746000E-3 4.977019E-1 1.969019E-1
8.747000E-3 -3.432661E-1 1.884788E-1
8.748000E-3 -1.184234E+0 1.674209E-1
8.749000E-3 -1.899057E+0 1.379400E-1
8.750000E-3 -2.361589E+0 1.000359E-1
8.751000E-3 -2.529783E+0 6.634338E-2
8.752000E-3 -2.445686E+0 2.001616E-2
8.753000E-3 -2.025202E+0 -1.367637E-2
8.754000E-3 -1.436524E+0 -4.315732E-2
8.755000E-3 -5.955565E-1 -6.421515E-2
8.756000E-3 2.874599E-1 -7.263828E-2
8.757000E-3 1.086379E+0 -7.263828E-2
8.758000E-3 1.843251E+0 -6.421515E-2
8.759000E-3 2.305783E+0 -4.736889E-2
8.760000E-3 2.516025E+0 -2.209950E-2
8.761000E-3 2.431928E+0 3.169895E-3
8.762000E-3 2.053493E+0 2.422772E-2
8.763000E-3 1.422767E+0 4.107398E-2
8.764000E-3 6.658955E-1 5.370868E-2
8.765000E-3 -1.750725E-1 4.949712E-2
8.766000E-3 -1.058089E+0 3.686242E-2
8.767000E-3 -1.772912E+0 1.580459E-2
8.768000E-3 -2.277492E+0 -1.367637E-2
8.769000E-3 -2.529783E+0 -5.158046E-2
8.770000E-3 -2.445686E+0 -8.948455E-2
8.771000E-3 -2.109299E+0 -1.316002E-1
8.772000E-3 -1.520621E+0 -1.610812E-1
8.773000E-3 -7.637501E-1 -1.821390E-1
8.774000E-3 1.192663E-1 -1.652927E-1
8.775000E-3 1.002283E+0 -1.400233E-1
8.776000E-3 1.717105E+0 -9.369611E-2
8.777000E-3 2.221686E+0 -3.473419E-2
8.778000E-3 2.516025E+0 2.001616E-2
8.779000E-3 2.473977E+0 6.634338E-2
8.780000E-3 2.179638E+0 1.084590E-1
8.781000E-3 1.548912E+0 1.295169E-1
8.782000E-3 7.920406E-1 1.379400E-1
8.783000E-3 -4.892732E-2 1.379400E-1
8.784000E-3 -8.898953E-1 1.253053E-1
8.785000E-3 -1.646766E+0 1.042475E-1
8.786000E-3 -2.193396E+0 7.055494E-2
8.787000E-3 -2.487734E+0 3.265085E-2
8.788000E-3 -2.487734E+0 -9.464801E-3
8.789000E-3 -2.193396E+0 -4.315732E-2
8.790000E-3 -1.688815E+0 -7.684985E-2
8.791000E-3 -9.319437E-1 -1.021192E-1
8.792000E-3 -4.892732E-2 -1.189655E-1
8.793000E-3 8.340890E-1 -1.189655E-1
8.794000E-3 1.590960E+0 -1.105424E-1
8.795000E-3 2.179638E+0 -9.369611E-2
8.796000E-3 2.473977E+0 -6.421515E-2
8.797000E-3 2.516025E+0 -3.894576E-2
8.798000E-3 2.221686E+0 -1.367637E-2
8.799000E-3 1.675057E+0 -1.041670E-3
8.800000E-3 9.602342E-1 1.580459E-2
8.801000E-3 7.721787E-2 1.580459E-2
8.802000E-3 -7.637501E-1 7.381461E-3
8.803000E-3 -1.520621E+0 -5.253235E-3
8.804000E-3 -2.151347E+0 -3.052263E-2
8.805000E-3 -2.487734E+0 -6.842672E-2
8.806000E-3 -2.529783E+0 -1.063308E-1
8.807000E-3 -2.277492E+0 -1.442349E-1
8.808000E-3 -1.772912E+0 -1.568696E-1
8.809000E-3 -1.058089E+0 -1.484465E-1
8.810000E-3 -2.171209E-1 -1.189655E-1
8.811000E-3 6.658955E-1 -6.421515E-2
8.812000E-3 1.464815E+0 -5.253235E-3
8.813000E-3 2.053493E+0 4.107398E-2
8.814000E-3 2.431928E+0 1.000359E-1
8.815000E-3 2.516025E+0 1.379400E-1
8.816000E-3 2.305783E+0 1.589978E-1
8.817000E-3 1.801202E+0 1.800556E-1
8.818000E-3 1.086379E+0 1.884788E-1
8.819000E-3 2.874599E-1 1.926903E-1
8.820000E-3 -5.955565E-1 1.842672E-1
8.821000E-3 -1.352428E+0 1.589978E-1
8.822000E-3 -2.025202E+0 1.253053E-1
8.823000E-3 -2.445686E+0 9.161277E-2
8.824000E-3 -2.529783E+0 4.949712E-2
8.825000E-3 -2.361589E+0 7.381461E-3
8.826000E-3 -1.899057E+0 -1.788793E-2
8.827000E-3 -1.184234E+0 -4.736889E-2
8.828000E-3 -3.853145E-1 -6.842672E-2
8.829000E-3 4.977019E-1 -7.684985E-2
8.830000E-3 1.338670E+0 -7.263828E-2
8.831000E-3 1.969396E+0 -6.421515E-2
8.832000E-3 2.389880E+0 -3.894576E-2
8.833000E-3 2.516025E+0 -1.367637E-2
8.834000E-3 2.347831E+0 3.169895E-3
8.835000E-3 1.927347E+0 3.265085E-2
8.836000E-3 1.254573E+0 4.528555E-2
8.837000E-3 4.136051E-1 5.370868E-2
8.838000E-3 -4.273629E-1 4.949712E-2
8.839000E-3 -1.268331E+0 3.265085E-2
8.840000E-3 -1.941105E+0 7.381461E-3
8.841000E-3 -2.361589E+0 -2.631106E-2
8.842000E-3 -2.529783E+0 -6.421515E-2
8.843000E-3 -2.361589E+0 -1.021192E-1
8.844000E-3 -1.983154E+0 -1.400233E-1
8.845000E-3 -1.352428E+0 -1.695043E-1
8.846000E-3 -5.114597E-1 -1.779274E-1
8.847000E-3 3.715567E-1 -1.652927E-1
8.848000E-3 1.170476E+0 -1.316002E-1
8.849000E-3 1.885299E+0 -7.684985E-2
8.850000E-3 2.347831E+0 -1.788793E-2
8.851000E-3 2.516025E+0 3.265085E-2
8.852000E-3 2.431928E+0 8.740121E-2
8.853000E-3 2.011444E+0 1.168822E-1
8.854000E-3 1.380718E+0 1.337284E-1
8.855000E-3 5.817987E-1 1.379400E-1
8.856000E-3 -3.012177E-1 1.337284E-1
8.857000E-3 -1.100137E+0 1.210937E-1
8.858000E-3 -1.857008E+0 9.582434E-2
8.859000E-3 -2.361589E+0 5.792025E-2
8.860000E-3 -2.529783E+0 2.001616E-2
8.861000E-3 -2.445686E+0 -1.788793E-2
8.862000E-3 -2.067250E+0 -5.158046E-2
8.863000E-3 -1.436524E+0 -8.527298E-2
8.864000E-3 -6.796533E-1 -1.063308E-1
8.865000E-3 2.033631E-1 -1.189655E-1
8.866000E-3 1.044331E+0 -1.189655E-1
8.867000E-3 1.759154E+0 -1.063308E-1
8.868000E-3 2.263735E+0 -8.527298E-2
8.869000E-3 2.516025E+0 -6.000359E-2
8.870000E-3 2.473977E+0 -3.052263E-2
8.871000E-3 2.137589E+0 -9.464801E-3
8.872000E-3 1.506863E+0 3.169895E-3
8.873000E-3 7.499922E-1 1.580459E-2
8.874000E-3 -1.330241E-1 1.580459E-2
8.875000E-3 -9.319437E-1 7.381461E-3
8.876000E-3 -1.688815E+0 -9.464801E-3
8.877000E-3 -2.193396E+0 -3.894576E-2
8.878000E-3 -2.529783E+0 -8.106141E-2
8.879000E-3 -2.487734E+0 -1.147539E-1
8.880000E-3 -2.193396E+0 -1.484465E-1
8.881000E-3 -1.604718E+0 -1.568696E-1
8.882000E-3 -8.478469E-1 -1.442349E-1
8.883000E-3 3.516947E-2 -1.063308E-1
8.884000E-3 9.181858E-1 -5.158046E-2
8.885000E-3 1.675057E+0 7.381461E-3
8.886000E-3 2.179638E+0 5.370868E-2
8.887000E-3 2.516025E+0 1.168822E-1
8.888000E-3 2.473977E+0 1.421516E-1
8.889000E-3 2.179638E+0 1.674209E-1
8.890000E-3 1.633009E+0 1.842672E-1
8.891000E-3 8.761374E-1 1.926903E-1
8.892000E-3 3.516947E-2 1.926903E-1
8.893000E-3 -8.478469E-1 1.758441E-1
8.894000E-3 -1.604718E+0 1.505747E-1
8.895000E-3 -2.193396E+0 1.168822E-1
8.896000E-3 -2.529783E+0 8.318964E-2
8.897000E-3 -2.529783E+0 4.107398E-2
8.898000E-3 -2.235444E+0 3.169895E-3
8.899000E-3 -1.730863E+0 -3.052263E-2
8.900000E-3 -1.016040E+0 -5.158046E-2
8.901000E-3 -1.330241E-1 -7.263828E-2
8.902000E-3 7.499922E-1 -7.263828E-2
8.903000E-3 1.506863E+0 -6.842672E-2
8.904000E-3 2.137589E+0 -5.579202E-2
8.905000E-3 2.473977E+0 -3.473419E-2
8.906000E-3 2.516025E+0 -5.253235E-3
8.907000E-3 2.263735E+0 1.580459E-2
8.908000E-3 1.759154E+0 3.686242E-2
8.909000E-3 1.044331E+0 4.949712E-2
8.910000E-3 2.033631E-1 5.370868E-2
8.911000E-3 -6.796533E-1 4.528555E-2
8.912000E-3 -1.478573E+0 2.843929E-2
8.913000E-3 -2.067250E+0 -1.041670E-3
8.914000E-3 -2.445686E+0 -3.473419E-2
8.915000E-3 -2.529783E+0 -7.684985E-2
8.916000E-3 -2.319541E+0 -1.105424E-1
8.917000E-3 -1.814960E+0 -1.484465E-1
8.918000E-3 -1.142186E+0 -1.737159E-1
8.919000E-3 -2.591693E-1 -1.737159E-1
8.920000E-3 5.817987E-1 -1.526580E-1
8.921000E-3 1.422767E+0 -1.147539E-1
8.922000E-3 2.053493E+0 -6.000359E-2
8.923000E-3 2.431928E+0 -1.041670E-3
8.924000E-3 2.558073E+0 4.528555E-2
8.925000E-3 2.347831E+0 1.000359E-1
8.926000E-3 1.843251E+0 1.210937E-1
8.927000E-3 1.170476E+0 1.379400E-1
8.928000E-3 3.295083E-1 1.379400E-1
8.929000E-3 -5.114597E-1 1.295169E-1
8.930000E-3 -1.310379E+0 1.168822E-1
8.931000E-3 -1.983154E+0 8.318964E-2
8.932000E-3 -2.403638E+0 4.949712E-2
8.933000E-3 -2.529783E+0 7.381461E-3
8.934000E-3 -2.361589E+0 -2.631106E-2
8.935000E-3 -1.941105E+0 -6.421515E-2
8.936000E-3 -1.268331E+0 -8.948455E-2
8.937000E-3 -4.273629E-1 -1.105424E-1
8.938000E-3 4.136051E-1 -1.189655E-1
8.939000E-3 1.254573E+0 -1.147539E-1
8.940000E-3 1.969396E+0 -1.021192E-1
8.941000E-3 2.347831E+0 -7.684985E-2
8.942000E-3 2.516025E+0 -5.158046E-2
8.943000E-3 2.431928E+0 -2.209950E-2
8.944000E-3 1.969396E+0 -1.041670E-3
8.945000E-3 1.296621E+0 7.381461E-3
8.946000E-3 4.977019E-1 2.001616E-2
8.947000E-3 -3.432661E-1 1.580459E-2
8.948000E-3 -1.184234E+0 3.169895E-3
8.949000E-3 -1.857008E+0 -1.367637E-2
8.950000E-3 -2.361589E+0 -5.158046E-2
8.951000E-3 -2.529783E+0 -8.527298E-2
8.952000E-3 -2.445686E+0 -1.273886E-1
8.953000E-3 -2.025202E+0 -1.526580E-1
8.954000E-3 -1.394476E+0 -1.526580E-1
8.955000E-3 -5.955565E-1 -1.316002E-1
8.956000E-3 2.874599E-1 -8.948455E-2
8.957000E-3 1.128428E+0 -3.052263E-2
8.958000E-3 1.843251E+0 2.001616E-2
8.959000E-3 2.347831E+0 7.055494E-2
8.960000E-3 2.516025E+0 1.253053E-1
8.961000E-3 2.431928E+0 1.505747E-1
8.962000E-3 2.095541E+0 1.716325E-1
8.963000E-3 1.422767E+0 1.884788E-1
8.964000E-3 6.658955E-1 1.969019E-1
8.965000E-3 -1.750725E-1 1.926903E-1
8.966000E-3 -1.016040E+0 1.716325E-1
8.967000E-3 -1.772912E+0 1.421516E-1
8.968000E-3 -2.277492E+0 1.084590E-1
8.969000E-3 -2.529783E+0 7.055494E-2
8.970000E-3 -2.487734E+0 2.843929E-2
8.971000E-3 -2.109299E+0 -9.464801E-3
8.972000E-3 -1.520621E+0 -3.473419E-2
8.973000E-3 -7.637501E-1 -6.000359E-2
8.974000E-3 1.192663E-1 -7.263828E-2
8.975000E-3 1.002283E+0 -7.263828E-2
8.976000E-3 1.717105E+0 -6.421515E-2
8.977000E-3 2.263735E+0 -4.736889E-2
8.978000E-3 2.516025E+0 -2.209950E-2
8.979000E-3 2.516025E+0 -1.041670E-3
8.980000E-3 2.179638E+0 2.001616E-2
8.981000E-3 1.548912E+0 4.107398E-2
8.982000E-3 8.340890E-1 4.949712E-2
8.983000E-3 -4.892732E-2 4.949712E-2
8.984000E-3 -8.898953E-1 3.686242E-2
8.985000E-3 -1.646766E+0 2.001616E-2
8.986000E-3 -2.193396E+0 -9.464801E-3
8.987000E-3 -2.487734E+0 -4.315732E-2
8.988000E-3 -2.487734E+0 -8.527298E-2
8.989000E-3 -2.193396E+0 -1.231771E-1
8.990000E-3 -1.688815E+0 -1.568696E-1
8.991000E-3 -9.319437E-1 -1.779274E-1
8.992000E-3 -4.892732E-2 -1.695043E-1
8.993000E-3 8.340890E-1 -1.484465E-1
8.994000E-3 1.590960E+0 -1.021192E-1
8.995000E-3 2.179638E+0 -4.736889E-2
8.996000E-3 2.516025E+0 1.159303E-2
8.997000E-3 2.516025E+0 5.792025E-2
8.998000E-3 2.263735E+0 1.084590E-1
8.999000E-3 1.675057E+0 1.295169E-1
9.000000E-3 9.602342E-1 1.379400E-1
9.001000E-3 1.192663E-1 1.379400E-1
9.002000E-3 -7.217017E-1 1.253053E-1
9.003000E-3 -1.520621E+0 1.084590E-1
9.004000E-3 -2.151347E+0 7.476651E-2
9.005000E-3 -2.487734E+0 3.686242E-2
9.006000E-3 -2.529783E+0 -1.041670E-3
9.007000E-3 -2.277492E+0 -3.473419E-2
9.008000E-3 -1.772912E+0 -6.842672E-2
9.009000E-3 -1.058089E+0 -9.790768E-2
9.010000E-3 -1.750725E-1 -1.147539E-1
9.011000E-3 6.658955E-1 -1.189655E-1
9.012000E-3 1.464815E+0 -1.147539E-1
9.013000E-3 2.095541E+0 -9.790768E-2
9.014000E-3 2.431928E+0 -7.263828E-2
9.015000E-3 2.516025E+0 -4.315732E-2
9.016000E-3 2.305783E+0 -1.788793E-2
9.017000E-3 1.843251E+0 -1.041670E-3
9.018000E-3 1.128428E+0 1.580459E-2
9.019000E-3 2.874599E-1 2.001616E-2
9.020000E-3 -5.955565E-1 1.580459E-2
9.021000E-3 -1.394476E+0 -5.253235E-3
9.022000E-3 -2.025202E+0 -2.631106E-2
9.023000E-3 -2.403638E+0 -6.000359E-2
9.024000E-3 -2.529783E+0 -9.790768E-2
9.025000E-3 -2.361589E+0 -1.358118E-1
9.026000E-3 -1.857008E+0 -1.526580E-1
9.027000E-3 -1.184234E+0 -1.526580E-1
9.028000E-3 -3.432661E-1 -1.231771E-1
9.029000E-3 4.977019E-1 -7.684985E-2
9.030000E-3 1.338670E+0 -1.788793E-2
9.031000E-3 1.969396E+0 3.686242E-2
9.032000E-3 2.389880E+0 8.740121E-2
9.033000E-3 2.516025E+0 1.337284E-1
9.034000E-3 2.389880E+0 1.589978E-1
9.035000E-3 1.927347E+0 1.800556E-1
9.036000E-3 1.254573E+0 1.884788E-1
9.037000E-3 4.136051E-1 1.926903E-1
9.038000E-3 -4.273629E-1 1.842672E-1
9.039000E-3 -1.268331E+0 1.674209E-1
9.040000E-3 -1.941105E+0 1.379400E-1
9.041000E-3 -2.361589E+0 1.000359E-1
9.042000E-3 -2.529783E+0 6.213181E-2
9.043000E-3 -2.403638E+0 2.001616E-2
9.044000E-3 -1.941105E+0 -1.367637E-2
9.045000E-3 -1.352428E+0 -4.315732E-2
9.046000E-3 -5.114597E-1 -6.421515E-2
9.047000E-3 3.295083E-1 -7.684985E-2
9.048000E-3 1.212525E+0 -7.263828E-2
9.049000E-3 1.885299E+0 -6.421515E-2
9.050000E-3 2.347831E+0 -4.315732E-2
9.051000E-3 2.558073E+0 -1.788793E-2
9.052000E-3 2.431928E+0 3.169895E-3
9.053000E-3 2.011444E+0 2.422772E-2
9.054000E-3 1.380718E+0 4.528555E-2
9.055000E-3 5.817987E-1 5.370868E-2
9.056000E-3 -3.012177E-1 4.949712E-2
9.057000E-3 -1.100137E+0 3.686242E-2
9.058000E-3 -1.814960E+0 1.159303E-2
9.059000E-3 -2.361589E+0 -1.788793E-2
9.060000E-3 -2.529783E+0 -5.579202E-2
9.061000E-3 -2.445686E+0 -9.369611E-2
9.062000E-3 -2.067250E+0 -1.316002E-1
9.063000E-3 -1.478573E+0 -1.652927E-1
9.064000E-3 -6.796533E-1 -1.779274E-1
9.065000E-3 2.033631E-1 -1.652927E-1
9.066000E-3 1.044331E+0 -1.358118E-1
9.067000E-3 1.801202E+0 -8.527298E-2
9.068000E-3 2.305783E+0 -3.052263E-2
9.069000E-3 2.558073E+0 2.422772E-2
9.070000E-3 2.473977E+0 7.476651E-2
9.071000E-3 2.137589E+0 1.126706E-1
9.072000E-3 1.506863E+0 1.337284E-1
9.073000E-3 7.499922E-1 1.421516E-1
9.074000E-3 -1.330241E-1 1.379400E-1
9.075000E-3 -9.739921E-1 1.253053E-1
9.076000E-3 -1.688815E+0 1.000359E-1
9.077000E-3 -2.277492E+0 7.055494E-2
9.078000E-3 -2.529783E+0 2.843929E-2
9.079000E-3 -2.529783E+0 -1.367637E-2
9.080000E-3 -2.193396E+0 -4.736889E-2
9.081000E-3 -1.604718E+0 -8.106141E-2
9.082000E-3 -8.478469E-1 -1.021192E-1
9.083000E-3 3.516947E-2 -1.147539E-1
9.084000E-3 9.181858E-1 -1.189655E-1
9.085000E-3 1.675057E+0 -1.105424E-1
9.086000E-3 2.221686E+0 -9.369611E-2
9.087000E-3 2.516025E+0 -6.421515E-2
9.088000E-3 2.516025E+0 -3.473419E-2
9.089000E-3 2.221686E+0 -1.367637E-2
9.090000E-3 1.633009E+0 3.169895E-3
9.091000E-3 8.761374E-1 1.580459E-2
9.092000E-3 -6.878924E-3 2.001616E-2
9.093000E-3 -8.478469E-1 7.381461E-3
9.094000E-3 -1.562670E+0 -9.464801E-3
9.095000E-3 -2.193396E+0 -3.473419E-2
9.096000E-3 -2.487734E+0 -6.842672E-2
9.097000E-3 -2.529783E+0 -1.105424E-1
9.098000E-3 -2.235444E+0 -1.442349E-1
9.099000E-3 -1.688815E+0 -1.568696E-1
9.100000E-3 -1.016040E+0 -1.442349E-1
9.101000E-3 -1.330241E-1 -1.105424E-1
9.102000E-3 7.499922E-1 -6.000359E-2
9.103000E-3 1.506863E+0 -1.041670E-3
9.104000E-3 2.137589E+0 4.949712E-2
9.105000E-3 2.473977E+0 1.042475E-1
9.106000E-3 2.516025E+0 1.379400E-1
9.107000E-3 2.263735E+0 1.674209E-1
9.108000E-3 1.759154E+0 1.842672E-1
9.109000E-3 1.044331E+0 1.884788E-1
9.110000E-3 2.033631E-1 1.969019E-1
9.111000E-3 -6.376049E-1 1.800556E-1
9.112000E-3 -1.436524E+0 1.589978E-1
9.113000E-3 -2.067250E+0 1.253053E-1
9.114000E-3 -2.445686E+0 8.740121E-2
9.115000E-3 -2.529783E+0 4.949712E-2
9.116000E-3 -2.319541E+0 7.381461E-3
9.117000E-3 -1.857008E+0 -2.209950E-2
9.118000E-3 -1.100137E+0 -4.736889E-2
9.119000E-3 -2.591693E-1 -6.842672E-2
9.120000E-3 5.817987E-1 -7.263828E-2
9.121000E-3 1.380718E+0 -6.842672E-2
9.122000E-3 2.011444E+0 -6.000359E-2
9.123000E-3 2.431928E+0 -3.473419E-2
9.124000E-3 2.516025E+0 -1.367637E-2
9.125000E-3 2.347831E+0 7.381461E-3
9.126000E-3 1.885299E+0 3.265085E-2
9.127000E-3 1.170476E+0 4.949712E-2
9.128000E-3 3.295083E-1 5.370868E-2
9.129000E-3 -5.114597E-1 4.949712E-2
9.130000E-3 -1.310379E+0 3.265085E-2
9.131000E-3 -1.983154E+0 3.169895E-3
9.132000E-3 -2.403638E+0 -3.052263E-2
9.133000E-3 -2.529783E+0 -6.421515E-2
9.134000E-3 -2.361589E+0 -1.063308E-1
9.135000E-3 -1.941105E+0 -1.442349E-1
9.136000E-3 -1.268331E+0 -1.695043E-1
9.137000E-3 -4.694113E-1 -1.779274E-1
9.138000E-3 4.136051E-1 -1.610812E-1
9.139000E-3 1.254573E+0 -1.231771E-1
9.140000E-3 1.927347E+0 -7.263828E-2
9.141000E-3 2.347831E+0 -1.367637E-2
9.142000E-3 2.558073E+0 3.686242E-2
9.143000E-3 2.389880E+0 9.582434E-2
9.144000E-3 2.011444E+0 1.168822E-1
9.145000E-3 1.338670E+0 1.379400E-1
9.146000E-3 4.977019E-1 1.379400E-1
9.147000E-3 -3.432661E-1 1.337284E-1
9.148000E-3 -1.142186E+0 1.168822E-1
9.149000E-3 -1.857008E+0 9.161277E-2
9.150000E-3 -2.361589E+0 5.370868E-2
9.151000E-3 -2.529783E+0 1.580459E-2
9.152000E-3 -2.403638E+0 -1.788793E-2
9.153000E-3 -2.025202E+0 -5.579202E-2
9.154000E-3 -1.394476E+0 -8.527298E-2
9.155000E-3 -5.955565E-1 -1.063308E-1
9.156000E-3 3.295083E-1 -1.189655E-1
9.157000E-3 1.128428E+0 -1.147539E-1
9.158000E-3 1.843251E+0 -1.021192E-1
9.159000E-3 2.347831E+0 -8.527298E-2
9.160000E-3 2.516025E+0 -5.579202E-2
9.161000E-3 2.473977E+0 -3.052263E-2
9.162000E-3 2.053493E+0 -5.253235E-3
9.163000E-3 1.464815E+0 3.169895E-3
9.164000E-3 6.658955E-1 1.580459E-2
9.165000E-3 -1.750725E-1 1.580459E-2
9.166000E-3 -1.016040E+0 3.169895E-3
9.167000E-3 -1.772912E+0 -1.367637E-2
9.168000E-3 -2.277492E+0 -4.315732E-2
9.169000E-3 -2.529783E+0 -8.106141E-2
9.170000E-3 -2.487734E+0 -1.189655E-1
9.171000E-3 -2.109299E+0 -1.484465E-1
9.172000E-3 -1.520621E+0 -1.526580E-1
9.173000E-3 -7.637501E-1 -1.358118E-1
9.174000E-3 1.192663E-1 -9.790768E-2
9.175000E-3 1.002283E+0 -4.315732E-2
9.176000E-3 1.717105E+0 1.580459E-2
9.177000E-3 2.263735E+0 6.213181E-2
9.178000E-3 2.516025E+0 1.168822E-1
9.179000E-3 2.473977E+0 1.463631E-1
9.180000E-3 2.137589E+0 1.716325E-1
9.181000E-3 1.590960E+0 1.842672E-1
9.182000E-3 7.920406E-1 1.926903E-1
9.183000E-3 -4.892732E-2 1.926903E-1
9.184000E-3 -8.898953E-1 1.758441E-1
9.185000E-3 -1.646766E+0 1.505747E-1
9.186000E-3 -2.193396E+0 1.168822E-1
9.187000E-3 -2.529783E+0 7.897807E-2
9.188000E-3 -2.529783E+0 3.686242E-2
9.189000E-3 -2.193396E+0 -1.041670E-3
9.190000E-3 -1.688815E+0 -3.052263E-2
9.191000E-3 -9.319437E-1 -5.579202E-2
9.192000E-3 -4.892732E-2 -7.263828E-2
9.193000E-3 8.340890E-1 -7.684985E-2
9.194000E-3 1.590960E+0 -6.842672E-2
9.195000E-3 2.179638E+0 -5.158046E-2
9.196000E-3 2.516025E+0 -2.631106E-2
9.197000E-3 2.516025E+0 -1.041670E-3
9.198000E-3 2.221686E+0 1.580459E-2
9.199000E-3 1.675057E+0 3.686242E-2
9.200000E-3 1.002283E+0 4.949712E-2
9.201000E-3 1.192663E-1 5.370868E-2
9.202000E-3 -7.217017E-1 4.107398E-2
9.203000E-3 -1.520621E+0 2.422772E-2
9.204000E-3 -2.109299E+0 -9.464801E-3
9.205000E-3 -2.487734E+0 -3.894576E-2
9.206000E-3 -2.529783E+0 -8.106141E-2
9.207000E-3 -2.277492E+0 -1.189655E-1
9.208000E-3 -1.772912E+0 -1.526580E-1
9.209000E-3 -1.058089E+0 -1.779274E-1
9.210000E-3 -2.171209E-1 -1.737159E-1
9.211000E-3 6.658955E-1 -1.526580E-1
9.212000E-3 1.464815E+0 -1.105424E-1
9.213000E-3 2.095541E+0 -5.579202E-2
9.214000E-3 2.431928E+0 3.169895E-3
9.215000E-3 2.516025E+0 4.949712E-2
9.216000E-3 2.263735E+0 1.042475E-1
9.217000E-3 1.801202E+0 1.253053E-1
9.218000E-3 1.086379E+0 1.379400E-1
9.219000E-3 2.874599E-1 1.379400E-1
9.220000E-3 -5.955565E-1 1.295169E-1
9.221000E-3 -1.352428E+0 1.126706E-1
9.222000E-3 -2.025202E+0 8.318964E-2
9.223000E-3 -2.445686E+0 4.949712E-2
9.224000E-3 -2.529783E+0 3.169895E-3
9.225000E-3 -2.361589E+0 -3.052263E-2
9.226000E-3 -1.899057E+0 -6.421515E-2
9.227000E-3 -1.184234E+0 -9.369611E-2
9.228000E-3 -3.432661E-1 -1.147539E-1
9.229000E-3 4.977019E-1 -1.189655E-1
9.230000E-3 1.338670E+0 -1.147539E-1
9.231000E-3 1.969396E+0 -9.790768E-2
9.232000E-3 2.389880E+0 -7.684985E-2
9.233000E-3 2.558073E+0 -5.158046E-2
9.234000E-3 2.347831E+0 -2.209950E-2
9.235000E-3 1.885299E+0 -1.041670E-3
9.236000E-3 1.254573E+0 7.381461E-3
9.237000E-3 4.136051E-1 1.580459E-2
9.238000E-3 -4.273629E-1 1.159303E-2
9.239000E-3 -1.268331E+0 -1.041670E-3
9.240000E-3 -1.899057E+0 -1.788793E-2
9.241000E-3 -2.361589E+0 -5.579202E-2
9.242000E-3 -2.529783E+0 -9.369611E-2
9.243000E-3 -2.403638E+0 -1.316002E-1
9.244000E-3 -1.983154E+0 -1.526580E-1
9.245000E-3 -1.352428E+0 -1.526580E-1
9.246000E-3 -5.114597E-1 -1.316002E-1
9.247000E-3 3.295083E-1 -8.527298E-2
9.248000E-3 1.170476E+0 -2.631106E-2
9.249000E-3 1.885299E+0 2.422772E-2
9.250000E-3 2.347831E+0 7.476651E-2
9.251000E-3 2.558073E+0 1.253053E-1
9.252000E-3 2.431928E+0 1.547863E-1
9.253000E-3 2.011444E+0 1.716325E-1
9.254000E-3 1.380718E+0 1.884788E-1
9.255000E-3 5.817987E-1 1.969019E-1
9.256000E-3 -2.591693E-1 1.884788E-1
9.257000E-3 -1.100137E+0 1.716325E-1
9.258000E-3 -1.814960E+0 1.421516E-1
9.259000E-3 -2.361589E+0 1.042475E-1
9.260000E-3 -2.529783E+0 6.634338E-2
9.261000E-3 -2.445686E+0 2.001616E-2
9.262000E-3 -2.109299E+0 -9.464801E-3
9.263000E-3 -1.478573E+0 -3.894576E-2
9.264000E-3 -6.796533E-1 -6.000359E-2
9.265000E-3 2.033631E-1 -7.684985E-2
9.266000E-3 1.044331E+0 -7.263828E-2
9.267000E-3 1.759154E+0 -6.421515E-2
9.268000E-3 2.263735E+0 -4.736889E-2
9.269000E-3 2.516025E+0 -2.209950E-2
9.270000E-3 2.473977E+0 3.169895E-3
9.271000E-3 2.095541E+0 2.422772E-2
9.272000E-3 1.506863E+0 4.107398E-2
9.273000E-3 7.499922E-1 5.370868E-2
9.274000E-3 -1.330241E-1 5.370868E-2
9.275000E-3 -9.739921E-1 3.686242E-2
9.276000E-3 -1.688815E+0 1.580459E-2
9.277000E-3 -2.277492E+0 -1.367637E-2
9.278000E-3 -2.529783E+0 -5.158046E-2
9.279000E-3 -2.487734E+0 -9.369611E-2
9.280000E-3 -2.193396E+0 -1.316002E-1
9.281000E-3 -1.562670E+0 -1.568696E-1
9.282000E-3 -8.478469E-1 -1.779274E-1
9.283000E-3 -6.878924E-3 -1.695043E-1
9.284000E-3 8.761374E-1 -1.484465E-1
9.285000E-3 1.675057E+0 -9.790768E-2
9.286000E-3 2.221686E+0 -4.315732E-2
9.287000E-3 2.516025E+0 1.580459E-2
9.288000E-3 2.473977E+0 6.213181E-2
9.289000E-3 2.179638E+0 1.084590E-1
9.290000E-3 1.633009E+0 1.295169E-1
9.291000E-3 9.181858E-1 1.379400E-1
9.292000E-3 3.516947E-2 1.379400E-1
9.293000E-3 -8.057985E-1 1.295169E-1
9.294000E-3 -1.562670E+0 1.042475E-1
9.295000E-3 -2.151347E+0 7.055494E-2
9.296000E-3 -2.487734E+0 3.686242E-2
9.297000E-3 -2.529783E+0 -5.253235E-3
9.298000E-3 -2.235444E+0 -3.894576E-2
9.299000E-3 -1.688815E+0 -7.263828E-2
9.300000E-3 -9.739921E-1 -9.790768E-2
9.301000E-3 -9.097572E-2 -1.147539E-1
9.302000E-3 7.499922E-1 -1.189655E-1
9.303000E-3 1.506863E+0 -1.105424E-1
9.304000E-3 2.137589E+0 -9.790768E-2
9.305000E-3 2.473977E+0 -6.842672E-2
9.306000E-3 2.516025E+0 -4.315732E-2
9.307000E-3 2.263735E+0 -1.788793E-2
9.308000E-3 1.759154E+0 3.169895E-3
9.309000E-3 1.044331E+0 1.159303E-2
9.310000E-3 1.613147E-1 1.580459E-2
9.311000E-3 -6.796533E-1 1.159303E-2
9.312000E-3 -1.478573E+0 -5.253235E-3
9.313000E-3 -2.109299E+0 -2.631106E-2
9.314000E-3 -2.487734E+0 -6.421515E-2
9.315000E-3 -2.529783E+0 -1.021192E-1
9.316000E-3 -2.361589E+0 -1.400233E-1
9.317000E-3 -1.857008E+0 -1.568696E-1
9.318000E-3 -1.100137E+0 -1.484465E-1
9.319000E-3 -3.012177E-1 -1.189655E-1
9.320000E-3 5.817987E-1 -6.842672E-2
9.321000E-3 1.380718E+0 -1.367637E-2
9.322000E-3 2.011444E+0 3.686242E-2
9.323000E-3 2.431928E+0 9.161277E-2
9.324000E-3 2.516025E+0 1.337284E-1
9.325000E-3 2.347831E+0 1.589978E-1
9.326000E-3 1.843251E+0 1.758441E-1
9.327000E-3 1.170476E+0 1.926903E-1
9.328000E-3 3.295083E-1 1.969019E-1
9.329000E-3 -5.114597E-1 1.842672E-1
9.330000E-3 -1.352428E+0 1.589978E-1
9.331000E-3 -1.983154E+0 1.337284E-1
9.332000E-3 -2.403638E+0 9.582434E-2
9.333000E-3 -2.529783E+0 5.370868E-2
9.334000E-3 -2.361589E+0 1.580459E-2
9.335000E-3 -1.941105E+0 -1.788793E-2
9.336000E-3 -1.268331E+0 -4.736889E-2
9.337000E-3 -4.273629E-1 -6.421515E-2
9.338000E-3 4.556535E-1 -7.684985E-2
9.339000E-3 1.254573E+0 -6.842672E-2
9.340000E-3 1.927347E+0 -6.421515E-2
9.341000E-3 2.389880E+0 -3.894576E-2
9.342000E-3 2.516025E+0 -1.788793E-2
9.343000E-3 2.389880E+0 3.169895E-3
9.344000E-3 1.969396E+0 2.843929E-2
9.345000E-3 1.296621E+0 4.528555E-2
9.346000E-3 4.977019E-1 4.949712E-2
9.347000E-3 -3.432661E-1 4.949712E-2
9.348000E-3 -1.184234E+0 3.265085E-2
9.349000E-3 -1.899057E+0 7.381461E-3
9.350000E-3 -2.361589E+0 -2.209950E-2
9.351000E-3 -2.529783E+0 -6.000359E-2
9.352000E-3 -2.445686E+0 -9.790768E-2
9.353000E-3 -2.025202E+0 -1.358118E-1
9.354000E-3 -1.436524E+0 -1.652927E-1
9.355000E-3 -5.955565E-1 -1.779274E-1
9.356000E-3 2.454115E-1 -1.652927E-1
9.357000E-3 1.128428E+0 -1.316002E-1
9.358000E-3 1.843251E+0 -8.527298E-2
9.359000E-3 2.347831E+0 -2.631106E-2
9.360000E-3 2.516025E+0 2.422772E-2
9.361000E-3 2.431928E+0 8.318964E-2
9.362000E-3 2.053493E+0 1.168822E-1
9.363000E-3 1.464815E+0 1.337284E-1
9.364000E-3 6.658955E-1 1.379400E-1
9.365000E-3 -1.750725E-1 1.379400E-1
9.366000E-3 -1.058089E+0 1.210937E-1
9.367000E-3 -1.772912E+0 1.000359E-1
9.368000E-3 -2.277492E+0 6.634338E-2
9.369000E-3 -2.529783E+0 2.422772E-2
9.370000E-3 -2.487734E+0 -1.367637E-2
9.371000E-3 -2.109299E+0 -5.158046E-2
9.372000E-3 -1.520621E+0 -8.106141E-2
9.373000E-3 -7.637501E-1 -1.063308E-1
9.374000E-3 1.192663E-1 -1.189655E-1
9.375000E-3 9.602342E-1 -1.189655E-1
9.376000E-3 1.675057E+0 -1.063308E-1
9.377000E-3 2.263735E+0 -8.948455E-2
9.378000E-3 2.516025E+0 -6.421515E-2
9.379000E-3 2.516025E+0 -3.052263E-2
9.380000E-3 2.179638E+0 -9.464801E-3
9.381000E-3 1.548912E+0 3.169895E-3
9.382000E-3 8.340890E-1 1.580459E-2
9.383000E-3 -4.892732E-2 1.580459E-2
9.384000E-3 -9.319437E-1 7.381461E-3
9.385000E-3 -1.646766E+0 -9.464801E-3
9.386000E-3 -2.193396E+0 -3.473419E-2
9.387000E-3 -2.529783E+0 -7.684985E-2
9.388000E-3 -2.529783E+0 -1.147539E-1
9.389000E-3 -2.193396E+0 -1.484465E-1
9.390000E-3 -1.688815E+0 -1.568696E-1
9.391000E-3 -9.319437E-1 -1.442349E-1
9.392000E-3 -4.892732E-2 -1.105424E-1
9.393000E-3 8.340890E-1 -5.579202E-2
9.394000E-3 1.590960E+0 3.169895E-3
9.395000E-3 2.179638E+0 4.949712E-2
9.396000E-3 2.473977E+0 1.084590E-1
9.397000E-3 2.516025E+0 1.379400E-1
9.398000E-3 2.221686E+0 1.674209E-1
9.399000E-3 1.675057E+0 1.842672E-1
9.400000E-3 9.602342E-1 1.926903E-1
9.401000E-3 7.721787E-2 1.926903E-1
9.402000E-3 -7.637501E-1 1.758441E-1
9.403000E-3 -1.520621E+0 1.547863E-1
9.404000E-3 -2.151347E+0 1.210937E-1
9.405000E-3 -2.487734E+0 8.740121E-2
9.406000E-3 -2.529783E+0 4.528555E-2
9.407000E-3 -2.277492E+0 3.169895E-3
9.408000E-3 -1.772912E+0 -2.631106E-2
9.409000E-3 -1.058089E+0 -5.158046E-2
9.410000E-3 -2.171209E-1 -6.842672E-2
9.411000E-3 6.658955E-1 -7.263828E-2
9.412000E-3 1.464815E+0 -6.842672E-2
9.413000E-3 2.095541E+0 -5.579202E-2
9.414000E-3 2.431928E+0 -3.473419E-2
9.415000E-3 2.516025E+0 -9.464801E-3
9.416000E-3 2.305783E+0 7.381461E-3
9.417000E-3 1.843251E+0 3.265085E-2
9.418000E-3 1.086379E+0 4.949712E-2
9.419000E-3 2.874599E-1 5.370868E-2
9.420000E-3 -5.955565E-1 4.949712E-2
9.421000E-3 -1.394476E+0 2.843929E-2
9.422000E-3 -2.025202E+0 -1.041670E-3
9.423000E-3 -2.403638E+0 -3.052263E-2
9.424000E-3 -2.529783E+0 -6.842672E-2
9.425000E-3 -2.361589E+0 -1.105424E-1
9.426000E-3 -1.857008E+0 -1.442349E-1
9.427000E-3 -1.184234E+0 -1.695043E-1
9.428000E-3 -3.853145E-1 -1.779274E-1
9.429000E-3 4.977019E-1 -1.610812E-1
9.430000E-3 1.338670E+0 -1.231771E-1
9.431000E-3 2.011444E+0 -6.842672E-2
9.432000E-3 2.389880E+0 -9.464801E-3
9.433000E-3 2.516025E+0 3.686242E-2
9.434000E-3 2.347831E+0 9.582434E-2
9.435000E-3 1.927347E+0 1.210937E-1
9.436000E-3 1.254573E+0 1.337284E-1
9.437000E-3 4.136051E-1 1.379400E-1
9.438000E-3 -4.273629E-1 1.337284E-1
9.439000E-3 -1.226282E+0 1.168822E-1
9.440000E-3 -1.941105E+0 8.740121E-2
9.441000E-3 -2.361589E+0 5.370868E-2
9.442000E-3 -2.571831E+0 1.159303E-2
9.443000E-3 -2.403638E+0 -2.209950E-2
9.444000E-3 -1.983154E+0 -5.579202E-2
9.445000E-3 -1.352428E+0 -8.948455E-2
9.446000E-3 -5.114597E-1 -1.105424E-1
9.447000E-3 3.295083E-1 -1.189655E-1
9.448000E-3 1.170476E+0 -1.189655E-1
9.449000E-3 1.885299E+0 -1.021192E-1
9.450000E-3 2.347831E+0 -8.527298E-2
9.451000E-3 2.516025E+0 -5.158046E-2
9.452000E-3 2.431928E+0 -3.052263E-2
9.453000E-3 2.011444E+0 -1.041670E-3
9.454000E-3 1.380718E+0 7.381461E-3
9.455000E-3 5.817987E-1 1.580459E-2
9.456000E-3 -2.591693E-1 1.580459E-2
9.457000E-3 -1.100137E+0 3.169895E-3
9.458000E-3 -1.857008E+0 -1.367637E-2
9.459000E-3 -2.319541E+0 -4.736889E-2
9.460000E-3 -2.529783E+0 -8.527298E-2
9.461000E-3 -2.445686E+0 -1.231771E-1
9.462000E-3 -2.067250E+0 -1.526580E-1
9.463000E-3 -1.478573E+0 -1.526580E-1
9.464000E-3 -6.796533E-1 -1.358118E-1
9.465000E-3 1.613147E-1 -9.369611E-2
9.466000E-3 1.044331E+0 -3.473419E-2
9.467000E-3 1.801202E+0 1.580459E-2
9.468000E-3 2.305783E+0 6.213181E-2
9.469000E-3 2.516025E+0 1.210937E-1
9.470000E-3 2.473977E+0 1.463631E-1
9.471000E-3 2.137589E+0 1.716325E-1
9.472000E-3 1.506863E+0 1.884788E-1
9.473000E-3 7.499922E-1 1.969019E-1
9.474000E-3 -9.097572E-2 1.926903E-1
9.475000E-3 -1.016040E+0 1.716325E-1
9.476000E-3 -1.688815E+0 1.463631E-1
9.477000E-3 -2.277492E+0 1.126706E-1
9.478000E-3 -2.529783E+0 7.476651E-2
9.479000E-3 -2.487734E+0 3.265085E-2
9.480000E-3 -2.151347E+0 -9.464801E-3
9.481000E-3 -1.604718E+0 -3.473419E-2
9.482000E-3 -8.478469E-1 -6.000359E-2
9.483000E-3 3.516947E-2 -7.263828E-2
9.484000E-3 9.181858E-1 -7.263828E-2
9.485000E-3 1.633009E+0 -6.842672E-2
9.486000E-3 2.179638E+0 -5.158046E-2
9.487000E-3 2.516025E+0 -3.052263E-2
9.488000E-3 2.516025E+0 -1.041670E-3
9.489000E-3 2.179638E+0 1.580459E-2
9.490000E-3 1.633009E+0 3.686242E-2
9.491000E-3 8.761374E-1 4.949712E-2
9.492000E-3 -6.878924E-3 5.370868E-2
9.493000E-3 -8.057985E-1 4.107398E-2
9.494000E-3 -1.604718E+0 2.001616E-2
9.495000E-3 -2.151347E+0 -9.464801E-3
9.496000E-3 -2.529783E+0 -3.894576E-2
9.497000E-3 -2.529783E+0 -8.106141E-2
9.498000E-3 -2.235444E+0 -1.189655E-1
9.499000E-3 -1.730863E+0 -1.526580E-1
9.500000E-3 -1.016040E+0 -1.779274E-1
9.501000E-3 -1.330241E-1 -1.737159E-1
9.502000E-3 7.499922E-1 -1.526580E-1
9.503000E-3 1.506863E+0 -1.105424E-1
9.504000E-3 2.137589E+0 -5.158046E-2
9.505000E-3 2.473977E+0 7.381461E-3
9.506000E-3 2.516025E+0 5.370868E-2
9.507000E-3 2.263735E+0 1.042475E-1
9.508000E-3 1.759154E+0 1.253053E-1
9.509000E-3 1.044331E+0 1.379400E-1
9.510000E-3 1.613147E-1 1.379400E-1
9.511000E-3 -6.796533E-1 1.295169E-1
9.512000E-3 -1.478573E+0 1.084590E-1
9.513000E-3 -2.067250E+0 7.897807E-2
9.514000E-3 -2.487734E+0 4.107398E-2
9.515000E-3 -2.529783E+0 3.169895E-3
9.516000E-3 -2.319541E+0 -3.052263E-2
9.517000E-3 -1.857008E+0 -6.842672E-2
9.518000E-3 -1.100137E+0 -9.369611E-2
9.519000E-3 -2.591693E-1 -1.105424E-1
9.520000E-3 6.238471E-1 -1.189655E-1
9.521000E-3 1.422767E+0 -1.147539E-1
9.522000E-3 2.053493E+0 -9.790768E-2
9.523000E-3 2.431928E+0 -7.684985E-2
9.524000E-3 2.516025E+0 -4.736889E-2
9.525000E-3 2.347831E+0 -1.788793E-2
9.526000E-3 1.843251E+0 -1.041670E-3
9.527000E-3 1.170476E+0 1.159303E-2
9.528000E-3 3.295083E-1 2.001616E-2
9.529000E-3 -5.114597E-1 1.580459E-2
9.530000E-3 -1.310379E+0 -1.041670E-3
9.531000E-3 -1.983154E+0 -2.209950E-2
9.532000E-3 -2.403638E+0 -5.579202E-2
9.533000E-3 -2.529783E+0 -9.790768E-2
9.534000E-3 -2.361589E+0 -1.358118E-1
9.535000E-3 -1.941105E+0 -1.526580E-1
9.536000E-3 -1.268331E+0 -1.526580E-1
9.537000E-3 -4.273629E-1 -1.273886E-1
9.538000E-3 4.556535E-1 -8.106141E-2
9.539000E-3 1.254573E+0 -1.788793E-2
9.540000E-3 1.927347E+0 2.843929E-2
9.541000E-3 2.389880E+0 8.318964E-2
9.542000E-3 2.558073E+0 1.295169E-1
9.543000E-3 2.389880E+0 1.547863E-1
9.544000E-3 1.969396E+0 1.758441E-1
9.545000E-3 1.338670E+0 1.884788E-1
9.546000E-3 4.977019E-1 1.926903E-1
9.547000E-3 -3.432661E-1 1.884788E-1
9.548000E-3 -1.184234E+0 1.674209E-1
9.549000E-3 -1.857008E+0 1.379400E-1
9.550000E-3 -2.361589E+0 1.042475E-1
9.551000E-3 -2.529783E+0 6.213181E-2
9.552000E-3 -2.445686E+0 2.422772E-2
9.553000E-3 -2.025202E+0 -1.367637E-2
9.554000E-3 -1.394476E+0 -3.894576E-2
9.555000E-3 -5.955565E-1 -6.000359E-2
9.556000E-3 2.874599E-1 -7.684985E-2
9.557000E-3 1.128428E+0 -7.263828E-2
9.558000E-3 1.843251E+0 -6.421515E-2
9.559000E-3 2.305783E+0 -4.315732E-2
9.560000E-3 2.516025E+0 -2.209950E-2
9.561000E-3 2.431928E+0 3.169895E-3
9.562000E-3 2.053493E+0 2.001616E-2
9.563000E-3 1.464815E+0 4.107398E-2
9.564000E-3 6.658955E-1 5.370868E-2
9.565000E-3 -1.750725E-1 4.949712E-2
9.566000E-3 -1.016040E+0 3.686242E-2
9.567000E-3 -1.730863E+0 1.580459E-2
9.568000E-3 -2.277492E+0 -1.367637E-2
9.569000E-3 -2.529783E+0 -5.158046E-2
9.570000E-3 -2.445686E+0 -9.369611E-2
9.571000E-3 -2.109299E+0 -1.316002E-1
9.572000E-3 -1.520621E+0 -1.610812E-1
9.573000E-3 -7.637501E-1 -1.779274E-1
9.574000E-3 1.192663E-1 -1.652927E-1
9.575000E-3 1.002283E+0 -1.400233E-1
9.576000E-3 1.675057E+0 -9.369611E-2
9.577000E-3 2.263735E+0 -3.473419E-2
9.578000E-3 2.516025E+0 2.001616E-2
9.579000E-3 2.516025E+0 6.634338E-2
9.580000E-3 2.179638E+0 1.084590E-1
9.581000E-3 1.590960E+0 1.295169E-1
9.582000E-3 8.340890E-1 1.379400E-1
9.583000E-3 -4.892732E-2 1.379400E-1
9.584000E-3 -8.898953E-1 1.253053E-1
9.585000E-3 -1.646766E+0 1.042475E-1
9.586000E-3 -2.193396E+0 7.476651E-2
9.587000E-3 -2.487734E+0 3.265085E-2
9.588000E-3 -2.529783E+0 -9.464801E-3
9.589000E-3 -2.193396E+0 -4.315732E-2
9.590000E-3 -1.646766E+0 -7.684985E-2
9.591000E-3 -8.898953E-1 -1.021192E-1
9.592000E-3 -6.878924E-3 -1.147539E-1
9.593000E-3 8.340890E-1 -1.189655E-1
9.594000E-3 1.590960E+0 -1.105424E-1
9.595000E-3 2.179638E+0 -9.369611E-2
9.596000E-3 2.473977E+0 -6.421515E-2
9.597000E-3 2.516025E+0 -3.894576E-2
9.598000E-3 2.221686E+0 -1.367637E-2
9.599000E-3 1.675057E+0 3.169895E-3
9.600000E-3 9.602342E-1 1.159303E-2
9.601000E-3 1.192663E-1 2.001616E-2
9.602000E-3 -7.217017E-1 1.159303E-2
9.603000E-3 -1.520621E+0 -9.464801E-3
9.604000E-3 -2.109299E+0 -3.052263E-2
9.605000E-3 -2.445686E+0 -6.421515E-2
9.606000E-3 -2.529783E+0 -1.063308E-1
9.607000E-3 -2.277492E+0 -1.442349E-1
9.608000E-3 -1.772912E+0 -1.526580E-1
9.609000E-3 -1.058089E+0 -1.442349E-1
9.610000E-3 -2.171209E-1 -1.189655E-1
9.611000E-3 6.658955E-1 -6.421515E-2
9.612000E-3 1.464815E+0 -5.253235E-3
9.613000E-3 2.095541E+0 4.107398E-2
9.614000E-3 2.431928E+0 1.000359E-1
9.615000E-3 2.516025E+0 1.379400E-1
9.616000E-3 2.347831E+0 1.632094E-1
9.617000E-3 1.801202E+0 1.842672E-1
9.618000E-3 1.128428E+0 1.926903E-1
9.619000E-3 2.874599E-1 1.969019E-1
9.620000E-3 -5.535081E-1 1.842672E-1
9.621000E-3 -1.394476E+0 1.589978E-1
9.622000E-3 -2.025202E+0 1.253053E-1
9.623000E-3 -2.445686E+0 9.161277E-2
9.624000E-3 -2.529783E+0 5.370868E-2
9.625000E-3 -2.361589E+0 1.159303E-2
9.626000E-3 -1.857008E+0 -1.788793E-2
9.627000E-3 -1.184234E+0 -4.736889E-2
9.628000E-3 -3.432661E-1 -6.842672E-2
9.629000E-3 5.397503E-1 -7.684985E-2
9.630000E-3 1.338670E+0 -7.263828E-2
9.631000E-3 2.011444E+0 -6.000359E-2
9.632000E-3 2.431928E+0 -3.473419E-2
9.633000E-3 2.558073E+0 -1.367637E-2
9.634000E-3 2.389880E+0 7.381461E-3
9.635000E-3 1.927347E+0 3.265085E-2
9.636000E-3 1.254573E+0 4.949712E-2
9.637000E-3 4.556535E-1 5.370868E-2
9.638000E-3 -4.273629E-1 4.949712E-2
9.639000E-3 -1.268331E+0 3.265085E-2
9.640000E-3 -1.941105E+0 3.169895E-3
9.641000E-3 -2.361589E+0 -2.209950E-2
9.642000E-3 -2.529783E+0 -6.000359E-2
9.643000E-3 -2.403638E+0 -1.021192E-1
9.644000E-3 -1.983154E+0 -1.400233E-1
9.645000E-3 -1.352428E+0 -1.652927E-1
9.646000E-3 -5.114597E-1 -1.779274E-1
9.647000E-3 3.715567E-1 -1.652927E-1
9.648000E-3 1.170476E+0 -1.273886E-1
9.649000E-3 1.885299E+0 -7.684985E-2
9.650000E-3 2.347831E+0 -1.788793E-2
9.651000E-3 2.558073E+0 3.265085E-2
9.652000E-3 2.431928E+0 8.740121E-2
9.653000E-3 2.011444E+0 1.168822E-1
9.654000E-3 1.380718E+0 1.337284E-1
9.655000E-3 5.817987E-1 1.379400E-1
9.656000E-3 -2.591693E-1 1.379400E-1
9.657000E-3 -1.100137E+0 1.210937E-1
9.658000E-3 -1.814960E+0 9.582434E-2
9.659000E-3 -2.319541E+0 6.213181E-2
9.660000E-3 -2.529783E+0 2.001616E-2
9.661000E-3 -2.445686E+0 -1.367637E-2
9.662000E-3 -2.067250E+0 -5.158046E-2
9.663000E-3 -1.436524E+0 -8.527298E-2
9.664000E-3 -6.796533E-1 -1.105424E-1
9.665000E-3 2.033631E-1 -1.189655E-1
9.666000E-3 1.044331E+0 -1.189655E-1
9.667000E-3 1.801202E+0 -1.021192E-1
9.668000E-3 2.305783E+0 -8.527298E-2
9.669000E-3 2.516025E+0 -6.000359E-2
9.670000E-3 2.431928E+0 -3.052263E-2
9.671000E-3 2.137589E+0 -5.253235E-3
9.672000E-3 1.506863E+0 3.169895E-3
9.673000E-3 7.499922E-1 1.580459E-2
9.674000E-3 -1.330241E-1 1.580459E-2
9.675000E-3 -9.739921E-1 7.381461E-3
9.676000E-3 -1.688815E+0 -9.464801E-3
9.677000E-3 -2.277492E+0 -4.315732E-2
9.678000E-3 -2.529783E+0 -8.106141E-2
9.679000E-3 -2.487734E+0 -1.147539E-1
9.680000E-3 -2.151347E+0 -1.484465E-1
9.681000E-3 -1.562670E+0 -1.526580E-1
9.682000E-3 -8.057985E-1 -1.400233E-1
9.683000E-3 3.516947E-2 -1.021192E-1
9.684000E-3 9.181858E-1 -4.736889E-2
9.685000E-3 1.675057E+0 1.159303E-2
9.686000E-3 2.179638E+0 5.370868E-2
9.687000E-3 2.516025E+0 1.168822E-1
9.688000E-3 2.516025E+0 1.421516E-1
9.689000E-3 2.221686E+0 1.716325E-1
9.690000E-3 1.675057E+0 1.842672E-1
9.691000E-3 9.181858E-1 1.969019E-1
9.692000E-3 3.516947E-2 1.926903E-1
9.693000E-3 -8.057985E-1 1.758441E-1
9.694000E-3 -1.562670E+0 1.547863E-1
9.695000E-3 -2.193396E+0 1.210937E-1
9.696000E-3 -2.487734E+0 8.318964E-2
9.697000E-3 -2.487734E+0 4.107398E-2
9.698000E-3 -2.193396E+0 3.169895E-3
9.699000E-3 -1.688815E+0 -2.631106E-2
9.700000E-3 -9.739921E-1 -5.158046E-2
9.701000E-3 -9.097572E-2 -6.842672E-2
9.702000E-3 7.499922E-1 -7.263828E-2
9.703000E-3 1.506863E+0 -6.842672E-2
9.704000E-3 2.137589E+0 -5.579202E-2
9.705000E-3 2.473977E+0 -3.052263E-2
9.706000E-3 2.516025E+0 -5.253235E-3
9.707000E-3 2.263735E+0 1.580459E-2
9.708000E-3 1.759154E+0 3.686242E-2
9.709000E-3 1.044331E+0 4.949712E-2
9.710000E-3 1.613147E-1 5.370868E-2
9.711000E-3 -6.796533E-1 4.949712E-2
9.712000E-3 -1.478573E+0 2.422772E-2
9.713000E-3 -2.067250E+0 -5.253235E-3
9.714000E-3 -2.445686E+0 -3.473419E-2
9.715000E-3 -2.529783E+0 -7.263828E-2
9.716000E-3 -2.319541E+0 -1.147539E-1
9.717000E-3 -1.857008E+0 -1.484465E-1
9.718000E-3 -1.184234E+0 -1.737159E-1
9.719000E-3 -3.012177E-1 -1.779274E-1
9.720000E-3 5.817987E-1 -1.568696E-1
9.721000E-3 1.422767E+0 -1.147539E-1
9.722000E-3 2.053493E+0 -6.000359E-2
9.723000E-3 2.431928E+0 -1.041670E-3
9.724000E-3 2.516025E+0 4.528555E-2
9.725000E-3 2.347831E+0 1.000359E-1
9.726000E-3 1.843251E+0 1.253053E-1
9.727000E-3 1.170476E+0 1.379400E-1
9.728000E-3 3.295083E-1 1.379400E-1
9.729000E-3 -5.114597E-1 1.337284E-1
9.730000E-3 -1.310379E+0 1.168822E-1
9.731000E-3 -1.983154E+0 8.318964E-2
9.732000E-3 -2.403638E+0 4.949712E-2
9.733000E-3 -2.571831E+0 7.381461E-3
9.734000E-3 -2.361589E+0 -2.631106E-2
9.735000E-3 -1.899057E+0 -6.421515E-2
9.736000E-3 -1.268331E+0 -8.948455E-2
9.737000E-3 -4.273629E-1 -1.105424E-1
9.738000E-3 4.136051E-1 -1.189655E-1
9.739000E-3 1.254573E+0 -1.147539E-1
9.740000E-3 1.969396E+0 -9.790768E-2
9.741000E-3 2.389880E+0 -7.684985E-2
9.742000E-3 2.558073E+0 -4.736889E-2
9.743000E-3 2.389880E+0 -2.209950E-2
9.744000E-3 2.011444E+0 -1.041670E-3
9.745000E-3 1.296621E+0 7.381461E-3
9.746000E-3 4.977019E-1 2.001616E-2
9.747000E-3 -3.432661E-1 1.580459E-2
9.748000E-3 -1.184234E+0 3.169895E-3
9.749000E-3 -1.857008E+0 -1.788793E-2
9.750000E-3 -2.361589E+0 -4.736889E-2
9.751000E-3 -2.529783E+0 -8.948455E-2
9.752000E-3 -2.445686E+0 -1.273886E-1
9.753000E-3 -2.025202E+0 -1.526580E-1
9.754000E-3 -1.394476E+0 -1.526580E-1
9.755000E-3 -5.955565E-1 -1.316002E-1
9.756000E-3 2.874599E-1 -8.948455E-2
9.757000E-3 1.128428E+0 -3.052263E-2
9.758000E-3 1.843251E+0 2.001616E-2
9.759000E-3 2.347831E+0 7.055494E-2
9.760000E-3 2.516025E+0 1.253053E-1
9.761000E-3 2.431928E+0 1.505747E-1
9.762000E-3 2.053493E+0 1.716325E-1
9.763000E-3 1.422767E+0 1.842672E-1
9.764000E-3 6.658955E-1 1.969019E-1
9.765000E-3 -1.750725E-1 1.884788E-1
9.766000E-3 -1.016040E+0 1.716325E-1
9.767000E-3 -1.730863E+0 1.463631E-1
9.768000E-3 -2.277492E+0 1.084590E-1
9.769000E-3 -2.529783E+0 7.055494E-2
9.770000E-3 -2.445686E+0 2.843929E-2
9.771000E-3 -2.109299E+0 -9.464801E-3
9.772000E-3 -1.520621E+0 -3.473419E-2
9.773000E-3 -7.217017E-1 -6.000359E-2
9.774000E-3 7.721787E-2 -7.684985E-2
9.775000E-3 1.002283E+0 -7.263828E-2
9.776000E-3 1.717105E+0 -6.842672E-2
9.777000E-3 2.263735E+0 -5.158046E-2
9.778000E-3 2.516025E+0 -2.631106E-2
9.779000E-3 2.516025E+0 3.169895E-3
9.780000E-3 2.179638E+0 2.001616E-2
9.781000E-3 1.590960E+0 4.107398E-2
9.782000E-3 8.340890E-1 4.949712E-2
9.783000E-3 -4.892732E-2 4.949712E-2
9.784000E-3 -9.319437E-1 4.107398E-2
9.785000E-3 -1.646766E+0 2.001616E-2
9.786000E-3 -2.193396E+0 -9.464801E-3
9.787000E-3 -2.529783E+0 -4.736889E-2
9.788000E-3 -2.487734E+0 -8.527298E-2
9.789000E-3 -2.193396E+0 -1.231771E-1
9.790000E-3 -1.688815E+0 -1.526580E-1
9.791000E-3 -9.319437E-1 -1.779274E-1
9.792000E-3 -4.892732E-2 -1.695043E-1
9.793000E-3 8.340890E-1 -1.484465E-1
9.794000E-3 1.590960E+0 -1.021192E-1
9.795000E-3 2.179638E+0 -4.736889E-2
9.796000E-3 2.473977E+0 7.381461E-3
9.797000E-3 2.516025E+0 5.792025E-2
9.798000E-3 2.221686E+0 1.042475E-1
9.799000E-3 1.675057E+0 1.253053E-1
9.800000E-3 9.602342E-1 1.379400E-1
9.801000E-3 1.192663E-1 1.379400E-1
9.802000E-3 -7.217017E-1 1.295169E-1
9.803000E-3 -1.520621E+0 1.084590E-1
9.804000E-3 -2.109299E+0 7.476651E-2
9.805000E-3 -2.487734E+0 3.686242E-2
9.806000E-3 -2.529783E+0 -5.253235E-3
9.807000E-3 -2.277492E+0 -3.473419E-2
9.808000E-3 -1.772912E+0 -7.263828E-2
9.809000E-3 -1.058089E+0 -9.790768E-2
9.810000E-3 -2.171209E-1 -1.147539E-1
9.811000E-3 6.658955E-1 -1.189655E-1
9.812000E-3 1.422767E+0 -1.147539E-1
9.813000E-3 2.095541E+0 -9.790768E-2
9.814000E-3 2.431928E+0 -7.263828E-2
9.815000E-3 2.516025E+0 -4.736889E-2
9.816000E-3 2.305783E+0 -1.788793E-2
9.817000E-3 1.801202E+0 3.169895E-3
9.818000E-3 1.086379E+0 1.159303E-2
9.819000E-3 2.874599E-1 1.580459E-2
9.820000E-3 -5.955565E-1 1.580459E-2
9.821000E-3 -1.394476E+0 -9.464801E-3
9.822000E-3 -2.025202E+0 -2.631106E-2
9.823000E-3 -2.445686E+0 -6.421515E-2
9.824000E-3 -2.529783E+0 -9.790768E-2
9.825000E-3 -2.361589E+0 -1.400233E-1
9.826000E-3 -1.857008E+0 -1.526580E-1
9.827000E-3 -1.184234E+0 -1.526580E-1
9.828000E-3 -3.432661E-1 -1.231771E-1
9.829000E-3 4.977019E-1 -7.684985E-2
9.830000E-3 1.338670E+0 -1.788793E-2
9.831000E-3 2.011444E+0 3.686242E-2
9.832000E-3 2.431928E+0 8.740121E-2
9.833000E-3 2.516025E+0 1.337284E-1
9.834000E-3 2.389880E+0 1.547863E-1
9.835000E-3 1.927347E+0 1.758441E-1
9.836000E-3 1.254573E+0 1.884788E-1
9.837000E-3 4.556535E-1 1.926903E-1
9.838000E-3 -4.273629E-1 1.884788E-1
9.839000E-3 -1.268331E+0 1.632094E-1
9.840000E-3 -1.941105E+0 1.337284E-1
9.841000E-3 -2.403638E+0 1.000359E-1
9.842000E-3 -2.529783E+0 5.792025E-2
9.843000E-3 -2.403638E+0 1.580459E-2
9.844000E-3 -1.983154E+0 -1.788793E-2
9.845000E-3 -1.352428E+0 -4.315732E-2
9.846000E-3 -5.114597E-1 -6.421515E-2
9.847000E-3 3.295083E-1 -7.263828E-2
9.848000E-3 1.212525E+0 -7.263828E-2
9.849000E-3 1.885299E+0 -6.421515E-2
9.850000E-3 2.347831E+0 -4.736889E-2
9.851000E-3 2.516025E+0 -1.788793E-2
9.852000E-3 2.431928E+0 3.169895E-3
9.853000E-3 2.011444E+0 2.422772E-2
9.854000E-3 1.380718E+0 4.528555E-2
9.855000E-3 5.817987E-1 5.370868E-2
9.856000E-3 -2.591693E-1 4.949712E-2
9.857000E-3 -1.100137E+0 3.686242E-2
9.858000E-3 -1.814960E+0 1.159303E-2
9.859000E-3 -2.319541E+0 -1.367637E-2
9.860000E-3 -2.529783E+0 -5.579202E-2
9.861000E-3 -2.445686E+0 -9.790768E-2
9.862000E-3 -2.109299E+0 -1.358118E-1
9.863000E-3 -1.478573E+0 -1.610812E-1
9.864000E-3 -6.796533E-1 -1.779274E-1
9.865000E-3 1.613147E-1 -1.695043E-1
9.866000E-3 1.002283E+0 -1.358118E-1
9.867000E-3 1.759154E+0 -8.948455E-2
9.868000E-3 2.305783E+0 -2.631106E-2
9.869000E-3 2.516025E+0 2.422772E-2
9.870000E-3 2.473977E+0 7.476651E-2
9.871000E-3 2.095541E+0 1.126706E-1
9.872000E-3 1.506863E+0 1.337284E-1
9.873000E-3 7.499922E-1 1.379400E-1
9.874000E-3 -1.330241E-1 1.337284E-1
9.875000E-3 -9.739921E-1 1.253053E-1
9.876000E-3 -1.688815E+0 1.000359E-1
9.877000E-3 -2.235444E+0 7.055494E-2
9.878000E-3 -2.529783E+0 2.422772E-2
9.879000E-3 -2.487734E+0 -1.367637E-2
9.880000E-3 -2.193396E+0 -4.736889E-2
9.881000E-3 -1.604718E+0 -8.106141E-2
9.882000E-3 -8.478469E-1 -1.063308E-1
9.883000E-3 3.516947E-2 -1.189655E-1
9.884000E-3 9.181858E-1 -1.189655E-1
9.885000E-3 1.633009E+0 -1.105424E-1
9.886000E-3 2.221686E+0 -8.948455E-2
9.887000E-3 2.516025E+0 -6.421515E-2
9.888000E-3 2.516025E+0 -3.473419E-2
9.889000E-3 2.179638E+0 -1.367637E-2
9.890000E-3 1.633009E+0 3.169895E-3
9.891000E-3 8.761374E-1 1.580459E-2
9.892000E-3 3.516947E-2 2.001616E-2
9.893000E-3 -8.478469E-1 7.381461E-3
9.894000E-3 -1.562670E+0 -5.253235E-3
9.895000E-3 -2.151347E+0 -3.473419E-2
9.896000E-3 -2.487734E+0 -7.263828E-2
9.897000E-3 -2.529783E+0 -1.105424E-1
9.898000E-3 -2.277492E+0 -1.484465E-1
9.899000E-3 -1.688815E+0 -1.568696E-1
9.900000E-3 -1.016040E+0 -1.484465E-1
9.901000E-3 -1.330241E-1 -1.147539E-1
9.902000E-3 7.499922E-1 -6.000359E-2
9.903000E-3 1.506863E+0 -1.041670E-3
9.904000E-3 2.137589E+0 4.949712E-2
9.905000E-3 2.473977E+0 1.042475E-1
9.906000E-3 2.516025E+0 1.379400E-1
9.907000E-3 2.263735E+0 1.632094E-1
9.908000E-3 1.759154E+0 1.800556E-1
9.909000E-3 1.002283E+0 1.926903E-1
9.910000E-3 2.033631E-1 1.926903E-1
9.911000E-3 -6.796533E-1 1.800556E-1
9.912000E-3 -1.436524E+0 1.547863E-1
9.913000E-3 -2.067250E+0 1.253053E-1
9.914000E-3 -2.445686E+0 9.161277E-2
9.915000E-3 -2.529783E+0 4.949712E-2
9.916000E-3 -2.277492E+0 7.381461E-3
9.917000E-3 -1.814960E+0 -2.631106E-2
9.918000E-3 -1.100137E+0 -5.158046E-2
9.919000E-3 -3.012177E-1 -6.842672E-2
9.920000E-3 5.817987E-1 -7.684985E-2
9.921000E-3 1.422767E+0 -6.842672E-2
9.922000E-3 2.053493E+0 -6.000359E-2
9.923000E-3 2.431928E+0 -3.052263E-2
9.924000E-3 2.516025E+0 -1.367637E-2
9.925000E-3 2.347831E+0 7.381461E-3
9.926000E-3 1.843251E+0 3.265085E-2
9.927000E-3 1.170476E+0 4.949712E-2
9.928000E-3 3.295083E-1 5.370868E-2
9.929000E-3 -5.114597E-1 4.949712E-2
9.930000E-3 -1.352428E+0 2.843929E-2
9.931000E-3 -1.983154E+0 3.169895E-3
9.932000E-3 -2.403638E+0 -3.052263E-2
9.933000E-3 -2.529783E+0 -6.421515E-2
9.934000E-3 -2.361589E+0 -1.105424E-1
9.935000E-3 -1.941105E+0 -1.442349E-1
9.936000E-3 -1.268331E+0 -1.695043E-1
9.937000E-3 -4.273629E-1 -1.779274E-1
9.938000E-3 4.556535E-1 -1.652927E-1
9.939000E-3 1.254573E+0 -1.273886E-1
9.940000E-3 1.927347E+0 -7.263828E-2
9.941000E-3 2.347831E+0 -1.367637E-2
9.942000E-3 2.516025E+0 3.686242E-2
9.943000E-3 2.389880E+0 8.740121E-2
9.944000E-3 1.969396E+0 1.168822E-1
9.945000E-3 1.338670E+0 1.337284E-1
9.946000E-3 4.977019E-1 1.379400E-1
9.947000E-3 -3.432661E-1 1.337284E-1
9.948000E-3 -1.184234E+0 1.210937E-1
9.949000E-3 -1.857008E+0 8.740121E-2
9.950000E-3 -2.361589E+0 5.370868E-2
9.951000E-3 -2.529783E+0 1.580459E-2
9.952000E-3 -2.445686E+0 -2.209950E-2
9.953000E-3 -2.025202E+0 -5.579202E-2
9.954000E-3 -1.394476E+0 -8.527298E-2
9.955000E-3 -5.955565E-1 -1.105424E-1
9.956000E-3 2.454115E-1 -1.189655E-1
9.957000E-3 1.086379E+0 -1.189655E-1
9.958000E-3 1.801202E+0 -1.021192E-1
9.959000E-3 2.305783E+0 -8.527298E-2
9.960000E-3 2.516025E+0 -5.579202E-2
9.961000E-3 2.473977E+0 -3.052263E-2
9.962000E-3 2.053493E+0 -5.253235E-3
9.963000E-3 1.422767E+0 3.169895E-3
9.964000E-3 6.658955E-1 1.580459E-2
9.965000E-3 -1.750725E-1 1.580459E-2
9.966000E-3 -1.058089E+0 3.169895E-3
9.967000E-3 -1.772912E+0 -1.367637E-2
9.968000E-3 -2.277492E+0 -4.315732E-2
9.969000E-3 -2.529783E+0 -8.106141E-2
9.970000E-3 -2.487734E+0 -1.189655E-1
9.971000E-3 -2.151347E+0 -1.484465E-1
9.972000E-3 -1.520621E+0 -1.526580E-1
9.973000E-3 -7.637501E-1 -1.400233E-1
9.974000E-3 1.192663E-1 -9.790768E-2
9.975000E-3 1.002283E+0 -4.736889E-2
9.976000E-3 1.675057E+0 1.580459E-2
9.977000E-3 2.263735E+0 6.213181E-2
9.978000E-3 2.516025E+0 1.168822E-1
9.979000E-3 2.473977E+0 1.421516E-1
9.980000E-3 2.179638E+0 1.716325E-1
9.981000E-3 1.590960E+0 1.842672E-1
9.982000E-3 8.340890E-1 1.926903E-1
9.983000E-3 -4.892732E-2 1.884788E-1
9.984000E-3 -8.898953E-1 1.716325E-1
9.985000E-3 -1.646766E+0 1.505747E-1
9.986000E-3 -2.235444E+0 1.168822E-1
9.987000E-3 -2.529783E+0 7.897807E-2
9.988000E-3 -2.529783E+0 3.686242E-2
9.989000E-3 -2.193396E+0 -1.041670E-3
9.990000E-3 -1.688815E+0 -3.052263E-2
9.991000E-3 -9.319437E-1 -5.579202E-2
9.992000E-3 -4.892732E-2 -7.263828E-2
9.993000E-3 8.340890E-1 -7.684985E-2
9.994000E-3 1.590960E+0 -6.842672E-2
9.995000E-3 2.179638E+0 -5.158046E-2
9.996000E-3 2.473977E+0 -3.052263E-2
9.997000E-3 2.516025E+0 -1.041670E-3
9.998000E-3 2.221686E+0 1.580459E-2
9.999000E-3 1.675057E+0 3.686242E-2
1.000000E-2 9.602342E-1 4.949712E-2
1.000100E-2 1.192663E-1 5.370868E-2
1.000200E-2 -7.637501E-1 4.528555E-2
1.000300E-2 -1.520621E+0 2.422772E-2
1.000400E-2 -2.109299E+0 -9.464801E-3
1.000500E-2 -2.487734E+0 -3.473419E-2
1.000600E-2 -2.529783E+0 -7.684985E-2
1.000700E-2 -2.277492E+0 -1.147539E-1
1.000800E-2 -1.772912E+0 -1.484465E-1
1.000900E-2 -1.058089E+0 -1.737159E-1
1.001000E-2 -1.750725E-1 -1.695043E-1
1.001100E-2 6.658955E-1 -1.526580E-1
1.001200E-2 1.464815E+0 -1.105424E-1
1.001300E-2 2.095541E+0 -5.579202E-2
1.001400E-2 2.473977E+0 3.169895E-3
1.001500E-2 2.558073E+0 4.949712E-2
1.001600E-2 2.305783E+0 1.042475E-1
1.001700E-2 1.843251E+0 1.253053E-1
1.001800E-2 1.128428E+0 1.379400E-1
1.001900E-2 2.874599E-1 1.379400E-1
1.002000E-2 -5.955565E-1 1.295169E-1
1.002100E-2 -1.394476E+0 1.126706E-1
1.002200E-2 -2.025202E+0 8.318964E-2
1.002300E-2 -2.445686E+0 4.528555E-2
1.002400E-2 -2.529783E+0 3.169895E-3
1.002500E-2 -2.361589E+0 -3.052263E-2
1.002600E-2 -1.857008E+0 -6.421515E-2
1.002700E-2 -1.184234E+0 -9.790768E-2
1.002800E-2 -3.432661E-1 -1.147539E-1
1.002900E-2 4.977019E-1 -1.189655E-1
1.003000E-2 1.338670E+0 -1.189655E-1
1.003100E-2 1.969396E+0 -1.021192E-1
1.003200E-2 2.431928E+0 -7.684985E-2
1.003300E-2 2.516025E+0 -5.158046E-2
1.003400E-2 2.389880E+0 -2.209950E-2
1.003500E-2 1.927347E+0 -1.041670E-3
1.003600E-2 1.254573E+0 1.159303E-2
1.003700E-2 4.136051E-1 1.580459E-2
1.003800E-2 -4.273629E-1 1.580459E-2
1.003900E-2 -1.268331E+0 -1.041670E-3
1.004000E-2 -1.941105E+0 -1.788793E-2
1.004100E-2 -2.361589E+0 -5.158046E-2
1.004200E-2 -2.529783E+0 -9.369611E-2
1.004300E-2 -2.403638E+0 -1.316002E-1
1.004400E-2 -1.983154E+0 -1.526580E-1
1.004500E-2 -1.352428E+0 -1.526580E-1
1.004600E-2 -5.114597E-1 -1.316002E-1
1.004700E-2 3.295083E-1 -8.527298E-2
1.004800E-2 1.170476E+0 -2.631106E-2
1.004900E-2 1.885299E+0 2.422772E-2
1.005000E-2 2.347831E+0 7.476651E-2
1.005100E-2 2.516025E+0 1.253053E-1
1.005200E-2 2.431928E+0 1.547863E-1
1.005300E-2 2.011444E+0 1.716325E-1
1.005400E-2 1.380718E+0 1.884788E-1
1.005500E-2 5.817987E-1 1.926903E-1
1.005600E-2 -2.591693E-1 1.884788E-1
1.005700E-2 -1.100137E+0 1.674209E-1
1.005800E-2 -1.814960E+0 1.421516E-1
1.005900E-2 -2.319541E+0 1.042475E-1
1.006000E-2 -2.529783E+0 6.634338E-2
1.006100E-2 -2.445686E+0 2.422772E-2
1.006200E-2 -2.067250E+0 -9.464801E-3
1.006300E-2 -1.478573E+0 -3.894576E-2
1.006400E-2 -6.796533E-1 -6.000359E-2
1.006500E-2 1.613147E-1 -7.684985E-2
1.006600E-2 1.044331E+0 -7.263828E-2
1.006700E-2 1.759154E+0 -6.842672E-2
1.006800E-2 2.263735E+0 -4.736889E-2
1.006900E-2 2.516025E+0 -2.209950E-2
1.007000E-2 2.473977E+0 -1.041670E-3
1.007100E-2 2.095541E+0 2.001616E-2
1.007200E-2 1.506863E+0 4.107398E-2
1.007300E-2 7.079438E-1 5.370868E-2
1.007400E-2 -1.750725E-1 4.949712E-2
1.007500E-2 -9.739921E-1 3.686242E-2
1.007600E-2 -1.688815E+0 1.580459E-2
1.007700E-2 -2.235444E+0 -1.367637E-2
1.007800E-2 -2.529783E+0 -4.736889E-2
1.007900E-2 -2.487734E+0 -8.527298E-2
1.008000E-2 -2.193396E+0 -1.273886E-1
1.008100E-2 -1.604718E+0 -1.568696E-1
1.008200E-2 -8.478469E-1 -1.821390E-1
1.008300E-2 -6.878924E-3 -1.695043E-1
1.008400E-2 9.181858E-1 -1.442349E-1
1.008500E-2 1.633009E+0 -9.790768E-2
1.008600E-2 2.179638E+0 -3.894576E-2
1.008700E-2 2.516025E+0 1.580459E-2
1.008800E-2 2.516025E+0 6.634338E-2
1.008900E-2 2.221686E+0 1.084590E-1
1.009000E-2 1.675057E+0 1.295169E-1
1.009100E-2 9.181858E-1 1.379400E-1
1.009200E-2 7.721787E-2 1.379400E-1
1.009300E-2 -8.057985E-1 1.253053E-1
1.009400E-2 -1.562670E+0 1.042475E-1
1.009500E-2 -2.193396E+0 7.055494E-2
1.009600E-2 -2.529783E+0 3.686242E-2
1.009700E-2 -2.529783E+0 -5.253235E-3
1.009800E-2 -2.235444E+0 -3.894576E-2
1.009900E-2 -1.688815E+0 -7.263828E-2
1.010000E-2 -9.739921E-1 -9.790768E-2
1.010100E-2 -9.097572E-2 -1.147539E-1
1.010200E-2 7.499922E-1 -1.189655E-1
1.010300E-2 1.548912E+0 -1.105424E-1
1.010400E-2 2.137589E+0 -9.369611E-2
1.010500E-2 2.473977E+0 -6.842672E-2
1.010600E-2 2.516025E+0 -4.315732E-2
1.010700E-2 2.263735E+0 -1.788793E-2
1.010800E-2 1.759154E+0 3.169895E-3
1.010900E-2 1.044331E+0 1.580459E-2
1.011000E-2 2.033631E-1 2.001616E-2
1.011100E-2 -6.796533E-1 1.159303E-2
1.011200E-2 -1.436524E+0 -5.253235E-3
1.011300E-2 -2.067250E+0 -3.052263E-2
1.011400E-2 -2.445686E+0 -6.421515E-2
1.011500E-2 -2.529783E+0 -1.021192E-1
1.011600E-2 -2.319541E+0 -1.400233E-1
1.011700E-2 -1.814960E+0 -1.568696E-1
1.011800E-2 -1.142186E+0 -1.484465E-1
1.011900E-2 -3.012177E-1 -1.189655E-1
1.012000E-2 5.817987E-1 -6.842672E-2
1.012100E-2 1.380718E+0 -9.464801E-3
1.012200E-2 2.053493E+0 3.686242E-2
1.012300E-2 2.431928E+0 9.582434E-2
1.012400E-2 2.516025E+0 1.337284E-1
1.012500E-2 2.347831E+0 1.589978E-1
1.012600E-2 1.885299E+0 1.758441E-1
1.012700E-2 1.170476E+0 1.926903E-1
1.012800E-2 3.715567E-1 1.926903E-1
1.012900E-2 -5.114597E-1 1.842672E-1
1.013000E-2 -1.352428E+0 1.589978E-1
1.013100E-2 -1.983154E+0 1.337284E-1
1.013200E-2 -2.403638E+0 9.582434E-2
1.013300E-2 -2.529783E+0 5.370868E-2
1.013400E-2 -2.361589E+0 1.580459E-2
1.013500E-2 -1.941105E+0 -1.788793E-2
1.013600E-2 -1.268331E+0 -4.736889E-2
1.013700E-2 -4.694113E-1 -6.421515E-2
1.013800E-2 4.556535E-1 -7.263828E-2
1.013900E-2 1.254573E+0 -6.842672E-2
1.014000E-2 1.927347E+0 -6.421515E-2
1.014100E-2 2.347831E+0 -3.894576E-2
1.014200E-2 2.516025E+0 -1.367637E-2
1.014300E-2 2.389880E+0 3.169895E-3
1.014400E-2 2.011444E+0 2.843929E-2
1.014500E-2 1.338670E+0 4.949712E-2
1.014600E-2 4.977019E-1 5.370868E-2
1.014700E-2 -3.432661E-1 4.949712E-2
1.014800E-2 -1.184234E+0 3.265085E-2
1.014900E-2 -1.899057E+0 7.381461E-3
1.015000E-2 -2.361589E+0 -2.209950E-2
1.015100E-2 -2.529783E+0 -6.000359E-2
1.015200E-2 -2.445686E+0 -9.790768E-2
1.015300E-2 -2.025202E+0 -1.358118E-1
1.015400E-2 -1.352428E+0 -1.652927E-1
1.015500E-2 -5.955565E-1 -1.737159E-1
1.015600E-2 2.874599E-1 -1.652927E-1
1.015700E-2 1.086379E+0 -1.316002E-1
1.015800E-2 1.843251E+0 -8.106141E-2
1.015900E-2 2.347831E+0 -2.209950E-2
1.016000E-2 2.516025E+0 2.843929E-2
1.016100E-2 2.431928E+0 8.318964E-2
1.016200E-2 2.095541E+0 1.168822E-1
1.016300E-2 1.464815E+0 1.337284E-1
1.016400E-2 6.658955E-1 1.379400E-1
1.016500E-2 -1.750725E-1 1.379400E-1
1.016600E-2 -1.058089E+0 1.253053E-1
1.016700E-2 -1.772912E+0 1.000359E-1
1.016800E-2 -2.277492E+0 6.634338E-2
1.016900E-2 -2.529783E+0 2.422772E-2
1.017000E-2 -2.445686E+0 -1.367637E-2
1.017100E-2 -2.109299E+0 -5.158046E-2
1.017200E-2 -1.520621E+0 -8.106141E-2
1.017300E-2 -7.637501E-1 -1.063308E-1
1.017400E-2 1.192663E-1 -1.189655E-1
1.017500E-2 1.002283E+0 -1.189655E-1
1.017600E-2 1.717105E+0 -1.063308E-1
1.017700E-2 2.263735E+0 -8.948455E-2
1.017800E-2 2.516025E+0 -6.000359E-2
1.017900E-2 2.516025E+0 -3.473419E-2
1.018000E-2 2.137589E+0 -9.464801E-3
1.018100E-2 1.590960E+0 3.169895E-3
1.018200E-2 8.340890E-1 1.580459E-2
1.018300E-2 -4.892732E-2 1.580459E-2
1.018400E-2 -8.898953E-1 7.381461E-3
1.018500E-2 -1.646766E+0 -9.464801E-3
1.018600E-2 -2.193396E+0 -3.473419E-2
1.018700E-2 -2.529783E+0 -7.684985E-2
1.018800E-2 -2.529783E+0 -1.147539E-1
1.018900E-2 -2.193396E+0 -1.484465E-1
1.019000E-2 -1.646766E+0 -1.568696E-1
1.019100E-2 -8.898953E-1 -1.442349E-1
1.019200E-2 -6.878924E-3 -1.105424E-1
1.019300E-2 8.340890E-1 -5.158046E-2
1.019400E-2 1.590960E+0 3.169895E-3
1.019500E-2 2.137589E+0 4.949712E-2
1.019600E-2 2.516025E+0 1.084590E-1
1.019700E-2 2.516025E+0 1.379400E-1
1.019800E-2 2.263735E+0 1.674209E-1
1.019900E-2 1.675057E+0 1.842672E-1
1.020000E-2 9.602342E-1 1.969019E-1
1.020100E-2 1.192663E-1 1.926903E-1
1.020200E-2 -7.217017E-1 1.758441E-1
1.020300E-2 -1.520621E+0 1.547863E-1
1.020400E-2 -2.109299E+0 1.210937E-1
1.020500E-2 -2.487734E+0 8.318964E-2
1.020600E-2 -2.529783E+0 4.528555E-2
1.020700E-2 -2.277492E+0 3.169895E-3
1.020800E-2 -1.772912E+0 -2.631106E-2
1.020900E-2 -1.058089E+0 -5.158046E-2
1.021000E-2 -1.750725E-1 -6.842672E-2
1.021100E-2 6.658955E-1 -7.684985E-2
1.021200E-2 1.464815E+0 -6.842672E-2
1.021300E-2 2.095541E+0 -5.579202E-2
1.021400E-2 2.473977E+0 -3.052263E-2
1.021500E-2 2.516025E+0 -9.464801E-3
1.021600E-2 2.305783E+0 7.381461E-3
1.021700E-2 1.801202E+0 3.265085E-2
1.021800E-2 1.086379E+0 4.949712E-2
1.021900E-2 2.874599E-1 4.949712E-2
1.022000E-2 -5.955565E-1 4.528555E-2
1.022100E-2 -1.394476E+0 2.843929E-2
1.022200E-2 -2.025202E+0 3.169895E-3
1.022300E-2 -2.403638E+0 -3.052263E-2
1.022400E-2 -2.529783E+0 -6.842672E-2
1.022500E-2 -2.361589E+0 -1.105424E-1
1.022600E-2 -1.857008E+0 -1.442349E-1
1.022700E-2 -1.184234E+0 -1.695043E-1
1.022800E-2 -3.432661E-1 -1.737159E-1
1.022900E-2 4.977019E-1 -1.610812E-1
1.023000E-2 1.338670E+0 -1.189655E-1
1.023100E-2 2.011444E+0 -6.842672E-2
1.023200E-2 2.431928E+0 -9.464801E-3
1.023300E-2 2.558073E+0 4.107398E-2
1.023400E-2 2.347831E+0 1.000359E-1
1.023500E-2 1.927347E+0 1.210937E-1
1.023600E-2 1.254573E+0 1.379400E-1
1.023700E-2 4.556535E-1 1.379400E-1
1.023800E-2 -4.273629E-1 1.337284E-1
1.023900E-2 -1.226282E+0 1.168822E-1
1.024000E-2 -1.941105E+0 8.740121E-2
1.024100E-2 -2.361589E+0 5.370868E-2
1.024200E-2 -2.529783E+0 1.580459E-2
1.024300E-2 -2.403638E+0 -2.209950E-2
1.024400E-2 -1.983154E+0 -5.579202E-2
1.024500E-2 -1.352428E+0 -8.527298E-2
1.024600E-2 -5.114597E-1 -1.105424E-1
1.024700E-2 3.295083E-1 -1.189655E-1
1.024800E-2 1.170476E+0 -1.147539E-1
1.024900E-2 1.885299E+0 -1.021192E-1
1.025000E-2 2.347831E+0 -8.106141E-2
1.025100E-2 2.558073E+0 -5.579202E-2
1.025200E-2 2.431928E+0 -2.631106E-2
1.025300E-2 2.011444E+0 -1.041670E-3
1.025400E-2 1.380718E+0 7.381461E-3
1.025500E-2 6.238471E-1 1.580459E-2
1.025600E-2 -2.591693E-1 1.580459E-2
1.025700E-2 -1.100137E+0 3.169895E-3
1.025800E-2 -1.814960E+0 -1.367637E-2
1.025900E-2 -2.319541E+0 -4.736889E-2
1.026000E-2 -2.529783E+0 -8.527298E-2
1.026100E-2 -2.445686E+0 -1.231771E-1
1.026200E-2 -2.067250E+0 -1.484465E-1
1.026300E-2 -1.478573E+0 -1.526580E-1
1.026400E-2 -6.796533E-1 -1.358118E-1
1.026500E-2 2.033631E-1 -9.369611E-2
1.026600E-2 1.044331E+0 -3.894576E-2
1.026700E-2 1.759154E+0 1.580459E-2
1.026800E-2 2.263735E+0 6.634338E-2
1.026900E-2 2.516025E+0 1.210937E-1
1.027000E-2 2.473977E+0 1.505747E-1
1.027100E-2 2.095541E+0 1.716325E-1
1.027200E-2 1.506863E+0 1.884788E-1
1.027300E-2 7.499922E-1 1.969019E-1
1.027400E-2 -1.330241E-1 1.884788E-1
1.027500E-2 -9.739921E-1 1.758441E-1
1.027600E-2 -1.730863E+0 1.463631E-1
1.027700E-2 -2.235444E+0 1.126706E-1
1.027800E-2 -2.529783E+0 7.476651E-2
1.027900E-2 -2.487734E+0 3.265085E-2
1.028000E-2 -2.151347E+0 -9.464801E-3
1.028100E-2 -1.604718E+0 -3.052263E-2
1.028200E-2 -8.057985E-1 -5.579202E-2
1.028300E-2 3.516947E-2 -7.263828E-2
1.028400E-2 9.181858E-1 -7.263828E-2
1.028500E-2 1.675057E+0 -6.421515E-2
1.028600E-2 2.221686E+0 -5.158046E-2
1.028700E-2 2.516025E+0 -2.631106E-2
1.028800E-2 2.516025E+0 3.169895E-3
1.028900E-2 2.179638E+0 1.580459E-2
1.029000E-2 1.633009E+0 3.686242E-2
1.029100E-2 9.181858E-1 5.370868E-2
1.029200E-2 3.516947E-2 5.370868E-2
1.029300E-2 -8.478469E-1 4.107398E-2
1.029400E-2 -1.604718E+0 2.001616E-2
1.029500E-2 -2.193396E+0 -9.464801E-3
1.029600E-2 -2.487734E+0 -3.894576E-2
1.029700E-2 -2.529783E+0 -8.106141E-2
1.029800E-2 -2.277492E+0 -1.189655E-1
1.029900E-2 -1.688815E+0 -1.526580E-1
1.030000E-2 -9.739921E-1 -1.779274E-1
1.030100E-2 -1.330241E-1 -1.695043E-1
1.030200E-2 7.499922E-1 -1.484465E-1
1.030300E-2 1.506863E+0 -1.063308E-1
1.030400E-2 2.137589E+0 -5.158046E-2
1.030500E-2 2.473977E+0 3.169895E-3
1.030600E-2 2.516025E+0 5.370868E-2
1.030700E-2 2.263735E+0 1.042475E-1
1.030800E-2 1.759154E+0 1.253053E-1
1.030900E-2 1.044331E+0 1.379400E-1
1.031000E-2 2.033631E-1 1.379400E-1
1.031100E-2 -6.796533E-1 1.253053E-1
1.031200E-2 -1.436524E+0 1.126706E-1
1.031300E-2 -2.067250E+0 7.897807E-2
1.031400E-2 -2.445686E+0 4.528555E-2
1.031500E-2 -2.529783E+0 3.169895E-3
1.031600E-2 -2.319541E+0 -3.052263E-2
1.031700E-2 -1.857008E+0 -6.842672E-2
1.031800E-2 -1.184234E+0 -9.790768E-2
1.031900E-2 -3.012177E-1 -1.147539E-1
1.032000E-2 6.238471E-1 -1.189655E-1
1.032100E-2 1.380718E+0 -1.147539E-1
1.032200E-2 2.011444E+0 -9.790768E-2
1.032300E-2 2.431928E+0 -7.684985E-2
1.032400E-2 2.516025E+0 -4.736889E-2
1.032500E-2 2.347831E+0 -2.209950E-2
1.032600E-2 1.843251E+0 -1.041670E-3
1.032700E-2 1.170476E+0 7.381461E-3
1.032800E-2 3.295083E-1 1.580459E-2
1.032900E-2 -5.114597E-1 1.580459E-2
1.033000E-2 -1.352428E+0 -1.041670E-3
1.033100E-2 -1.983154E+0 -2.209950E-2
1.033200E-2 -2.361589E+0 -6.000359E-2
1.033300E-2 -2.529783E+0 -9.369611E-2
1.033400E-2 -2.361589E+0 -1.358118E-1
1.033500E-2 -1.941105E+0 -1.526580E-1
1.033600E-2 -1.268331E+0 -1.526580E-1
1.033700E-2 -4.273629E-1 -1.273886E-1
1.033800E-2 4.556535E-1 -8.106141E-2
1.033900E-2 1.254573E+0 -1.788793E-2
1.034000E-2 1.927347E+0 2.843929E-2
1.034100E-2 2.347831E+0 8.318964E-2
1.034200E-2 2.558073E+0 1.295169E-1
1.034300E-2 2.431928E+0 1.547863E-1
1.034400E-2 1.969396E+0 1.758441E-1
1.034500E-2 1.296621E+0 1.884788E-1
1.034600E-2 4.977019E-1 1.969019E-1
1.034700E-2 -3.432661E-1 1.884788E-1
1.034800E-2 -1.184234E+0 1.674209E-1
1.034900E-2 -1.899057E+0 1.379400E-1
1.035000E-2 -2.361589E+0 1.042475E-1
1.035100E-2 -2.529783E+0 6.213181E-2
1.035200E-2 -2.403638E+0 2.001616E-2
1.035300E-2 -2.025202E+0 -1.367637E-2
1.035400E-2 -1.394476E+0 -3.894576E-2
1.035500E-2 -5.955565E-1 -6.000359E-2
1.035600E-2 2.454115E-1 -7.684985E-2
1.035700E-2 1.128428E+0 -7.263828E-2
1.035800E-2 1.801202E+0 -6.842672E-2
1.035900E-2 2.305783E+0 -4.736889E-2
1.036000E-2 2.516025E+0 -1.788793E-2
1.036100E-2 2.431928E+0 -1.041670E-3
1.036200E-2 2.053493E+0 2.422772E-2
1.036300E-2 1.422767E+0 4.107398E-2
1.036400E-2 6.658955E-1 5.370868E-2
1.036500E-2 -1.750725E-1 4.949712E-2
1.036600E-2 -1.058089E+0 3.686242E-2
1.036700E-2 -1.730863E+0 1.580459E-2
1.036800E-2 -2.277492E+0 -1.367637E-2
1.036900E-2 -2.529783E+0 -5.158046E-2
1.037000E-2 -2.445686E+0 -9.369611E-2
1.037100E-2 -2.109299E+0 -1.316002E-1
1.037200E-2 -1.520621E+0 -1.568696E-1
1.037300E-2 -7.637501E-1 -1.779274E-1
1.037400E-2 1.192663E-1 -1.652927E-1
1.037500E-2 1.002283E+0 -1.400233E-1
1.037600E-2 1.717105E+0 -8.948455E-2
1.037700E-2 2.263735E+0 -3.473419E-2
1.037800E-2 2.516025E+0 2.001616E-2
1.037900E-2 2.473977E+0 7.055494E-2
1.038000E-2 2.179638E+0 1.126706E-1
1.038100E-2 1.590960E+0 1.337284E-1
1.038200E-2 8.340890E-1 1.379400E-1
1.038300E-2 -4.892732E-2 1.337284E-1
1.038400E-2 -8.898953E-1 1.295169E-1
1.038500E-2 -1.646766E+0 1.042475E-1
1.038600E-2 -2.193396E+0 7.055494E-2
1.038700E-2 -2.529783E+0 2.843929E-2
1.038800E-2 -2.529783E+0 -9.464801E-3
1.038900E-2 -2.193396E+0 -4.315732E-2
1.039000E-2 -1.646766E+0 -7.684985E-2
1.039100E-2 -9.319437E-1 -1.021192E-1
1.039200E-2 -4.892732E-2 -1.147539E-1
1.039300E-2 8.340890E-1 -1.189655E-1
1.039400E-2 1.590960E+0 -1.105424E-1
1.039500E-2 2.179638E+0 -9.369611E-2
1.039600E-2 2.473977E+0 -6.842672E-2
1.039700E-2 2.516025E+0 -4.315732E-2
1.039800E-2 2.221686E+0 -1.367637E-2
1.039900E-2 1.675057E+0 3.169895E-3
1.040000E-2 1.002283E+0 1.580459E-2
1.040100E-2 1.192663E-1 2.001616E-2
1.040200E-2 -7.217017E-1 1.159303E-2
1.040300E-2 -1.520621E+0 -5.253235E-3
1.040400E-2 -2.109299E+0 -3.052263E-2
1.040500E-2 -2.445686E+0 -6.842672E-2
1.040600E-2 -2.529783E+0 -1.105424E-1
1.040700E-2 -2.277492E+0 -1.442349E-1
1.040800E-2 -1.772912E+0 -1.568696E-1
1.040900E-2 -1.058089E+0 -1.484465E-1
1.041000E-2 -2.171209E-1 -1.147539E-1
1.041100E-2 6.658955E-1 -6.421515E-2
1.041200E-2 1.464815E+0 -9.464801E-3
1.041300E-2 2.095541E+0 4.107398E-2
1.041400E-2 2.431928E+0 1.000359E-1
1.041500E-2 2.516025E+0 1.379400E-1
1.041600E-2 2.305783E+0 1.632094E-1
1.041700E-2 1.843251E+0 1.800556E-1
1.041800E-2 1.128428E+0 1.926903E-1
1.041900E-2 2.454115E-1 1.926903E-1
1.042000E-2 -5.955565E-1 1.842672E-1
1.042100E-2 -1.352428E+0 1.589978E-1
1.042200E-2 -2.025202E+0 1.295169E-1
1.042300E-2 -2.445686E+0 9.161277E-2
1.042400E-2 -2.529783E+0 5.370868E-2
1.042500E-2 -2.361589E+0 1.580459E-2
1.042600E-2 -1.857008E+0 -2.209950E-2
1.042700E-2 -1.184234E+0 -4.736889E-2
1.042800E-2 -3.432661E-1 -6.842672E-2
1.042900E-2 4.977019E-1 -7.684985E-2
1.043000E-2 1.338670E+0 -7.263828E-2
1.043100E-2 2.011444E+0 -6.000359E-2
1.043200E-2 2.389880E+0 -3.894576E-2
1.043300E-2 2.558073E+0 -1.367637E-2
1.043400E-2 2.347831E+0 3.169895E-3
1.043500E-2 1.927347E+0 3.265085E-2
1.043600E-2 1.212525E+0 4.949712E-2
1.043700E-2 4.136051E-1 5.370868E-2
1.043800E-2 -4.273629E-1 4.949712E-2
1.043900E-2 -1.268331E+0 3.265085E-2
1.044000E-2 -1.941105E+0 3.169895E-3
1.044100E-2 -2.361589E+0 -2.209950E-2
1.044200E-2 -2.529783E+0 -6.421515E-2
1.044300E-2 -2.403638E+0 -1.021192E-1
1.044400E-2 -1.983154E+0 -1.358118E-1
1.044500E-2 -1.352428E+0 -1.695043E-1
1.044600E-2 -5.114597E-1 -1.779274E-1
1.044700E-2 3.715567E-1 -1.652927E-1
1.044800E-2 1.170476E+0 -1.316002E-1
1.044900E-2 1.885299E+0 -7.684985E-2
1.045000E-2 2.347831E+0 -1.788793E-2
1.045100E-2 2.516025E+0 3.265085E-2
1.045200E-2 2.431928E+0 8.740121E-2
1.045300E-2 2.011444E+0 1.168822E-1
1.045400E-2 1.380718E+0 1.379400E-1
1.045500E-2 6.238471E-1 1.379400E-1
1.045600E-2 -2.591693E-1 1.337284E-1
1.045700E-2 -1.100137E+0 1.210937E-1
1.045800E-2 -1.814960E+0 9.582434E-2
1.045900E-2 -2.319541E+0 5.792025E-2
1.046000E-2 -2.529783E+0 2.001616E-2
1.046100E-2 -2.445686E+0 -1.788793E-2
1.046200E-2 -2.067250E+0 -5.158046E-2
1.046300E-2 -1.436524E+0 -8.106141E-2
1.046400E-2 -6.796533E-1 -1.063308E-1
1.046500E-2 1.613147E-1 -1.189655E-1
1.046600E-2 1.044331E+0 -1.189655E-1
1.046700E-2 1.759154E+0 -1.021192E-1
1.046800E-2 2.263735E+0 -8.527298E-2
1.046900E-2 2.516025E+0 -6.000359E-2
1.047000E-2 2.431928E+0 -3.052263E-2
1.047100E-2 2.137589E+0 -5.253235E-3
1.047200E-2 1.506863E+0 3.169895E-3
1.047300E-2 7.499922E-1 2.001616E-2
1.047400E-2 -1.330241E-1 1.580459E-2
1.047500E-2 -9.739921E-1 3.169895E-3
1.047600E-2 -1.688815E+0 -1.367637E-2
1.047700E-2 -2.235444E+0 -4.315732E-2
1.047800E-2 -2.487734E+0 -8.106141E-2
1.047900E-2 -2.487734E+0 -1.189655E-1
1.048000E-2 -2.193396E+0 -1.484465E-1
1.048100E-2 -1.604718E+0 -1.568696E-1
1.048200E-2 -8.478469E-1 -1.442349E-1
1.048300E-2 3.516947E-2 -1.021192E-1
1.048400E-2 9.181858E-1 -4.736889E-2
1.048500E-2 1.675057E+0 7.381461E-3
1.048600E-2 2.221686E+0 5.370868E-2
1.048700E-2 2.516025E+0 1.168822E-1
1.048800E-2 2.516025E+0 1.421516E-1
1.048900E-2 2.179638E+0 1.674209E-1
1.049000E-2 1.675057E+0 1.842672E-1
1.049100E-2 8.761374E-1 1.926903E-1
1.049200E-2 3.516947E-2 1.926903E-1
1.049300E-2 -8.057985E-1 1.758441E-1
1.049400E-2 -1.562670E+0 1.505747E-1
1.049500E-2 -2.151347E+0 1.210937E-1
1.049600E-2 -2.529783E+0 8.318964E-2
1.049700E-2 -2.529783E+0 4.107398E-2
1.049800E-2 -2.235444E+0 -1.041670E-3
1.049900E-2 -1.730863E+0 -3.052263E-2
1.050000E-2 -9.739921E-1 -5.158046E-2
1.050100E-2 -1.330241E-1 -7.263828E-2
1.050200E-2 7.499922E-1 -7.684985E-2
1.050300E-2 1.506863E+0 -6.842672E-2
1.050400E-2 2.137589E+0 -5.579202E-2
1.050500E-2 2.473977E+0 -3.052263E-2
1.050600E-2 2.516025E+0 -9.464801E-3
1.050700E-2 2.263735E+0 1.580459E-2
1.050800E-2 1.759154E+0 3.686242E-2
1.050900E-2 1.044331E+0 4.949712E-2
1.051000E-2 1.613147E-1 5.370868E-2
1.051100E-2 -6.796533E-1 4.528555E-2
1.051200E-2 -1.478573E+0 2.422772E-2
1.051300E-2 -2.067250E+0 -1.041670E-3
1.051400E-2 -2.445686E+0 -3.473419E-2
1.051500E-2 -2.529783E+0 -7.684985E-2
1.051600E-2 -2.319541E+0 -1.147539E-1
1.051700E-2 -1.857008E+0 -1.484465E-1
1.051800E-2 -1.142186E+0 -1.695043E-1
1.051900E-2 -3.012177E-1 -1.737159E-1
1.052000E-2 5.817987E-1 -1.526580E-1
1.052100E-2 1.380718E+0 -1.147539E-1
1.052200E-2 2.053493E+0 -6.000359E-2
1.052300E-2 2.431928E+0 -1.041670E-3
1.052400E-2 2.558073E+0 4.528555E-2
1.052500E-2 2.347831E+0 1.000359E-1
1.052600E-2 1.843251E+0 1.210937E-1
1.052700E-2 1.170476E+0 1.379400E-1
1.052800E-2 3.295083E-1 1.379400E-1
1.052900E-2 -5.114597E-1 1.337284E-1
1.053000E-2 -1.352428E+0 1.168822E-1
1.053100E-2 -2.025202E+0 8.740121E-2
1.053200E-2 -2.403638E+0 4.949712E-2
1.053300E-2 -2.529783E+0 7.381461E-3
1.053400E-2 -2.361589E+0 -2.631106E-2
1.053500E-2 -1.941105E+0 -6.421515E-2
1.053600E-2 -1.268331E+0 -9.369611E-2
1.053700E-2 -4.273629E-1 -1.105424E-1
1.053800E-2 4.556535E-1 -1.189655E-1
1.053900E-2 1.254573E+0 -1.189655E-1
1.054000E-2 1.927347E+0 -1.021192E-1
1.054100E-2 2.389880E+0 -8.106141E-2
1.054200E-2 2.516025E+0 -5.158046E-2
1.054300E-2 2.389880E+0 -2.631106E-2
1.054400E-2 1.969396E+0 -1.041670E-3
1.054500E-2 1.338670E+0 7.381461E-3
1.054600E-2 4.977019E-1 1.580459E-2
1.054700E-2 -3.432661E-1 1.580459E-2
1.054800E-2 -1.184234E+0 -1.041670E-3
1.054900E-2 -1.857008E+0 -1.788793E-2
1.055000E-2 -2.361589E+0 -5.158046E-2
1.055100E-2 -2.529783E+0 -8.948455E-2
1.055200E-2 -2.403638E+0 -1.273886E-1
1.055300E-2 -2.025202E+0 -1.484465E-1
1.055400E-2 -1.352428E+0 -1.526580E-1
1.055500E-2 -5.955565E-1 -1.316002E-1
1.055600E-2 2.874599E-1 -8.948455E-2
1.055700E-2 1.128428E+0 -3.052263E-2
1.055800E-2 1.843251E+0 2.001616E-2
1.055900E-2 2.305783E+0 7.055494E-2
1.056000E-2 2.516025E+0 1.253053E-1
1.056100E-2 2.431928E+0 1.505747E-1
1.056200E-2 2.095541E+0 1.716325E-1
1.056300E-2 1.464815E+0 1.884788E-1
1.056400E-2 6.658955E-1 1.926903E-1
1.056500E-2 -1.750725E-1 1.926903E-1
1.056600E-2 -1.016040E+0 1.716325E-1
1.056700E-2 -1.772912E+0 1.421516E-1
1.056800E-2 -2.277492E+0 1.084590E-1
1.056900E-2 -2.529783E+0 7.055494E-2
1.057000E-2 -2.487734E+0 2.843929E-2
1.057100E-2 -2.109299E+0 -9.464801E-3
1.057200E-2 -1.520621E+0 -3.473419E-2
1.057300E-2 -7.637501E-1 -5.579202E-2
1.057400E-2 1.192663E-1 -7.684985E-2
1.057500E-2 9.602342E-1 -7.263828E-2
1.057600E-2 1.717105E+0 -6.842672E-2
1.057700E-2 2.221686E+0 -4.736889E-2
1.057800E-2 2.516025E+0 -2.631106E-2
1.057900E-2 2.473977E+0 -1.041670E-3
1.058000E-2 2.137589E+0 2.001616E-2
1.058100E-2 1.590960E+0 3.686242E-2
1.058200E-2 8.340890E-1 4.949712E-2
1.058300E-2 -4.892732E-2 5.370868E-2
1.058400E-2 -8.898953E-1 4.107398E-2
1.058500E-2 -1.688815E+0 2.001616E-2
1.058600E-2 -2.235444E+0 -9.464801E-3
1.058700E-2 -2.529783E+0 -4.736889E-2
1.058800E-2 -2.529783E+0 -8.527298E-2
1.058900E-2 -2.193396E+0 -1.231771E-1
1.059000E-2 -1.688815E+0 -1.568696E-1
1.059100E-2 -8.898953E-1 -1.779274E-1
1.059200E-2 -9.097572E-2 -1.695043E-1
1.059300E-2 8.340890E-1 -1.484465E-1
1.059400E-2 1.590960E+0 -1.021192E-1
1.059500E-2 2.179638E+0 -4.315732E-2
1.059600E-2 2.473977E+0 1.159303E-2
1.059700E-2 2.516025E+0 5.792025E-2
1.059800E-2 2.263735E+0 1.042475E-1
1.059900E-2 1.675057E+0 1.295169E-1
1.060000E-2 9.602342E-1 1.379400E-1
1.060100E-2 1.192663E-1 1.379400E-1
1.060200E-2 -7.637501E-1 1.295169E-1
1.060300E-2 -1.520621E+0 1.084590E-1
1.060400E-2 -2.109299E+0 7.476651E-2
1.060500E-2 -2.445686E+0 3.686242E-2
1.060600E-2 -2.529783E+0 -1.041670E-3
1.060700E-2 -2.277492E+0 -3.473419E-2
1.060800E-2 -1.772912E+0 -7.263828E-2
1.060900E-2 -1.058089E+0 -9.790768E-2
1.061000E-2 -2.171209E-1 -1.147539E-1
1.061100E-2 6.658955E-1 -1.189655E-1
1.061200E-2 1.464815E+0 -1.147539E-1
1.061300E-2 2.053493E+0 -9.790768E-2
1.061400E-2 2.431928E+0 -7.263828E-2
1.061500E-2 2.516025E+0 -4.736889E-2
1.061600E-2 2.305783E+0 -1.788793E-2
1.061700E-2 1.801202E+0 -1.041670E-3
1.061800E-2 1.086379E+0 1.159303E-2
1.061900E-2 2.874599E-1 2.001616E-2
1.062000E-2 -5.955565E-1 1.580459E-2
1.062100E-2 -1.352428E+0 -5.253235E-3
1.062200E-2 -2.025202E+0 -2.209950E-2
1.062300E-2 -2.445686E+0 -6.000359E-2
1.062400E-2 -2.529783E+0 -9.790768E-2
1.062500E-2 -2.361589E+0 -1.358118E-1
1.062600E-2 -1.899057E+0 -1.568696E-1
1.062700E-2 -1.184234E+0 -1.484465E-1
1.062800E-2 -3.432661E-1 -1.231771E-1
1.062900E-2 4.977019E-1 -7.684985E-2
1.063000E-2 1.338670E+0 -1.788793E-2
1.063100E-2 1.969396E+0 3.686242E-2
1.063200E-2 2.389880E+0 8.318964E-2
1.063300E-2 2.516025E+0 1.337284E-1
1.063400E-2 2.389880E+0 1.589978E-1
1.063500E-2 1.927347E+0 1.758441E-1
1.063600E-2 1.254573E+0 1.884788E-1
1.063700E-2 4.136051E-1 1.969019E-1
1.063800E-2 -4.273629E-1 1.842672E-1
1.063900E-2 -1.226282E+0 1.632094E-1
1.064000E-2 -1.941105E+0 1.337284E-1
1.064100E-2 -2.361589E+0 1.000359E-1
1.064200E-2 -2.529783E+0 6.213181E-2
1.064300E-2 -2.403638E+0 2.001616E-2
1.064400E-2 -1.983154E+0 -1.367637E-2
1.064500E-2 -1.352428E+0 -4.315732E-2
1.064600E-2 -5.114597E-1 -6.421515E-2
1.064700E-2 3.295083E-1 -7.684985E-2
1.064800E-2 1.170476E+0 -7.263828E-2
1.064900E-2 1.885299E+0 -6.421515E-2
1.065000E-2 2.347831E+0 -4.315732E-2
1.065100E-2 2.516025E+0 -1.788793E-2
1.065200E-2 2.389880E+0 3.169895E-3
1.065300E-2 2.011444E+0 2.422772E-2
1.065400E-2 1.380718E+0 4.528555E-2
1.065500E-2 5.817987E-1 5.370868E-2
1.065600E-2 -3.012177E-1 4.949712E-2
1.065700E-2 -1.100137E+0 3.686242E-2
1.065800E-2 -1.814960E+0 1.159303E-2
1.065900E-2 -2.319541E+0 -1.788793E-2
1.066000E-2 -2.529783E+0 -5.579202E-2
1.066100E-2 -2.445686E+0 -9.790768E-2
1.066200E-2 -2.109299E+0 -1.316002E-1
1.066300E-2 -1.478573E+0 -1.652927E-1
1.066400E-2 -6.796533E-1 -1.779274E-1
1.066500E-2 2.033631E-1 -1.652927E-1
1.066600E-2 1.044331E+0 -1.358118E-1
1.066700E-2 1.759154E+0 -8.948455E-2
1.066800E-2 2.305783E+0 -3.052263E-2
1.066900E-2 2.516025E+0 2.422772E-2
1.067000E-2 2.473977E+0 7.055494E-2
1.067100E-2 2.095541E+0 1.126706E-1
1.067200E-2 1.506863E+0 1.337284E-1
1.067300E-2 7.499922E-1 1.379400E-1
1.067400E-2 -9.097572E-2 1.379400E-1
1.067500E-2 -9.739921E-1 1.253053E-1
1.067600E-2 -1.688815E+0 1.042475E-1
1.067700E-2 -2.235444E+0 6.634338E-2
1.067800E-2 -2.529783E+0 2.422772E-2
1.067900E-2 -2.487734E+0 -9.464801E-3
1.068000E-2 -2.193396E+0 -4.736889E-2
1.068100E-2 -1.604718E+0 -8.106141E-2
1.068200E-2 -8.478469E-1 -1.021192E-1
1.068300E-2 -6.878924E-3 -1.189655E-1
1.068400E-2 8.761374E-1 -1.189655E-1
1.068500E-2 1.633009E+0 -1.105424E-1
1.068600E-2 2.179638E+0 -8.948455E-2
1.068700E-2 2.516025E+0 -6.842672E-2
1.068800E-2 2.516025E+0 -3.473419E-2
1.068900E-2 2.221686E+0 -9.464801E-3
1.069000E-2 1.633009E+0 3.169895E-3
1.069100E-2 9.181858E-1 1.580459E-2
1.069200E-2 3.516947E-2 2.001616E-2
1.069300E-2 -8.478469E-1 7.381461E-3
1.069400E-2 -1.604718E+0 -5.253235E-3
1.069500E-2 -2.151347E+0 -3.473419E-2
1.069600E-2 -2.487734E+0 -7.263828E-2
1.069700E-2 -2.529783E+0 -1.147539E-1
1.069800E-2 -2.235444E+0 -1.442349E-1
1.069900E-2 -1.688815E+0 -1.526580E-1
1.070000E-2 -9.739921E-1 -1.484465E-1
1.070100E-2 -1.330241E-1 -1.147539E-1
1.070200E-2 7.499922E-1 -6.000359E-2
1.070300E-2 1.506863E+0 -1.041670E-3
1.070400E-2 2.137589E+0 4.528555E-2
1.070500E-2 2.473977E+0 1.042475E-1
1.070600E-2 2.516025E+0 1.379400E-1
1.070700E-2 2.263735E+0 1.632094E-1
1.070800E-2 1.759154E+0 1.842672E-1
1.070900E-2 1.044331E+0 1.926903E-1
1.071000E-2 2.033631E-1 1.926903E-1
1.071100E-2 -6.796533E-1 1.800556E-1
1.071200E-2 -1.478573E+0 1.547863E-1
1.071300E-2 -2.067250E+0 1.253053E-1
1.071400E-2 -2.445686E+0 8.740121E-2
1.071500E-2 -2.529783E+0 4.949712E-2
1.071600E-2 -2.319541E+0 7.381461E-3
1.071700E-2 -1.814960E+0 -2.209950E-2
1.071800E-2 -1.100137E+0 -5.158046E-2
1.071900E-2 -3.012177E-1 -6.842672E-2
1.072000E-2 6.238471E-1 -7.263828E-2
1.072100E-2 1.422767E+0 -6.842672E-2
1.072200E-2 2.053493E+0 -6.000359E-2
1.072300E-2 2.431928E+0 -3.473419E-2
1.072400E-2 2.558073E+0 -9.464801E-3
1.072500E-2 2.347831E+0 7.381461E-3
1.072600E-2 1.843251E+0 3.265085E-2
1.072700E-2 1.170476E+0 4.949712E-2
1.072800E-2 3.295083E-1 4.949712E-2
1.072900E-2 -5.114597E-1 4.949712E-2
1.073000E-2 -1.310379E+0 2.843929E-2
1.073100E-2 -1.941105E+0 3.169895E-3
1.073200E-2 -2.403638E+0 -2.631106E-2
1.073300E-2 -2.529783E+0 -6.421515E-2
1.073400E-2 -2.361589E+0 -1.063308E-1
1.073500E-2 -1.941105E+0 -1.442349E-1
1.073600E-2 -1.268331E+0 -1.695043E-1
1.073700E-2 -4.694113E-1 -1.737159E-1
1.073800E-2 4.556535E-1 -1.652927E-1
1.073900E-2 1.254573E+0 -1.231771E-1
1.074000E-2 1.969396E+0 -7.263828E-2
1.074100E-2 2.389880E+0 -9.464801E-3
1.074200E-2 2.516025E+0 3.686242E-2
1.074300E-2 2.389880E+0 9.161277E-2
1.074400E-2 1.969396E+0 1.210937E-1
1.074500E-2 1.338670E+0 1.379400E-1
1.074600E-2 4.977019E-1 1.421516E-1
1.074700E-2 -3.432661E-1 1.337284E-1
1.074800E-2 -1.184234E+0 1.210937E-1
1.074900E-2 -1.857008E+0 9.161277E-2
1.075000E-2 -2.361589E+0 5.792025E-2
1.075100E-2 -2.529783E+0 1.580459E-2
1.075200E-2 -2.403638E+0 -2.209950E-2
1.075300E-2 -2.025202E+0 -6.000359E-2
1.075400E-2 -1.394476E+0 -8.527298E-2
1.075500E-2 -5.955565E-1 -1.105424E-1
1.075600E-2 2.874599E-1 -1.189655E-1
1.075700E-2 1.086379E+0 -1.189655E-1
1.075800E-2 1.843251E+0 -1.021192E-1
1.075900E-2 2.305783E+0 -8.527298E-2
1.076000E-2 2.516025E+0 -5.579202E-2
1.076100E-2 2.431928E+0 -3.052263E-2
1.076200E-2 2.053493E+0 -5.253235E-3
1.076300E-2 1.464815E+0 3.169895E-3
1.076400E-2 6.658955E-1 1.580459E-2
1.076500E-2 -2.171209E-1 1.580459E-2
1.076600E-2 -1.016040E+0 3.169895E-3
1.076700E-2 -1.772912E+0 -1.367637E-2
1.076800E-2 -2.277492E+0 -4.736889E-2
1.076900E-2 -2.529783E+0 -8.106141E-2
1.077000E-2 -2.487734E+0 -1.189655E-1
1.077100E-2 -2.151347E+0 -1.484465E-1
1.077200E-2 -1.520621E+0 -1.526580E-1
1.077300E-2 -7.637501E-1 -1.358118E-1
1.077400E-2 1.192663E-1 -9.790768E-2
1.077500E-2 1.002283E+0 -4.315732E-2
1.077600E-2 1.675057E+0 1.159303E-2
1.077700E-2 2.263735E+0 5.792025E-2
1.077800E-2 2.516025E+0 1.210937E-1
1.077900E-2 2.516025E+0 1.463631E-1
1.078000E-2 2.179638E+0 1.716325E-1
1.078100E-2 1.590960E+0 1.884788E-1
1.078200E-2 8.340890E-1 1.926903E-1
1.078300E-2 -4.892732E-2 1.926903E-1
1.078400E-2 -8.898953E-1 1.758441E-1
1.078500E-2 -1.646766E+0 1.505747E-1
1.078600E-2 -2.193396E+0 1.168822E-1
1.078700E-2 -2.529783E+0 7.897807E-2
1.078800E-2 -2.529783E+0 3.686242E-2
1.078900E-2 -2.193396E+0 -1.041670E-3
1.079000E-2 -1.646766E+0 -3.052263E-2
1.079100E-2 -8.898953E-1 -5.579202E-2
1.079200E-2 -4.892732E-2 -7.263828E-2
1.079300E-2 8.340890E-1 -7.684985E-2
1.079400E-2 1.590960E+0 -6.842672E-2
1.079500E-2 2.179638E+0 -5.158046E-2
1.079600E-2 2.473977E+0 -3.052263E-2
1.079700E-2 2.516025E+0 -1.041670E-3
1.079800E-2 2.221686E+0 1.580459E-2
1.079900E-2 1.675057E+0 3.686242E-2
1.080000E-2 9.602342E-1 4.949712E-2
1.080100E-2 1.613147E-1 5.370868E-2
1.080200E-2 -7.217017E-1 4.107398E-2
1.080300E-2 -1.520621E+0 2.422772E-2
1.080400E-2 -2.109299E+0 -9.464801E-3
1.080500E-2 -2.487734E+0 -3.473419E-2
1.080600E-2 -2.529783E+0 -8.106141E-2
1.080700E-2 -2.319541E+0 -1.147539E-1
1.080800E-2 -1.730863E+0 -1.526580E-1
1.080900E-2 -1.058089E+0 -1.737159E-1
1.081000E-2 -1.750725E-1 -1.695043E-1
1.081100E-2 6.658955E-1 -1.526580E-1
1.081200E-2 1.464815E+0 -1.105424E-1
1.081300E-2 2.095541E+0 -5.579202E-2
1.081400E-2 2.473977E+0 3.169895E-3
1.081500E-2 2.516025E+0 4.949712E-2
1.081600E-2 2.305783E+0 1.042475E-1
1.081700E-2 1.801202E+0 1.253053E-1
1.081800E-2 1.086379E+0 1.379400E-1
1.081900E-2 2.874599E-1 1.379400E-1
1.082000E-2 -5.955565E-1 1.295169E-1
1.082100E-2 -1.394476E+0 1.168822E-1
1.082200E-2 -2.025202E+0 8.318964E-2
1.082300E-2 -2.445686E+0 4.949712E-2
1.082400E-2 -2.529783E+0 3.169895E-3
1.082500E-2 -2.361589E+0 -3.052263E-2
1.082600E-2 -1.857008E+0 -6.421515E-2
1.082700E-2 -1.184234E+0 -9.369611E-2
1.082800E-2 -3.853145E-1 -1.105424E-1
1.082900E-2 4.977019E-1 -1.189655E-1
1.083000E-2 1.338670E+0 -1.147539E-1
1.083100E-2 2.011444E+0 -9.790768E-2
1.083200E-2 2.431928E+0 -7.684985E-2
1.083300E-2 2.516025E+0 -5.158046E-2
1.083400E-2 2.347831E+0 -2.209950E-2
1.083500E-2 1.927347E+0 -5.253235E-3
1.083600E-2 1.254573E+0 7.381461E-3
1.083700E-2 4.136051E-1 1.580459E-2
1.083800E-2 -4.273629E-1 1.580459E-2
1.083900E-2 -1.268331E+0 -1.041670E-3
1.084000E-2 -1.941105E+0 -1.788793E-2
1.084100E-2 -2.361589E+0 -5.158046E-2
1.084200E-2 -2.529783E+0 -9.369611E-2
1.084300E-2 -2.403638E+0 -1.316002E-1
1.084400E-2 -1.983154E+0 -1.526580E-1
1.084500E-2 -1.352428E+0 -1.526580E-1
1.084600E-2 -5.114597E-1 -1.316002E-1
1.084700E-2 3.295083E-1 -8.527298E-2
1.084800E-2 1.170476E+0 -3.052263E-2
1.084900E-2 1.885299E+0 2.422772E-2
1.085000E-2 2.347831E+0 7.476651E-2
1.085100E-2 2.558073E+0 1.295169E-1
1.085200E-2 2.431928E+0 1.547863E-1
1.085300E-2 2.011444E+0 1.758441E-1
1.085400E-2 1.380718E+0 1.884788E-1
1.085500E-2 5.817987E-1 1.926903E-1
1.085600E-2 -3.012177E-1 1.884788E-1
1.085700E-2 -1.100137E+0 1.674209E-1
1.085800E-2 -1.814960E+0 1.421516E-1
1.085900E-2 -2.319541E+0 1.042475E-1
1.086000E-2 -2.529783E+0 6.634338E-2
1.086100E-2 -2.445686E+0 2.422772E-2
1.086200E-2 -2.109299E+0 -9.464801E-3
1.086300E-2 -1.436524E+0 -3.894576E-2
1.086400E-2 -6.796533E-1 -6.421515E-2
1.086500E-2 2.033631E-1 -7.263828E-2
1.086600E-2 1.044331E+0 -7.263828E-2
1.086700E-2 1.801202E+0 -6.421515E-2
1.086800E-2 2.263735E+0 -4.736889E-2
1.086900E-2 2.516025E+0 -2.209950E-2
1.087000E-2 2.473977E+0 -1.041670E-3
1.087100E-2 2.137589E+0 2.422772E-2
1.087200E-2 1.506863E+0 3.686242E-2
1.087300E-2 7.499922E-1 5.370868E-2
1.087400E-2 -9.097572E-2 4.949712E-2
1.087500E-2 -9.739921E-1 3.686242E-2
1.087600E-2 -1.688815E+0 1.580459E-2
1.087700E-2 -2.235444E+0 -1.367637E-2
1.087800E-2 -2.529783E+0 -4.736889E-2
1.087900E-2 -2.487734E+0 -8.948455E-2
1.088000E-2 -2.193396E+0 -1.273886E-1
1.088100E-2 -1.604718E+0 -1.610812E-1
1.088200E-2 -8.478469E-1 -1.821390E-1
1.088300E-2 -6.878924E-3 -1.695043E-1
1.088400E-2 8.761374E-1 -1.442349E-1
1.088500E-2 1.675057E+0 -9.790768E-2
1.088600E-2 2.179638E+0 -3.894576E-2
1.088700E-2 2.516025E+0 1.580459E-2
1.088800E-2 2.516025E+0 6.213181E-2
1.088900E-2 2.179638E+0 1.084590E-1
1.089000E-2 1.633009E+0 1.295169E-1
1.089100E-2 9.181858E-1 1.379400E-1
1.089200E-2 3.516947E-2 1.379400E-1
1.089300E-2 -8.478469E-1 1.253053E-1
1.089400E-2 -1.604718E+0 1.042475E-1
1.089500E-2 -2.193396E+0 7.055494E-2
1.089600E-2 -2.529783E+0 3.686242E-2
1.089700E-2 -2.529783E+0 -5.253235E-3
1.089800E-2 -2.277492E+0 -4.315732E-2
1.089900E-2 -1.688815E+0 -7.263828E-2
1.090000E-2 -9.739921E-1 -1.021192E-1
1.090100E-2 -9.097572E-2 -1.147539E-1
1.090200E-2 7.499922E-1 -1.189655E-1
1.090300E-2 1.506863E+0 -1.105424E-1
1.090400E-2 2.095541E+0 -9.790768E-2
1.090500E-2 2.473977E+0 -6.842672E-2
1.090600E-2 2.516025E+0 -4.315732E-2
1.090700E-2 2.263735E+0 -1.788793E-2
1.090800E-2 1.759154E+0 3.169895E-3
1.090900E-2 1.002283E+0 1.580459E-2
1.091000E-2 2.033631E-1 1.580459E-2
1.091100E-2 -6.796533E-1 1.159303E-2
1.091200E-2 -1.436524E+0 -1.041670E-3
1.091300E-2 -2.067250E+0 -2.631106E-2
1.091400E-2 -2.445686E+0 -6.421515E-2
1.091500E-2 -2.529783E+0 -1.021192E-1
1.091600E-2 -2.319541E+0 -1.400233E-1
1.091700E-2 -1.857008E+0 -1.568696E-1
1.091800E-2 -1.100137E+0 -1.484465E-1
1.091900E-2 -2.591693E-1 -1.189655E-1
1.092000E-2 5.817987E-1 -6.842672E-2
1.092100E-2 1.422767E+0 -1.367637E-2
1.092200E-2 2.053493E+0 3.686242E-2
1.092300E-2 2.431928E+0 9.582434E-2
1.092400E-2 2.516025E+0 1.379400E-1
1.092500E-2 2.347831E+0 1.589978E-1
1.092600E-2 1.843251E+0 1.758441E-1
1.092700E-2 1.170476E+0 1.884788E-1
1.092800E-2 3.295083E-1 1.926903E-1
1.092900E-2 -5.114597E-1 1.842672E-1
1.093000E-2 -1.310379E+0 1.589978E-1
1.093100E-2 -1.941105E+0 1.337284E-1
1.093200E-2 -2.403638E+0 9.582434E-2
1.093300E-2 -2.529783E+0 5.370868E-2
1.093400E-2 -2.361589E+0 1.580459E-2
1.093500E-2 -1.941105E+0 -1.788793E-2
1.093600E-2 -1.268331E+0 -4.736889E-2
1.093700E-2 -4.273629E-1 -6.421515E-2
1.093800E-2 4.136051E-1 -7.263828E-2
1.093900E-2 1.296621E+0 -7.263828E-2
1.094000E-2 1.927347E+0 -6.421515E-2
1.094100E-2 2.389880E+0 -3.894576E-2
1.094200E-2 2.558073E+0 -1.788793E-2
1.094300E-2 2.389880E+0 3.169895E-3
1.094400E-2 1.969396E+0 2.843929E-2
1.094500E-2 1.338670E+0 4.528555E-2
1.094600E-2 4.977019E-1 4.949712E-2
1.094700E-2 -3.432661E-1 4.949712E-2
1.094800E-2 -1.184234E+0 3.265085E-2
1.094900E-2 -1.857008E+0 7.381461E-3
1.095000E-2 -2.361589E+0 -2.209950E-2
1.095100E-2 -2.529783E+0 -6.000359E-2
1.095200E-2 -2.445686E+0 -9.790768E-2
1.095300E-2 -2.025202E+0 -1.358118E-1
1.095400E-2 -1.394476E+0 -1.652927E-1
1.095500E-2 -5.955565E-1 -1.779274E-1
1.095600E-2 2.454115E-1 -1.652927E-1
1.095700E-2 1.128428E+0 -1.316002E-1
1.095800E-2 1.843251E+0 -8.106141E-2
1.095900E-2 2.305783E+0 -2.209950E-2
1.096000E-2 2.516025E+0 2.843929E-2
1.096100E-2 2.473977E+0 8.318964E-2
1.096200E-2 2.095541E+0 1.168822E-1
1.096300E-2 1.464815E+0 1.337284E-1
1.096400E-2 6.658955E-1 1.379400E-1
1.096500E-2 -1.750725E-1 1.337284E-1
1.096600E-2 -1.016040E+0 1.210937E-1
1.096700E-2 -1.730863E+0 1.000359E-1
1.096800E-2 -2.277492E+0 6.634338E-2
1.096900E-2 -2.529783E+0 2.422772E-2
1.097000E-2 -2.487734E+0 -1.367637E-2
1.097100E-2 -2.151347E+0 -4.736889E-2
1.097200E-2 -1.520621E+0 -8.106141E-2
1.097300E-2 -7.637501E-1 -1.063308E-1
1.097400E-2 1.192663E-1 -1.189655E-1
1.097500E-2 1.002283E+0 -1.189655E-1
1.097600E-2 1.675057E+0 -1.105424E-1
1.097700E-2 2.263735E+0 -8.527298E-2
1.097800E-2 2.516025E+0 -6.421515E-2
1.097900E-2 2.516025E+0 -3.473419E-2
1.098000E-2 2.179638E+0 -9.464801E-3
1.098100E-2 1.590960E+0 3.169895E-3
1.098200E-2 7.920406E-1 1.580459E-2
1.098300E-2 -4.892732E-2 1.580459E-2
1.098400E-2 -8.898953E-1 7.381461E-3
1.098500E-2 -1.604718E+0 -9.464801E-3
1.098600E-2 -2.193396E+0 -3.473419E-2
1.098700E-2 -2.529783E+0 -7.684985E-2
1.098800E-2 -2.487734E+0 -1.147539E-1
1.098900E-2 -2.193396E+0 -1.484465E-1
1.099000E-2 -1.688815E+0 -1.526580E-1
1.099100E-2 -9.319437E-1 -1.442349E-1
1.099200E-2 -4.892732E-2 -1.063308E-1
1.099300E-2 8.340890E-1 -5.579202E-2
1.099400E-2 1.590960E+0 3.169895E-3
1.099500E-2 2.179638E+0 4.949712E-2
1.099600E-2 2.473977E+0 1.084590E-1
1.099700E-2 2.516025E+0 1.379400E-1
1.099800E-2 2.221686E+0 1.674209E-1
1.099900E-2 1.675057E+0 1.842672E-1
1.100000E-2 1.002283E+0 1.926903E-1
1.100100E-2 1.192663E-1 1.926903E-1
1.100200E-2 -7.217017E-1 1.800556E-1
1.100300E-2 -1.520621E+0 1.547863E-1
1.100400E-2 -2.151347E+0 1.210937E-1
1.100500E-2 -2.487734E+0 8.318964E-2
1.100600E-2 -2.529783E+0 4.528555E-2
1.100700E-2 -2.277492E+0 3.169895E-3
1.100800E-2 -1.772912E+0 -2.209950E-2
1.100900E-2 -1.058089E+0 -5.158046E-2
1.101000E-2 -1.750725E-1 -6.842672E-2
1.101100E-2 6.658955E-1 -7.263828E-2
1.101200E-2 1.464815E+0 -7.263828E-2
1.101300E-2 2.095541E+0 -6.000359E-2
1.101400E-2 2.473977E+0 -3.473419E-2
1.101500E-2 2.516025E+0 -9.464801E-3
1.101600E-2 2.305783E+0 1.580459E-2
1.101700E-2 1.843251E+0 3.686242E-2
1.101800E-2 1.086379E+0 4.949712E-2
1.101900E-2 2.874599E-1 5.370868E-2
1.102000E-2 -5.955565E-1 4.949712E-2
1.102100E-2 -1.394476E+0 2.422772E-2
1.102200E-2 -2.025202E+0 -1.041670E-3
1.102300E-2 -2.445686E+0 -3.052263E-2
1.102400E-2 -2.529783E+0 -6.842672E-2
1.102500E-2 -2.361589E+0 -1.105424E-1
1.102600E-2 -1.857008E+0 -1.484465E-1
1.102700E-2 -1.184234E+0 -1.695043E-1
1.102800E-2 -3.853145E-1 -1.779274E-1
1.102900E-2 4.977019E-1 -1.610812E-1
1.103000E-2 1.338670E+0 -1.189655E-1
1.103100E-2 2.011444E+0 -6.842672E-2
1.103200E-2 2.431928E+0 -9.464801E-3
1.103300E-2 2.558073E+0 4.107398E-2
1.103400E-2 2.389880E+0 9.582434E-2
1.103500E-2 1.927347E+0 1.210937E-1
1.103600E-2 1.254573E+0 1.337284E-1
1.103700E-2 4.556535E-1 1.379400E-1
1.103800E-2 -4.273629E-1 1.337284E-1
1.103900E-2 -1.268331E+0 1.168822E-1
1.104000E-2 -1.941105E+0 8.740121E-2
1.104100E-2 -2.361589E+0 5.370868E-2
1.104200E-2 -2.529783E+0 1.159303E-2
1.104300E-2 -2.403638E+0 -2.209950E-2
1.104400E-2 -1.983154E+0 -6.000359E-2
1.104500E-2 -1.352428E+0 -8.948455E-2
1.104600E-2 -5.114597E-1 -1.105424E-1
1.104700E-2 3.295083E-1 -1.189655E-1
1.104800E-2 1.170476E+0 -1.147539E-1
1.104900E-2 1.885299E+0 -1.021192E-1
1.105000E-2 2.347831E+0 -8.527298E-2
1.105100E-2 2.558073E+0 -5.158046E-2
1.105200E-2 2.431928E+0 -3.052263E-2
1.105300E-2 2.011444E+0 -1.041670E-3
1.105400E-2 1.380718E+0 7.381461E-3
1.105500E-2 5.817987E-1 1.580459E-2
1.105600E-2 -2.591693E-1 1.580459E-2
1.105700E-2 -1.100137E+0 3.169895E-3
1.105800E-2 -1.814960E+0 -1.367637E-2
1.105900E-2 -2.361589E+0 -4.736889E-2
1.106000E-2 -2.529783E+0 -8.527298E-2
1.106100E-2 -2.445686E+0 -1.231771E-1
1.106200E-2 -2.067250E+0 -1.484465E-1
1.106300E-2 -1.436524E+0 -1.526580E-1
1.106400E-2 -6.796533E-1 -1.316002E-1
1.106500E-2 1.613147E-1 -9.369611E-2
1.106600E-2 1.044331E+0 -3.473419E-2
1.106700E-2 1.759154E+0 1.580459E-2
1.106800E-2 2.263735E+0 6.634338E-2
1.106900E-2 2.516025E+0 1.210937E-1
1.107000E-2 2.473977E+0 1.505747E-1
1.107100E-2 2.095541E+0 1.716325E-1
1.107200E-2 1.506863E+0 1.842672E-1
1.107300E-2 7.499922E-1 1.926903E-1
1.107400E-2 -1.330241E-1 1.884788E-1
1.107500E-2 -9.739921E-1 1.716325E-1
1.107600E-2 -1.688815E+0 1.463631E-1
1.107700E-2 -2.235444E+0 1.126706E-1
1.107800E-2 -2.529783E+0 7.055494E-2
1.107900E-2 -2.487734E+0 3.265085E-2
1.108000E-2 -2.193396E+0 -5.253235E-3
1.108100E-2 -1.562670E+0 -3.473419E-2
1.108200E-2 -8.057985E-1 -5.579202E-2
1.108300E-2 -6.878924E-3 -7.263828E-2
1.108400E-2 9.181858E-1 -7.684985E-2
1.108500E-2 1.675057E+0 -6.842672E-2
1.108600E-2 2.179638E+0 -5.158046E-2
1.108700E-2 2.516025E+0 -2.631106E-2
1.108800E-2 2.516025E+0 -1.041670E-3
1.108900E-2 2.179638E+0 2.001616E-2
1.109000E-2 1.633009E+0 3.686242E-2
1.109100E-2 9.181858E-1 4.949712E-2
1.109200E-2 3.516947E-2 5.370868E-2
1.109300E-2 -8.057985E-1 4.107398E-2
1.109400E-2 -1.604718E+0 2.001616E-2
1.109500E-2 -2.193396E+0 -9.464801E-3
1.109600E-2 -2.529783E+0 -3.894576E-2
1.109700E-2 -2.529783E+0 -8.106141E-2
1.109800E-2 -2.235444E+0 -1.189655E-1
1.109900E-2 -1.688815E+0 -1.526580E-1
1.110000E-2 -9.739921E-1 -1.779274E-1
1.110100E-2 -1.330241E-1 -1.695043E-1
1.110200E-2 7.499922E-1 -1.484465E-1
1.110300E-2 1.506863E+0 -1.063308E-1
1.110400E-2 2.137589E+0 -5.158046E-2
1.110500E-2 2.473977E+0 1.159303E-2
1.110600E-2 2.516025E+0 5.370868E-2
1.110700E-2 2.263735E+0 1.042475E-1
1.110800E-2 1.759154E+0 1.253053E-1
1.110900E-2 1.044331E+0 1.379400E-1
1.111000E-2 1.613147E-1 1.379400E-1
1.111100E-2 -6.796533E-1 1.295169E-1
1.111200E-2 -1.478573E+0 1.084590E-1
1.111300E-2 -2.067250E+0 8.318964E-2
1.111400E-2 -2.487734E+0 4.107398E-2
1.111500E-2 -2.529783E+0 3.169895E-3
1.111600E-2 -2.319541E+0 -3.473419E-2
1.111700E-2 -1.857008E+0 -6.842672E-2
1.111800E-2 -1.100137E+0 -9.790768E-2
1.111900E-2 -3.012177E-1 -1.147539E-1
1.112000E-2 5.817987E-1 -1.189655E-1
1.112100E-2 1.380718E+0 -1.147539E-1
1.112200E-2 2.011444E+0 -9.790768E-2
1.112300E-2 2.431928E+0 -7.684985E-2
1.112400E-2 2.516025E+0 -4.736889E-2
1.112500E-2 2.347831E+0 -1.788793E-2
1.112600E-2 1.843251E+0 3.169895E-3
1.112700E-2 1.170476E+0 7.381461E-3
1.112800E-2 3.295083E-1 1.580459E-2
1.112900E-2 -5.114597E-1 1.580459E-2
1.113000E-2 -1.352428E+0 -5.253235E-3
1.113100E-2 -1.983154E+0 -2.209950E-2
1.113200E-2 -2.403638E+0 -5.579202E-2
1.113300E-2 -2.529783E+0 -9.790768E-2
1.113400E-2 -2.361589E+0 -1.316002E-1
1.113500E-2 -1.941105E+0 -1.526580E-1
1.113600E-2 -1.268331E+0 -1.526580E-1
1.113700E-2 -4.694113E-1 -1.316002E-1
1.113800E-2 4.136051E-1 -8.106141E-2
1.113900E-2 1.254573E+0 -2.209950E-2
1.114000E-2 1.927347E+0 2.843929E-2
1.114100E-2 2.389880E+0 7.897807E-2
1.114200E-2 2.558073E+0 1.295169E-1
1.114300E-2 2.431928E+0 1.547863E-1
1.114400E-2 1.969396E+0 1.758441E-1
1.114500E-2 1.338670E+0 1.884788E-1
1.114600E-2 4.977019E-1 1.926903E-1
1.114700E-2 -3.432661E-1 1.884788E-1
1.114800E-2 -1.184234E+0 1.674209E-1
1.114900E-2 -1.857008E+0 1.379400E-1
1.115000E-2 -2.361589E+0 1.042475E-1
1.115100E-2 -2.529783E+0 6.634338E-2
1.115200E-2 -2.403638E+0 2.001616E-2
1.115300E-2 -2.025202E+0 -1.367637E-2
1.115400E-2 -1.394476E+0 -3.894576E-2
1.115500E-2 -5.955565E-1 -6.421515E-2
1.115600E-2 2.874599E-1 -7.684985E-2
1.115700E-2 1.128428E+0 -7.263828E-2
1.115800E-2 1.801202E+0 -6.421515E-2
1.115900E-2 2.305783E+0 -4.736889E-2
1.116000E-2 2.516025E+0 -1.788793E-2
1.116100E-2 2.431928E+0 -1.041670E-3
1.116200E-2 2.095541E+0 2.422772E-2
1.116300E-2 1.464815E+0 4.528555E-2
1.116400E-2 6.658955E-1 5.370868E-2
1.116500E-2 -1.750725E-1 5.370868E-2
1.116600E-2 -1.016040E+0 3.686242E-2
1.116700E-2 -1.772912E+0 1.580459E-2
1.116800E-2 -2.277492E+0 -1.367637E-2
1.116900E-2 -2.529783E+0 -5.158046E-2
1.117000E-2 -2.487734E+0 -9.369611E-2
1.117100E-2 -2.109299E+0 -1.316002E-1
1.117200E-2 -1.520621E+0 -1.610812E-1
1.117300E-2 -7.637501E-1 -1.779274E-1
1.117400E-2 1.192663E-1 -1.652927E-1
1.117500E-2 1.002283E+0 -1.400233E-1
1.117600E-2 1.717105E+0 -8.948455E-2
1.117700E-2 2.263735E+0 -3.473419E-2
1.117800E-2 2.516025E+0 2.001616E-2
1.117900E-2 2.473977E+0 7.055494E-2
1.118000E-2 2.137589E+0 1.126706E-1
1.118100E-2 1.590960E+0 1.337284E-1
1.118200E-2 8.340890E-1 1.379400E-1
1.118300E-2 -4.892732E-2 1.379400E-1
1.118400E-2 -8.898953E-1 1.295169E-1
1.118500E-2 -1.604718E+0 1.042475E-1
1.118600E-2 -2.193396E+0 7.055494E-2
1.118700E-2 -2.529783E+0 3.265085E-2
1.118800E-2 -2.529783E+0 -5.253235E-3
1.118900E-2 -2.193396E+0 -4.315732E-2
1.119000E-2 -1.646766E+0 -7.684985E-2
1.119100E-2 -8.898953E-1 -1.021192E-1
1.119200E-2 -4.892732E-2 -1.147539E-1
1.119300E-2 8.340890E-1 -1.189655E-1
1.119400E-2 1.590960E+0 -1.105424E-1
1.119500E-2 2.179638E+0 -9.369611E-2
1.119600E-2 2.473977E+0 -6.842672E-2
1.119700E-2 2.516025E+0 -3.894576E-2
1.119800E-2 2.221686E+0 -1.367637E-2
1.119900E-2 1.675057E+0 3.169895E-3
1.120000E-2 9.602342E-1 1.580459E-2
1.120100E-2 1.192663E-1 1.580459E-2
1.120200E-2 -7.637501E-1 1.159303E-2
1.120300E-2 -1.520621E+0 -9.464801E-3
1.120400E-2 -2.109299E+0 -3.052263E-2
1.120500E-2 -2.445686E+0 -6.842672E-2
1.120600E-2 -2.529783E+0 -1.105424E-1
1.120700E-2 -2.277492E+0 -1.442349E-1
1.120800E-2 -1.772912E+0 -1.568696E-1
1.120900E-2 -1.058089E+0 -1.484465E-1
1.121000E-2 -1.750725E-1 -1.147539E-1
1.121100E-2 6.658955E-1 -6.421515E-2
1.121200E-2 1.464815E+0 -5.253235E-3
1.121300E-2 2.095541E+0 4.107398E-2
1.121400E-2 2.431928E+0 1.000359E-1
1.121500E-2 2.516025E+0 1.379400E-1
1.121600E-2 2.305783E+0 1.632094E-1
1.121700E-2 1.801202E+0 1.800556E-1
1.121800E-2 1.086379E+0 1.926903E-1
1.121900E-2 2.874599E-1 1.969019E-1
1.122000E-2 -5.955565E-1 1.842672E-1
1.122100E-2 -1.394476E+0 1.589978E-1
1.122200E-2 -2.025202E+0 1.253053E-1
1.122300E-2 -2.445686E+0 9.161277E-2
1.122400E-2 -2.529783E+0 5.370868E-2
1.122500E-2 -2.361589E+0 1.580459E-2
1.122600E-2 -1.899057E+0 -2.209950E-2
1.122700E-2 -1.184234E+0 -4.736889E-2
1.122800E-2 -3.432661E-1 -6.421515E-2
1.122900E-2 4.977019E-1 -7.263828E-2
1.123000E-2 1.338670E+0 -6.842672E-2
1.123100E-2 2.011444E+0 -6.000359E-2
1.123200E-2 2.431928E+0 -3.473419E-2
1.123300E-2 2.558073E+0 -9.464801E-3
1.123400E-2 2.347831E+0 3.169895E-3
1.123500E-2 1.927347E+0 2.843929E-2
1.123600E-2 1.254573E+0 4.949712E-2
1.123700E-2 4.136051E-1 5.370868E-2
1.123800E-2 -4.273629E-1 4.949712E-2
1.123900E-2 -1.268331E+0 3.265085E-2
1.124000E-2 -1.941105E+0 3.169895E-3
1.124100E-2 -2.361589E+0 -2.631106E-2
1.124200E-2 -2.529783E+0 -6.421515E-2
1.124300E-2 -2.403638E+0 -1.021192E-1
1.124400E-2 -1.983154E+0 -1.400233E-1
1.124500E-2 -1.352428E+0 -1.695043E-1
1.124600E-2 -5.114597E-1 -1.779274E-1
1.124700E-2 3.295083E-1 -1.652927E-1
1.124800E-2 1.170476E+0 -1.273886E-1
1.124900E-2 1.885299E+0 -7.684985E-2
1.125000E-2 2.347831E+0 -1.788793E-2
1.125100E-2 2.516025E+0 3.265085E-2
1.125200E-2 2.431928E+0 8.740121E-2
1.125300E-2 2.011444E+0 1.168822E-1
1.125400E-2 1.380718E+0 1.337284E-1
1.125500E-2 5.817987E-1 1.379400E-1
1.125600E-2 -2.591693E-1 1.379400E-1
1.125700E-2 -1.100137E+0 1.210937E-1
1.125800E-2 -1.814960E+0 9.582434E-2
1.125900E-2 -2.319541E+0 6.213181E-2
1.126000E-2 -2.529783E+0 2.001616E-2
1.126100E-2 -2.445686E+0 -1.788793E-2
1.126200E-2 -2.067250E+0 -5.158046E-2
1.126300E-2 -1.436524E+0 -8.106141E-2
1.126400E-2 -6.796533E-1 -1.021192E-1
1.126500E-2 1.613147E-1 -1.147539E-1
1.126600E-2 1.044331E+0 -1.147539E-1
1.126700E-2 1.801202E+0 -1.021192E-1
1.126800E-2 2.305783E+0 -8.527298E-2
1.126900E-2 2.516025E+0 -6.000359E-2
1.127000E-2 2.473977E+0 -3.052263E-2
1.127100E-2 2.095541E+0 -5.253235E-3
1.127200E-2 1.506863E+0 3.169895E-3
1.127300E-2 7.499922E-1 1.580459E-2
1.127400E-2 -1.330241E-1 1.580459E-2
1.127500E-2 -9.319437E-1 7.381461E-3
1.127600E-2 -1.688815E+0 -9.464801E-3
1.127700E-2 -2.277492E+0 -4.315732E-2
1.127800E-2 -2.529783E+0 -8.106141E-2
1.127900E-2 -2.487734E+0 -1.189655E-1
1.128000E-2 -2.151347E+0 -1.484465E-1
1.128100E-2 -1.604718E+0 -1.568696E-1
1.128200E-2 -8.478469E-1 -1.400233E-1
1.128300E-2 3.516947E-2 -1.021192E-1
1.128400E-2 9.181858E-1 -4.736889E-2
1.128500E-2 1.675057E+0 7.381461E-3
1.128600E-2 2.221686E+0 5.370868E-2
1.128700E-2 2.516025E+0 1.168822E-1
1.128800E-2 2.516025E+0 1.463631E-1
1.128900E-2 2.179638E+0 1.716325E-1
1.129000E-2 1.633009E+0 1.842672E-1
1.129100E-2 8.761374E-1 1.926903E-1
1.129200E-2 3.516947E-2 1.926903E-1
1.129300E-2 -8.057985E-1 1.758441E-1
1.129400E-2 -1.562670E+0 1.547863E-1
1.129500E-2 -2.193396E+0 1.210937E-1
1.129600E-2 -2.529783E+0 8.318964E-2
1.129700E-2 -2.529783E+0 4.107398E-2
1.129800E-2 -2.193396E+0 3.169895E-3
1.129900E-2 -1.688815E+0 -2.631106E-2
1.130000E-2 -9.739921E-1 -5.158046E-2
1.130100E-2 -9.097572E-2 -6.842672E-2
1.130200E-2 7.499922E-1 -7.263828E-2
1.130300E-2 1.506863E+0 -6.842672E-2
1.130400E-2 2.095541E+0 -5.579202E-2
1.130500E-2 2.473977E+0 -3.052263E-2
1.130600E-2 2.516025E+0 -5.253235E-3
1.130700E-2 2.263735E+0 1.580459E-2
1.130800E-2 1.759154E+0 3.686242E-2
1.130900E-2 1.044331E+0 4.949712E-2
1.131000E-2 2.033631E-1 5.370868E-2
1.131100E-2 -6.796533E-1 4.528555E-2
1.131200E-2 -1.436524E+0 2.422772E-2
1.131300E-2 -2.067250E+0 -1.041670E-3
1.131400E-2 -2.445686E+0 -3.473419E-2
1.131500E-2 -2.529783E+0 -7.263828E-2
1.131600E-2 -2.319541E+0 -1.147539E-1
1.131700E-2 -1.857008E+0 -1.484465E-1
1.131800E-2 -1.100137E+0 -1.737159E-1
1.131900E-2 -2.591693E-1 -1.737159E-1
1.132000E-2 5.817987E-1 -1.526580E-1
1.132100E-2 1.422767E+0 -1.147539E-1
1.132200E-2 2.053493E+0 -6.421515E-2
1.132300E-2 2.431928E+0 -5.253235E-3
1.132400E-2 2.516025E+0 4.528555E-2
1.132500E-2 2.347831E+0 1.000359E-1
1.132600E-2 1.843251E+0 1.210937E-1
1.132700E-2 1.170476E+0 1.379400E-1
1.132800E-2 3.295083E-1 1.379400E-1
1.132900E-2 -5.114597E-1 1.295169E-1
1.133000E-2 -1.310379E+0 1.168822E-1
1.133100E-2 -1.983154E+0 8.740121E-2
1.133200E-2 -2.403638E+0 4.949712E-2
1.133300E-2 -2.529783E+0 7.381461E-3
1.133400E-2 -2.403638E+0 -2.631106E-2
1.133500E-2 -1.941105E+0 -6.421515E-2
1.133600E-2 -1.268331E+0 -9.369611E-2
1.133700E-2 -4.694113E-1 -1.105424E-1
1.133800E-2 4.136051E-1 -1.189655E-1
1.133900E-2 1.254573E+0 -1.147539E-1
1.134000E-2 1.927347E+0 -9.790768E-2
1.134100E-2 2.389880E+0 -7.684985E-2
1.134200E-2 2.558073E+0 -5.158046E-2
1.134300E-2 2.431928E+0 -2.631106E-2
1.134400E-2 1.969396E+0 -1.041670E-3
1.134500E-2 1.296621E+0 7.381461E-3
1.134600E-2 4.977019E-1 1.580459E-2
1.134700E-2 -3.432661E-1 1.580459E-2
1.134800E-2 -1.184234E+0 3.169895E-3
1.134900E-2 -1.857008E+0 -1.788793E-2
1.135000E-2 -2.361589E+0 -5.158046E-2
1.135100E-2 -2.529783E+0 -8.948455E-2
1.135200E-2 -2.403638E+0 -1.316002E-1
1.135300E-2 -2.025202E+0 -1.526580E-1
1.135400E-2 -1.394476E+0 -1.526580E-1
1.135500E-2 -5.955565E-1 -1.316002E-1
1.135600E-2 2.874599E-1 -8.948455E-2
1.135700E-2 1.128428E+0 -3.473419E-2
1.135800E-2 1.801202E+0 2.001616E-2
1.135900E-2 2.347831E+0 7.055494E-2
1.136000E-2 2.516025E+0 1.210937E-1
1.136100E-2 2.431928E+0 1.505747E-1
1.136200E-2 2.095541E+0 1.716325E-1
1.136300E-2 1.464815E+0 1.842672E-1
1.136400E-2 6.658955E-1 1.926903E-1
1.136500E-2 -1.750725E-1 1.884788E-1
1.136600E-2 -1.016040E+0 1.716325E-1
1.136700E-2 -1.772912E+0 1.421516E-1
1.136800E-2 -2.277492E+0 1.084590E-1
1.136900E-2 -2.529783E+0 7.055494E-2
1.137000E-2 -2.487734E+0 2.422772E-2
1.137100E-2 -2.109299E+0 -9.464801E-3
1.137200E-2 -1.520621E+0 -3.473419E-2
1.137300E-2 -7.637501E-1 -6.000359E-2
1.137400E-2 1.192663E-1 -7.263828E-2
1.137500E-2 9.602342E-1 -7.263828E-2
1.137600E-2 1.717105E+0 -6.842672E-2
1.137700E-2 2.263735E+0 -5.158046E-2
1.137800E-2 2.516025E+0 -2.631106E-2
1.137900E-2 2.516025E+0 -1.041670E-3
1.138000E-2 2.137589E+0 1.580459E-2
1.138100E-2 1.590960E+0 4.107398E-2
1.138200E-2 8.340890E-1 5.370868E-2
1.138300E-2 -4.892732E-2 4.949712E-2
1.138400E-2 -9.319437E-1 3.686242E-2
1.138500E-2 -1.646766E+0 2.001616E-2
1.138600E-2 -2.193396E+0 -9.464801E-3
1.138700E-2 -2.529783E+0 -4.736889E-2
1.138800E-2 -2.529783E+0 -8.527298E-2
1.138900E-2 -2.193396E+0 -1.273886E-1
1.139000E-2 -1.688815E+0 -1.568696E-1
1.139100E-2 -9.319437E-1 -1.779274E-1
1.139200E-2 -4.892732E-2 -1.737159E-1
1.139300E-2 8.340890E-1 -1.484465E-1
1.139400E-2 1.590960E+0 -1.021192E-1
1.139500E-2 2.179638E+0 -4.736889E-2
1.139600E-2 2.473977E+0 7.381461E-3
1.139700E-2 2.516025E+0 5.792025E-2
1.139800E-2 2.221686E+0 1.084590E-1
1.139900E-2 1.675057E+0 1.253053E-1
1.140000E-2 1.002283E+0 1.379400E-1
1.140100E-2 7.721787E-2 1.379400E-1
1.140200E-2 -7.217017E-1 1.295169E-1
1.140300E-2 -1.520621E+0 1.084590E-1
1.140400E-2 -2.109299E+0 7.476651E-2
1.140500E-2 -2.487734E+0 3.686242E-2
1.140600E-2 -2.529783E+0 -1.041670E-3
1.140700E-2 -2.277492E+0 -3.473419E-2
1.140800E-2 -1.772912E+0 -7.263828E-2
1.140900E-2 -1.058089E+0 -9.790768E-2
1.141000E-2 -2.171209E-1 -1.147539E-1
1.141100E-2 6.658955E-1 -1.189655E-1
1.141200E-2 1.464815E+0 -1.147539E-1
1.141300E-2 2.095541E+0 -9.790768E-2
1.141400E-2 2.473977E+0 -7.263828E-2
1.141500E-2 2.516025E+0 -4.315732E-2
1.141600E-2 2.347831E+0 -1.788793E-2
1.141700E-2 1.843251E+0 -1.041670E-3
1.141800E-2 1.128428E+0 1.159303E-2
1.141900E-2 2.874599E-1 1.580459E-2
1.142000E-2 -5.955565E-1 1.159303E-2
1.142100E-2 -1.352428E+0 -9.464801E-3
1.142200E-2 -2.025202E+0 -2.631106E-2
1.142300E-2 -2.445686E+0 -6.000359E-2
1.142400E-2 -2.529783E+0 -9.790768E-2
1.142500E-2 -2.361589E+0 -1.358118E-1
1.142600E-2 -1.899057E+0 -1.568696E-1
1.142700E-2 -1.184234E+0 -1.526580E-1
1.142800E-2 -3.853145E-1 -1.273886E-1
1.142900E-2 4.977019E-1 -7.684985E-2
1.143000E-2 1.296621E+0 -1.788793E-2
1.143100E-2 1.969396E+0 3.686242E-2
1.143200E-2 2.389880E+0 8.318964E-2
1.143300E-2 2.516025E+0 1.337284E-1
1.143400E-2 2.347831E+0 1.547863E-1
1.143500E-2 1.927347E+0 1.758441E-1
1.143600E-2 1.254573E+0 1.884788E-1
1.143700E-2 4.556535E-1 1.969019E-1
1.143800E-2 -4.273629E-1 1.842672E-1
1.143900E-2 -1.268331E+0 1.674209E-1
1.144000E-2 -1.941105E+0 1.337284E-1
1.144100E-2 -2.361589E+0 1.042475E-1
1.144200E-2 -2.529783E+0 5.792025E-2
1.144300E-2 -2.403638E+0 2.001616E-2
1.144400E-2 -1.983154E+0 -1.788793E-2
1.144500E-2 -1.352428E+0 -4.736889E-2
1.144600E-2 -5.114597E-1 -6.421515E-2
1.144700E-2 3.295083E-1 -7.684985E-2
1.144800E-2 1.170476E+0 -7.263828E-2
1.144900E-2 1.885299E+0 -6.421515E-2
1.145000E-2 2.347831E+0 -4.736889E-2
1.145100E-2 2.516025E+0 -1.788793E-2
1.145200E-2 2.431928E+0 3.169895E-3
1.145300E-2 2.011444E+0 2.422772E-2
1.145400E-2 1.338670E+0 4.107398E-2
1.145500E-2 5.817987E-1 5.370868E-2
1.145600E-2 -2.591693E-1 4.949712E-2
1.145700E-2 -1.100137E+0 3.686242E-2
1.145800E-2 -1.814960E+0 1.159303E-2
1.145900E-2 -2.319541E+0 -1.788793E-2
1.146000E-2 -2.529783E+0 -5.579202E-2
1.146100E-2 -2.445686E+0 -9.790768E-2
1.146200E-2 -2.067250E+0 -1.316002E-1
1.146300E-2 -1.478573E+0 -1.652927E-1
1.146400E-2 -6.796533E-1 -1.779274E-1
1.146500E-2 1.613147E-1 -1.652927E-1
1.146600E-2 1.002283E+0 -1.358118E-1
1.146700E-2 1.759154E+0 -8.948455E-2
1.146800E-2 2.263735E+0 -3.052263E-2
1.146900E-2 2.516025E+0 2.422772E-2
1.147000E-2 2.473977E+0 7.476651E-2
1.147100E-2 2.095541E+0 1.168822E-1
1.147200E-2 1.506863E+0 1.379400E-1
1.147300E-2 7.499922E-1 1.421516E-1
1.147400E-2 -1.330241E-1 1.379400E-1
1.147500E-2 -9.739921E-1 1.253053E-1
1.147600E-2 -1.688815E+0 1.042475E-1
1.147700E-2 -2.235444E+0 6.634338E-2
1.147800E-2 -2.529783E+0 2.843929E-2
1.147900E-2 -2.529783E+0 -1.367637E-2
1.148000E-2 -2.151347E+0 -4.736889E-2
1.148100E-2 -1.604718E+0 -8.106141E-2
1.148200E-2 -8.478469E-1 -1.021192E-1
1.148300E-2 3.516947E-2 -1.189655E-1
1.148400E-2 9.181858E-1 -1.189655E-1
1.148500E-2 1.675057E+0 -1.063308E-1
1.148600E-2 2.221686E+0 -8.948455E-2
1.148700E-2 2.516025E+0 -6.421515E-2
1.148800E-2 2.516025E+0 -3.473419E-2
1.148900E-2 2.179638E+0 -1.367637E-2
1.149000E-2 1.633009E+0 3.169895E-3
1.149100E-2 9.181858E-1 1.580459E-2
1.149200E-2 3.516947E-2 1.580459E-2
1.149300E-2 -8.478469E-1 7.381461E-3
1.149400E-2 -1.604718E+0 -9.464801E-3
1.149500E-2 -2.151347E+0 -3.473419E-2
1.149600E-2 -2.487734E+0 -7.263828E-2
1.149700E-2 -2.529783E+0 -1.105424E-1
1.149800E-2 -2.235444E+0 -1.442349E-1
1.149900E-2 -1.688815E+0 -1.568696E-1
1.150000E-2 -1.016040E+0 -1.484465E-1
1.150100E-2 -1.330241E-1 -1.105424E-1
1.150200E-2 7.499922E-1 -6.000359E-2
1.150300E-2 1.548912E+0 -1.041670E-3
1.150400E-2 2.095541E+0 4.949712E-2
1.150500E-2 2.473977E+0 1.042475E-1
1.150600E-2 2.516025E+0 1.379400E-1
1.150700E-2 2.263735E+0 1.589978E-1
1.150800E-2 1.759154E+0 1.800556E-1
1.150900E-2 1.044331E+0 1.884788E-1
1.151000E-2 2.033631E-1 1.926903E-1
1.151100E-2 -6.796533E-1 1.800556E-1
1.151200E-2 -1.478573E+0 1.547863E-1
1.151300E-2 -2.109299E+0 1.253053E-1
1.151400E-2 -2.445686E+0 8.740121E-2
1.151500E-2 -2.529783E+0 4.949712E-2
1.151600E-2 -2.319541E+0 7.381461E-3
1.151700E-2 -1.857008E+0 -2.209950E-2
1.151800E-2 -1.100137E+0 -5.158046E-2
1.151900E-2 -3.012177E-1 -6.842672E-2
1.152000E-2 6.238471E-1 -7.263828E-2
1.152100E-2 1.422767E+0 -6.842672E-2
1.152200E-2 2.011444E+0 -6.000359E-2
1.152300E-2 2.431928E+0 -3.473419E-2
1.152400E-2 2.516025E+0 -1.367637E-2
1.152500E-2 2.347831E+0 7.381461E-3
1.152600E-2 1.843251E+0 3.265085E-2
1.152700E-2 1.170476E+0 4.949712E-2
1.152800E-2 3.295083E-1 5.370868E-2
1.152900E-2 -5.114597E-1 4.949712E-2
1.153000E-2 -1.310379E+0 3.265085E-2
1.153100E-2 -1.983154E+0 3.169895E-3
1.153200E-2 -2.403638E+0 -2.631106E-2
1.153300E-2 -2.529783E+0 -6.842672E-2
1.153400E-2 -2.361589E+0 -1.063308E-1
1.153500E-2 -1.941105E+0 -1.442349E-1
1.153600E-2 -1.268331E+0 -1.695043E-1
1.153700E-2 -4.273629E-1 -1.737159E-1
1.153800E-2 4.556535E-1 -1.652927E-1
1.153900E-2 1.254573E+0 -1.231771E-1
1.154000E-2 1.927347E+0 -6.842672E-2
1.154100E-2 2.389880E+0 -1.367637E-2
1.154200E-2 2.516025E+0 3.686242E-2
1.154300E-2 2.389880E+0 9.161277E-2
1.154400E-2 1.969396E+0 1.168822E-1
1.154500E-2 1.338670E+0 1.337284E-1
1.154600E-2 4.977019E-1 1.379400E-1
1.154700E-2 -3.432661E-1 1.337284E-1
1.154800E-2 -1.184234E+0 1.210937E-1
1.154900E-2 -1.857008E+0 9.161277E-2
1.155000E-2 -2.361589E+0 5.792025E-2
1.155100E-2 -2.571831E+0 1.580459E-2
1.155200E-2 -2.403638E+0 -1.788793E-2
1.155300E-2 -2.025202E+0 -5.579202E-2
1.155400E-2 -1.394476E+0 -8.527298E-2
1.155500E-2 -5.955565E-1 -1.105424E-1
1.155600E-2 2.874599E-1 -1.189655E-1
1.155700E-2 1.086379E+0 -1.189655E-1
1.155800E-2 1.843251E+0 -1.021192E-1
1.155900E-2 2.305783E+0 -8.106141E-2
1.156000E-2 2.516025E+0 -5.579202E-2
1.156100E-2 2.473977E+0 -3.052263E-2
1.156200E-2 2.053493E+0 -5.253235E-3
1.156300E-2 1.422767E+0 7.381461E-3
1.156400E-2 6.658955E-1 1.580459E-2
1.156500E-2 -1.750725E-1 1.580459E-2
1.156600E-2 -1.016040E+0 3.169895E-3
1.156700E-2 -1.772912E+0 -1.367637E-2
1.156800E-2 -2.319541E+0 -4.315732E-2
1.156900E-2 -2.529783E+0 -8.106141E-2
1.157000E-2 -2.487734E+0 -1.231771E-1
1.157100E-2 -2.109299E+0 -1.484465E-1
1.157200E-2 -1.520621E+0 -1.568696E-1
1.157300E-2 -7.637501E-1 -1.358118E-1
1.157400E-2 1.192663E-1 -9.790768E-2
1.157500E-2 1.002283E+0 -4.315732E-2
1.157600E-2 1.717105E+0 1.159303E-2
1.157700E-2 2.263735E+0 6.213181E-2
1.157800E-2 2.516025E+0 1.210937E-1
1.157900E-2 2.473977E+0 1.463631E-1
1.158000E-2 2.179638E+0 1.716325E-1
1.158100E-2 1.590960E+0 1.842672E-1
1.158200E-2 8.340890E-1 1.884788E-1
1.158300E-2 -6.878924E-3 1.926903E-1
1.158400E-2 -8.898953E-1 1.758441E-1
1.158500E-2 -1.646766E+0 1.505747E-1
1.158600E-2 -2.193396E+0 1.168822E-1
1.158700E-2 -2.529783E+0 7.897807E-2
1.158800E-2 -2.529783E+0 3.686242E-2
1.158900E-2 -2.193396E+0 -1.041670E-3
1.159000E-2 -1.646766E+0 -3.052263E-2
1.159100E-2 -9.319437E-1 -5.579202E-2
1.159200E-2 -4.892732E-2 -7.263828E-2
1.159300E-2 8.340890E-1 -7.263828E-2
1.159400E-2 1.590960E+0 -6.842672E-2
1.159500E-2 2.179638E+0 -5.158046E-2
1.159600E-2 2.473977E+0 -3.052263E-2
1.159700E-2 2.516025E+0 -1.041670E-3
1.159800E-2 2.263735E+0 1.580459E-2
1.159900E-2 1.675057E+0 3.686242E-2
1.160000E-2 9.602342E-1 4.949712E-2
1.160100E-2 1.192663E-1 4.949712E-2
1.160200E-2 -7.637501E-1 4.528555E-2
1.160300E-2 -1.520621E+0 2.001616E-2
1.160400E-2 -2.109299E+0 -5.253235E-3
1.160500E-2 -2.487734E+0 -3.473419E-2
1.160600E-2 -2.529783E+0 -7.684985E-2
1.160700E-2 -2.277492E+0 -1.147539E-1
1.160800E-2 -1.772912E+0 -1.484465E-1
1.160900E-2 -1.058089E+0 -1.737159E-1
1.161000E-2 -2.171209E-1 -1.695043E-1
1.161100E-2 6.658955E-1 -1.526580E-1
1.161200E-2 1.464815E+0 -1.105424E-1
1.161300E-2 2.095541E+0 -5.579202E-2
1.161400E-2 2.431928E+0 3.169895E-3
1.161500E-2 2.516025E+0 4.949712E-2
1.161600E-2 2.305783E+0 1.042475E-1
1.161700E-2 1.843251E+0 1.253053E-1
1.161800E-2 1.128428E+0 1.379400E-1
1.161900E-2 2.454115E-1 1.379400E-1
1.162000E-2 -5.955565E-1 1.295169E-1
1.162100E-2 -1.394476E+0 1.168822E-1
1.162200E-2 -2.025202E+0 8.318964E-2
1.162300E-2 -2.445686E+0 4.528555E-2
1.162400E-2 -2.571831E+0 3.169895E-3
1.162500E-2 -2.361589E+0 -3.052263E-2
1.162600E-2 -1.899057E+0 -6.421515E-2
1.162700E-2 -1.184234E+0 -9.369611E-2
1.162800E-2 -3.432661E-1 -1.105424E-1
1.162900E-2 4.977019E-1 -1.189655E-1
1.163000E-2 1.338670E+0 -1.147539E-1
1.163100E-2 2.011444E+0 -9.790768E-2
1.163200E-2 2.431928E+0 -7.684985E-2
1.163300E-2 2.516025E+0 -5.158046E-2
1.163400E-2 2.347831E+0 -2.209950E-2
1.163500E-2 1.927347E+0 -1.041670E-3
1.163600E-2 1.254573E+0 7.381461E-3
1.163700E-2 4.136051E-1 1.580459E-2
1.163800E-2 -4.273629E-1 1.580459E-2
1.163900E-2 -1.268331E+0 -1.041670E-3
1.164000E-2 -1.941105E+0 -1.788793E-2
1.164100E-2 -2.361589E+0 -5.158046E-2
1.164200E-2 -2.529783E+0 -9.369611E-2
1.164300E-2 -2.403638E+0 -1.316002E-1
1.164400E-2 -2.025202E+0 -1.526580E-1
1.164500E-2 -1.352428E+0 -1.526580E-1
1.164600E-2 -5.535081E-1 -1.316002E-1
1.164700E-2 3.295083E-1 -8.527298E-2
1.164800E-2 1.170476E+0 -3.052263E-2
1.164900E-2 1.843251E+0 2.422772E-2
1.165000E-2 2.347831E+0 7.476651E-2
1.165100E-2 2.516025E+0 1.253053E-1
1.165200E-2 2.431928E+0 1.547863E-1
1.165300E-2 2.011444E+0 1.716325E-1
1.165400E-2 1.380718E+0 1.884788E-1
1.165500E-2 5.817987E-1 1.926903E-1
1.165600E-2 -3.012177E-1 1.884788E-1
1.165700E-2 -1.100137E+0 1.674209E-1
1.165800E-2 -1.814960E+0 1.421516E-1
1.165900E-2 -2.361589E+0 1.042475E-1
1.166000E-2 -2.529783E+0 6.634338E-2
1.166100E-2 -2.445686E+0 2.422772E-2
1.166200E-2 -2.067250E+0 -9.464801E-3
1.166300E-2 -1.436524E+0 -3.894576E-2
1.166400E-2 -6.796533E-1 -6.421515E-2
1.166500E-2 1.613147E-1 -7.263828E-2
1.166600E-2 1.044331E+0 -7.263828E-2
1.166700E-2 1.759154E+0 -6.421515E-2
1.166800E-2 2.263735E+0 -4.736889E-2
1.166900E-2 2.516025E+0 -2.631106E-2
1.167000E-2 2.473977E+0 -1.041670E-3
1.167100E-2 2.095541E+0 2.001616E-2
1.167200E-2 1.506863E+0 3.686242E-2
1.167300E-2 7.499922E-1 4.949712E-2
1.167400E-2 -1.330241E-1 5.370868E-2
1.167500E-2 -9.739921E-1 3.686242E-2
1.167600E-2 -1.688815E+0 1.580459E-2
1.167700E-2 -2.277492E+0 -1.367637E-2
1.167800E-2 -2.529783E+0 -4.736889E-2
1.167900E-2 -2.487734E+0 -8.948455E-2
1.168000E-2 -2.151347E+0 -1.273886E-1
1.168100E-2 -1.604718E+0 -1.610812E-1
1.168200E-2 -8.478469E-1 -1.779274E-1
1.168300E-2 3.516947E-2 -1.695043E-1
1.168400E-2 9.181858E-1 -1.442349E-1
1.168500E-2 1.675057E+0 -9.369611E-2
1.168600E-2 2.179638E+0 -3.894576E-2
1.168700E-2 2.516025E+0 1.580459E-2
1.168800E-2 2.516025E+0 6.634338E-2
1.168900E-2 2.179638E+0 1.084590E-1
1.169000E-2 1.675057E+0 1.295169E-1
1.169100E-2 8.761374E-1 1.379400E-1
1.169200E-2 3.516947E-2 1.379400E-1
1.169300E-2 -8.478469E-1 1.253053E-1
1.169400E-2 -1.604718E+0 1.042475E-1
1.169500E-2 -2.193396E+0 7.476651E-2
1.169600E-2 -2.529783E+0 3.686242E-2
1.169700E-2 -2.529783E+0 -5.253235E-3
1.169800E-2 -2.235444E+0 -3.894576E-2
1.169900E-2 -1.688815E+0 -7.684985E-2
1.170000E-2 -1.016040E+0 -9.790768E-2
1.170100E-2 -1.330241E-1 -1.147539E-1
1.170200E-2 7.499922E-1 -1.189655E-1
1.170300E-2 1.506863E+0 -1.147539E-1
1.170400E-2 2.137589E+0 -9.790768E-2
1.170500E-2 2.473977E+0 -6.842672E-2
1.170600E-2 2.516025E+0 -4.315732E-2
1.170700E-2 2.263735E+0 -1.367637E-2
1.170800E-2 1.759154E+0 -1.041670E-3
1.170900E-2 1.002283E+0 1.580459E-2
1.171000E-2 2.033631E-1 2.001616E-2
1.171100E-2 -6.796533E-1 1.159303E-2
1.171200E-2 -1.478573E+0 -9.464801E-3
1.171300E-2 -2.067250E+0 -3.052263E-2
1.171400E-2 -2.445686E+0 -6.421515E-2
1.171500E-2 -2.529783E+0 -1.021192E-1
1.171600E-2 -2.319541E+0 -1.400233E-1
1.171700E-2 -1.814960E+0 -1.526580E-1
1.171800E-2 -1.142186E+0 -1.484465E-1
1.171900E-2 -2.591693E-1 -1.189655E-1
1.172000E-2 5.817987E-1 -6.842672E-2
1.172100E-2 1.380718E+0 -1.367637E-2
1.172200E-2 2.053493E+0 3.686242E-2
1.172300E-2 2.431928E+0 9.161277E-2
1.172400E-2 2.516025E+0 1.337284E-1
1.172500E-2 2.347831E+0 1.589978E-1
1.172600E-2 1.885299E+0 1.800556E-1
1.172700E-2 1.170476E+0 1.926903E-1
1.172800E-2 3.715567E-1 1.969019E-1
1.172900E-2 -5.114597E-1 1.884788E-1
1.173000E-2 -1.310379E+0 1.632094E-1
1.173100E-2 -1.983154E+0 1.337284E-1
1.173200E-2 -2.403638E+0 9.582434E-2
1.173300E-2 -2.529783E+0 5.370868E-2
1.173400E-2 -2.361589E+0 1.580459E-2
1.173500E-2 -1.941105E+0 -1.788793E-2
1.173600E-2 -1.268331E+0 -4.736889E-2
1.173700E-2 -4.273629E-1 -6.421515E-2
1.173800E-2 4.136051E-1 -7.684985E-2
1.173900E-2 1.254573E+0 -6.842672E-2
1.174000E-2 1.927347E+0 -6.000359E-2
1.174100E-2 2.389880E+0 -4.315732E-2
1.174200E-2 2.516025E+0 -1.788793E-2
1.174300E-2 2.389880E+0 3.169895E-3
1.174400E-2 1.969396E+0 2.843929E-2
1.174500E-2 1.338670E+0 4.528555E-2
1.174600E-2 4.977019E-1 5.370868E-2
1.174700E-2 -3.432661E-1 4.949712E-2
1.174800E-2 -1.184234E+0 3.686242E-2
1.174900E-2 -1.857008E+0 7.381461E-3
1.175000E-2 -2.361589E+0 -2.209950E-2
1.175100E-2 -2.529783E+0 -6.000359E-2
1.175200E-2 -2.403638E+0 -9.790768E-2
1.175300E-2 -2.025202E+0 -1.358118E-1
1.175400E-2 -1.394476E+0 -1.652927E-1
1.175500E-2 -5.955565E-1 -1.779274E-1
1.175600E-2 2.874599E-1 -1.652927E-1
1.175700E-2 1.128428E+0 -1.358118E-1
1.175800E-2 1.843251E+0 -8.106141E-2
1.175900E-2 2.305783E+0 -2.209950E-2
1.176000E-2 2.516025E+0 2.843929E-2
1.176100E-2 2.431928E+0 8.318964E-2
1.176200E-2 2.095541E+0 1.168822E-1
1.176300E-2 1.422767E+0 1.337284E-1
1.176400E-2 6.658955E-1 1.379400E-1
1.176500E-2 -1.750725E-1 1.379400E-1
1.176600E-2 -1.016040E+0 1.210937E-1
1.176700E-2 -1.772912E+0 1.000359E-1
1.176800E-2 -2.277492E+0 6.634338E-2
1.176900E-2 -2.529783E+0 2.001616E-2
1.177000E-2 -2.487734E+0 -1.367637E-2
1.177100E-2 -2.109299E+0 -4.736889E-2
1.177200E-2 -1.520621E+0 -8.106141E-2
1.177300E-2 -7.637501E-1 -1.063308E-1
1.177400E-2 1.192663E-1 -1.147539E-1
1.177500E-2 9.602342E-1 -1.189655E-1
1.177600E-2 1.717105E+0 -1.063308E-1
1.177700E-2 2.263735E+0 -8.527298E-2
1.177800E-2 2.516025E+0 -6.000359E-2
1.177900E-2 2.516025E+0 -3.473419E-2
1.178000E-2 2.179638E+0 -9.464801E-3
1.178100E-2 1.590960E+0 3.169895E-3
1.178200E-2 8.340890E-1 1.580459E-2
1.178300E-2 -4.892732E-2 2.001616E-2
1.178400E-2 -8.898953E-1 7.381461E-3
1.178500E-2 -1.646766E+0 -9.464801E-3
1.178600E-2 -2.193396E+0 -3.473419E-2
1.178700E-2 -2.529783E+0 -7.684985E-2
1.178800E-2 -2.529783E+0 -1.147539E-1
1.178900E-2 -2.193396E+0 -1.484465E-1
1.179000E-2 -1.646766E+0 -1.568696E-1
1.179100E-2 -9.319437E-1 -1.442349E-1
1.179200E-2 -4.892732E-2 -1.105424E-1
1.179300E-2 8.340890E-1 -5.579202E-2
1.179400E-2 1.590960E+0 3.169895E-3
1.179500E-2 2.179638E+0 4.949712E-2
1.179600E-2 2.516025E+0 1.126706E-1
1.179700E-2 2.516025E+0 1.421516E-1
1.179800E-2 2.221686E+0 1.674209E-1
1.179900E-2 1.675057E+0 1.842672E-1
1.180000E-2 1.002283E+0 1.926903E-1
1.180100E-2 1.192663E-1 1.926903E-1
1.180200E-2 -7.637501E-1 1.800556E-1
1.180300E-2 -1.520621E+0 1.547863E-1
1.180400E-2 -2.109299E+0 1.210937E-1
1.180500E-2 -2.487734E+0 8.318964E-2
1.180600E-2 -2.529783E+0 4.528555E-2
1.180700E-2 -2.277492E+0 3.169895E-3
1.180800E-2 -1.730863E+0 -2.209950E-2
1.180900E-2 -1.058089E+0 -5.158046E-2
1.181000E-2 -2.171209E-1 -6.842672E-2
1.181100E-2 6.658955E-1 -7.684985E-2
1.181200E-2 1.464815E+0 -6.842672E-2
1.181300E-2 2.095541E+0 -6.000359E-2
1.181400E-2 2.473977E+0 -3.473419E-2
1.181500E-2 2.558073E+0 -5.253235E-3
1.181600E-2 2.305783E+0 1.159303E-2
1.181700E-2 1.801202E+0 3.265085E-2
1.181800E-2 1.086379E+0 4.949712E-2
1.181900E-2 2.874599E-1 5.370868E-2
1.182000E-2 -5.955565E-1 4.949712E-2
1.182100E-2 -1.394476E+0 2.422772E-2
1.182200E-2 -2.025202E+0 -1.041670E-3
1.182300E-2 -2.445686E+0 -3.052263E-2
1.182400E-2 -2.529783E+0 -6.842672E-2
1.182500E-2 -2.361589E+0 -1.105424E-1
1.182600E-2 -1.899057E+0 -1.442349E-1
1.182700E-2 -1.184234E+0 -1.737159E-1
1.182800E-2 -3.853145E-1 -1.779274E-1
1.182900E-2 4.977019E-1 -1.610812E-1
1.183000E-2 1.296621E+0 -1.189655E-1
1.183100E-2 2.011444E+0 -6.421515E-2
1.183200E-2 2.431928E+0 -5.253235E-3
1.183300E-2 2.558073E+0 4.107398E-2
1.183400E-2 2.347831E+0 9.582434E-2
1.183500E-2 1.927347E+0 1.210937E-1
1.183600E-2 1.254573E+0 1.379400E-1
1.183700E-2 4.556535E-1 1.379400E-1
1.183800E-2 -4.273629E-1 1.337284E-1
1.183900E-2 -1.226282E+0 1.168822E-1
1.184000E-2 -1.899057E+0 9.161277E-2
1.184100E-2 -2.361589E+0 5.370868E-2
1.184200E-2 -2.529783E+0 1.580459E-2
1.184300E-2 -2.403638E+0 -2.209950E-2
1.184400E-2 -1.983154E+0 -5.579202E-2
1.184500E-2 -1.352428E+0 -8.948455E-2
1.184600E-2 -5.114597E-1 -1.105424E-1
1.184700E-2 3.295083E-1 -1.189655E-1
1.184800E-2 1.170476E+0 -1.147539E-1
1.184900E-2 1.885299E+0 -1.021192E-1
1.185000E-2 2.347831E+0 -8.106141E-2
1.185100E-2 2.558073E+0 -5.158046E-2
1.185200E-2 2.431928E+0 -2.631106E-2
1.185300E-2 2.011444E+0 -1.041670E-3
1.185400E-2 1.338670E+0 7.381461E-3
1.185500E-2 5.817987E-1 1.580459E-2
1.185600E-2 -2.591693E-1 1.580459E-2
1.185700E-2 -1.142186E+0 3.169895E-3
1.185800E-2 -1.814960E+0 -9.464801E-3
1.185900E-2 -2.319541E+0 -4.736889E-2
1.186000E-2 -2.529783E+0 -8.527298E-2
1.186100E-2 -2.445686E+0 -1.231771E-1
1.186200E-2 -2.067250E+0 -1.484465E-1
1.186300E-2 -1.436524E+0 -1.568696E-1
1.186400E-2 -6.796533E-1 -1.358118E-1
1.186500E-2 2.033631E-1 -9.369611E-2
1.186600E-2 1.044331E+0 -3.473419E-2
1.186700E-2 1.759154E+0 1.580459E-2
1.186800E-2 2.263735E+0 6.634338E-2
1.186900E-2 2.516025E+0 1.210937E-1
1.187000E-2 2.473977E+0 1.505747E-1
1.187100E-2 2.095541E+0 1.716325E-1
1.187200E-2 1.506863E+0 1.842672E-1
1.187300E-2 7.499922E-1 1.969019E-1
1.187400E-2 -1.330241E-1 1.926903E-1
1.187500E-2 -9.739921E-1 1.758441E-1
1.187600E-2 -1.688815E+0 1.463631E-1
1.187700E-2 -2.235444E+0 1.126706E-1
1.187800E-2 -2.529783E+0 7.476651E-2
1.187900E-2 -2.487734E+0 3.265085E-2
1.188000E-2 -2.151347E+0 -5.253235E-3
1.188100E-2 -1.562670E+0 -3.473419E-2
1.188200E-2 -8.478469E-1 -5.579202E-2
1.188300E-2 3.516947E-2 -7.263828E-2
1.188400E-2 9.181858E-1 -7.263828E-2
1.188500E-2 1.633009E+0 -6.842672E-2
1.188600E-2 2.179638E+0 -5.158046E-2
1.188700E-2 2.516025E+0 -3.052263E-2
1.188800E-2 2.473977E+0 -1.041670E-3
1.188900E-2 2.179638E+0 1.580459E-2
1.189000E-2 1.633009E+0 3.686242E-2
1.189100E-2 9.181858E-1 4.949712E-2
1.189200E-2 -6.878924E-3 5.370868E-2
1.189300E-2 -8.478469E-1 4.107398E-2
1.189400E-2 -1.562670E+0 2.422772E-2
1.189500E-2 -2.151347E+0 -9.464801E-3
1.189600E-2 -2.487734E+0 -4.315732E-2
1.189700E-2 -2.529783E+0 -8.106141E-2
1.189800E-2 -2.235444E+0 -1.189655E-1
1.189900E-2 -1.730863E+0 -1.526580E-1
1.190000E-2 -1.016040E+0 -1.779274E-1
1.190100E-2 -1.330241E-1 -1.695043E-1
1.190200E-2 7.499922E-1 -1.484465E-1
1.190300E-2 1.506863E+0 -1.063308E-1
1.190400E-2 2.137589E+0 -4.736889E-2
1.190500E-2 2.473977E+0 3.169895E-3
1.190600E-2 2.516025E+0 5.370868E-2
1.190700E-2 2.263735E+0 1.042475E-1
1.190800E-2 1.759154E+0 1.295169E-1
1.190900E-2 1.044331E+0 1.379400E-1
1.191000E-2 2.033631E-1 1.421516E-1
1.191100E-2 -6.796533E-1 1.295169E-1
1.191200E-2 -1.436524E+0 1.126706E-1
1.191300E-2 -2.109299E+0 8.318964E-2
1.191400E-2 -2.445686E+0 4.107398E-2
1.191500E-2 -2.529783E+0 3.169895E-3
1.191600E-2 -2.319541E+0 -3.052263E-2
1.191700E-2 -1.814960E+0 -6.421515E-2
1.191800E-2 -1.100137E+0 -9.369611E-2
1.191900E-2 -3.012177E-1 -1.105424E-1
1.192000E-2 5.817987E-1 -1.189655E-1
1.192100E-2 1.380718E+0 -1.147539E-1
1.192200E-2 2.011444E+0 -9.790768E-2
1.192300E-2 2.389880E+0 -7.684985E-2
1.192400E-2 2.516025E+0 -4.736889E-2
1.192500E-2 2.347831E+0 -1.788793E-2
1.192600E-2 1.843251E+0 3.169895E-3
1.192700E-2 1.170476E+0 1.580459E-2
1.192800E-2 3.295083E-1 1.580459E-2
1.192900E-2 -5.114597E-1 1.580459E-2
1.193000E-2 -1.310379E+0 -5.253235E-3
1.193100E-2 -1.983154E+0 -2.631106E-2
1.193200E-2 -2.403638E+0 -6.000359E-2
1.193300E-2 -2.529783E+0 -9.790768E-2
1.193400E-2 -2.361589E+0 -1.358118E-1
1.193500E-2 -1.941105E+0 -1.526580E-1
1.193600E-2 -1.268331E+0 -1.526580E-1
1.193700E-2 -4.273629E-1 -1.273886E-1
1.193800E-2 4.136051E-1 -8.106141E-2
1.193900E-2 1.254573E+0 -2.209950E-2
1.194000E-2 1.927347E+0 2.843929E-2
1.194100E-2 2.347831E+0 7.897807E-2
1.194200E-2 2.516025E+0 1.295169E-1
1.194300E-2 2.431928E+0 1.547863E-1
1.194400E-2 1.969396E+0 1.758441E-1
1.194500E-2 1.338670E+0 1.884788E-1
1.194600E-2 4.977019E-1 1.926903E-1
1.194700E-2 -3.432661E-1 1.842672E-1
1.194800E-2 -1.184234E+0 1.674209E-1
1.194900E-2 -1.857008E+0 1.379400E-1
1.195000E-2 -2.361589E+0 1.042475E-1
1.195100E-2 -2.529783E+0 6.213181E-2
1.195200E-2 -2.445686E+0 2.001616E-2
1.195300E-2 -2.025202E+0 -1.367637E-2
1.195400E-2 -1.394476E+0 -4.315732E-2
1.195500E-2 -5.955565E-1 -6.421515E-2
1.195600E-2 2.874599E-1 -7.263828E-2
1.195700E-2 1.086379E+0 -7.263828E-2
1.195800E-2 1.801202E+0 -6.421515E-2
1.195900E-2 2.347831E+0 -4.315732E-2
1.196000E-2 2.516025E+0 -2.209950E-2
1.196100E-2 2.431928E+0 3.169895E-3
1.196200E-2 2.053493E+0 2.001616E-2
1.196300E-2 1.464815E+0 3.686242E-2
1.196400E-2 6.658955E-1 4.949712E-2
1.196500E-2 -1.750725E-1 4.949712E-2
1.196600E-2 -1.016040E+0 3.686242E-2
1.196700E-2 -1.772912E+0 1.159303E-2
1.196800E-2 -2.277492E+0 -1.367637E-2
1.196900E-2 -2.529783E+0 -5.158046E-2
1.197000E-2 -2.445686E+0 -9.369611E-2
1.197100E-2 -2.109299E+0 -1.316002E-1
1.197200E-2 -1.520621E+0 -1.610812E-1
1.197300E-2 -7.637501E-1 -1.779274E-1
1.197400E-2 1.192663E-1 -1.695043E-1
1.197500E-2 9.602342E-1 -1.400233E-1
1.197600E-2 1.717105E+0 -9.369611E-2
1.197700E-2 2.263735E+0 -3.473419E-2
1.197800E-2 2.516025E+0 2.001616E-2
1.197900E-2 2.473977E+0 6.634338E-2
1.198000E-2 2.137589E+0 1.126706E-1
1.198100E-2 1.590960E+0 1.295169E-1
1.198200E-2 7.920406E-1 1.379400E-1
1.198300E-2 -6.878924E-3 1.379400E-1
1.198400E-2 -8.898953E-1 1.253053E-1
1.198500E-2 -1.646766E+0 1.042475E-1
1.198600E-2 -2.193396E+0 7.055494E-2
1.198700E-2 -2.529783E+0 3.265085E-2
1.198800E-2 -2.529783E+0 -9.464801E-3
1.198900E-2 -2.193396E+0 -4.315732E-2
1.199000E-2 -1.688815E+0 -7.684985E-2
1.199100E-2 -9.319437E-1 -9.790768E-2
1.199200E-2 -4.892732E-2 -1.147539E-1
1.199300E-2 8.340890E-1 -1.189655E-1
1.199400E-2 1.590960E+0 -1.105424E-1
1.199500E-2 2.179638E+0 -9.369611E-2
1.199600E-2 2.516025E+0 -6.842672E-2
1.199700E-2 2.516025E+0 -3.894576E-2
1.199800E-2 2.221686E+0 -1.367637E-2
1.199900E-2 1.717105E+0 -1.041670E-3
1.200000E-2 9.602342E-1 1.580459E-2
1.200100E-2 7.721787E-2 1.580459E-2
1.200200E-2 -7.637501E-1 1.159303E-2
1.200300E-2 -1.520621E+0 -5.253235E-3
1.200400E-2 -2.109299E+0 -3.052263E-2
1.200500E-2 -2.445686E+0 -6.842672E-2
1.200600E-2 -2.529783E+0 -1.105424E-1
1.200700E-2 -2.277492E+0 -1.442349E-1
1.200800E-2 -1.772912E+0 -1.568696E-1
1.200900E-2 -1.058089E+0 -1.484465E-1
1.201000E-2 -2.171209E-1 -1.147539E-1
1.201100E-2 6.658955E-1 -6.421515E-2
1.201200E-2 1.464815E+0 -9.464801E-3
1.201300E-2 2.095541E+0 4.107398E-2
1.201400E-2 2.473977E+0 1.000359E-1
1.201500E-2 2.516025E+0 1.379400E-1
1.201600E-2 2.305783E+0 1.632094E-1
1.201700E-2 1.801202E+0 1.800556E-1
1.201800E-2 1.086379E+0 1.926903E-1
1.201900E-2 2.874599E-1 1.926903E-1
1.202000E-2 -5.955565E-1 1.842672E-1
1.202100E-2 -1.394476E+0 1.589978E-1
1.202200E-2 -2.025202E+0 1.295169E-1
1.202300E-2 -2.445686E+0 8.740121E-2
1.202400E-2 -2.529783E+0 5.370868E-2
1.202500E-2 -2.361589E+0 1.159303E-2
1.202600E-2 -1.899057E+0 -1.788793E-2
1.202700E-2 -1.184234E+0 -4.736889E-2
1.202800E-2 -3.853145E-1 -6.421515E-2
1.202900E-2 4.977019E-1 -7.263828E-2
1.203000E-2 1.338670E+0 -7.263828E-2
1.203100E-2 1.969396E+0 -6.000359E-2
1.203200E-2 2.389880E+0 -3.473419E-2
1.203300E-2 2.516025E+0 -1.367637E-2
1.203400E-2 2.389880E+0 7.381461E-3
1.203500E-2 1.927347E+0 3.265085E-2
1.203600E-2 1.254573E+0 4.949712E-2
1.203700E-2 4.556535E-1 5.370868E-2
1.203800E-2 -4.273629E-1 4.949712E-2
1.203900E-2 -1.268331E+0 3.265085E-2
1.204000E-2 -1.941105E+0 3.169895E-3
1.204100E-2 -2.361589E+0 -2.631106E-2
1.204200E-2 -2.529783E+0 -6.421515E-2
1.204300E-2 -2.403638E+0 -1.021192E-1
1.204400E-2 -1.983154E+0 -1.358118E-1
1.204500E-2 -1.352428E+0 -1.652927E-1
1.204600E-2 -5.114597E-1 -1.779274E-1
1.204700E-2 3.295083E-1 -1.652927E-1
1.204800E-2 1.170476E+0 -1.273886E-1
1.204900E-2 1.843251E+0 -8.106141E-2
1.205000E-2 2.347831E+0 -1.788793E-2
1.205100E-2 2.558073E+0 3.265085E-2
1.205200E-2 2.431928E+0 8.318964E-2
1.205300E-2 2.011444E+0 1.168822E-1
1.205400E-2 1.380718E+0 1.337284E-1
1.205500E-2 5.817987E-1 1.379400E-1
1.205600E-2 -2.591693E-1 1.337284E-1
1.205700E-2 -1.100137E+0 1.210937E-1
1.205800E-2 -1.857008E+0 9.582434E-2
1.205900E-2 -2.319541E+0 6.213181E-2
1.206000E-2 -2.529783E+0 2.001616E-2
1.206100E-2 -2.445686E+0 -1.788793E-2
1.206200E-2 -2.067250E+0 -5.158046E-2
1.206300E-2 -1.478573E+0 -8.527298E-2
1.206400E-2 -6.796533E-1 -1.063308E-1
1.206500E-2 1.613147E-1 -1.189655E-1
1.206600E-2 1.044331E+0 -1.189655E-1
1.206700E-2 1.759154E+0 -1.063308E-1
1.206800E-2 2.263735E+0 -8.948455E-2
1.206900E-2 2.516025E+0 -6.000359E-2
1.207000E-2 2.473977E+0 -3.052263E-2
1.207100E-2 2.095541E+0 -5.253235E-3
1.207200E-2 1.506863E+0 3.169895E-3
1.207300E-2 7.499922E-1 1.580459E-2
1.207400E-2 -1.330241E-1 1.580459E-2
1.207500E-2 -9.739921E-1 7.381461E-3
1.207600E-2 -1.688815E+0 -9.464801E-3
1.207700E-2 -2.277492E+0 -4.315732E-2
1.207800E-2 -2.529783E+0 -7.684985E-2
1.207900E-2 -2.487734E+0 -1.189655E-1
1.208000E-2 -2.193396E+0 -1.484465E-1
1.208100E-2 -1.604718E+0 -1.526580E-1
1.208200E-2 -8.478469E-1 -1.400233E-1
1.208300E-2 3.516947E-2 -1.021192E-1
1.208400E-2 9.181858E-1 -4.736889E-2
1.208500E-2 1.675057E+0 7.381461E-3
1.208600E-2 2.179638E+0 5.370868E-2
1.208700E-2 2.516025E+0 1.168822E-1
1.208800E-2 2.516025E+0 1.421516E-1
1.208900E-2 2.179638E+0 1.674209E-1
1.209000E-2 1.633009E+0 1.842672E-1
1.209100E-2 8.761374E-1 1.926903E-1
1.209200E-2 3.516947E-2 1.926903E-1
1.209300E-2 -8.478469E-1 1.758441E-1
1.209400E-2 -1.604718E+0 1.547863E-1
1.209500E-2 -2.151347E+0 1.210937E-1
1.209600E-2 -2.529783E+0 8.318964E-2
1.209700E-2 -2.529783E+0 4.107398E-2
1.209800E-2 -2.235444E+0 3.169895E-3
1.209900E-2 -1.730863E+0 -3.052263E-2
1.210000E-2 -1.016040E+0 -5.158046E-2
1.210100E-2 -1.330241E-1 -6.842672E-2
1.210200E-2 7.499922E-1 -7.684985E-2
1.210300E-2 1.506863E+0 -6.842672E-2
1.210400E-2 2.095541E+0 -5.579202E-2
1.210500E-2 2.473977E+0 -3.052263E-2
1.210600E-2 2.516025E+0 -9.464801E-3
1.210700E-2 2.263735E+0 1.159303E-2
1.210800E-2 1.759154E+0 3.686242E-2
1.210900E-2 1.002283E+0 4.949712E-2
1.211000E-2 1.613147E-1 5.370868E-2
1.211100E-2 -6.796533E-1 4.528555E-2
1.211200E-2 -1.478573E+0 2.422772E-2
1.211300E-2 -2.067250E+0 -1.041670E-3
1.211400E-2 -2.445686E+0 -3.473419E-2
1.211500E-2 -2.529783E+0 -7.263828E-2
1.211600E-2 -2.319541E+0 -1.147539E-1
1.211700E-2 -1.857008E+0 -1.484465E-1
1.211800E-2 -1.100137E+0 -1.695043E-1
1.211900E-2 -3.012177E-1 -1.737159E-1
1.212000E-2 5.817987E-1 -1.568696E-1
1.212100E-2 1.422767E+0 -1.147539E-1
1.212200E-2 2.053493E+0 -6.421515E-2
1.212300E-2 2.431928E+0 -1.041670E-3
1.212400E-2 2.516025E+0 4.528555E-2
1.212500E-2 2.347831E+0 1.000359E-1
1.212600E-2 1.885299E+0 1.210937E-1
1.212700E-2 1.170476E+0 1.337284E-1
1.212800E-2 3.295083E-1 1.379400E-1
1.212900E-2 -5.114597E-1 1.295169E-1
1.213000E-2 -1.310379E+0 1.168822E-1
1.213100E-2 -1.983154E+0 8.318964E-2
1.213200E-2 -2.403638E+0 4.949712E-2
1.213300E-2 -2.529783E+0 7.381461E-3
1.213400E-2 -2.403638E+0 -3.052263E-2
1.213500E-2 -1.941105E+0 -6.000359E-2
1.213600E-2 -1.268331E+0 -9.369611E-2
1.213700E-2 -4.694113E-1 -1.105424E-1
1.213800E-2 4.136051E-1 -1.189655E-1
1.213900E-2 1.254573E+0 -1.147539E-1
1.214000E-2 1.927347E+0 -1.021192E-1
1.214100E-2 2.347831E+0 -7.684985E-2
1.214200E-2 2.516025E+0 -5.158046E-2
1.214300E-2 2.389880E+0 -2.631106E-2
1.214400E-2 1.969396E+0 3.169895E-3
1.214500E-2 1.296621E+0 7.381461E-3
1.214600E-2 4.977019E-1 1.580459E-2
1.214700E-2 -3.432661E-1 1.580459E-2
1.214800E-2 -1.184234E+0 3.169895E-3
1.214900E-2 -1.857008E+0 -1.788793E-2
1.215000E-2 -2.361589E+0 -4.736889E-2
1.215100E-2 -2.571831E+0 -8.948455E-2
1.215200E-2 -2.445686E+0 -1.273886E-1
1.215300E-2 -2.025202E+0 -1.526580E-1
1.215400E-2 -1.436524E+0 -1.526580E-1
1.215500E-2 -5.955565E-1 -1.358118E-1
1.215600E-2 2.874599E-1 -9.369611E-2
1.215700E-2 1.128428E+0 -3.052263E-2
1.215800E-2 1.843251E+0 2.001616E-2
1.215900E-2 2.305783E+0 7.055494E-2
1.216000E-2 2.516025E+0 1.210937E-1
1.216100E-2 2.431928E+0 1.505747E-1
1.216200E-2 2.053493E+0 1.716325E-1
1.216300E-2 1.422767E+0 1.884788E-1
1.216400E-2 6.658955E-1 1.969019E-1
1.216500E-2 -1.750725E-1 1.884788E-1
1.216600E-2 -1.016040E+0 1.716325E-1
1.216700E-2 -1.730863E+0 1.421516E-1
1.216800E-2 -2.277492E+0 1.084590E-1
1.216900E-2 -2.529783E+0 7.055494E-2
1.217000E-2 -2.445686E+0 3.265085E-2
1.217100E-2 -2.151347E+0 -9.464801E-3
1.217200E-2 -1.520621E+0 -3.473419E-2
1.217300E-2 -7.637501E-1 -6.000359E-2
1.217400E-2 1.192663E-1 -7.263828E-2
1.217500E-2 1.002283E+0 -7.263828E-2
1.217600E-2 1.675057E+0 -6.842672E-2
1.217700E-2 2.221686E+0 -5.158046E-2
1.217800E-2 2.516025E+0 -2.631106E-2
1.217900E-2 2.516025E+0 3.169895E-3
1.218000E-2 2.179638E+0 2.001616E-2
1.218100E-2 1.590960E+0 3.686242E-2
1.218200E-2 8.340890E-1 5.370868E-2
1.218300E-2 -4.892732E-2 4.949712E-2
1.218400E-2 -8.898953E-1 4.107398E-2
1.218500E-2 -1.646766E+0 1.580459E-2
1.218600E-2 -2.193396E+0 -9.464801E-3
1.218700E-2 -2.487734E+0 -4.736889E-2
1.218800E-2 -2.529783E+0 -8.527298E-2
1.218900E-2 -2.193396E+0 -1.231771E-1
1.219000E-2 -1.688815E+0 -1.568696E-1
1.219100E-2 -8.898953E-1 -1.779274E-1
1.219200E-2 -4.892732E-2 -1.695043E-1
1.219300E-2 8.340890E-1 -1.484465E-1
1.219400E-2 1.590960E+0 -1.021192E-1
1.219500E-2 2.179638E+0 -4.736889E-2
1.219600E-2 2.473977E+0 1.159303E-2
1.219700E-2 2.516025E+0 5.792025E-2
1.219800E-2 2.263735E+0 1.042475E-1
1.219900E-2 1.675057E+0 1.253053E-1
1.220000E-2 1.002283E+0 1.379400E-1
1.220100E-2 1.192663E-1 1.379400E-1
1.220200E-2 -7.217017E-1 1.253053E-1
1.220300E-2 -1.520621E+0 1.084590E-1
1.220400E-2 -2.109299E+0 7.476651E-2
1.220500E-2 -2.487734E+0 3.686242E-2
1.220600E-2 -2.529783E+0 -1.041670E-3
1.220700E-2 -2.277492E+0 -3.473419E-2
1.220800E-2 -1.772912E+0 -6.842672E-2
1.220900E-2 -1.058089E+0 -9.790768E-2
1.221000E-2 -2.171209E-1 -1.147539E-1
1.221100E-2 6.658955E-1 -1.189655E-1
1.221200E-2 1.464815E+0 -1.105424E-1
1.221300E-2 2.095541E+0 -9.790768E-2
1.221400E-2 2.473977E+0 -6.842672E-2
1.221500E-2 2.516025E+0 -4.315732E-2
1.221600E-2 2.305783E+0 -1.788793E-2
1.221700E-2 1.801202E+0 -1.041670E-3
1.221800E-2 1.086379E+0 1.580459E-2
1.221900E-2 2.874599E-1 1.580459E-2
1.222000E-2 -5.955565E-1 7.381461E-3
1.222100E-2 -1.394476E+0 -5.253235E-3
1.222200E-2 -2.025202E+0 -2.209950E-2
1.222300E-2 -2.445686E+0 -6.421515E-2
1.222400E-2 -2.529783E+0 -9.790768E-2
1.222500E-2 -2.361589E+0 -1.358118E-1
1.222600E-2 -1.899057E+0 -1.526580E-1
1.222700E-2 -1.184234E+0 -1.526580E-1
1.222800E-2 -3.432661E-1 -1.273886E-1
1.222900E-2 4.977019E-1 -7.684985E-2
1.223000E-2 1.338670E+0 -1.788793E-2
1.223100E-2 1.969396E+0 3.265085E-2
1.223200E-2 2.431928E+0 8.318964E-2
1.223300E-2 2.516025E+0 1.337284E-1
1.223400E-2 2.347831E+0 1.547863E-1
1.223500E-2 1.927347E+0 1.758441E-1
1.223600E-2 1.254573E+0 1.884788E-1
1.223700E-2 4.136051E-1 1.969019E-1
1.223800E-2 -4.273629E-1 1.842672E-1
1.223900E-2 -1.268331E+0 1.632094E-1
1.224000E-2 -1.941105E+0 1.337284E-1
1.224100E-2 -2.361589E+0 1.000359E-1
1.224200E-2 -2.529783E+0 5.792025E-2
1.224300E-2 -2.403638E+0 2.001616E-2
1.224400E-2 -1.983154E+0 -1.367637E-2
1.224500E-2 -1.352428E+0 -4.315732E-2
1.224600E-2 -5.114597E-1 -6.421515E-2
1.224700E-2 3.295083E-1 -7.684985E-2
1.224800E-2 1.170476E+0 -7.263828E-2
1.224900E-2 1.885299E+0 -6.421515E-2
1.225000E-2 2.347831E+0 -4.315732E-2
1.225100E-2 2.558073E+0 -1.788793E-2
1.225200E-2 2.431928E+0 3.169895E-3
1.225300E-2 2.011444E+0 2.422772E-2
1.225400E-2 1.380718E+0 4.107398E-2
1.225500E-2 5.817987E-1 5.370868E-2
1.225600E-2 -2.591693E-1 5.370868E-2
1.225700E-2 -1.100137E+0 3.686242E-2
1.225800E-2 -1.814960E+0 1.580459E-2
1.225900E-2 -2.277492E+0 -1.788793E-2
1.226000E-2 -2.529783E+0 -5.579202E-2
1.226100E-2 -2.445686E+0 -9.790768E-2
1.226200E-2 -2.109299E+0 -1.316002E-1
1.226300E-2 -1.478573E+0 -1.652927E-1
1.226400E-2 -6.796533E-1 -1.779274E-1
1.226500E-2 1.613147E-1 -1.652927E-1
1.226600E-2 1.044331E+0 -1.358118E-1
1.226700E-2 1.759154E+0 -8.527298E-2
1.226800E-2 2.305783E+0 -2.631106E-2
1.226900E-2 2.516025E+0 2.422772E-2
1.227000E-2 2.473977E+0 7.055494E-2
1.227100E-2 2.137589E+0 1.168822E-1
1.227200E-2 1.506863E+0 1.337284E-1
1.227300E-2 7.499922E-1 1.379400E-1
1.227400E-2 -1.330241E-1 1.379400E-1
1.227500E-2 -9.739921E-1 1.253053E-1
1.227600E-2 -1.688815E+0 1.000359E-1
1.227700E-2 -2.235444E+0 7.055494E-2
1.227800E-2 -2.529783E+0 2.422772E-2
1.227900E-2 -2.487734E+0 -9.464801E-3
1.228000E-2 -2.151347E+0 -4.736889E-2
1.228100E-2 -1.604718E+0 -8.106141E-2
1.228200E-2 -8.478469E-1 -1.021192E-1
1.228300E-2 3.516947E-2 -1.147539E-1
1.228400E-2 9.181858E-1 -1.189655E-1
1.228500E-2 1.675057E+0 -1.105424E-1
1.228600E-2 2.221686E+0 -9.369611E-2
1.228700E-2 2.516025E+0 -6.421515E-2
1.228800E-2 2.516025E+0 -3.473419E-2
1.228900E-2 2.221686E+0 -9.464801E-3
1.229000E-2 1.633009E+0 3.169895E-3
1.229100E-2 8.761374E-1 1.580459E-2
1.229200E-2 3.516947E-2 2.001616E-2
1.229300E-2 -8.478469E-1 1.159303E-2
1.229400E-2 -1.562670E+0 -9.464801E-3
1.229500E-2 -2.151347E+0 -3.052263E-2
1.229600E-2 -2.487734E+0 -6.842672E-2
1.229700E-2 -2.487734E+0 -1.105424E-1
1.229800E-2 -2.235444E+0 -1.442349E-1
1.229900E-2 -1.688815E+0 -1.526580E-1
1.230000E-2 -9.739921E-1 -1.442349E-1
1.230100E-2 -1.330241E-1 -1.105424E-1
1.230200E-2 7.499922E-1 -6.000359E-2
1.230300E-2 1.506863E+0 -1.041670E-3
1.230400E-2 2.137589E+0 4.949712E-2
1.230500E-2 2.473977E+0 1.084590E-1
1.230600E-2 2.516025E+0 1.379400E-1
1.230700E-2 2.263735E+0 1.674209E-1
1.230800E-2 1.759154E+0 1.842672E-1
1.230900E-2 1.002283E+0 1.926903E-1
1.231000E-2 1.613147E-1 1.926903E-1
1.231100E-2 -6.796533E-1 1.842672E-1
1.231200E-2 -1.478573E+0 1.589978E-1
1.231300E-2 -2.067250E+0 1.253053E-1
1.231400E-2 -2.445686E+0 8.740121E-2
1.231500E-2 -2.529783E+0 4.949712E-2
1.231600E-2 -2.319541E+0 7.381461E-3
1.231700E-2 -1.857008E+0 -2.209950E-2
1.231800E-2 -1.100137E+0 -4.736889E-2
1.231900E-2 -3.012177E-1 -6.842672E-2
1.232000E-2 5.817987E-1 -7.684985E-2
1.232100E-2 1.380718E+0 -6.842672E-2
1.232200E-2 2.053493E+0 -5.579202E-2
1.232300E-2 2.431928E+0 -3.473419E-2
1.232400E-2 2.516025E+0 -9.464801E-3
1.232500E-2 2.347831E+0 7.381461E-3
1.232600E-2 1.843251E+0 3.265085E-2
1.232700E-2 1.170476E+0 4.949712E-2
1.232800E-2 3.295083E-1 5.370868E-2
1.232900E-2 -5.114597E-1 4.949712E-2
1.233000E-2 -1.310379E+0 2.843929E-2
1.233100E-2 -1.983154E+0 3.169895E-3
1.233200E-2 -2.361589E+0 -2.631106E-2
1.233300E-2 -2.529783E+0 -6.421515E-2
1.233400E-2 -2.361589E+0 -1.063308E-1
1.233500E-2 -1.941105E+0 -1.400233E-1
1.233600E-2 -1.268331E+0 -1.695043E-1
1.233700E-2 -4.694113E-1 -1.779274E-1
1.233800E-2 4.556535E-1 -1.610812E-1
1.233900E-2 1.254573E+0 -1.231771E-1
1.234000E-2 1.927347E+0 -7.263828E-2
1.234100E-2 2.389880E+0 -9.464801E-3
1.234200E-2 2.558073E+0 3.686242E-2
1.234300E-2 2.431928E+0 9.582434E-2
1.234400E-2 2.011444E+0 1.210937E-1
1.234500E-2 1.296621E+0 1.379400E-1
1.234600E-2 4.977019E-1 1.379400E-1
1.234700E-2 -3.432661E-1 1.337284E-1
1.234800E-2 -1.184234E+0 1.210937E-1
1.234900E-2 -1.857008E+0 9.161277E-2
1.235000E-2 -2.361589E+0 5.792025E-2
1.235100E-2 -2.529783E+0 1.580459E-2
1.235200E-2 -2.445686E+0 -1.788793E-2
1.235300E-2 -2.025202E+0 -5.158046E-2
1.235400E-2 -1.394476E+0 -8.527298E-2
1.235500E-2 -5.955565E-1 -1.063308E-1
1.235600E-2 2.454115E-1 -1.189655E-1
1.235700E-2 1.128428E+0 -1.189655E-1
1.235800E-2 1.843251E+0 -1.021192E-1
1.235900E-2 2.305783E+0 -8.527298E-2
1.236000E-2 2.516025E+0 -6.000359E-2
1.236100E-2 2.431928E+0 -3.052263E-2
1.236200E-2 2.095541E+0 -5.253235E-3
1.236300E-2 1.422767E+0 3.169895E-3
1.236400E-2 6.658955E-1 1.580459E-2
1.236500E-2 -1.750725E-1 2.001616E-2
1.236600E-2 -1.016040E+0 3.169895E-3
1.236700E-2 -1.772912E+0 -1.367637E-2
1.236800E-2 -2.277492E+0 -4.736889E-2
1.236900E-2 -2.529783E+0 -8.106141E-2
1.237000E-2 -2.487734E+0 -1.189655E-1
1.237100E-2 -2.109299E+0 -1.484465E-1
1.237200E-2 -1.520621E+0 -1.568696E-1
1.237300E-2 -7.637501E-1 -1.358118E-1
1.237400E-2 7.721787E-2 -1.021192E-1
1.237500E-2 9.602342E-1 -4.315732E-2
1.237600E-2 1.717105E+0 7.381461E-3
1.237700E-2 2.263735E+0 6.213181E-2
1.237800E-2 2.516025E+0 1.210937E-1
1.237900E-2 2.516025E+0 1.463631E-1
1.238000E-2 2.179638E+0 1.716325E-1
1.238100E-2 1.590960E+0 1.884788E-1
1.238200E-2 8.340890E-1 1.926903E-1
1.238300E-2 -4.892732E-2 1.926903E-1
1.238400E-2 -8.898953E-1 1.758441E-1
1.238500E-2 -1.604718E+0 1.505747E-1
1.238600E-2 -2.193396E+0 1.168822E-1
1.238700E-2 -2.529783E+0 7.897807E-2
1.238800E-2 -2.487734E+0 3.686242E-2
1.238900E-2 -2.193396E+0 -1.041670E-3
1.239000E-2 -1.646766E+0 -3.052263E-2
1.239100E-2 -9.319437E-1 -5.579202E-2
1.239200E-2 -6.878924E-3 -6.842672E-2
1.239300E-2 8.340890E-1 -7.263828E-2
1.239400E-2 1.590960E+0 -6.842672E-2
1.239500E-2 2.179638E+0 -5.158046E-2
1.239600E-2 2.473977E+0 -3.052263E-2
1.239700E-2 2.516025E+0 -1.041670E-3
1.239800E-2 2.221686E+0 1.580459E-2
1.239900E-2 1.675057E+0 3.686242E-2
1.240000E-2 9.602342E-1 4.949712E-2
1.240100E-2 1.192663E-1 5.370868E-2
1.240200E-2 -7.637501E-1 4.528555E-2
1.240300E-2 -1.520621E+0 2.422772E-2
1.240400E-2 -2.109299E+0 -9.464801E-3
1.240500E-2 -2.487734E+0 -3.894576E-2
1.240600E-2 -2.529783E+0 -8.106141E-2
1.240700E-2 -2.319541E+0 -1.147539E-1
1.240800E-2 -1.772912E+0 -1.484465E-1
1.240900E-2 -1.058089E+0 -1.779274E-1
1.241000E-2 -2.171209E-1 -1.695043E-1
1.241100E-2 6.658955E-1 -1.526580E-1
1.241200E-2 1.464815E+0 -1.105424E-1
1.241300E-2 2.095541E+0 -5.579202E-2
1.241400E-2 2.473977E+0 3.169895E-3
1.241500E-2 2.516025E+0 4.949712E-2
1.241600E-2 2.305783E+0 1.042475E-1
1.241700E-2 1.801202E+0 1.253053E-1
1.241800E-2 1.086379E+0 1.379400E-1
1.241900E-2 2.874599E-1 1.379400E-1
1.242000E-2 -5.955565E-1 1.337284E-1
1.242100E-2 -1.394476E+0 1.168822E-1
1.242200E-2 -2.025202E+0 8.318964E-2
1.242300E-2 -2.445686E+0 4.528555E-2
1.242400E-2 -2.529783E+0 3.169895E-3
1.242500E-2 -2.361589E+0 -3.052263E-2
1.242600E-2 -1.899057E+0 -6.421515E-2
1.242700E-2 -1.184234E+0 -9.790768E-2
1.242800E-2 -3.853145E-1 -1.105424E-1
1.242900E-2 4.977019E-1 -1.189655E-1
1.243000E-2 1.296621E+0 -1.147539E-1
1.243100E-2 2.011444E+0 -9.790768E-2
1.243200E-2 2.389880E+0 -7.684985E-2
1.243300E-2 2.558073E+0 -5.158046E-2
1.243400E-2 2.347831E+0 -2.209950E-2
1.243500E-2 1.927347E+0 3.169895E-3
1.243600E-2 1.254573E+0 7.381461E-3
1.243700E-2 4.136051E-1 2.001616E-2
1.243800E-2 -4.273629E-1 1.580459E-2
1.243900E-2 -1.268331E+0 -1.041670E-3
1.244000E-2 -1.941105E+0 -1.788793E-2
1.244100E-2 -2.361589E+0 -5.158046E-2
1.244200E-2 -2.529783E+0 -9.369611E-2
1.244300E-2 -2.403638E+0 -1.316002E-1
1.244400E-2 -1.983154E+0 -1.526580E-1
1.244500E-2 -1.352428E+0 -1.526580E-1
1.244600E-2 -5.114597E-1 -1.316002E-1
1.244700E-2 3.295083E-1 -8.527298E-2
1.244800E-2 1.170476E+0 -2.631106E-2
1.244900E-2 1.885299E+0 2.422772E-2
1.245000E-2 2.347831E+0 7.476651E-2
1.245100E-2 2.516025E+0 1.253053E-1
1.245200E-2 2.431928E+0 1.505747E-1
1.245300E-2 2.011444E+0 1.716325E-1
1.245400E-2 1.380718E+0 1.884788E-1
1.245500E-2 6.238471E-1 1.969019E-1
1.245600E-2 -3.012177E-1 1.884788E-1
1.245700E-2 -1.100137E+0 1.716325E-1
1.245800E-2 -1.814960E+0 1.421516E-1
1.245900E-2 -2.361589E+0 1.042475E-1
1.246000E-2 -2.529783E+0 6.634338E-2
1.246100E-2 -2.445686E+0 2.422772E-2
1.246200E-2 -2.067250E+0 -1.367637E-2
1.246300E-2 -1.478573E+0 -3.894576E-2
1.246400E-2 -6.796533E-1 -6.000359E-2
1.246500E-2 1.613147E-1 -7.684985E-2
1.246600E-2 1.044331E+0 -7.263828E-2
1.246700E-2 1.759154E+0 -6.421515E-2
1.246800E-2 2.263735E+0 -4.736889E-2
1.246900E-2 2.516025E+0 -2.209950E-2
1.247000E-2 2.473977E+0 -1.041670E-3
1.247100E-2 2.095541E+0 2.001616E-2
1.247200E-2 1.506863E+0 4.107398E-2
1.247300E-2 7.499922E-1 4.949712E-2
1.247400E-2 -1.330241E-1 5.370868E-2
1.247500E-2 -9.739921E-1 3.686242E-2
1.247600E-2 -1.688815E+0 2.001616E-2
1.247700E-2 -2.235444E+0 -1.367637E-2
1.247800E-2 -2.529783E+0 -4.736889E-2
1.247900E-2 -2.487734E+0 -8.948455E-2
1.248000E-2 -2.193396E+0 -1.273886E-1
1.248100E-2 -1.604718E+0 -1.568696E-1
1.248200E-2 -8.478469E-1 -1.779274E-1
1.248300E-2 3.516947E-2 -1.695043E-1
1.248400E-2 9.181858E-1 -1.442349E-1
1.248500E-2 1.675057E+0 -9.790768E-2
1.248600E-2 2.179638E+0 -3.894576E-2
1.248700E-2 2.516025E+0 1.580459E-2
1.248800E-2 2.516025E+0 6.213181E-2
1.248900E-2 2.179638E+0 1.084590E-1
1.249000E-2 1.633009E+0 1.295169E-1
1.249100E-2 9.181858E-1 1.379400E-1
1.249200E-2 3.516947E-2 1.379400E-1
1.249300E-2 -8.478469E-1 1.295169E-1
1.249400E-2 -1.562670E+0 1.042475E-1
1.249500E-2 -2.193396E+0 7.476651E-2
1.249600E-2 -2.487734E+0 3.686242E-2
1.249700E-2 -2.529783E+0 -5.253235E-3
1.249800E-2 -2.235444E+0 -3.894576E-2
1.249900E-2 -1.688815E+0 -7.263828E-2
1.250000E-2 -1.016040E+0 -1.021192E-1
1.250100E-2 -1.330241E-1 -1.147539E-1
1.250200E-2 7.499922E-1 -1.189655E-1
1.250300E-2 1.506863E+0 -1.147539E-1
1.250400E-2 2.095541E+0 -9.790768E-2
1.250500E-2 2.473977E+0 -6.842672E-2
1.250600E-2 2.516025E+0 -4.315732E-2
1.250700E-2 2.263735E+0 -1.788793E-2
1.250800E-2 1.759154E+0 3.169895E-3
1.250900E-2 1.044331E+0 1.159303E-2
1.251000E-2 1.613147E-1 1.580459E-2
1.251100E-2 -6.796533E-1 1.159303E-2
1.251200E-2 -1.436524E+0 -5.253235E-3
1.251300E-2 -2.109299E+0 -2.631106E-2
1.251400E-2 -2.445686E+0 -6.421515E-2
1.251500E-2 -2.571831E+0 -1.021192E-1
1.251600E-2 -2.319541E+0 -1.400233E-1
1.251700E-2 -1.857008E+0 -1.568696E-1
1.251800E-2 -1.100137E+0 -1.484465E-1
1.251900E-2 -3.012177E-1 -1.189655E-1
1.252000E-2 5.817987E-1 -6.842672E-2
1.252100E-2 1.380718E+0 -1.367637E-2
1.252200E-2 2.011444E+0 3.686242E-2
1.252300E-2 2.431928E+0 9.161277E-2
1.252400E-2 2.558073E+0 1.337284E-1
1.252500E-2 2.347831E+0 1.589978E-1
1.252600E-2 1.843251E+0 1.758441E-1
1.252700E-2 1.170476E+0 1.926903E-1
1.252800E-2 3.295083E-1 1.969019E-1
1.252900E-2 -5.114597E-1 1.842672E-1
1.253000E-2 -1.352428E+0 1.589978E-1
1.253100E-2 -2.025202E+0 1.337284E-1
1.253200E-2 -2.361589E+0 9.582434E-2
1.253300E-2 -2.529783E+0 5.792025E-2
1.253400E-2 -2.361589E+0 1.580459E-2
1.253500E-2 -1.941105E+0 -1.788793E-2
1.253600E-2 -1.268331E+0 -4.736889E-2
1.253700E-2 -4.694113E-1 -6.842672E-2
1.253800E-2 4.136051E-1 -7.684985E-2
1.253900E-2 1.254573E+0 -7.263828E-2
1.254000E-2 1.927347E+0 -6.421515E-2
1.254100E-2 2.347831E+0 -3.894576E-2
1.254200E-2 2.516025E+0 -1.788793E-2
1.254300E-2 2.389880E+0 3.169895E-3
1.254400E-2 1.969396E+0 2.843929E-2
1.254500E-2 1.296621E+0 4.528555E-2
1.254600E-2 4.977019E-1 5.370868E-2
1.254700E-2 -3.432661E-1 4.949712E-2
1.254800E-2 -1.184234E+0 3.265085E-2
1.254900E-2 -1.899057E+0 7.381461E-3
1.255000E-2 -2.361589E+0 -2.209950E-2
1.255100E-2 -2.529783E+0 -6.000359E-2
1.255200E-2 -2.445686E+0 -1.021192E-1
1.255300E-2 -2.025202E+0 -1.358118E-1
1.255400E-2 -1.394476E+0 -1.652927E-1
1.255500E-2 -5.955565E-1 -1.779274E-1
1.255600E-2 2.874599E-1 -1.652927E-1
1.255700E-2 1.128428E+0 -1.316002E-1
1.255800E-2 1.843251E+0 -8.106141E-2
1.255900E-2 2.305783E+0 -2.209950E-2
1.256000E-2 2.516025E+0 2.843929E-2
1.256100E-2 2.431928E+0 7.897807E-2
1.256200E-2 2.095541E+0 1.126706E-1
1.256300E-2 1.464815E+0 1.337284E-1
1.256400E-2 6.658955E-1 1.379400E-1
1.256500E-2 -1.750725E-1 1.379400E-1
1.256600E-2 -1.016040E+0 1.210937E-1
1.256700E-2 -1.772912E+0 1.000359E-1
1.256800E-2 -2.277492E+0 6.634338E-2
1.256900E-2 -2.529783E+0 2.422772E-2
1.257000E-2 -2.487734E+0 -1.367637E-2
1.257100E-2 -2.109299E+0 -4.736889E-2
1.257200E-2 -1.520621E+0 -8.106141E-2
1.257300E-2 -7.637501E-1 -1.063308E-1
1.257400E-2 1.192663E-1 -1.189655E-1
1.257500E-2 9.602342E-1 -1.189655E-1
1.257600E-2 1.717105E+0 -1.063308E-1
1.257700E-2 2.263735E+0 -8.948455E-2
1.257800E-2 2.516025E+0 -6.421515E-2
1.257900E-2 2.473977E+0 -3.473419E-2
1.258000E-2 2.137589E+0 -9.464801E-3
1.258100E-2 1.548912E+0 3.169895E-3
1.258200E-2 8.340890E-1 1.580459E-2
1.258300E-2 -4.892732E-2 1.580459E-2
1.258400E-2 -8.898953E-1 7.381461E-3
1.258500E-2 -1.646766E+0 -1.367637E-2
1.258600E-2 -2.193396E+0 -3.473419E-2
1.258700E-2 -2.529783E+0 -7.684985E-2
1.258800E-2 -2.529783E+0 -1.147539E-1
1.258900E-2 -2.193396E+0 -1.484465E-1
1.259000E-2 -1.688815E+0 -1.610812E-1
1.259100E-2 -9.319437E-1 -1.484465E-1
1.259200E-2 -9.097572E-2 -1.105424E-1
1.259300E-2 8.340890E-1 -5.579202E-2
1.259400E-2 1.590960E+0 3.169895E-3
1.259500E-2 2.179638E+0 4.949712E-2
1.259600E-2 2.516025E+0 1.084590E-1
1.259700E-2 2.516025E+0 1.421516E-1
1.259800E-2 2.221686E+0 1.674209E-1
1.259900E-2 1.675057E+0 1.800556E-1
1.260000E-2 1.002283E+0 1.884788E-1
1.260100E-2 1.192663E-1 1.926903E-1
1.260200E-2 -7.637501E-1 1.800556E-1
1.260300E-2 -1.520621E+0 1.547863E-1
1.260400E-2 -2.109299E+0 1.210937E-1
1.260500E-2 -2.487734E+0 8.318964E-2
1.260600E-2 -2.529783E+0 4.528555E-2
1.260700E-2 -2.277492E+0 3.169895E-3
1.260800E-2 -1.772912E+0 -2.631106E-2
1.260900E-2 -1.058089E+0 -5.158046E-2
1.261000E-2 -2.171209E-1 -6.842672E-2
1.261100E-2 6.658955E-1 -7.263828E-2
1.261200E-2 1.464815E+0 -7.263828E-2
1.261300E-2 2.095541E+0 -5.579202E-2
1.261400E-2 2.431928E+0 -3.052263E-2
1.261500E-2 2.516025E+0 -9.464801E-3
1.261600E-2 2.305783E+0 1.159303E-2
1.261700E-2 1.843251E+0 3.686242E-2
1.261800E-2 1.086379E+0 4.949712E-2
1.261900E-2 2.874599E-1 5.370868E-2
1.262000E-2 -5.955565E-1 4.949712E-2
1.262100E-2 -1.394476E+0 2.843929E-2
1.262200E-2 -2.025202E+0 -1.041670E-3
1.262300E-2 -2.445686E+0 -3.052263E-2
1.262400E-2 -2.529783E+0 -7.263828E-2
1.262500E-2 -2.361589E+0 -1.105424E-1
1.262600E-2 -1.857008E+0 -1.484465E-1
1.262700E-2 -1.184234E+0 -1.737159E-1
1.262800E-2 -3.432661E-1 -1.779274E-1
1.262900E-2 4.977019E-1 -1.610812E-1
1.263000E-2 1.338670E+0 -1.189655E-1
1.263100E-2 2.011444E+0 -6.842672E-2
1.263200E-2 2.389880E+0 -9.464801E-3
1.263300E-2 2.516025E+0 4.107398E-2
1.263400E-2 2.347831E+0 9.582434E-2
1.263500E-2 1.927347E+0 1.210937E-1
1.263600E-2 1.254573E+0 1.379400E-1
1.263700E-2 4.136051E-1 1.379400E-1
1.263800E-2 -4.273629E-1 1.295169E-1
1.263900E-2 -1.268331E+0 1.168822E-1
1.264000E-2 -1.941105E+0 8.740121E-2
1.264100E-2 -2.361589E+0 5.370868E-2
1.264200E-2 -2.529783E+0 1.580459E-2
1.264300E-2 -2.361589E+0 -2.209950E-2
1.264400E-2 -1.983154E+0 -6.000359E-2
1.264500E-2 -1.352428E+0 -8.948455E-2
1.264600E-2 -5.114597E-1 -1.105424E-1
1.264700E-2 3.295083E-1 -1.189655E-1
1.264800E-2 1.170476E+0 -1.189655E-1
1.264900E-2 1.885299E+0 -1.021192E-1
1.265000E-2 2.347831E+0 -8.527298E-2
1.265100E-2 2.558073E+0 -5.158046E-2
1.265200E-2 2.431928E+0 -2.631106E-2
1.265300E-2 2.011444E+0 -1.041670E-3
1.265400E-2 1.380718E+0 3.169895E-3
1.265500E-2 5.817987E-1 1.580459E-2
1.265600E-2 -3.012177E-1 1.580459E-2
1.265700E-2 -1.100137E+0 3.169895E-3
1.265800E-2 -1.814960E+0 -1.367637E-2
1.265900E-2 -2.319541E+0 -4.736889E-2
1.266000E-2 -2.529783E+0 -8.527298E-2
1.266100E-2 -2.445686E+0 -1.273886E-1
1.266200E-2 -2.067250E+0 -1.526580E-1
1.266300E-2 -1.436524E+0 -1.526580E-1
1.266400E-2 -6.796533E-1 -1.358118E-1
1.266500E-2 1.613147E-1 -9.369611E-2
1.266600E-2 1.044331E+0 -3.894576E-2
1.266700E-2 1.759154E+0 1.580459E-2
1.266800E-2 2.305783E+0 6.634338E-2
1.266900E-2 2.516025E+0 1.210937E-1
1.267000E-2 2.473977E+0 1.463631E-1
1.267100E-2 2.137589E+0 1.716325E-1
1.267200E-2 1.506863E+0 1.884788E-1
1.267300E-2 7.499922E-1 1.926903E-1
1.267400E-2 -9.097572E-2 1.884788E-1
1.267500E-2 -9.739921E-1 1.716325E-1
1.267600E-2 -1.688815E+0 1.505747E-1
1.267700E-2 -2.235444E+0 1.126706E-1
1.267800E-2 -2.529783E+0 7.476651E-2
1.267900E-2 -2.445686E+0 3.265085E-2
1.268000E-2 -2.193396E+0 -9.464801E-3
1.268100E-2 -1.604718E+0 -3.473419E-2
1.268200E-2 -8.478469E-1 -5.579202E-2
1.268300E-2 3.516947E-2 -7.684985E-2
1.268400E-2 9.181858E-1 -7.684985E-2
1.268500E-2 1.675057E+0 -6.842672E-2
1.268600E-2 2.179638E+0 -5.158046E-2
1.268700E-2 2.516025E+0 -2.631106E-2
1.268800E-2 2.516025E+0 -1.041670E-3
1.268900E-2 2.179638E+0 1.580459E-2
1.269000E-2 1.633009E+0 3.686242E-2
1.269100E-2 8.761374E-1 4.949712E-2
1.269200E-2 3.516947E-2 5.370868E-2
1.269300E-2 -8.057985E-1 4.107398E-2
1.269400E-2 -1.604718E+0 2.001616E-2
1.269500E-2 -2.193396E+0 -9.464801E-3
1.269600E-2 -2.529783E+0 -3.894576E-2
1.269700E-2 -2.529783E+0 -8.106141E-2
1.269800E-2 -2.277492E+0 -1.189655E-1
1.269900E-2 -1.730863E+0 -1.526580E-1
1.270000E-2 -1.016040E+0 -1.779274E-1
1.270100E-2 -1.330241E-1 -1.737159E-1
1.270200E-2 7.499922E-1 -1.526580E-1
1.270300E-2 1.506863E+0 -1.105424E-1
1.270400E-2 2.137589E+0 -5.158046E-2
1.270500E-2 2.473977E+0 3.169895E-3
1.270600E-2 2.516025E+0 5.370868E-2
1.270700E-2 2.263735E+0 1.042475E-1
1.270800E-2 1.759154E+0 1.253053E-1
1.270900E-2 1.044331E+0 1.379400E-1
1.271000E-2 1.613147E-1 1.379400E-1
1.271100E-2 -6.796533E-1 1.295169E-1
1.271200E-2 -1.436524E+0 1.126706E-1
1.271300E-2 -2.067250E+0 7.897807E-2
1.271400E-2 -2.445686E+0 4.107398E-2
1.271500E-2 -2.529783E+0 3.169895E-3
1.271600E-2 -2.319541E+0 -3.052263E-2
1.271700E-2 -1.857008E+0 -6.842672E-2
1.271800E-2 -1.142186E+0 -9.790768E-2
1.271900E-2 -3.012177E-1 -1.147539E-1
1.272000E-2 5.817987E-1 -1.189655E-1
1.272100E-2 1.380718E+0 -1.147539E-1
1.272200E-2 2.011444E+0 -9.790768E-2
1.272300E-2 2.431928E+0 -7.684985E-2
1.272400E-2 2.516025E+0 -4.736889E-2
1.272500E-2 2.347831E+0 -1.788793E-2
1.272600E-2 1.843251E+0 -1.041670E-3
1.272700E-2 1.170476E+0 1.159303E-2
1.272800E-2 3.295083E-1 1.580459E-2
1.272900E-2 -5.114597E-1 1.159303E-2
1.273000E-2 -1.352428E+0 -1.041670E-3
1.273100E-2 -1.983154E+0 -2.209950E-2
1.273200E-2 -2.403638E+0 -5.579202E-2
1.273300E-2 -2.529783E+0 -9.790768E-2
1.273400E-2 -2.361589E+0 -1.358118E-1
1.273500E-2 -1.941105E+0 -1.526580E-1
1.273600E-2 -1.268331E+0 -1.526580E-1
1.273700E-2 -4.694113E-1 -1.316002E-1
1.273800E-2 4.136051E-1 -8.106141E-2
1.273900E-2 1.254573E+0 -2.209950E-2
1.274000E-2 1.927347E+0 2.843929E-2
1.274100E-2 2.347831E+0 7.897807E-2
1.274200E-2 2.516025E+0 1.295169E-1
1.274300E-2 2.389880E+0 1.547863E-1
1.274400E-2 1.969396E+0 1.758441E-1
1.274500E-2 1.296621E+0 1.884788E-1
1.274600E-2 4.977019E-1 1.969019E-1
1.274700E-2 -3.432661E-1 1.884788E-1
1.274800E-2 -1.184234E+0 1.674209E-1
1.274900E-2 -1.857008E+0 1.379400E-1
1.275000E-2 -2.361589E+0 1.042475E-1
1.275100E-2 -2.529783E+0 6.213181E-2
1.275200E-2 -2.403638E+0 2.422772E-2
1.275300E-2 -2.025202E+0 -1.367637E-2
1.275400E-2 -1.394476E+0 -4.315732E-2
1.275500E-2 -5.955565E-1 -6.421515E-2
1.275600E-2 2.874599E-1 -7.684985E-2
1.275700E-2 1.128428E+0 -7.263828E-2
1.275800E-2 1.843251E+0 -6.421515E-2
1.275900E-2 2.305783E+0 -4.736889E-2
1.276000E-2 2.516025E+0 -2.209950E-2
1.276100E-2 2.431928E+0 3.169895E-3
1.276200E-2 2.095541E+0 2.001616E-2
1.276300E-2 1.464815E+0 4.107398E-2
1.276400E-2 6.658955E-1 5.370868E-2
1.276500E-2 -1.750725E-1 4.949712E-2
1.276600E-2 -1.016040E+0 3.686242E-2
1.276700E-2 -1.772912E+0 1.580459E-2
1.276800E-2 -2.277492E+0 -1.367637E-2
1.276900E-2 -2.529783E+0 -5.158046E-2
1.277000E-2 -2.487734E+0 -9.369611E-2
1.277100E-2 -2.151347E+0 -1.316002E-1
1.277200E-2 -1.520621E+0 -1.610812E-1
1.277300E-2 -7.637501E-1 -1.821390E-1
1.277400E-2 1.192663E-1 -1.695043E-1
1.277500E-2 1.002283E+0 -1.400233E-1
1.277600E-2 1.717105E+0 -9.369611E-2
1.277700E-2 2.263735E+0 -3.052263E-2
1.277800E-2 2.516025E+0 2.001616E-2
1.277900E-2 2.516025E+0 6.634338E-2
1.278000E-2 2.179638E+0 1.126706E-1
1.278100E-2 1.590960E+0 1.337284E-1
1.278200E-2 8.340890E-1 1.379400E-1
1.278300E-2 -4.892732E-2 1.379400E-1
1.278400E-2 -8.898953E-1 1.253053E-1
1.278500E-2 -1.646766E+0 1.042475E-1
1.278600E-2 -2.193396E+0 7.055494E-2
1.278700E-2 -2.529783E+0 3.265085E-2
1.278800E-2 -2.529783E+0 -9.464801E-3
1.278900E-2 -2.193396E+0 -4.315732E-2
1.279000E-2 -1.688815E+0 -7.684985E-2
1.279100E-2 -9.319437E-1 -1.021192E-1
1.279200E-2 -4.892732E-2 -1.147539E-1
1.279300E-2 8.340890E-1 -1.189655E-1
1.279400E-2 1.590960E+0 -1.105424E-1
1.279500E-2 2.179638E+0 -9.369611E-2
1.279600E-2 2.516025E+0 -6.421515E-2
1.279700E-2 2.516025E+0 -3.894576E-2
1.279800E-2 2.263735E+0 -1.367637E-2
1.279900E-2 1.717105E+0 3.169895E-3
1.280000E-2 1.002283E+0 1.580459E-2
1.280100E-2 1.192663E-1 2.001616E-2
1.280200E-2 -7.637501E-1 7.381461E-3
1.280300E-2 -1.520621E+0 -9.464801E-3
1.280400E-2 -2.109299E+0 -3.052263E-2
1.280500E-2 -2.487734E+0 -6.842672E-2
1.280600E-2 -2.529783E+0 -1.063308E-1
1.280700E-2 -2.277492E+0 -1.442349E-1
1.280800E-2 -1.772912E+0 -1.526580E-1
1.280900E-2 -1.058089E+0 -1.484465E-1
1.281000E-2 -1.750725E-1 -1.189655E-1
1.281100E-2 6.658955E-1 -6.842672E-2
1.281200E-2 1.464815E+0 -5.253235E-3
1.281300E-2 2.095541E+0 4.528555E-2
1.281400E-2 2.473977E+0 1.000359E-1
1.281500E-2 2.516025E+0 1.379400E-1
1.281600E-2 2.347831E+0 1.632094E-1
1.281700E-2 1.801202E+0 1.800556E-1
1.281800E-2 1.128428E+0 1.884788E-1
1.281900E-2 2.874599E-1 1.926903E-1
1.282000E-2 -5.955565E-1 1.842672E-1
1.282100E-2 -1.394476E+0 1.547863E-1
1.282200E-2 -2.025202E+0 1.295169E-1
1.282300E-2 -2.445686E+0 9.161277E-2
1.282400E-2 -2.529783E+0 5.370868E-2
1.282500E-2 -2.361589E+0 7.381461E-3
1.282600E-2 -1.899057E+0 -1.788793E-2
1.282700E-2 -1.184234E+0 -4.736889E-2
1.282800E-2 -3.432661E-1 -6.842672E-2
1.282900E-2 4.977019E-1 -7.684985E-2
1.283000E-2 1.338670E+0 -7.263828E-2
1.283100E-2 2.011444E+0 -6.421515E-2
1.283200E-2 2.431928E+0 -3.473419E-2
1.283300E-2 2.558073E+0 -1.367637E-2
1.283400E-2 2.347831E+0 3.169895E-3
1.283500E-2 1.927347E+0 2.843929E-2
1.283600E-2 1.254573E+0 4.528555E-2
1.283700E-2 4.136051E-1 5.370868E-2
1.283800E-2 -4.273629E-1 4.949712E-2
1.283900E-2 -1.268331E+0 3.265085E-2
1.284000E-2 -1.941105E+0 7.381461E-3
1.284100E-2 -2.361589E+0 -2.631106E-2
1.284200E-2 -2.529783E+0 -6.421515E-2
1.284300E-2 -2.361589E+0 -1.021192E-1
1.284400E-2 -1.983154E+0 -1.400233E-1
1.284500E-2 -1.310379E+0 -1.652927E-1
1.284600E-2 -5.114597E-1 -1.737159E-1
1.284700E-2 3.295083E-1 -1.652927E-1
1.284800E-2 1.170476E+0 -1.273886E-1
1.284900E-2 1.885299E+0 -7.684985E-2
1.285000E-2 2.347831E+0 -1.788793E-2
1.285100E-2 2.516025E+0 3.265085E-2
1.285200E-2 2.431928E+0 8.740121E-2
1.285300E-2 2.011444E+0 1.168822E-1
1.285400E-2 1.380718E+0 1.337284E-1
1.285500E-2 5.817987E-1 1.379400E-1
1.285600E-2 -3.012177E-1 1.379400E-1
1.285700E-2 -1.142186E+0 1.210937E-1
1.285800E-2 -1.857008E+0 9.161277E-2
1.285900E-2 -2.319541E+0 6.213181E-2
1.286000E-2 -2.529783E+0 2.001616E-2
1.286100E-2 -2.445686E+0 -1.788793E-2
1.286200E-2 -2.067250E+0 -5.158046E-2
1.286300E-2 -1.436524E+0 -8.106141E-2
1.286400E-2 -6.376049E-1 -1.063308E-1
1.286500E-2 2.454115E-1 -1.189655E-1
1.286600E-2 1.044331E+0 -1.189655E-1
1.286700E-2 1.759154E+0 -1.063308E-1
1.286800E-2 2.263735E+0 -8.527298E-2
1.286900E-2 2.516025E+0 -6.000359E-2
1.287000E-2 2.473977E+0 -3.052263E-2
1.287100E-2 2.137589E+0 -5.253235E-3
1.287200E-2 1.506863E+0 3.169895E-3
1.287300E-2 7.499922E-1 2.001616E-2
1.287400E-2 -1.330241E-1 1.580459E-2
1.287500E-2 -9.739921E-1 3.169895E-3
1.287600E-2 -1.688815E+0 -9.464801E-3
1.287700E-2 -2.235444E+0 -4.315732E-2
1.287800E-2 -2.529783E+0 -8.106141E-2
1.287900E-2 -2.487734E+0 -1.189655E-1
1.288000E-2 -2.151347E+0 -1.442349E-1
1.288100E-2 -1.562670E+0 -1.526580E-1
1.288200E-2 -8.478469E-1 -1.358118E-1
1.288300E-2 3.516947E-2 -1.021192E-1
1.288400E-2 9.181858E-1 -4.736889E-2
1.288500E-2 1.675057E+0 7.381461E-3
1.288600E-2 2.221686E+0 5.792025E-2
1.288700E-2 2.516025E+0 1.168822E-1
1.288800E-2 2.516025E+0 1.421516E-1
1.288900E-2 2.221686E+0 1.674209E-1
1.289000E-2 1.675057E+0 1.842672E-1
1.289100E-2 9.181858E-1 1.926903E-1
1.289200E-2 3.516947E-2 1.926903E-1
1.289300E-2 -8.478469E-1 1.758441E-1
1.289400E-2 -1.562670E+0 1.505747E-1
1.289500E-2 -2.193396E+0 1.210937E-1
1.289600E-2 -2.487734E+0 8.318964E-2
1.289700E-2 -2.529783E+0 4.107398E-2
1.289800E-2 -2.235444E+0 3.169895E-3
1.289900E-2 -1.688815E+0 -2.631106E-2
1.290000E-2 -9.739921E-1 -5.158046E-2
1.290100E-2 -1.330241E-1 -6.842672E-2
1.290200E-2 7.499922E-1 -7.263828E-2
1.290300E-2 1.506863E+0 -6.842672E-2
1.290400E-2 2.137589E+0 -5.158046E-2
1.290500E-2 2.473977E+0 -3.052263E-2
1.290600E-2 2.516025E+0 -5.253235E-3
1.290700E-2 2.263735E+0 1.580459E-2
1.290800E-2 1.759154E+0 3.686242E-2
1.290900E-2 1.044331E+0 4.949712E-2
1.291000E-2 2.033631E-1 5.370868E-2
1.291100E-2 -6.796533E-1 4.528555E-2
1.291200E-2 -1.436524E+0 2.422772E-2
1.291300E-2 -2.067250E+0 -1.041670E-3
1.291400E-2 -2.445686E+0 -3.473419E-2
1.291500E-2 -2.529783E+0 -7.263828E-2
1.291600E-2 -2.277492E+0 -1.147539E-1
1.291700E-2 -1.857008E+0 -1.484465E-1
1.291800E-2 -1.100137E+0 -1.779274E-1
1.291900E-2 -3.012177E-1 -1.737159E-1
1.292000E-2 5.817987E-1 -1.568696E-1
1.292100E-2 1.380718E+0 -1.147539E-1
1.292200E-2 2.011444E+0 -6.421515E-2
1.292300E-2 2.431928E+0 -1.041670E-3
1.292400E-2 2.516025E+0 4.528555E-2
1.292500E-2 2.347831E+0 1.042475E-1
1.292600E-2 1.885299E+0 1.210937E-1
1.292700E-2 1.170476E+0 1.379400E-1
1.292800E-2 3.715567E-1 1.379400E-1
1.292900E-2 -5.114597E-1 1.337284E-1
1.293000E-2 -1.310379E+0 1.168822E-1
1.293100E-2 -1.983154E+0 8.740121E-2
1.293200E-2 -2.403638E+0 4.949712E-2
1.293300E-2 -2.529783E+0 1.159303E-2
1.293400E-2 -2.361589E+0 -2.631106E-2
1.293500E-2 -1.941105E+0 -6.000359E-2
1.293600E-2 -1.268331E+0 -8.948455E-2
1.293700E-2 -4.273629E-1 -1.105424E-1
1.293800E-2 4.556535E-1 -1.189655E-1
1.293900E-2 1.254573E+0 -1.147539E-1
1.294000E-2 1.969396E+0 -9.790768E-2
1.294100E-2 2.389880E+0 -7.684985E-2
1.294200E-2 2.516025E+0 -5.158046E-2
1.294300E-2 2.389880E+0 -2.631106E-2
1.294400E-2 1.969396E+0 -1.041670E-3
1.294500E-2 1.296621E+0 7.381461E-3
1.294600E-2 4.977019E-1 2.001616E-2
1.294700E-2 -3.432661E-1 1.580459E-2
1.294800E-2 -1.184234E+0 3.169895E-3
1.294900E-2 -1.857008E+0 -1.788793E-2
1.295000E-2 -2.319541E+0 -5.158046E-2
1.295100E-2 -2.529783E+0 -8.527298E-2
1.295200E-2 -2.403638E+0 -1.273886E-1
1.295300E-2 -2.025202E+0 -1.526580E-1
1.295400E-2 -1.394476E+0 -1.526580E-1
1.295500E-2 -5.955565E-1 -1.316002E-1
1.295600E-2 2.874599E-1 -9.369611E-2
1.295700E-2 1.128428E+0 -3.052263E-2
1.295800E-2 1.843251E+0 2.001616E-2
1.295900E-2 2.305783E+0 7.055494E-2
1.296000E-2 2.516025E+0 1.253053E-1
1.296100E-2 2.431928E+0 1.505747E-1
1.296200E-2 2.095541E+0 1.716325E-1
1.296300E-2 1.464815E+0 1.884788E-1
1.296400E-2 6.658955E-1 1.926903E-1
1.296500E-2 -1.750725E-1 1.884788E-1
1.296600E-2 -1.016040E+0 1.716325E-1
1.296700E-2 -1.772912E+0 1.421516E-1
1.296800E-2 -2.277492E+0 1.084590E-1
1.296900E-2 -2.529783E+0 7.055494E-2
1.297000E-2 -2.445686E+0 3.265085E-2
1.297100E-2 -2.109299E+0 -5.253235E-3
1.297200E-2 -1.520621E+0 -3.473419E-2
1.297300E-2 -7.217017E-1 -5.579202E-2
1.297400E-2 1.613147E-1 -6.842672E-2
1.297500E-2 1.002283E+0 -7.263828E-2
1.297600E-2 1.717105E+0 -6.421515E-2
1.297700E-2 2.263735E+0 -4.736889E-2
1.297800E-2 2.516025E+0 -2.631106E-2
1.297900E-2 2.473977E+0 3.169895E-3
1.298000E-2 2.179638E+0 2.001616E-2
1.298100E-2 1.590960E+0 3.686242E-2
1.298200E-2 8.340890E-1 5.370868E-2
1.298300E-2 -6.878924E-3 5.370868E-2
1.298400E-2 -8.898953E-1 4.107398E-2
1.298500E-2 -1.604718E+0 2.001616E-2
1.298600E-2 -2.193396E+0 -9.464801E-3
1.298700E-2 -2.529783E+0 -4.315732E-2
1.298800E-2 -2.529783E+0 -8.527298E-2
1.298900E-2 -2.193396E+0 -1.231771E-1
1.299000E-2 -1.646766E+0 -1.568696E-1
1.299100E-2 -9.319437E-1 -1.737159E-1
1.299200E-2 -4.892732E-2 -1.695043E-1
1.299300E-2 8.340890E-1 -1.484465E-1
1.299400E-2 1.590960E+0 -1.021192E-1
1.299500E-2 2.179638E+0 -4.736889E-2
1.299600E-2 2.516025E+0 1.159303E-2
1.299700E-2 2.516025E+0 5.792025E-2
1.299800E-2 2.263735E+0 1.084590E-1
1.299900E-2 1.675057E+0 1.295169E-1
1.300000E-2 9.602342E-1 1.379400E-1
1.300100E-2 1.192663E-1 1.379400E-1
1.300200E-2 -7.217017E-1 1.253053E-1
1.300300E-2 -1.520621E+0 1.084590E-1
1.300400E-2 -2.109299E+0 7.476651E-2
1.300500E-2 -2.487734E+0 3.686242E-2
1.300600E-2 -2.529783E+0 -1.041670E-3
1.300700E-2 -2.277492E+0 -3.473419E-2
1.300800E-2 -1.772912E+0 -6.842672E-2
1.300900E-2 -1.058089E+0 -9.790768E-2
1.301000E-2 -2.171209E-1 -1.147539E-1
1.301100E-2 6.658955E-1 -1.189655E-1
1.301200E-2 1.464815E+0 -1.147539E-1
1.301300E-2 2.053493E+0 -9.790768E-2
1.301400E-2 2.431928E+0 -7.263828E-2
1.301500E-2 2.516025E+0 -4.315732E-2
1.301600E-2 2.347831E+0 -1.788793E-2
1.301700E-2 1.843251E+0 -1.041670E-3
1.301800E-2 1.086379E+0 1.159303E-2
1.301900E-2 2.874599E-1 1.580459E-2
1.302000E-2 -5.955565E-1 1.580459E-2
1.302100E-2 -1.394476E+0 -5.253235E-3
1.302200E-2 -2.025202E+0 -2.631106E-2
1.302300E-2 -2.445686E+0 -6.421515E-2
1.302400E-2 -2.529783E+0 -1.021192E-1
1.302500E-2 -2.361589E+0 -1.358118E-1
1.302600E-2 -1.899057E+0 -1.526580E-1
1.302700E-2 -1.184234E+0 -1.484465E-1
1.302800E-2 -3.432661E-1 -1.189655E-1
1.302900E-2 4.977019E-1 -7.263828E-2
1.303000E-2 1.338670E+0 -1.367637E-2
1.303100E-2 2.011444E+0 3.686242E-2
1.303200E-2 2.431928E+0 8.740121E-2
1.303300E-2 2.558073E+0 1.337284E-1
1.303400E-2 2.389880E+0 1.547863E-1
1.303500E-2 1.927347E+0 1.758441E-1
1.303600E-2 1.254573E+0 1.884788E-1
1.303700E-2 4.556535E-1 1.926903E-1
1.303800E-2 -4.273629E-1 1.884788E-1
1.303900E-2 -1.226282E+0 1.674209E-1
1.304000E-2 -1.899057E+0 1.379400E-1
1.304100E-2 -2.361589E+0 1.000359E-1
1.304200E-2 -2.529783E+0 6.213181E-2
1.304300E-2 -2.403638E+0 1.580459E-2
1.304400E-2 -2.025202E+0 -1.788793E-2
1.304500E-2 -1.352428E+0 -4.315732E-2
1.304600E-2 -5.114597E-1 -6.421515E-2
1.304700E-2 3.295083E-1 -7.263828E-2
1.304800E-2 1.170476E+0 -7.263828E-2
1.304900E-2 1.843251E+0 -6.421515E-2
1.305000E-2 2.347831E+0 -4.315732E-2
1.305100E-2 2.516025E+0 -1.788793E-2
1.305200E-2 2.431928E+0 3.169895E-3
1.305300E-2 2.011444E+0 2.422772E-2
1.305400E-2 1.338670E+0 4.528555E-2
1.305500E-2 5.817987E-1 5.370868E-2
1.305600E-2 -3.012177E-1 4.949712E-2
1.305700E-2 -1.100137E+0 3.686242E-2
1.305800E-2 -1.814960E+0 1.159303E-2
1.305900E-2 -2.361589E+0 -1.788793E-2
1.306000E-2 -2.529783E+0 -5.579202E-2
1.306100E-2 -2.445686E+0 -9.790768E-2
1.306200E-2 -2.067250E+0 -1.316002E-1
1.306300E-2 -1.436524E+0 -1.652927E-1
1.306400E-2 -6.796533E-1 -1.779274E-1
1.306500E-2 2.033631E-1 -1.652927E-1
1.306600E-2 1.044331E+0 -1.358118E-1
1.306700E-2 1.759154E+0 -8.527298E-2
1.306800E-2 2.263735E+0 -3.052263E-2
1.306900E-2 2.516025E+0 2.422772E-2
1.307000E-2 2.473977E+0 7.055494E-2
1.307100E-2 2.137589E+0 1.126706E-1
1.307200E-2 1.506863E+0 1.337284E-1
1.307300E-2 7.499922E-1 1.379400E-1
1.307400E-2 -1.330241E-1 1.379400E-1
1.307500E-2 -9.739921E-1 1.253053E-1
1.307600E-2 -1.688815E+0 1.000359E-1
1.307700E-2 -2.235444E+0 7.055494E-2
1.307800E-2 -2.529783E+0 2.843929E-2
1.307900E-2 -2.487734E+0 -1.367637E-2
1.308000E-2 -2.151347E+0 -4.736889E-2
1.308100E-2 -1.604718E+0 -7.684985E-2
1.308200E-2 -8.478469E-1 -1.021192E-1
1.308300E-2 -6.878924E-3 -1.189655E-1
1.308400E-2 9.181858E-1 -1.189655E-1
1.308500E-2 1.675057E+0 -1.105424E-1
1.308600E-2 2.221686E+0 -8.948455E-2
1.308700E-2 2.516025E+0 -6.421515E-2
1.308800E-2 2.516025E+0 -3.473419E-2
1.308900E-2 2.221686E+0 -1.367637E-2
1.309000E-2 1.633009E+0 3.169895E-3
1.309100E-2 8.761374E-1 1.580459E-2
1.309200E-2 -6.878924E-3 2.001616E-2
1.309300E-2 -8.478469E-1 1.159303E-2
1.309400E-2 -1.562670E+0 -9.464801E-3
1.309500E-2 -2.193396E+0 -3.052263E-2
1.309600E-2 -2.529783E+0 -7.263828E-2
1.309700E-2 -2.529783E+0 -1.105424E-1
1.309800E-2 -2.235444E+0 -1.442349E-1
1.309900E-2 -1.730863E+0 -1.568696E-1
1.310000E-2 -1.016040E+0 -1.484465E-1
1.310100E-2 -1.750725E-1 -1.147539E-1
1.310200E-2 7.499922E-1 -6.000359E-2
1.310300E-2 1.506863E+0 -1.041670E-3
1.310400E-2 2.137589E+0 4.528555E-2
1.310500E-2 2.473977E+0 1.042475E-1
1.310600E-2 2.516025E+0 1.379400E-1
1.310700E-2 2.305783E+0 1.674209E-1
1.310800E-2 1.759154E+0 1.800556E-1
1.310900E-2 1.044331E+0 1.926903E-1
1.311000E-2 2.033631E-1 1.926903E-1
1.311100E-2 -6.796533E-1 1.800556E-1
1.311200E-2 -1.478573E+0 1.547863E-1
1.311300E-2 -2.109299E+0 1.253053E-1
1.311400E-2 -2.445686E+0 8.740121E-2
1.311500E-2 -2.529783E+0 4.949712E-2
1.311600E-2 -2.319541E+0 7.381461E-3
1.311700E-2 -1.857008E+0 -2.209950E-2
1.311800E-2 -1.100137E+0 -5.158046E-2
1.311900E-2 -2.591693E-1 -6.842672E-2
1.312000E-2 5.817987E-1 -7.263828E-2
1.312100E-2 1.380718E+0 -6.842672E-2
1.312200E-2 2.011444E+0 -6.000359E-2
1.312300E-2 2.431928E+0 -3.473419E-2
1.312400E-2 2.516025E+0 -9.464801E-3
1.312500E-2 2.305783E+0 7.381461E-3
1.312600E-2 1.843251E+0 3.265085E-2
1.312700E-2 1.170476E+0 4.528555E-2
1.312800E-2 3.295083E-1 5.370868E-2
1.312900E-2 -5.114597E-1 4.949712E-2
1.313000E-2 -1.352428E+0 3.265085E-2
1.313100E-2 -1.983154E+0 3.169895E-3
1.313200E-2 -2.403638E+0 -2.631106E-2
1.313300E-2 -2.571831E+0 -6.842672E-2
1.313400E-2 -2.361589E+0 -1.105424E-1
1.313500E-2 -1.941105E+0 -1.442349E-1
1.313600E-2 -1.268331E+0 -1.695043E-1
1.313700E-2 -4.273629E-1 -1.779274E-1
1.313800E-2 4.136051E-1 -1.652927E-1
1.313900E-2 1.254573E+0 -1.231771E-1
1.314000E-2 1.927347E+0 -7.263828E-2
1.314100E-2 2.389880E+0 -1.367637E-2
1.314200E-2 2.516025E+0 3.686242E-2
1.314300E-2 2.389880E+0 9.161277E-2
1.314400E-2 2.011444E+0 1.210937E-1
1.314500E-2 1.338670E+0 1.379400E-1
1.314600E-2 4.977019E-1 1.379400E-1
1.314700E-2 -3.432661E-1 1.337284E-1
1.314800E-2 -1.184234E+0 1.210937E-1
1.314900E-2 -1.857008E+0 9.161277E-2
1.315000E-2 -2.361589E+0 5.792025E-2
1.315100E-2 -2.529783E+0 1.580459E-2
1.315200E-2 -2.445686E+0 -1.788793E-2
1.315300E-2 -2.025202E+0 -5.579202E-2
1.315400E-2 -1.394476E+0 -8.527298E-2
1.315500E-2 -5.955565E-1 -1.105424E-1
1.315600E-2 2.454115E-1 -1.189655E-1
1.315700E-2 1.086379E+0 -1.147539E-1
1.315800E-2 1.801202E+0 -1.021192E-1
1.315900E-2 2.305783E+0 -8.527298E-2
1.316000E-2 2.516025E+0 -5.579202E-2
1.316100E-2 2.431928E+0 -3.052263E-2
1.316200E-2 2.095541E+0 -5.253235E-3
1.316300E-2 1.422767E+0 7.381461E-3
1.316400E-2 6.658955E-1 1.580459E-2
1.316500E-2 -2.171209E-1 1.580459E-2
1.316600E-2 -1.058089E+0 3.169895E-3
1.316700E-2 -1.772912E+0 -1.367637E-2
1.316800E-2 -2.277492E+0 -4.736889E-2
1.316900E-2 -2.529783E+0 -8.106141E-2
1.317000E-2 -2.487734E+0 -1.189655E-1
1.317100E-2 -2.109299E+0 -1.484465E-1
1.317200E-2 -1.520621E+0 -1.568696E-1
1.317300E-2 -7.637501E-1 -1.358118E-1
1.317400E-2 1.192663E-1 -9.790768E-2
1.317500E-2 1.002283E+0 -4.315732E-2
1.317600E-2 1.675057E+0 7.381461E-3
1.317700E-2 2.221686E+0 5.792025E-2
1.317800E-2 2.516025E+0 1.168822E-1
1.317900E-2 2.473977E+0 1.421516E-1
1.318000E-2 2.137589E+0 1.716325E-1
1.318100E-2 1.590960E+0 1.842672E-1
1.318200E-2 7.920406E-1 1.926903E-1
1.318300E-2 -4.892732E-2 1.884788E-1
1.318400E-2 -9.319437E-1 1.758441E-1
1.318500E-2 -1.646766E+0 1.505747E-1
1.318600E-2 -2.193396E+0 1.168822E-1
1.318700E-2 -2.487734E+0 7.897807E-2
1.318800E-2 -2.529783E+0 3.686242E-2
1.318900E-2 -2.193396E+0 -5.253235E-3
1.319000E-2 -1.646766E+0 -3.052263E-2
1.319100E-2 -8.898953E-1 -5.579202E-2
1.319200E-2 -4.892732E-2 -7.263828E-2
1.319300E-2 8.340890E-1 -7.684985E-2
1.319400E-2 1.590960E+0 -6.842672E-2
1.319500E-2 2.179638E+0 -5.158046E-2
1.319600E-2 2.516025E+0 -3.052263E-2
1.319700E-2 2.516025E+0 -1.041670E-3
1.319800E-2 2.221686E+0 1.580459E-2
1.319900E-2 1.717105E+0 3.686242E-2
1.320000E-2 1.002283E+0 4.949712E-2
1.320100E-2 1.192663E-1 5.370868E-2
1.320200E-2 -7.217017E-1 4.528555E-2
1.320300E-2 -1.520621E+0 2.422772E-2
1.320400E-2 -2.151347E+0 -5.253235E-3
1.320500E-2 -2.487734E+0 -3.473419E-2
1.320600E-2 -2.529783E+0 -7.684985E-2
1.320700E-2 -2.277492E+0 -1.147539E-1
1.320800E-2 -1.772912E+0 -1.484465E-1
1.320900E-2 -1.058089E+0 -1.737159E-1
1.321000E-2 -1.750725E-1 -1.737159E-1
1.321100E-2 6.658955E-1 -1.526580E-1
1.321200E-2 1.464815E+0 -1.105424E-1
1.321300E-2 2.095541E+0 -5.579202E-2
1.321400E-2 2.473977E+0 3.169895E-3
1.321500E-2 2.516025E+0 4.949712E-2
1.321600E-2 2.305783E+0 1.000359E-1
1.321700E-2 1.843251E+0 1.253053E-1
1.321800E-2 1.086379E+0 1.379400E-1
1.321900E-2 2.874599E-1 1.379400E-1
1.322000E-2 -5.955565E-1 1.295169E-1
1.322100E-2 -1.394476E+0 1.126706E-1
1.322200E-2 -2.025202E+0 8.318964E-2
1.322300E-2 -2.445686E+0 4.949712E-2
1.322400E-2 -2.529783E+0 3.169895E-3
1.322500E-2 -2.361589E+0 -3.052263E-2
1.322600E-2 -1.899057E+0 -6.421515E-2
1.322700E-2 -1.184234E+0 -9.369611E-2
1.322800E-2 -3.432661E-1 -1.147539E-1
1.322900E-2 4.977019E-1 -1.189655E-1
1.323000E-2 1.338670E+0 -1.147539E-1
1.323100E-2 1.969396E+0 -9.790768E-2
1.323200E-2 2.389880E+0 -8.106141E-2
1.323300E-2 2.558073E+0 -5.158046E-2
1.323400E-2 2.347831E+0 -2.209950E-2
1.323500E-2 1.927347E+0 -1.041670E-3
1.323600E-2 1.212525E+0 7.381461E-3
1.323700E-2 4.136051E-1 1.580459E-2
1.323800E-2 -4.273629E-1 1.580459E-2
1.323900E-2 -1.268331E+0 -1.041670E-3
1.324000E-2 -1.941105E+0 -1.788793E-2
1.324100E-2 -2.361589E+0 -5.158046E-2
1.324200E-2 -2.529783E+0 -9.790768E-2
1.324300E-2 -2.403638E+0 -1.316002E-1
1.324400E-2 -1.983154E+0 -1.526580E-1
1.324500E-2 -1.310379E+0 -1.526580E-1
1.324600E-2 -5.114597E-1 -1.316002E-1
1.324700E-2 3.715567E-1 -8.527298E-2
1.324800E-2 1.170476E+0 -2.631106E-2
1.324900E-2 1.885299E+0 2.422772E-2
1.325000E-2 2.347831E+0 7.476651E-2
1.325100E-2 2.516025E+0 1.295169E-1
1.325200E-2 2.431928E+0 1.505747E-1
1.325300E-2 2.011444E+0 1.758441E-1
1.325400E-2 1.422767E+0 1.884788E-1
1.325500E-2 5.817987E-1 1.926903E-1
1.325600E-2 -2.591693E-1 1.884788E-1
1.325700E-2 -1.100137E+0 1.716325E-1
1.325800E-2 -1.857008E+0 1.421516E-1
1.325900E-2 -2.319541E+0 1.042475E-1
1.326000E-2 -2.529783E+0 6.634338E-2
1.326100E-2 -2.445686E+0 2.422772E-2
1.326200E-2 -2.067250E+0 -1.367637E-2
1.326300E-2 -1.478573E+0 -3.894576E-2
1.326400E-2 -6.796533E-1 -6.421515E-2
1.326500E-2 1.613147E-1 -7.684985E-2
1.326600E-2 1.044331E+0 -7.263828E-2
1.326700E-2 1.759154E+0 -6.421515E-2
1.326800E-2 2.263735E+0 -4.736889E-2
1.326900E-2 2.516025E+0 -2.209950E-2
1.327000E-2 2.431928E+0 3.169895E-3
1.327100E-2 2.095541E+0 2.001616E-2
1.327200E-2 1.506863E+0 3.686242E-2
1.327300E-2 7.499922E-1 5.370868E-2
1.327400E-2 -1.330241E-1 5.370868E-2
1.327500E-2 -9.739921E-1 4.107398E-2
1.327600E-2 -1.688815E+0 1.580459E-2
1.327700E-2 -2.277492E+0 -1.367637E-2
1.327800E-2 -2.529783E+0 -5.158046E-2
1.327900E-2 -2.487734E+0 -8.948455E-2
1.328000E-2 -2.193396E+0 -1.273886E-1
1.328100E-2 -1.604718E+0 -1.568696E-1
1.328200E-2 -8.478469E-1 -1.779274E-1
1.328300E-2 -6.878924E-3 -1.695043E-1
1.328400E-2 9.181858E-1 -1.442349E-1
1.328500E-2 1.675057E+0 -9.790768E-2
1.328600E-2 2.179638E+0 -3.894576E-2
1.328700E-2 2.516025E+0 1.580459E-2
1.328800E-2 2.516025E+0 6.213181E-2
1.328900E-2 2.179638E+0 1.084590E-1
1.329000E-2 1.633009E+0 1.295169E-1
1.329100E-2 9.181858E-1 1.379400E-1
1.329200E-2 3.516947E-2 1.379400E-1
1.329300E-2 -8.478469E-1 1.295169E-1
1.329400E-2 -1.604718E+0 1.042475E-1
1.329500E-2 -2.151347E+0 7.476651E-2
1.329600E-2 -2.487734E+0 3.686242E-2
1.329700E-2 -2.529783E+0 -5.253235E-3
1.329800E-2 -2.235444E+0 -3.894576E-2
1.329900E-2 -1.730863E+0 -7.263828E-2
1.330000E-2 -9.739921E-1 -1.021192E-1
1.330100E-2 -1.330241E-1 -1.147539E-1
1.330200E-2 7.499922E-1 -1.189655E-1
1.330300E-2 1.506863E+0 -1.147539E-1
1.330400E-2 2.095541E+0 -9.369611E-2
1.330500E-2 2.473977E+0 -6.842672E-2
1.330600E-2 2.516025E+0 -4.315732E-2
1.330700E-2 2.263735E+0 -1.367637E-2
1.330800E-2 1.759154E+0 -1.041670E-3
1.330900E-2 1.044331E+0 1.580459E-2
1.331000E-2 2.033631E-1 1.580459E-2
1.331100E-2 -6.376049E-1 1.159303E-2
1.331200E-2 -1.436524E+0 -5.253235E-3
1.331300E-2 -2.067250E+0 -3.052263E-2
1.331400E-2 -2.445686E+0 -6.421515E-2
1.331500E-2 -2.529783E+0 -1.021192E-1
1.331600E-2 -2.319541E+0 -1.400233E-1
1.331700E-2 -1.814960E+0 -1.526580E-1
1.331800E-2 -1.100137E+0 -1.484465E-1
1.331900E-2 -3.012177E-1 -1.189655E-1
1.332000E-2 6.238471E-1 -6.842672E-2
1.332100E-2 1.380718E+0 -1.367637E-2
1.332200E-2 2.011444E+0 3.686242E-2
1.332300E-2 2.431928E+0 9.161277E-2
1.332400E-2 2.516025E+0 1.337284E-1
1.332500E-2 2.347831E+0 1.589978E-1
1.332600E-2 1.843251E+0 1.800556E-1
1.332700E-2 1.170476E+0 1.926903E-1
1.332800E-2 3.295083E-1 1.926903E-1
1.332900E-2 -5.114597E-1 1.842672E-1
1.333000E-2 -1.310379E+0 1.632094E-1
1.333100E-2 -1.983154E+0 1.337284E-1
1.333200E-2 -2.403638E+0 9.582434E-2
1.333300E-2 -2.529783E+0 5.370868E-2
1.333400E-2 -2.361589E+0 1.580459E-2
1.333500E-2 -1.941105E+0 -1.788793E-2
1.333600E-2 -1.268331E+0 -4.315732E-2
1.333700E-2 -4.273629E-1 -6.421515E-2
1.333800E-2 4.136051E-1 -7.263828E-2
1.333900E-2 1.254573E+0 -6.842672E-2
1.334000E-2 1.927347E+0 -6.421515E-2
1.334100E-2 2.347831E+0 -3.894576E-2
1.334200E-2 2.558073E+0 -1.788793E-2
1.334300E-2 2.389880E+0 3.169895E-3
1.334400E-2 1.969396E+0 2.843929E-2
1.334500E-2 1.338670E+0 4.107398E-2
1.334600E-2 4.977019E-1 4.949712E-2
1.334700E-2 -3.432661E-1 4.949712E-2
1.334800E-2 -1.184234E+0 3.265085E-2
1.334900E-2 -1.857008E+0 7.381461E-3
1.335000E-2 -2.361589E+0 -1.788793E-2
1.335100E-2 -2.529783E+0 -5.579202E-2
1.335200E-2 -2.403638E+0 -9.790768E-2
1.335300E-2 -2.025202E+0 -1.358118E-1
1.335400E-2 -1.394476E+0 -1.652927E-1
1.335500E-2 -5.955565E-1 -1.779274E-1
1.335600E-2 2.874599E-1 -1.652927E-1
1.335700E-2 1.128428E+0 -1.316002E-1
1.335800E-2 1.843251E+0 -8.527298E-2
1.335900E-2 2.347831E+0 -2.209950E-2
1.336000E-2 2.516025E+0 2.843929E-2
1.336100E-2 2.473977E+0 7.897807E-2
1.336200E-2 2.095541E+0 1.168822E-1
1.336300E-2 1.422767E+0 1.337284E-1
1.336400E-2 6.658955E-1 1.379400E-1
1.336500E-2 -1.750725E-1 1.379400E-1
1.336600E-2 -1.016040E+0 1.210937E-1
1.336700E-2 -1.730863E+0 1.000359E-1
1.336800E-2 -2.277492E+0 6.634338E-2
1.336900E-2 -2.529783E+0 2.422772E-2
1.337000E-2 -2.487734E+0 -1.367637E-2
1.337100E-2 -2.109299E+0 -5.158046E-2
1.337200E-2 -1.520621E+0 -8.106141E-2
1.337300E-2 -7.217017E-1 -1.063308E-1
1.337400E-2 1.613147E-1 -1.189655E-1
1.337500E-2 1.002283E+0 -1.189655E-1
1.337600E-2 1.675057E+0 -1.063308E-1
1.337700E-2 2.263735E+0 -8.527298E-2
1.337800E-2 2.516025E+0 -6.421515E-2
1.337900E-2 2.516025E+0 -3.473419E-2
1.338000E-2 2.137589E+0 -9.464801E-3
1.338100E-2 1.590960E+0 3.169895E-3
1.338200E-2 8.340890E-1 1.580459E-2
1.338300E-2 -6.878924E-3 2.001616E-2
1.338400E-2 -8.898953E-1 7.381461E-3
1.338500E-2 -1.646766E+0 -5.253235E-3
1.338600E-2 -2.193396E+0 -3.894576E-2
1.338700E-2 -2.529783E+0 -7.684985E-2
1.338800E-2 -2.487734E+0 -1.147539E-1
1.338900E-2 -2.193396E+0 -1.484465E-1
1.339000E-2 -1.688815E+0 -1.568696E-1
1.339100E-2 -9.319437E-1 -1.442349E-1
1.339200E-2 -4.892732E-2 -1.063308E-1
1.339300E-2 8.340890E-1 -5.158046E-2
1.339400E-2 1.590960E+0 3.169895E-3
1.339500E-2 2.137589E+0 5.370868E-2
1.339600E-2 2.516025E+0 1.126706E-1
1.339700E-2 2.516025E+0 1.421516E-1
1.339800E-2 2.221686E+0 1.674209E-1
1.339900E-2 1.675057E+0 1.842672E-1
1.340000E-2 1.002283E+0 1.926903E-1
1.340100E-2 1.192663E-1 1.926903E-1
1.340200E-2 -7.637501E-1 1.800556E-1
1.340300E-2 -1.520621E+0 1.547863E-1
1.340400E-2 -2.151347E+0 1.210937E-1
1.340500E-2 -2.445686E+0 8.740121E-2
1.340600E-2 -2.529783E+0 4.528555E-2
1.340700E-2 -2.277492E+0 7.381461E-3
1.340800E-2 -1.772912E+0 -2.631106E-2
1.340900E-2 -1.058089E+0 -5.158046E-2
1.341000E-2 -2.171209E-1 -6.842672E-2
1.341100E-2 6.658955E-1 -7.684985E-2
1.341200E-2 1.464815E+0 -6.842672E-2
1.341300E-2 2.095541E+0 -5.579202E-2
1.341400E-2 2.473977E+0 -3.473419E-2
1.341500E-2 2.516025E+0 -9.464801E-3
1.341600E-2 2.305783E+0 1.159303E-2
1.341700E-2 1.843251E+0 3.686242E-2
1.341800E-2 1.128428E+0 4.949712E-2
1.341900E-2 2.874599E-1 5.370868E-2
1.342000E-2 -5.955565E-1 4.949712E-2
1.342100E-2 -1.352428E+0 2.843929E-2
1.342200E-2 -2.025202E+0 -1.041670E-3
1.342300E-2 -2.445686E+0 -3.052263E-2
1.342400E-2 -2.529783E+0 -6.842672E-2
1.342500E-2 -2.361589E+0 -1.105424E-1
1.342600E-2 -1.857008E+0 -1.484465E-1
1.342700E-2 -1.184234E+0 -1.695043E-1
1.342800E-2 -3.853145E-1 -1.779274E-1
1.342900E-2 4.977019E-1 -1.610812E-1
1.343000E-2 1.338670E+0 -1.189655E-1
1.343100E-2 2.011444E+0 -6.842672E-2
1.343200E-2 2.431928E+0 -5.253235E-3
1.343300E-2 2.516025E+0 3.686242E-2
1.343400E-2 2.347831E+0 9.582434E-2
1.343500E-2 1.927347E+0 1.210937E-1
1.343600E-2 1.254573E+0 1.337284E-1
1.343700E-2 4.556535E-1 1.379400E-1
1.343800E-2 -4.273629E-1 1.337284E-1
1.343900E-2 -1.268331E+0 1.168822E-1
1.344000E-2 -1.941105E+0 8.740121E-2
1.344100E-2 -2.361589E+0 5.370868E-2
1.344200E-2 -2.529783E+0 1.580459E-2
1.344300E-2 -2.403638E+0 -2.209950E-2
1.344400E-2 -1.983154E+0 -5.579202E-2
1.344500E-2 -1.352428E+0 -8.948455E-2
1.344600E-2 -5.114597E-1 -1.105424E-1
1.344700E-2 3.715567E-1 -1.189655E-1
1.344800E-2 1.170476E+0 -1.189655E-1
1.344900E-2 1.885299E+0 -1.021192E-1
1.345000E-2 2.347831E+0 -8.106141E-2
1.345100E-2 2.558073E+0 -5.158046E-2
1.345200E-2 2.431928E+0 -2.631106E-2
1.345300E-2 2.011444E+0 -1.041670E-3
1.345400E-2 1.380718E+0 3.169895E-3
1.345500E-2 5.817987E-1 2.001616E-2
1.345600E-2 -2.591693E-1 1.580459E-2
1.345700E-2 -1.100137E+0 3.169895E-3
1.345800E-2 -1.857008E+0 -1.367637E-2
1.345900E-2 -2.319541E+0 -4.736889E-2
1.346000E-2 -2.571831E+0 -8.527298E-2
1.346100E-2 -2.445686E+0 -1.231771E-1
1.346200E-2 -2.067250E+0 -1.484465E-1
1.346300E-2 -1.436524E+0 -1.526580E-1
1.346400E-2 -6.796533E-1 -1.358118E-1
1.346500E-2 1.613147E-1 -9.369611E-2
1.346600E-2 1.044331E+0 -3.473419E-2
1.346700E-2 1.759154E+0 1.580459E-2
1.346800E-2 2.305783E+0 6.634338E-2
1.346900E-2 2.558073E+0 1.210937E-1
1.347000E-2 2.473977E+0 1.505747E-1
1.347100E-2 2.137589E+0 1.716325E-1
1.347200E-2 1.506863E+0 1.884788E-1
1.347300E-2 7.499922E-1 1.969019E-1
1.347400E-2 -9.097572E-2 1.884788E-1
1.347500E-2 -9.319437E-1 1.758441E-1
1.347600E-2 -1.688815E+0 1.505747E-1
1.347700E-2 -2.235444E+0 1.126706E-1
1.347800E-2 -2.529783E+0 7.476651E-2
1.347900E-2 -2.487734E+0 3.265085E-2
1.348000E-2 -2.151347E+0 -5.253235E-3
1.348100E-2 -1.604718E+0 -3.052263E-2
1.348200E-2 -8.057985E-1 -5.579202E-2
1.348300E-2 3.516947E-2 -7.263828E-2
1.348400E-2 9.181858E-1 -7.684985E-2
1.348500E-2 1.675057E+0 -6.842672E-2
1.348600E-2 2.221686E+0 -5.158046E-2
1.348700E-2 2.516025E+0 -3.052263E-2
1.348800E-2 2.516025E+0 -1.041670E-3
1.348900E-2 2.179638E+0 1.580459E-2
1.349000E-2 1.675057E+0 3.686242E-2
1.349100E-2 9.181858E-1 4.949712E-2
1.349200E-2 -6.878924E-3 5.370868E-2
1.349300E-2 -8.057985E-1 4.528555E-2
1.349400E-2 -1.604718E+0 2.001616E-2
1.349500E-2 -2.193396E+0 -9.464801E-3
1.349600E-2 -2.487734E+0 -3.894576E-2
1.349700E-2 -2.529783E+0 -8.106141E-2
1.349800E-2 -2.235444E+0 -1.189655E-1
1.349900E-2 -1.688815E+0 -1.526580E-1
1.350000E-2 -9.739921E-1 -1.779274E-1
1.350100E-2 -1.330241E-1 -1.695043E-1
1.350200E-2 7.499922E-1 -1.484465E-1
1.350300E-2 1.506863E+0 -1.063308E-1
1.350400E-2 2.137589E+0 -4.736889E-2
1.350500E-2 2.516025E+0 7.381461E-3
1.350600E-2 2.516025E+0 5.370868E-2
1.350700E-2 2.305783E+0 1.084590E-1
1.350800E-2 1.759154E+0 1.295169E-1
1.350900E-2 1.044331E+0 1.379400E-1
1.351000E-2 2.454115E-1 1.421516E-1
1.351100E-2 -6.796533E-1 1.295169E-1
1.351200E-2 -1.436524E+0 1.126706E-1
1.351300E-2 -2.067250E+0 8.318964E-2
1.351400E-2 -2.445686E+0 4.528555E-2
1.351500E-2 -2.529783E+0 3.169895E-3
1.351600E-2 -2.277492E+0 -3.052263E-2
1.351700E-2 -1.814960E+0 -6.842672E-2
1.351800E-2 -1.142186E+0 -9.790768E-2
1.351900E-2 -3.012177E-1 -1.147539E-1
1.352000E-2 5.817987E-1 -1.189655E-1
1.352100E-2 1.422767E+0 -1.147539E-1
1.352200E-2 2.011444E+0 -9.790768E-2
1.352300E-2 2.431928E+0 -7.263828E-2
1.352400E-2 2.516025E+0 -4.736889E-2
1.352500E-2 2.347831E+0 -1.788793E-2
1.352600E-2 1.843251E+0 -1.041670E-3
1.352700E-2 1.170476E+0 1.159303E-2
1.352800E-2 3.295083E-1 1.580459E-2
1.352900E-2 -5.114597E-1 1.580459E-2
1.353000E-2 -1.352428E+0 -1.041670E-3
1.353100E-2 -1.983154E+0 -2.209950E-2
1.353200E-2 -2.403638E+0 -5.579202E-2
1.353300E-2 -2.571831E+0 -9.790768E-2
1.353400E-2 -2.361589E+0 -1.358118E-1
1.353500E-2 -1.941105E+0 -1.568696E-1
1.353600E-2 -1.268331E+0 -1.526580E-1
1.353700E-2 -4.273629E-1 -1.273886E-1
1.353800E-2 4.556535E-1 -8.106141E-2
1.353900E-2 1.254573E+0 -2.209950E-2
1.354000E-2 1.927347E+0 2.843929E-2
1.354100E-2 2.389880E+0 7.897807E-2
1.354200E-2 2.516025E+0 1.295169E-1
1.354300E-2 2.389880E+0 1.547863E-1
1.354400E-2 2.011444E+0 1.758441E-1
1.354500E-2 1.338670E+0 1.884788E-1
1.354600E-2 4.977019E-1 1.926903E-1
1.354700E-2 -3.432661E-1 1.842672E-1
1.354800E-2 -1.184234E+0 1.674209E-1
1.354900E-2 -1.857008E+0 1.379400E-1
1.355000E-2 -2.361589E+0 1.042475E-1
1.355100E-2 -2.529783E+0 6.213181E-2
1.355200E-2 -2.445686E+0 2.422772E-2
1.355300E-2 -2.025202E+0 -1.367637E-2
1.355400E-2 -1.394476E+0 -3.894576E-2
1.355500E-2 -5.955565E-1 -6.421515E-2
1.355600E-2 2.874599E-1 -7.263828E-2
1.355700E-2 1.128428E+0 -7.263828E-2
1.355800E-2 1.843251E+0 -6.421515E-2
1.355900E-2 2.347831E+0 -4.736889E-2
1.356000E-2 2.516025E+0 -1.788793E-2
1.356100E-2 2.431928E+0 -1.041670E-3
1.356200E-2 2.095541E+0 2.422772E-2
1.356300E-2 1.464815E+0 4.107398E-2
1.356400E-2 6.658955E-1 5.370868E-2
1.356500E-2 -1.750725E-1 5.370868E-2
1.356600E-2 -1.016040E+0 3.686242E-2
1.356700E-2 -1.730863E+0 1.580459E-2
1.356800E-2 -2.277492E+0 -1.367637E-2
1.356900E-2 -2.529783E+0 -5.158046E-2
1.357000E-2 -2.487734E+0 -9.369611E-2
1.357100E-2 -2.109299E+0 -1.316002E-1
1.357200E-2 -1.520621E+0 -1.610812E-1
1.357300E-2 -7.637501E-1 -1.821390E-1
1.357400E-2 1.192663E-1 -1.695043E-1
1.357500E-2 1.002283E+0 -1.400233E-1
1.357600E-2 1.717105E+0 -9.369611E-2
1.357700E-2 2.263735E+0 -3.473419E-2
1.357800E-2 2.516025E+0 2.001616E-2
1.357900E-2 2.516025E+0 6.634338E-2
1.358000E-2 2.179638E+0 1.126706E-1
1.358100E-2 1.590960E+0 1.337284E-1
1.358200E-2 8.340890E-1 1.379400E-1
1.358300E-2 -4.892732E-2 1.379400E-1
1.358400E-2 -8.898953E-1 1.253053E-1
1.358500E-2 -1.604718E+0 1.042475E-1
1.358600E-2 -2.193396E+0 7.055494E-2
1.358700E-2 -2.487734E+0 3.265085E-2
1.358800E-2 -2.529783E+0 -9.464801E-3
1.358900E-2 -2.193396E+0 -4.315732E-2
1.359000E-2 -1.688815E+0 -7.684985E-2
1.359100E-2 -9.319437E-1 -1.021192E-1
1.359200E-2 -4.892732E-2 -1.147539E-1
1.359300E-2 8.340890E-1 -1.189655E-1
1.359400E-2 1.590960E+0 -1.105424E-1
1.359500E-2 2.179638E+0 -9.369611E-2
1.359600E-2 2.473977E+0 -6.421515E-2
1.359700E-2 2.516025E+0 -3.473419E-2
1.359800E-2 2.263735E+0 -1.367637E-2
1.359900E-2 1.675057E+0 -1.041670E-3
1.360000E-2 9.602342E-1 1.580459E-2
1.360100E-2 1.192663E-1 2.001616E-2
1.360200E-2 -7.637501E-1 7.381461E-3
1.360300E-2 -1.520621E+0 -5.253235E-3
1.360400E-2 -2.109299E+0 -3.052263E-2
1.360500E-2 -2.445686E+0 -6.421515E-2
1.360600E-2 -2.529783E+0 -1.063308E-1
1.360700E-2 -2.277492E+0 -1.442349E-1
1.360800E-2 -1.772912E+0 -1.568696E-1
1.360900E-2 -1.016040E+0 -1.484465E-1
1.361000E-2 -1.750725E-1 -1.189655E-1
1.361100E-2 6.658955E-1 -6.421515E-2
1.361200E-2 1.506863E+0 -5.253235E-3
1.361300E-2 2.095541E+0 4.528555E-2
1.361400E-2 2.473977E+0 1.000359E-1
1.361500E-2 2.516025E+0 1.379400E-1
1.361600E-2 2.347831E+0 1.632094E-1
1.361700E-2 1.843251E+0 1.842672E-1
1.361800E-2 1.128428E+0 1.926903E-1
1.361900E-2 2.874599E-1 1.969019E-1
1.362000E-2 -5.535081E-1 1.842672E-1
1.362100E-2 -1.352428E+0 1.589978E-1
1.362200E-2 -2.025202E+0 1.295169E-1
1.362300E-2 -2.445686E+0 9.161277E-2
1.362400E-2 -2.529783E+0 5.370868E-2
1.362500E-2 -2.361589E+0 1.580459E-2
1.362600E-2 -1.857008E+0 -1.788793E-2
1.362700E-2 -1.184234E+0 -4.736889E-2
1.362800E-2 -3.432661E-1 -6.421515E-2
1.362900E-2 4.977019E-1 -7.684985E-2
1.363000E-2 1.338670E+0 -6.842672E-2
1.363100E-2 2.011444E+0 -6.000359E-2
1.363200E-2 2.431928E+0 -3.473419E-2
1.363300E-2 2.516025E+0 -1.367637E-2
1.363400E-2 2.347831E+0 7.381461E-3
1.363500E-2 1.927347E+0 3.265085E-2
1.363600E-2 1.254573E+0 4.528555E-2
1.363700E-2 4.556535E-1 5.370868E-2
1.363800E-2 -4.273629E-1 4.949712E-2
1.363900E-2 -1.226282E+0 3.265085E-2
1.364000E-2 -1.941105E+0 3.169895E-3
1.364100E-2 -2.361589E+0 -2.631106E-2
1.364200E-2 -2.529783E+0 -6.421515E-2
1.364300E-2 -2.361589E+0 -1.021192E-1
1.364400E-2 -1.941105E+0 -1.400233E-1
1.364500E-2 -1.352428E+0 -1.652927E-1
1.364600E-2 -5.114597E-1 -1.779274E-1
1.364700E-2 3.295083E-1 -1.652927E-1
1.364800E-2 1.170476E+0 -1.316002E-1
1.364900E-2 1.843251E+0 -8.106141E-2
1.365000E-2 2.347831E+0 -1.788793E-2
1.365100E-2 2.516025E+0 3.265085E-2
1.365200E-2 2.431928E+0 8.740121E-2
1.365300E-2 2.011444E+0 1.168822E-1
1.365400E-2 1.380718E+0 1.337284E-1
1.365500E-2 5.817987E-1 1.379400E-1
1.365600E-2 -2.591693E-1 1.379400E-1
1.365700E-2 -1.100137E+0 1.210937E-1
1.365800E-2 -1.814960E+0 9.582434E-2
1.365900E-2 -2.319541E+0 5.792025E-2
1.366000E-2 -2.529783E+0 2.001616E-2
1.366100E-2 -2.445686E+0 -1.788793E-2
1.366200E-2 -2.067250E+0 -5.158046E-2
1.366300E-2 -1.436524E+0 -8.106141E-2
1.366400E-2 -6.796533E-1 -1.021192E-1
1.366500E-2 1.613147E-1 -1.189655E-1
1.366600E-2 1.044331E+0 -1.189655E-1
1.366700E-2 1.759154E+0 -1.063308E-1
1.366800E-2 2.263735E+0 -8.527298E-2
1.366900E-2 2.516025E+0 -6.000359E-2
1.367000E-2 2.473977E+0 -3.052263E-2
1.367100E-2 2.095541E+0 -5.253235E-3
1.367200E-2 1.506863E+0 3.169895E-3
1.367300E-2 7.499922E-1 1.580459E-2
1.367400E-2 -1.330241E-1 2.001616E-2
1.367500E-2 -9.739921E-1 7.381461E-3
1.367600E-2 -1.688815E+0 -9.464801E-3
1.367700E-2 -2.235444E+0 -3.473419E-2
1.367800E-2 -2.529783E+0 -7.684985E-2
1.367900E-2 -2.487734E+0 -1.147539E-1
1.368000E-2 -2.151347E+0 -1.484465E-1
1.368100E-2 -1.604718E+0 -1.526580E-1
1.368200E-2 -8.478469E-1 -1.400233E-1
1.368300E-2 3.516947E-2 -1.021192E-1
1.368400E-2 9.181858E-1 -4.736889E-2
1.368500E-2 1.675057E+0 7.381461E-3
1.368600E-2 2.221686E+0 5.792025E-2
1.368700E-2 2.516025E+0 1.168822E-1
1.368800E-2 2.473977E+0 1.421516E-1
1.368900E-2 2.179638E+0 1.674209E-1
1.369000E-2 1.633009E+0 1.842672E-1
1.369100E-2 8.761374E-1 1.926903E-1
1.369200E-2 3.516947E-2 1.926903E-1
1.369300E-2 -8.478469E-1 1.758441E-1
1.369400E-2 -1.604718E+0 1.547863E-1
1.369500E-2 -2.193396E+0 1.210937E-1
1.369600E-2 -2.487734E+0 8.318964E-2
1.369700E-2 -2.529783E+0 4.107398E-2
1.369800E-2 -2.235444E+0 -1.041670E-3
1.369900E-2 -1.730863E+0 -2.631106E-2
1.370000E-2 -1.016040E+0 -5.158046E-2
1.370100E-2 -1.330241E-1 -6.842672E-2
1.370200E-2 7.499922E-1 -7.263828E-2
1.370300E-2 1.506863E+0 -6.842672E-2
1.370400E-2 2.137589E+0 -5.158046E-2
1.370500E-2 2.473977E+0 -3.052263E-2
1.370600E-2 2.516025E+0 -1.041670E-3
1.370700E-2 2.263735E+0 1.159303E-2
1.370800E-2 1.759154E+0 3.686242E-2
1.370900E-2 1.002283E+0 4.949712E-2
1.371000E-2 1.613147E-1 5.370868E-2
1.371100E-2 -6.796533E-1 4.528555E-2
1.371200E-2 -1.436524E+0 2.422772E-2
1.371300E-2 -2.025202E+0 -1.041670E-3
1.371400E-2 -2.445686E+0 -3.473419E-2
1.371500E-2 -2.529783E+0 -7.684985E-2
1.371600E-2 -2.319541E+0 -1.147539E-1
1.371700E-2 -1.857008E+0 -1.484465E-1
1.371800E-2 -1.142186E+0 -1.737159E-1
1.371900E-2 -3.012177E-1 -1.779274E-1
1.372000E-2 5.817987E-1 -1.526580E-1
1.372100E-2 1.422767E+0 -1.189655E-1
1.372200E-2 2.053493E+0 -6.000359E-2
1.372300E-2 2.431928E+0 -1.041670E-3
1.372400E-2 2.516025E+0 4.528555E-2
1.372500E-2 2.347831E+0 1.000359E-1
1.372600E-2 1.885299E+0 1.210937E-1
1.372700E-2 1.170476E+0 1.379400E-1
1.372800E-2 3.295083E-1 1.379400E-1
1.372900E-2 -5.114597E-1 1.337284E-1
1.373000E-2 -1.310379E+0 1.168822E-1
1.373100E-2 -1.983154E+0 8.740121E-2
1.373200E-2 -2.403638E+0 5.370868E-2
1.373300E-2 -2.529783E+0 7.381461E-3
1.373400E-2 -2.361589E+0 -2.631106E-2
1.373500E-2 -1.941105E+0 -6.421515E-2
1.373600E-2 -1.268331E+0 -9.369611E-2
1.373700E-2 -4.273629E-1 -1.147539E-1
1.373800E-2 4.136051E-1 -1.189655E-1
1.373900E-2 1.254573E+0 -1.147539E-1
1.374000E-2 1.927347E+0 -1.021192E-1
1.374100E-2 2.347831E+0 -8.106141E-2
1.374200E-2 2.558073E+0 -5.158046E-2
1.374300E-2 2.389880E+0 -2.631106E-2
1.374400E-2 1.969396E+0 -5.253235E-3
1.374500E-2 1.296621E+0 7.381461E-3
1.374600E-2 4.977019E-1 1.580459E-2
1.374700E-2 -3.432661E-1 1.580459E-2
1.374800E-2 -1.184234E+0 -1.041670E-3
1.374900E-2 -1.899057E+0 -1.788793E-2
1.375000E-2 -2.361589E+0 -5.158046E-2
1.375100E-2 -2.529783E+0 -8.948455E-2
1.375200E-2 -2.445686E+0 -1.273886E-1
1.375300E-2 -2.025202E+0 -1.484465E-1
1.375400E-2 -1.394476E+0 -1.526580E-1
1.375500E-2 -5.955565E-1 -1.316002E-1
1.375600E-2 2.454115E-1 -8.948455E-2
1.375700E-2 1.086379E+0 -3.052263E-2
1.375800E-2 1.843251E+0 2.001616E-2
1.375900E-2 2.305783E+0 7.055494E-2
1.376000E-2 2.516025E+0 1.210937E-1
1.376100E-2 2.431928E+0 1.505747E-1
1.376200E-2 2.095541E+0 1.716325E-1
1.376300E-2 1.464815E+0 1.884788E-1
1.376400E-2 6.658955E-1 1.969019E-1
1.376500E-2 -2.171209E-1 1.926903E-1
1.376600E-2 -1.016040E+0 1.716325E-1
1.376700E-2 -1.772912E+0 1.463631E-1
1.376800E-2 -2.277492E+0 1.084590E-1
1.376900E-2 -2.529783E+0 7.055494E-2
1.377000E-2 -2.487734E+0 2.843929E-2
1.377100E-2 -2.151347E+0 -9.464801E-3
1.377200E-2 -1.520621E+0 -3.473419E-2
1.377300E-2 -7.637501E-1 -6.000359E-2
1.377400E-2 1.192663E-1 -7.263828E-2
1.377500E-2 1.002283E+0 -7.263828E-2
1.377600E-2 1.675057E+0 -6.842672E-2
1.377700E-2 2.263735E+0 -5.158046E-2
1.377800E-2 2.516025E+0 -2.631106E-2
1.377900E-2 2.516025E+0 3.169895E-3
1.378000E-2 2.137589E+0 2.001616E-2
1.378100E-2 1.590960E+0 3.686242E-2
1.378200E-2 8.340890E-1 4.949712E-2
1.378300E-2 -4.892732E-2 5.370868E-2
1.378400E-2 -9.319437E-1 4.107398E-2
1.378500E-2 -1.646766E+0 2.001616E-2
1.378600E-2 -2.193396E+0 -9.464801E-3
1.378700E-2 -2.529783E+0 -4.736889E-2
1.378800E-2 -2.529783E+0 -8.527298E-2
1.378900E-2 -2.193396E+0 -1.189655E-1
1.379000E-2 -1.646766E+0 -1.568696E-1
1.379100E-2 -9.319437E-1 -1.779274E-1
1.379200E-2 -4.892732E-2 -1.737159E-1
1.379300E-2 8.340890E-1 -1.484465E-1
1.379400E-2 1.590960E+0 -1.021192E-1
1.379500E-2 2.179638E+0 -4.736889E-2
1.379600E-2 2.473977E+0 7.381461E-3
1.379700E-2 2.516025E+0 5.792025E-2
1.379800E-2 2.263735E+0 1.084590E-1
1.379900E-2 1.675057E+0 1.295169E-1
1.380000E-2 9.602342E-1 1.379400E-1
1.380100E-2 1.192663E-1 1.379400E-1
1.380200E-2 -7.637501E-1 1.295169E-1
1.380300E-2 -1.520621E+0 1.042475E-1
1.380400E-2 -2.109299E+0 7.897807E-2
1.380500E-2 -2.487734E+0 3.686242E-2
1.380600E-2 -2.529783E+0 -1.041670E-3
1.380700E-2 -2.277492E+0 -3.473419E-2
1.380800E-2 -1.772912E+0 -6.842672E-2
1.380900E-2 -1.058089E+0 -9.790768E-2
1.381000E-2 -2.171209E-1 -1.147539E-1
1.381100E-2 6.658955E-1 -1.189655E-1
1.381200E-2 1.464815E+0 -1.147539E-1
1.381300E-2 2.095541E+0 -9.369611E-2
1.381400E-2 2.431928E+0 -7.263828E-2
1.381500E-2 2.516025E+0 -4.736889E-2
1.381600E-2 2.305783E+0 -1.788793E-2
1.381700E-2 1.801202E+0 -1.041670E-3
1.381800E-2 1.086379E+0 1.159303E-2
1.381900E-2 2.454115E-1 1.580459E-2
1.382000E-2 -5.955565E-1 1.580459E-2
1.382100E-2 -1.394476E+0 -5.253235E-3
1.382200E-2 -2.025202E+0 -2.209950E-2
1.382300E-2 -2.445686E+0 -6.000359E-2
1.382400E-2 -2.529783E+0 -9.790768E-2
1.382500E-2 -2.361589E+0 -1.400233E-1
1.382600E-2 -1.899057E+0 -1.526580E-1
1.382700E-2 -1.184234E+0 -1.526580E-1
1.382800E-2 -3.432661E-1 -1.273886E-1
1.382900E-2 4.977019E-1 -7.684985E-2
1.383000E-2 1.338670E+0 -1.788793E-2
1.383100E-2 1.969396E+0 3.265085E-2
1.383200E-2 2.389880E+0 8.318964E-2
1.383300E-2 2.516025E+0 1.337284E-1
1.383400E-2 2.347831E+0 1.547863E-1
1.383500E-2 1.885299E+0 1.758441E-1
1.383600E-2 1.254573E+0 1.884788E-1
1.383700E-2 4.136051E-1 1.926903E-1
1.383800E-2 -4.694113E-1 1.842672E-1
1.383900E-2 -1.268331E+0 1.632094E-1
1.384000E-2 -1.941105E+0 1.337284E-1
1.384100E-2 -2.361589E+0 1.000359E-1
1.384200E-2 -2.529783E+0 5.792025E-2
1.384300E-2 -2.403638E+0 1.580459E-2
1.384400E-2 -1.983154E+0 -1.788793E-2
1.384500E-2 -1.352428E+0 -4.315732E-2
1.384600E-2 -5.114597E-1 -6.421515E-2
1.384700E-2 3.295083E-1 -7.684985E-2
1.384800E-2 1.170476E+0 -7.263828E-2
1.384900E-2 1.885299E+0 -6.421515E-2
1.385000E-2 2.347831E+0 -3.894576E-2
1.385100E-2 2.516025E+0 -1.788793E-2
1.385200E-2 2.431928E+0 3.169895E-3
1.385300E-2 2.011444E+0 2.422772E-2
1.385400E-2 1.380718E+0 4.107398E-2
1.385500E-2 5.817987E-1 5.370868E-2
1.385600E-2 -3.012177E-1 4.949712E-2
1.385700E-2 -1.100137E+0 3.686242E-2
1.385800E-2 -1.814960E+0 1.159303E-2
1.385900E-2 -2.361589E+0 -1.788793E-2
1.386000E-2 -2.529783E+0 -5.158046E-2
1.386100E-2 -2.445686E+0 -9.790768E-2
1.386200E-2 -2.067250E+0 -1.358118E-1
1.386300E-2 -1.478573E+0 -1.652927E-1
1.386400E-2 -6.796533E-1 -1.821390E-1
1.386500E-2 1.613147E-1 -1.652927E-1
1.386600E-2 1.002283E+0 -1.358118E-1
1.386700E-2 1.759154E+0 -8.948455E-2
1.386800E-2 2.263735E+0 -3.052263E-2
1.386900E-2 2.516025E+0 2.422772E-2
1.387000E-2 2.473977E+0 7.055494E-2
1.387100E-2 2.095541E+0 1.168822E-1
1.387200E-2 1.506863E+0 1.337284E-1
1.387300E-2 7.499922E-1 1.421516E-1
1.387400E-2 -1.330241E-1 1.379400E-1
1.387500E-2 -9.739921E-1 1.210937E-1
1.387600E-2 -1.688815E+0 1.000359E-1
1.387700E-2 -2.235444E+0 6.634338E-2
1.387800E-2 -2.529783E+0 2.843929E-2
1.387900E-2 -2.487734E+0 -9.464801E-3
1.388000E-2 -2.151347E+0 -4.736889E-2
1.388100E-2 -1.604718E+0 -8.106141E-2
1.388200E-2 -8.478469E-1 -1.063308E-1
1.388300E-2 3.516947E-2 -1.147539E-1
1.388400E-2 9.181858E-1 -1.189655E-1
1.388500E-2 1.675057E+0 -1.105424E-1
1.388600E-2 2.221686E+0 -9.369611E-2
1.388700E-2 2.516025E+0 -6.421515E-2
1.388800E-2 2.516025E+0 -3.473419E-2
1.388900E-2 2.179638E+0 -1.367637E-2
1.389000E-2 1.633009E+0 3.169895E-3
1.389100E-2 8.761374E-1 1.580459E-2
1.389200E-2 3.516947E-2 1.580459E-2
1.389300E-2 -8.478469E-1 7.381461E-3
1.389400E-2 -1.604718E+0 -5.253235E-3
1.389500E-2 -2.151347E+0 -3.473419E-2
1.389600E-2 -2.487734E+0 -6.842672E-2
1.389700E-2 -2.529783E+0 -1.105424E-1
1.389800E-2 -2.277492E+0 -1.442349E-1
1.389900E-2 -1.730863E+0 -1.568696E-1
1.390000E-2 -1.016040E+0 -1.484465E-1
1.390100E-2 -1.330241E-1 -1.147539E-1
1.390200E-2 7.499922E-1 -6.000359E-2
1.390300E-2 1.548912E+0 -1.041670E-3
1.390400E-2 2.137589E+0 4.949712E-2
1.390500E-2 2.473977E+0 1.042475E-1
1.390600E-2 2.516025E+0 1.379400E-1
1.390700E-2 2.263735E+0 1.632094E-1
1.390800E-2 1.759154E+0 1.842672E-1
1.390900E-2 1.044331E+0 1.926903E-1
1.391000E-2 2.033631E-1 1.926903E-1
1.391100E-2 -6.796533E-1 1.842672E-1
1.391200E-2 -1.436524E+0 1.589978E-1
1.391300E-2 -2.067250E+0 1.253053E-1
1.391400E-2 -2.445686E+0 8.740121E-2
1.391500E-2 -2.529783E+0 4.949712E-2
1.391600E-2 -2.277492E+0 7.381461E-3
1.391700E-2 -1.814960E+0 -2.209950E-2
1.391800E-2 -1.100137E+0 -4.736889E-2
1.391900E-2 -2.591693E-1 -6.842672E-2
1.392000E-2 6.238471E-1 -7.263828E-2
1.392100E-2 1.422767E+0 -6.842672E-2
1.392200E-2 2.053493E+0 -5.579202E-2
1.392300E-2 2.431928E+0 -3.473419E-2
1.392400E-2 2.516025E+0 -9.464801E-3
1.392500E-2 2.347831E+0 7.381461E-3
1.392600E-2 1.843251E+0 3.265085E-2
1.392700E-2 1.170476E+0 4.949712E-2
1.392800E-2 3.715567E-1 5.370868E-2
1.392900E-2 -5.114597E-1 4.949712E-2
1.393000E-2 -1.352428E+0 2.843929E-2
1.393100E-2 -1.941105E+0 3.169895E-3
1.393200E-2 -2.403638E+0 -2.631106E-2
1.393300E-2 -2.529783E+0 -6.842672E-2
1.393400E-2 -2.361589E+0 -1.021192E-1
1.393500E-2 -1.941105E+0 -1.442349E-1
1.393600E-2 -1.268331E+0 -1.695043E-1
1.393700E-2 -4.273629E-1 -1.779274E-1
1.393800E-2 4.136051E-1 -1.610812E-1
1.393900E-2 1.254573E+0 -1.231771E-1
1.394000E-2 1.927347E+0 -7.263828E-2
1.394100E-2 2.347831E+0 -1.367637E-2
1.394200E-2 2.558073E+0 3.686242E-2
1.394300E-2 2.389880E+0 9.161277E-2
1.394400E-2 1.969396E+0 1.210937E-1
1.394500E-2 1.338670E+0 1.337284E-1
1.394600E-2 4.977019E-1 1.379400E-1
1.394700E-2 -3.432661E-1 1.337284E-1
1.394800E-2 -1.142186E+0 1.210937E-1
1.394900E-2 -1.857008E+0 9.161277E-2
1.395000E-2 -2.361589E+0 5.792025E-2
1.395100E-2 -2.529783E+0 1.580459E-2
1.395200E-2 -2.403638E+0 -1.788793E-2
1.395300E-2 -2.025202E+0 -5.158046E-2
1.395400E-2 -1.394476E+0 -8.527298E-2
1.395500E-2 -5.955565E-1 -1.105424E-1
1.395600E-2 2.874599E-1 -1.189655E-1
1.395700E-2 1.128428E+0 -1.189655E-1
1.395800E-2 1.843251E+0 -1.063308E-1
1.395900E-2 2.347831E+0 -8.527298E-2
1.396000E-2 2.516025E+0 -5.579202E-2
1.396100E-2 2.431928E+0 -3.052263E-2
1.396200E-2 2.095541E+0 -5.253235E-3
1.396300E-2 1.464815E+0 3.169895E-3
1.396400E-2 6.658955E-1 1.580459E-2
1.396500E-2 -2.171209E-1 1.580459E-2
1.396600E-2 -1.016040E+0 3.169895E-3
1.396700E-2 -1.772912E+0 -1.367637E-2
1.396800E-2 -2.277492E+0 -4.736889E-2
1.396900E-2 -2.529783E+0 -8.106141E-2
1.397000E-2 -2.445686E+0 -1.189655E-1
1.397100E-2 -2.109299E+0 -1.484465E-1
1.397200E-2 -1.520621E+0 -1.526580E-1
1.397300E-2 -7.637501E-1 -1.358118E-1
1.397400E-2 1.192663E-1 -9.790768E-2
1.397500E-2 1.002283E+0 -4.315732E-2
1.397600E-2 1.717105E+0 1.159303E-2
1.397700E-2 2.263735E+0 6.213181E-2
1.397800E-2 2.516025E+0 1.168822E-1
1.397900E-2 2.516025E+0 1.463631E-1
1.398000E-2 2.179638E+0 1.716325E-1
1.398100E-2 1.590960E+0 1.842672E-1
1.398200E-2 8.340890E-1 1.969019E-1
1.398300E-2 -6.878924E-3 1.926903E-1
1.398400E-2 -8.898953E-1 1.758441E-1
1.398500E-2 -1.604718E+0 1.505747E-1
1.398600E-2 -2.193396E+0 1.168822E-1
1.398700E-2 -2.487734E+0 7.897807E-2
1.398800E-2 -2.487734E+0 3.686242E-2
1.398900E-2 -2.193396E+0 -1.041670E-3
1.399000E-2 -1.646766E+0 -3.052263E-2
1.399100E-2 -8.898953E-1 -5.579202E-2
1.399200E-2 -4.892732E-2 -7.263828E-2
1.399300E-2 8.340890E-1 -7.263828E-2
1.399400E-2 1.590960E+0 -6.842672E-2
1.399500E-2 2.179638E+0 -5.158046E-2
1.399600E-2 2.516025E+0 -3.052263E-2
1.399700E-2 2.516025E+0 -1.041670E-3
1.399800E-2 2.263735E+0 1.580459E-2
1.399900E-2 1.675057E+0 3.686242E-2
1.400000E-2 1.002283E+0 4.949712E-2
1.400100E-2 1.192663E-1 5.370868E-2
1.400200E-2 -7.217017E-1 4.528555E-2
1.400300E-2 -1.520621E+0 2.422772E-2
1.400400E-2 -2.109299E+0 -5.253235E-3
1.400500E-2 -2.445686E+0 -3.473419E-2
1.400600E-2 -2.529783E+0 -7.263828E-2
1.400700E-2 -2.277492E+0 -1.147539E-1
1.400800E-2 -1.730863E+0 -1.484465E-1
1.400900E-2 -1.058089E+0 -1.737159E-1
1.401000E-2 -1.750725E-1 -1.737159E-1
1.401100E-2 6.658955E-1 -1.526580E-1
1.401200E-2 1.464815E+0 -1.105424E-1
1.401300E-2 2.095541E+0 -5.158046E-2
1.401400E-2 2.473977E+0 3.169895E-3
1.401500E-2 2.516025E+0 4.949712E-2
1.401600E-2 2.305783E+0 1.042475E-1
1.401700E-2 1.843251E+0 1.253053E-1
1.401800E-2 1.128428E+0 1.379400E-1
1.401900E-2 2.874599E-1 1.379400E-1
1.402000E-2 -5.955565E-1 1.295169E-1
1.402100E-2 -1.394476E+0 1.126706E-1
1.402200E-2 -2.025202E+0 8.318964E-2
1.402300E-2 -2.445686E+0 4.949712E-2
1.402400E-2 -2.529783E+0 7.381461E-3
1.402500E-2 -2.361589E+0 -3.052263E-2
1.402600E-2 -1.857008E+0 -6.421515E-2
1.402700E-2 -1.184234E+0 -9.369611E-2
1.402800E-2 -3.853145E-1 -1.147539E-1
1.402900E-2 4.977019E-1 -1.189655E-1
1.403000E-2 1.338670E+0 -1.147539E-1
1.403100E-2 2.011444E+0 -9.790768E-2
1.403200E-2 2.431928E+0 -7.684985E-2
1.403300E-2 2.516025E+0 -4.736889E-2
1.403400E-2 2.347831E+0 -2.209950E-2
1.403500E-2 1.927347E+0 -1.041670E-3
1.403600E-2 1.254573E+0 1.159303E-2
1.403700E-2 4.556535E-1 2.001616E-2
1.403800E-2 -4.273629E-1 1.580459E-2
1.403900E-2 -1.268331E+0 3.169895E-3
1.404000E-2 -1.899057E+0 -1.788793E-2
1.404100E-2 -2.361589E+0 -5.158046E-2
1.404200E-2 -2.529783E+0 -8.948455E-2
1.404300E-2 -2.361589E+0 -1.316002E-1
1.404400E-2 -1.983154E+0 -1.526580E-1
1.404500E-2 -1.352428E+0 -1.526580E-1
1.404600E-2 -5.114597E-1 -1.316002E-1
1.404700E-2 3.295083E-1 -8.527298E-2
1.404800E-2 1.170476E+0 -3.052263E-2
1.404900E-2 1.885299E+0 2.422772E-2
1.405000E-2 2.347831E+0 7.476651E-2
1.405100E-2 2.516025E+0 1.253053E-1
1.405200E-2 2.431928E+0 1.505747E-1
1.405300E-2 2.011444E+0 1.758441E-1
1.405400E-2 1.422767E+0 1.884788E-1
1.405500E-2 5.817987E-1 1.969019E-1
1.405600E-2 -2.591693E-1 1.884788E-1
1.405700E-2 -1.100137E+0 1.716325E-1
1.405800E-2 -1.814960E+0 1.421516E-1
1.405900E-2 -2.361589E+0 1.042475E-1
1.406000E-2 -2.529783E+0 6.634338E-2
1.406100E-2 -2.445686E+0 2.422772E-2
1.406200E-2 -2.067250E+0 -9.464801E-3
1.406300E-2 -1.478573E+0 -3.473419E-2
1.406400E-2 -6.796533E-1 -6.000359E-2
1.406500E-2 1.613147E-1 -7.263828E-2
1.406600E-2 1.002283E+0 -7.263828E-2
1.406700E-2 1.759154E+0 -6.842672E-2
1.406800E-2 2.263735E+0 -4.736889E-2
1.406900E-2 2.516025E+0 -1.788793E-2
1.407000E-2 2.473977E+0 3.169895E-3
1.407100E-2 2.137589E+0 2.422772E-2
1.407200E-2 1.506863E+0 4.107398E-2
1.407300E-2 7.499922E-1 5.370868E-2
1.407400E-2 -9.097572E-2 4.949712E-2
1.407500E-2 -9.739921E-1 3.686242E-2
1.407600E-2 -1.688815E+0 2.001616E-2
1.407700E-2 -2.235444E+0 -1.367637E-2
1.407800E-2 -2.529783E+0 -4.736889E-2
1.407900E-2 -2.487734E+0 -8.527298E-2
1.408000E-2 -2.193396E+0 -1.273886E-1
1.408100E-2 -1.604718E+0 -1.568696E-1
1.408200E-2 -8.478469E-1 -1.821390E-1
1.408300E-2 3.516947E-2 -1.695043E-1
1.408400E-2 9.181858E-1 -1.442349E-1
1.408500E-2 1.675057E+0 -9.790768E-2
1.408600E-2 2.221686E+0 -3.894576E-2
1.408700E-2 2.516025E+0 1.580459E-2
1.408800E-2 2.516025E+0 6.634338E-2
1.408900E-2 2.179638E+0 1.084590E-1
1.409000E-2 1.633009E+0 1.337284E-1
1.409100E-2 9.181858E-1 1.379400E-1
1.409200E-2 3.516947E-2 1.379400E-1
1.409300E-2 -8.057985E-1 1.295169E-1
1.409400E-2 -1.562670E+0 1.084590E-1
1.409500E-2 -2.151347E+0 7.476651E-2
1.409600E-2 -2.529783E+0 3.686242E-2
1.409700E-2 -2.529783E+0 -5.253235E-3
1.409800E-2 -2.235444E+0 -3.894576E-2
1.409900E-2 -1.688815E+0 -7.263828E-2
1.410000E-2 -1.016040E+0 -9.790768E-2
1.410100E-2 -1.330241E-1 -1.147539E-1
1.410200E-2 7.499922E-1 -1.147539E-1
1.410300E-2 1.548912E+0 -1.063308E-1
1.410400E-2 2.137589E+0 -9.369611E-2
1.410500E-2 2.473977E+0 -6.842672E-2
1.410600E-2 2.516025E+0 -3.894576E-2
1.410700E-2 2.263735E+0 -1.788793E-2
1.410800E-2 1.759154E+0 -1.041670E-3
1.410900E-2 1.002283E+0 1.580459E-2
1.411000E-2 1.613147E-1 2.001616E-2
1.411100E-2 -6.796533E-1 1.159303E-2
1.411200E-2 -1.478573E+0 -5.253235E-3
1.411300E-2 -2.067250E+0 -3.052263E-2
1.411400E-2 -2.445686E+0 -6.421515E-2
1.411500E-2 -2.529783E+0 -9.790768E-2
1.411600E-2 -2.319541E+0 -1.400233E-1
1.411700E-2 -1.857008E+0 -1.526580E-1
1.411800E-2 -1.100137E+0 -1.484465E-1
1.411900E-2 -2.591693E-1 -1.189655E-1
1.412000E-2 5.817987E-1 -6.842672E-2
1.412100E-2 1.380718E+0 -1.367637E-2
1.412200E-2 2.011444E+0 3.686242E-2
1.412300E-2 2.431928E+0 9.161277E-2
1.412400E-2 2.516025E+0 1.379400E-1
1.412500E-2 2.347831E+0 1.547863E-1
1.412600E-2 1.885299E+0 1.800556E-1
1.412700E-2 1.170476E+0 1.884788E-1
1.412800E-2 3.295083E-1 1.969019E-1
1.412900E-2 -5.114597E-1 1.842672E-1
1.413000E-2 -1.352428E+0 1.632094E-1
1.413100E-2 -1.941105E+0 1.337284E-1
1.413200E-2 -2.403638E+0 9.582434E-2
1.413300E-2 -2.529783E+0 5.792025E-2
1.413400E-2 -2.361589E+0 1.580459E-2
1.413500E-2 -1.941105E+0 -1.788793E-2
1.413600E-2 -1.226282E+0 -4.736889E-2
1.413700E-2 -4.273629E-1 -6.421515E-2
1.413800E-2 4.136051E-1 -7.263828E-2
1.413900E-2 1.254573E+0 -6.842672E-2
1.414000E-2 1.927347E+0 -6.421515E-2
1.414100E-2 2.389880E+0 -3.894576E-2
1.414200E-2 2.516025E+0 -1.367637E-2
1.414300E-2 2.389880E+0 3.169895E-3
1.414400E-2 1.969396E+0 2.843929E-2
1.414500E-2 1.296621E+0 4.107398E-2
1.414600E-2 4.977019E-1 5.370868E-2
1.414700E-2 -3.432661E-1 4.949712E-2
1.414800E-2 -1.184234E+0 3.265085E-2
1.414900E-2 -1.857008E+0 7.381461E-3
1.415000E-2 -2.361589E+0 -1.788793E-2
1.415100E-2 -2.529783E+0 -6.000359E-2
1.415200E-2 -2.403638E+0 -9.790768E-2
1.415300E-2 -2.025202E+0 -1.358118E-1
1.415400E-2 -1.394476E+0 -1.652927E-1
1.415500E-2 -5.955565E-1 -1.779274E-1
1.415600E-2 2.874599E-1 -1.652927E-1
1.415700E-2 1.128428E+0 -1.316002E-1
1.415800E-2 1.843251E+0 -8.106141E-2
1.415900E-2 2.347831E+0 -2.209950E-2
1.416000E-2 2.516025E+0 2.843929E-2
1.416100E-2 2.431928E+0 8.318964E-2
1.416200E-2 2.053493E+0 1.168822E-1
1.416300E-2 1.464815E+0 1.337284E-1
1.416400E-2 6.658955E-1 1.379400E-1
1.416500E-2 -2.171209E-1 1.379400E-1
1.416600E-2 -1.058089E+0 1.210937E-1
1.416700E-2 -1.772912E+0 1.000359E-1
1.416800E-2 -2.277492E+0 6.213181E-2
1.416900E-2 -2.529783E+0 2.422772E-2
1.417000E-2 -2.487734E+0 -1.367637E-2
1.417100E-2 -2.109299E+0 -4.736889E-2
1.417200E-2 -1.520621E+0 -8.106141E-2
1.417300E-2 -7.637501E-1 -1.021192E-1
1.417400E-2 1.192663E-1 -1.189655E-1
1.417500E-2 1.002283E+0 -1.189655E-1
1.417600E-2 1.717105E+0 -1.063308E-1
1.417700E-2 2.221686E+0 -8.948455E-2
1.417800E-2 2.516025E+0 -6.421515E-2
1.417900E-2 2.516025E+0 -3.052263E-2
1.418000E-2 2.179638E+0 -9.464801E-3
1.418100E-2 1.590960E+0 7.381461E-3
1.418200E-2 8.340890E-1 1.580459E-2
1.418300E-2 -6.878924E-3 1.580459E-2
1.418400E-2 -8.898953E-1 7.381461E-3
1.418500E-2 -1.646766E+0 -9.464801E-3
1.418600E-2 -2.193396E+0 -3.473419E-2
1.418700E-2 -2.529783E+0 -7.684985E-2
1.418800E-2 -2.529783E+0 -1.147539E-1
1.418900E-2 -2.193396E+0 -1.484465E-1
1.419000E-2 -1.646766E+0 -1.526580E-1
1.419100E-2 -8.898953E-1 -1.442349E-1
1.419200E-2 -4.892732E-2 -1.105424E-1
1.419300E-2 8.340890E-1 -5.158046E-2
1.419400E-2 1.590960E+0 3.169895E-3
1.419500E-2 2.179638E+0 4.949712E-2
1.419600E-2 2.516025E+0 1.126706E-1
1.419700E-2 2.516025E+0 1.379400E-1
1.419800E-2 2.221686E+0 1.674209E-1
1.419900E-2 1.717105E+0 1.842672E-1
1.420000E-2 9.602342E-1 1.926903E-1
1.420100E-2 1.192663E-1 1.926903E-1
1.420200E-2 -7.637501E-1 1.800556E-1
1.420300E-2 -1.520621E+0 1.547863E-1
1.420400E-2 -2.109299E+0 1.210937E-1
1.420500E-2 -2.487734E+0 8.740121E-2
1.420600E-2 -2.529783E+0 4.528555E-2
1.420700E-2 -2.277492E+0 3.169895E-3
1.420800E-2 -1.772912E+0 -2.631106E-2
1.420900E-2 -1.058089E+0 -5.158046E-2
1.421000E-2 -2.171209E-1 -6.842672E-2
1.421100E-2 6.658955E-1 -7.684985E-2
1.421200E-2 1.464815E+0 -6.842672E-2
1.421300E-2 2.095541E+0 -6.000359E-2
1.421400E-2 2.473977E+0 -3.052263E-2
1.421500E-2 2.558073E+0 -9.464801E-3
1.421600E-2 2.305783E+0 1.159303E-2
1.421700E-2 1.801202E+0 3.265085E-2
1.421800E-2 1.086379E+0 4.949712E-2
1.421900E-2 2.874599E-1 5.370868E-2
1.422000E-2 -5.955565E-1 4.949712E-2
1.422100E-2 -1.394476E+0 2.843929E-2
1.422200E-2 -2.025202E+0 3.169895E-3
1.422300E-2 -2.403638E+0 -3.052263E-2
1.422400E-2 -2.529783E+0 -6.842672E-2
1.422500E-2 -2.361589E+0 -1.105424E-1
1.422600E-2 -1.899057E+0 -1.484465E-1
1.422700E-2 -1.226282E+0 -1.695043E-1
1.422800E-2 -3.432661E-1 -1.779274E-1
1.422900E-2 4.977019E-1 -1.610812E-1
1.423000E-2 1.296621E+0 -1.189655E-1
1.423100E-2 2.011444E+0 -6.842672E-2
1.423200E-2 2.431928E+0 -9.464801E-3
1.423300E-2 2.516025E+0 3.686242E-2
1.423400E-2 2.347831E+0 9.582434E-2
1.423500E-2 1.927347E+0 1.210937E-1
1.423600E-2 1.254573E+0 1.379400E-1
1.423700E-2 4.136051E-1 1.379400E-1
1.423800E-2 -4.273629E-1 1.337284E-1
1.423900E-2 -1.226282E+0 1.168822E-1
1.424000E-2 -1.941105E+0 8.740121E-2
1.424100E-2 -2.403638E+0 5.370868E-2
1.424200E-2 -2.571831E+0 1.159303E-2
1.424300E-2 -2.403638E+0 -2.209950E-2
1.424400E-2 -1.983154E+0 -6.000359E-2
1.424500E-2 -1.352428E+0 -9.369611E-2
1.424600E-2 -5.114597E-1 -1.105424E-1
1.424700E-2 3.295083E-1 -1.189655E-1
1.424800E-2 1.170476E+0 -1.189655E-1
1.424900E-2 1.885299E+0 -1.021192E-1
1.425000E-2 2.347831E+0 -8.106141E-2
1.425100E-2 2.516025E+0 -5.579202E-2
1.425200E-2 2.431928E+0 -2.631106E-2
1.425300E-2 2.011444E+0 -5.253235E-3
1.425400E-2 1.338670E+0 3.169895E-3
1.425500E-2 5.817987E-1 1.580459E-2
1.425600E-2 -3.012177E-1 1.580459E-2
1.425700E-2 -1.100137E+0 3.169895E-3
1.425800E-2 -1.814960E+0 -1.788793E-2
1.425900E-2 -2.361589E+0 -4.736889E-2
1.426000E-2 -2.529783E+0 -8.527298E-2
1.426100E-2 -2.445686E+0 -1.273886E-1
1.426200E-2 -2.109299E+0 -1.484465E-1
1.426300E-2 -1.478573E+0 -1.526580E-1
1.426400E-2 -6.796533E-1 -1.358118E-1
1.426500E-2 1.613147E-1 -9.790768E-2
1.426600E-2 1.044331E+0 -3.894576E-2
1.426700E-2 1.759154E+0 1.580459E-2
1.426800E-2 2.263735E+0 6.634338E-2
1.426900E-2 2.516025E+0 1.210937E-1
1.427000E-2 2.473977E+0 1.505747E-1
1.427100E-2 2.137589E+0 1.716325E-1
1.427200E-2 1.506863E+0 1.884788E-1
1.427300E-2 7.499922E-1 1.926903E-1
1.427400E-2 -1.330241E-1 1.884788E-1
1.427500E-2 -9.739921E-1 1.716325E-1
1.427600E-2 -1.688815E+0 1.463631E-1
1.427700E-2 -2.277492E+0 1.126706E-1
1.427800E-2 -2.529783E+0 7.055494E-2
1.427900E-2 -2.529783E+0 3.265085E-2
1.428000E-2 -2.193396E+0 -5.253235E-3
1.428100E-2 -1.604718E+0 -3.473419E-2
1.428200E-2 -8.478469E-1 -6.000359E-2
1.428300E-2 -6.878924E-3 -7.263828E-2
1.428400E-2 9.181858E-1 -7.263828E-2
1.428500E-2 1.633009E+0 -6.842672E-2
1.428600E-2 2.179638E+0 -5.158046E-2
1.428700E-2 2.516025E+0 -3.052263E-2
1.428800E-2 2.516025E+0 3.169895E-3
1.428900E-2 2.179638E+0 1.580459E-2
1.429000E-2 1.633009E+0 3.686242E-2
1.429100E-2 9.181858E-1 4.949712E-2
1.429200E-2 -6.878924E-3 5.370868E-2
1.429300E-2 -8.478469E-1 4.107398E-2
1.429400E-2 -1.562670E+0 2.422772E-2
1.429500E-2 -2.193396E+0 -9.464801E-3
1.429600E-2 -2.487734E+0 -4.315732E-2
1.429700E-2 -2.529783E+0 -8.527298E-2
1.429800E-2 -2.235444E+0 -1.189655E-1
1.429900E-2 -1.688815E+0 -1.526580E-1
1.430000E-2 -9.739921E-1 -1.779274E-1
1.430100E-2 -1.330241E-1 -1.695043E-1
1.430200E-2 7.499922E-1 -1.526580E-1
1.430300E-2 1.506863E+0 -1.063308E-1
1.430400E-2 2.095541E+0 -5.158046E-2
1.430500E-2 2.473977E+0 3.169895E-3
1.430600E-2 2.516025E+0 5.370868E-2
1.430700E-2 2.263735E+0 1.042475E-1
1.430800E-2 1.759154E+0 1.253053E-1
1.430900E-2 1.044331E+0 1.379400E-1
1.431000E-2 1.613147E-1 1.379400E-1
1.431100E-2 -6.796533E-1 1.295169E-1
1.431200E-2 -1.478573E+0 1.126706E-1
1.431300E-2 -2.067250E+0 7.897807E-2
1.431400E-2 -2.445686E+0 4.107398E-2
1.431500E-2 -2.529783E+0 3.169895E-3
1.431600E-2 -2.319541E+0 -3.473419E-2
1.431700E-2 -1.857008E+0 -6.842672E-2
1.431800E-2 -1.142186E+0 -9.790768E-2
1.431900E-2 -3.012177E-1 -1.147539E-1
1.432000E-2 5.817987E-1 -1.189655E-1
1.432100E-2 1.380718E+0 -1.147539E-1
1.432200E-2 2.011444E+0 -9.790768E-2
1.432300E-2 2.431928E+0 -7.263828E-2
1.432400E-2 2.516025E+0 -4.736889E-2
1.432500E-2 2.347831E+0 -1.788793E-2
1.432600E-2 1.885299E+0 -1.041670E-3
1.432700E-2 1.170476E+0 7.381461E-3
1.432800E-2 3.295083E-1 1.580459E-2
1.432900E-2 -5.114597E-1 1.580459E-2
1.433000E-2 -1.310379E+0 -1.041670E-3
1.433100E-2 -1.983154E+0 -2.209950E-2
1.433200E-2 -2.445686E+0 -6.000359E-2
1.433300E-2 -2.529783E+0 -9.790768E-2
1.433400E-2 -2.361589E+0 -1.358118E-1
1.433500E-2 -1.941105E+0 -1.526580E-1
1.433600E-2 -1.268331E+0 -1.526580E-1
1.433700E-2 -4.694113E-1 -1.273886E-1
1.433800E-2 4.136051E-1 -8.106141E-2
1.433900E-2 1.254573E+0 -2.209950E-2
1.434000E-2 1.927347E+0 2.843929E-2
1.434100E-2 2.389880E+0 7.897807E-2
1.434200E-2 2.516025E+0 1.253053E-1
1.434300E-2 2.389880E+0 1.547863E-1
1.434400E-2 1.969396E+0 1.758441E-1
1.434500E-2 1.338670E+0 1.884788E-1
1.434600E-2 4.977019E-1 1.969019E-1
1.434700E-2 -3.432661E-1 1.884788E-1
1.434800E-2 -1.184234E+0 1.674209E-1
1.434900E-2 -1.857008E+0 1.379400E-1
1.435000E-2 -2.361589E+0 1.042475E-1
1.435100E-2 -2.529783E+0 6.634338E-2
1.435200E-2 -2.403638E+0 2.001616E-2
1.435300E-2 -2.025202E+0 -1.367637E-2
1.435400E-2 -1.394476E+0 -4.315732E-2
1.435500E-2 -5.955565E-1 -6.421515E-2
1.435600E-2 2.874599E-1 -7.263828E-2
1.435700E-2 1.086379E+0 -7.263828E-2
1.435800E-2 1.843251E+0 -6.421515E-2
1.435900E-2 2.305783E+0 -4.315732E-2
1.436000E-2 2.516025E+0 -2.209950E-2
1.436100E-2 2.431928E+0 3.169895E-3
1.436200E-2 2.053493E+0 2.422772E-2
1.436300E-2 1.422767E+0 4.107398E-2
1.436400E-2 6.658955E-1 4.949712E-2
1.436500E-2 -2.171209E-1 4.949712E-2
1.436600E-2 -1.016040E+0 3.686242E-2
1.436700E-2 -1.772912E+0 1.580459E-2
1.436800E-2 -2.277492E+0 -1.788793E-2
1.436900E-2 -2.529783E+0 -5.158046E-2
1.437000E-2 -2.445686E+0 -9.369611E-2
1.437100E-2 -2.109299E+0 -1.316002E-1
1.437200E-2 -1.520621E+0 -1.610812E-1
1.437300E-2 -7.637501E-1 -1.821390E-1
1.437400E-2 7.721787E-2 -1.695043E-1
1.437500E-2 9.602342E-1 -1.442349E-1
1.437600E-2 1.675057E+0 -8.948455E-2
1.437700E-2 2.263735E+0 -3.473419E-2
1.437800E-2 2.516025E+0 2.001616E-2
1.437900E-2 2.473977E+0 6.634338E-2
1.438000E-2 2.179638E+0 1.084590E-1
1.438100E-2 1.548912E+0 1.337284E-1
1.438200E-2 8.340890E-1 1.379400E-1
1.438300E-2 -4.892732E-2 1.379400E-1
1.438400E-2 -9.319437E-1 1.253053E-1
1.438500E-2 -1.646766E+0 1.000359E-1
1.438600E-2 -2.193396E+0 7.055494E-2
1.438700E-2 -2.529783E+0 2.843929E-2
1.438800E-2 -2.529783E+0 -9.464801E-3
1.438900E-2 -2.193396E+0 -4.315732E-2
1.439000E-2 -1.646766E+0 -7.684985E-2
1.439100E-2 -9.319437E-1 -1.021192E-1
1.439200E-2 -4.892732E-2 -1.147539E-1
1.439300E-2 8.340890E-1 -1.189655E-1
1.439400E-2 1.590960E+0 -1.105424E-1
1.439500E-2 2.179638E+0 -9.369611E-2
1.439600E-2 2.473977E+0 -6.842672E-2
1.439700E-2 2.516025E+0 -3.894576E-2
1.439800E-2 2.221686E+0 -1.367637E-2
1.439900E-2 1.675057E+0 -1.041670E-3
1.440000E-2 9.602342E-1 1.580459E-2
1.440100E-2 1.192663E-1 2.001616E-2
1.440200E-2 -7.217017E-1 1.159303E-2
1.440300E-2 -1.520621E+0 -9.464801E-3
1.440400E-2 -2.109299E+0 -3.052263E-2
1.440500E-2 -2.487734E+0 -6.842672E-2
1.440600E-2 -2.529783E+0 -1.105424E-1
1.440700E-2 -2.319541E+0 -1.484465E-1
1.440800E-2 -1.772912E+0 -1.568696E-1
1.440900E-2 -1.058089E+0 -1.526580E-1
1.441000E-2 -1.750725E-1 -1.147539E-1
1.441100E-2 6.658955E-1 -6.421515E-2
1.441200E-2 1.464815E+0 -5.253235E-3
1.441300E-2 2.095541E+0 4.107398E-2
1.441400E-2 2.473977E+0 1.000359E-1
1.441500E-2 2.516025E+0 1.379400E-1
1.441600E-2 2.347831E+0 1.589978E-1
1.441700E-2 1.843251E+0 1.842672E-1
1.441800E-2 1.128428E+0 1.926903E-1
1.441900E-2 2.874599E-1 1.926903E-1
1.442000E-2 -5.955565E-1 1.842672E-1
1.442100E-2 -1.394476E+0 1.589978E-1
1.442200E-2 -2.025202E+0 1.295169E-1
1.442300E-2 -2.445686E+0 9.161277E-2
1.442400E-2 -2.529783E+0 5.370868E-2
1.442500E-2 -2.361589E+0 1.159303E-2
1.442600E-2 -1.857008E+0 -1.788793E-2
1.442700E-2 -1.184234E+0 -4.736889E-2
1.442800E-2 -3.432661E-1 -6.842672E-2
1.442900E-2 4.977019E-1 -7.684985E-2
1.443000E-2 1.338670E+0 -6.842672E-2
1.443100E-2 2.011444E+0 -6.421515E-2
1.443200E-2 2.389880E+0 -3.894576E-2
1.443300E-2 2.558073E+0 -1.367637E-2
1.443400E-2 2.347831E+0 3.169895E-3
1.443500E-2 1.927347E+0 3.265085E-2
1.443600E-2 1.254573E+0 4.949712E-2
1.443700E-2 4.136051E-1 5.370868E-2
1.443800E-2 -4.273629E-1 4.949712E-2
1.443900E-2 -1.268331E+0 3.265085E-2
1.444000E-2 -1.899057E+0 3.169895E-3
1.444100E-2 -2.361589E+0 -2.631106E-2
1.444200E-2 -2.529783E+0 -6.000359E-2
1.444300E-2 -2.403638E+0 -1.021192E-1
1.444400E-2 -1.941105E+0 -1.358118E-1
1.444500E-2 -1.352428E+0 -1.652927E-1
1.444600E-2 -5.114597E-1 -1.779274E-1
1.444700E-2 3.295083E-1 -1.652927E-1
1.444800E-2 1.170476E+0 -1.316002E-1
1.444900E-2 1.885299E+0 -8.106141E-2
1.445000E-2 2.347831E+0 -1.788793E-2
1.445100E-2 2.558073E+0 3.265085E-2
1.445200E-2 2.431928E+0 8.318964E-2
1.445300E-2 2.011444E+0 1.168822E-1
1.445400E-2 1.380718E+0 1.337284E-1
1.445500E-2 5.817987E-1 1.379400E-1
1.445600E-2 -3.012177E-1 1.337284E-1
1.445700E-2 -1.100137E+0 1.210937E-1
1.445800E-2 -1.814960E+0 9.161277E-2
1.445900E-2 -2.361589E+0 6.213181E-2
1.446000E-2 -2.529783E+0 2.001616E-2
1.446100E-2 -2.445686E+0 -1.788793E-2
1.446200E-2 -2.109299E+0 -5.158046E-2
1.446300E-2 -1.478573E+0 -8.527298E-2
1.446400E-2 -6.796533E-1 -1.105424E-1
1.446500E-2 1.613147E-1 -1.189655E-1
1.446600E-2 1.044331E+0 -1.147539E-1
1.446700E-2 1.759154E+0 -1.021192E-1
1.446800E-2 2.263735E+0 -8.527298E-2
1.446900E-2 2.516025E+0 -6.000359E-2
1.447000E-2 2.473977E+0 -3.473419E-2
1.447100E-2 2.095541E+0 -9.464801E-3
1.447200E-2 1.506863E+0 3.169895E-3
1.447300E-2 7.499922E-1 1.580459E-2
1.447400E-2 -1.330241E-1 1.580459E-2
1.447500E-2 -9.739921E-1 3.169895E-3
1.447600E-2 -1.730863E+0 -9.464801E-3
1.447700E-2 -2.235444E+0 -3.894576E-2
1.447800E-2 -2.529783E+0 -7.684985E-2
1.447900E-2 -2.487734E+0 -1.147539E-1
1.448000E-2 -2.193396E+0 -1.484465E-1
1.448100E-2 -1.604718E+0 -1.526580E-1
1.448200E-2 -8.478469E-1 -1.400233E-1
1.448300E-2 -6.878924E-3 -1.021192E-1
1.448400E-2 8.761374E-1 -4.736889E-2
1.448500E-2 1.633009E+0 7.381461E-3
1.448600E-2 2.221686E+0 5.370868E-2
1.448700E-2 2.516025E+0 1.168822E-1
1.448800E-2 2.516025E+0 1.421516E-1
1.448900E-2 2.221686E+0 1.716325E-1
1.449000E-2 1.633009E+0 1.842672E-1
1.449100E-2 9.181858E-1 1.926903E-1
1.449200E-2 3.516947E-2 1.926903E-1
1.449300E-2 -8.478469E-1 1.758441E-1
1.449400E-2 -1.562670E+0 1.547863E-1
1.449500E-2 -2.151347E+0 1.210937E-1
1.449600E-2 -2.487734E+0 7.897807E-2
1.449700E-2 -2.529783E+0 3.686242E-2
1.449800E-2 -2.277492E+0 3.169895E-3
1.449900E-2 -1.688815E+0 -2.631106E-2
1.450000E-2 -9.739921E-1 -5.158046E-2
1.450100E-2 -1.330241E-1 -6.842672E-2
1.450200E-2 7.499922E-1 -7.263828E-2
1.450300E-2 1.506863E+0 -6.842672E-2
1.450400E-2 2.095541E+0 -5.158046E-2
1.450500E-2 2.473977E+0 -3.052263E-2
1.450600E-2 2.516025E+0 -5.253235E-3
1.450700E-2 2.263735E+0 1.580459E-2
1.450800E-2 1.759154E+0 3.686242E-2
1.450900E-2 1.002283E+0 4.949712E-2
1.451000E-2 1.613147E-1 4.949712E-2
1.451100E-2 -6.796533E-1 4.528555E-2
1.451200E-2 -1.478573E+0 2.422772E-2
1.451300E-2 -2.067250E+0 -5.253235E-3
1.451400E-2 -2.445686E+0 -3.052263E-2
1.451500E-2 -2.529783E+0 -7.684985E-2
1.451600E-2 -2.319541E+0 -1.147539E-1
1.451700E-2 -1.814960E+0 -1.484465E-1
1.451800E-2 -1.142186E+0 -1.737159E-1
1.451900E-2 -3.012177E-1 -1.737159E-1
1.452000E-2 5.817987E-1 -1.610812E-1
1.452100E-2 1.380718E+0 -1.147539E-1
1.452200E-2 2.011444E+0 -6.000359E-2
1.452300E-2 2.431928E+0 -1.041670E-3
1.452400E-2 2.516025E+0 4.528555E-2
1.452500E-2 2.347831E+0 1.000359E-1
1.452600E-2 1.885299E+0 1.253053E-1
1.452700E-2 1.170476E+0 1.379400E-1
1.452800E-2 3.295083E-1 1.379400E-1
1.452900E-2 -5.114597E-1 1.295169E-1
1.453000E-2 -1.310379E+0 1.168822E-1
1.453100E-2 -1.983154E+0 8.740121E-2
1.453200E-2 -2.361589E+0 4.949712E-2
1.453300E-2 -2.529783E+0 7.381461E-3
1.453400E-2 -2.361589E+0 -2.631106E-2
1.453500E-2 -1.899057E+0 -6.421515E-2
1.453600E-2 -1.268331E+0 -8.948455E-2
1.453700E-2 -4.273629E-1 -1.105424E-1
1.453800E-2 4.136051E-1 -1.189655E-1
1.453900E-2 1.254573E+0 -1.147539E-1
1.454000E-2 1.927347E+0 -9.790768E-2
1.454100E-2 2.347831E+0 -7.684985E-2
1.454200E-2 2.516025E+0 -5.158046E-2
1.454300E-2 2.431928E+0 -2.209950E-2
1.454400E-2 1.969396E+0 -1.041670E-3
1.454500E-2 1.296621E+0 7.381461E-3
1.454600E-2 4.977019E-1 1.580459E-2
1.454700E-2 -3.432661E-1 1.580459E-2
1.454800E-2 -1.184234E+0 -1.041670E-3
1.454900E-2 -1.857008E+0 -1.788793E-2
1.455000E-2 -2.361589E+0 -4.736889E-2
1.455100E-2 -2.529783E+0 -8.948455E-2
1.455200E-2 -2.445686E+0 -1.273886E-1
1.455300E-2 -2.025202E+0 -1.484465E-1
1.455400E-2 -1.394476E+0 -1.526580E-1
1.455500E-2 -5.955565E-1 -1.316002E-1
1.455600E-2 2.874599E-1 -8.948455E-2
1.455700E-2 1.128428E+0 -3.052263E-2
1.455800E-2 1.843251E+0 2.001616E-2
1.455900E-2 2.347831E+0 7.055494E-2
1.456000E-2 2.516025E+0 1.253053E-1
1.456100E-2 2.431928E+0 1.505747E-1
1.456200E-2 2.095541E+0 1.716325E-1
1.456300E-2 1.464815E+0 1.884788E-1
1.456400E-2 6.658955E-1 1.926903E-1
1.456500E-2 -1.750725E-1 1.884788E-1
1.456600E-2 -1.016040E+0 1.716325E-1
1.456700E-2 -1.772912E+0 1.463631E-1
1.456800E-2 -2.277492E+0 1.084590E-1
1.456900E-2 -2.529783E+0 7.055494E-2
1.457000E-2 -2.445686E+0 2.843929E-2
1.457100E-2 -2.109299E+0 -9.464801E-3
1.457200E-2 -1.520621E+0 -3.473419E-2
1.457300E-2 -7.217017E-1 -5.579202E-2
1.457400E-2 1.192663E-1 -7.263828E-2
1.457500E-2 1.002283E+0 -7.263828E-2
1.457600E-2 1.675057E+0 -6.842672E-2
1.457700E-2 2.263735E+0 -5.158046E-2
1.457800E-2 2.516025E+0 -2.631106E-2
1.457900E-2 2.473977E+0 -1.041670E-3
1.458000E-2 2.179638E+0 2.001616E-2
1.458100E-2 1.590960E+0 4.107398E-2
1.458200E-2 8.340890E-1 4.949712E-2
1.458300E-2 -6.878924E-3 5.370868E-2
1.458400E-2 -8.898953E-1 4.107398E-2
1.458500E-2 -1.646766E+0 2.001616E-2
1.458600E-2 -2.193396E+0 -9.464801E-3
1.458700E-2 -2.487734E+0 -4.315732E-2
1.458800E-2 -2.529783E+0 -8.527298E-2
1.458900E-2 -2.193396E+0 -1.231771E-1
1.459000E-2 -1.646766E+0 -1.568696E-1
1.459100E-2 -9.319437E-1 -1.779274E-1
1.459200E-2 -4.892732E-2 -1.695043E-1
1.459300E-2 8.340890E-1 -1.484465E-1
1.459400E-2 1.590960E+0 -1.021192E-1
1.459500E-2 2.179638E+0 -4.736889E-2
1.459600E-2 2.516025E+0 1.159303E-2
1.459700E-2 2.516025E+0 5.792025E-2
1.459800E-2 2.263735E+0 1.084590E-1
1.459900E-2 1.675057E+0 1.295169E-1
1.460000E-2 1.002283E+0 1.379400E-1
1.460100E-2 1.192663E-1 1.379400E-1
1.460200E-2 -7.217017E-1 1.295169E-1
1.460300E-2 -1.520621E+0 1.084590E-1
1.460400E-2 -2.109299E+0 7.897807E-2
1.460500E-2 -2.445686E+0 3.686242E-2
1.460600E-2 -2.529783E+0 -1.041670E-3
1.460700E-2 -2.277492E+0 -3.473419E-2
1.460800E-2 -1.772912E+0 -6.842672E-2
1.460900E-2 -1.058089E+0 -9.790768E-2
1.461000E-2 -1.750725E-1 -1.105424E-1
1.461100E-2 6.658955E-1 -1.189655E-1
1.461200E-2 1.464815E+0 -1.147539E-1
1.461300E-2 2.095541E+0 -9.790768E-2
1.461400E-2 2.431928E+0 -6.842672E-2
1.461500E-2 2.516025E+0 -4.315732E-2
1.461600E-2 2.305783E+0 -1.788793E-2
1.461700E-2 1.801202E+0 3.169895E-3
1.461800E-2 1.086379E+0 1.580459E-2
1.461900E-2 2.874599E-1 2.001616E-2
1.462000E-2 -5.955565E-1 1.580459E-2
1.462100E-2 -1.352428E+0 -5.253235E-3
1.462200E-2 -2.025202E+0 -2.631106E-2
1.462300E-2 -2.445686E+0 -6.000359E-2
1.462400E-2 -2.529783E+0 -9.790768E-2
1.462500E-2 -2.361589E+0 -1.358118E-1
1.462600E-2 -1.857008E+0 -1.526580E-1
1.462700E-2 -1.184234E+0 -1.526580E-1
1.462800E-2 -3.432661E-1 -1.231771E-1
1.462900E-2 4.977019E-1 -7.684985E-2
1.463000E-2 1.338670E+0 -1.788793E-2
1.463100E-2 2.011444E+0 3.265085E-2
1.463200E-2 2.431928E+0 8.740121E-2
1.463300E-2 2.516025E+0 1.337284E-1
1.463400E-2 2.347831E+0 1.589978E-1
1.463500E-2 1.927347E+0 1.758441E-1
1.463600E-2 1.254573E+0 1.884788E-1
1.463700E-2 4.556535E-1 1.926903E-1
1.463800E-2 -4.273629E-1 1.842672E-1
1.463900E-2 -1.268331E+0 1.632094E-1
1.464000E-2 -1.941105E+0 1.337284E-1
1.464100E-2 -2.361589E+0 1.000359E-1
1.464200E-2 -2.529783E+0 5.792025E-2
1.464300E-2 -2.403638E+0 2.001616E-2
1.464400E-2 -1.983154E+0 -1.367637E-2
1.464500E-2 -1.352428E+0 -4.315732E-2
1.464600E-2 -5.114597E-1 -6.421515E-2
1.464700E-2 3.295083E-1 -7.263828E-2
1.464800E-2 1.170476E+0 -7.263828E-2
1.464900E-2 1.885299E+0 -6.421515E-2
1.465000E-2 2.347831E+0 -4.315732E-2
1.465100E-2 2.516025E+0 -1.788793E-2
1.465200E-2 2.431928E+0 3.169895E-3
1.465300E-2 2.011444E+0 2.422772E-2
1.465400E-2 1.380718E+0 4.528555E-2
1.465500E-2 5.817987E-1 5.370868E-2
1.465600E-2 -2.591693E-1 4.949712E-2
1.465700E-2 -1.100137E+0 3.686242E-2
1.465800E-2 -1.857008E+0 1.159303E-2
1.465900E-2 -2.319541E+0 -1.788793E-2
1.466000E-2 -2.529783E+0 -5.579202E-2
1.466100E-2 -2.445686E+0 -9.790768E-2
1.466200E-2 -2.067250E+0 -1.358118E-1
1.466300E-2 -1.478573E+0 -1.610812E-1
1.466400E-2 -6.796533E-1 -1.779274E-1
1.466500E-2 1.613147E-1 -1.652927E-1
1.466600E-2 1.044331E+0 -1.358118E-1
1.466700E-2 1.759154E+0 -8.527298E-2
1.466800E-2 2.305783E+0 -3.052263E-2
1.466900E-2 2.516025E+0 2.422772E-2
1.467000E-2 2.473977E+0 7.476651E-2
1.467100E-2 2.095541E+0 1.168822E-1
1.467200E-2 1.506863E+0 1.337284E-1
1.467300E-2 7.499922E-1 1.379400E-1
1.467400E-2 -1.330241E-1 1.379400E-1
1.467500E-2 -9.739921E-1 1.253053E-1
1.467600E-2 -1.688815E+0 1.000359E-1
1.467700E-2 -2.235444E+0 6.634338E-2
1.467800E-2 -2.529783E+0 2.843929E-2
1.467900E-2 -2.487734E+0 -1.367637E-2
1.468000E-2 -2.151347E+0 -4.736889E-2
1.468100E-2 -1.604718E+0 -7.684985E-2
1.468200E-2 -8.478469E-1 -1.021192E-1
1.468300E-2 3.516947E-2 -1.189655E-1
1.468400E-2 9.181858E-1 -1.189655E-1
1.468500E-2 1.633009E+0 -1.105424E-1
1.468600E-2 2.221686E+0 -8.948455E-2
1.468700E-2 2.516025E+0 -6.421515E-2
1.468800E-2 2.516025E+0 -3.473419E-2
1.468900E-2 2.179638E+0 -9.464801E-3
1.469000E-2 1.633009E+0 3.169895E-3
1.469100E-2 9.181858E-1 1.580459E-2
1.469200E-2 3.516947E-2 1.580459E-2
1.469300E-2 -8.478469E-1 7.381461E-3
1.469400E-2 -1.562670E+0 -9.464801E-3
1.469500E-2 -2.193396E+0 -3.473419E-2
1.469600E-2 -2.487734E+0 -7.263828E-2
1.469700E-2 -2.529783E+0 -1.105424E-1
1.469800E-2 -2.235444E+0 -1.442349E-1
1.469900E-2 -1.688815E+0 -1.526580E-1
1.470000E-2 -1.016040E+0 -1.442349E-1
1.470100E-2 -1.750725E-1 -1.105424E-1
1.470200E-2 7.499922E-1 -6.000359E-2
1.470300E-2 1.506863E+0 -1.041670E-3
1.470400E-2 2.095541E+0 4.949712E-2
1.470500E-2 2.473977E+0 1.042475E-1
1.470600E-2 2.516025E+0 1.379400E-1
1.470700E-2 2.305783E+0 1.632094E-1
1.470800E-2 1.759154E+0 1.842672E-1
1.470900E-2 1.044331E+0 1.926903E-1
1.471000E-2 2.033631E-1 1.926903E-1
1.471100E-2 -6.796533E-1 1.842672E-1
1.471200E-2 -1.436524E+0 1.589978E-1
1.471300E-2 -2.067250E+0 1.253053E-1
1.471400E-2 -2.487734E+0 8.740121E-2
1.471500E-2 -2.529783E+0 4.949712E-2
1.471600E-2 -2.319541E+0 1.159303E-2
1.471700E-2 -1.857008E+0 -2.209950E-2
1.471800E-2 -1.142186E+0 -4.736889E-2
1.471900E-2 -3.012177E-1 -6.842672E-2
1.472000E-2 6.238471E-1 -7.684985E-2
1.472100E-2 1.422767E+0 -6.842672E-2
1.472200E-2 2.053493E+0 -6.000359E-2
1.472300E-2 2.431928E+0 -3.473419E-2
1.472400E-2 2.516025E+0 -9.464801E-3
1.472500E-2 2.347831E+0 7.381461E-3
1.472600E-2 1.843251E+0 3.265085E-2
1.472700E-2 1.170476E+0 4.949712E-2
1.472800E-2 3.295083E-1 5.370868E-2
1.472900E-2 -5.114597E-1 4.528555E-2
1.473000E-2 -1.352428E+0 3.265085E-2
1.473100E-2 -1.983154E+0 3.169895E-3
1.473200E-2 -2.403638E+0 -2.631106E-2
1.473300E-2 -2.529783E+0 -6.842672E-2
1.473400E-2 -2.403638E+0 -1.021192E-1
1.473500E-2 -1.941105E+0 -1.442349E-1
1.473600E-2 -1.268331E+0 -1.695043E-1
1.473700E-2 -4.273629E-1 -1.737159E-1
1.473800E-2 4.136051E-1 -1.610812E-1
1.473900E-2 1.254573E+0 -1.273886E-1
1.474000E-2 1.927347E+0 -7.263828E-2
1.474100E-2 2.389880E+0 -1.367637E-2
1.474200E-2 2.516025E+0 3.686242E-2
1.474300E-2 2.389880E+0 9.161277E-2
1.474400E-2 1.969396E+0 1.210937E-1
1.474500E-2 1.338670E+0 1.337284E-1
1.474600E-2 4.977019E-1 1.421516E-1
1.474700E-2 -3.432661E-1 1.337284E-1
1.474800E-2 -1.184234E+0 1.168822E-1
1.474900E-2 -1.857008E+0 9.161277E-2
1.475000E-2 -2.361589E+0 5.792025E-2
1.475100E-2 -2.529783E+0 1.580459E-2
1.475200E-2 -2.445686E+0 -1.788793E-2
1.475300E-2 -2.025202E+0 -5.579202E-2
1.475400E-2 -1.394476E+0 -8.527298E-2
1.475500E-2 -5.955565E-1 -1.105424E-1
1.475600E-2 2.874599E-1 -1.189655E-1
1.475700E-2 1.086379E+0 -1.189655E-1
1.475800E-2 1.843251E+0 -1.021192E-1
1.475900E-2 2.347831E+0 -8.527298E-2
1.476000E-2 2.516025E+0 -5.579202E-2
1.476100E-2 2.431928E+0 -3.052263E-2
1.476200E-2 2.053493E+0 -5.253235E-3
1.476300E-2 1.422767E+0 3.169895E-3
1.476400E-2 6.658955E-1 1.580459E-2
1.476500E-2 -2.171209E-1 1.580459E-2
1.476600E-2 -1.016040E+0 3.169895E-3
1.476700E-2 -1.772912E+0 -1.367637E-2
1.476800E-2 -2.319541E+0 -4.315732E-2
1.476900E-2 -2.529783E+0 -8.106141E-2
1.477000E-2 -2.487734E+0 -1.189655E-1
1.477100E-2 -2.109299E+0 -1.484465E-1
1.477200E-2 -1.562670E+0 -1.526580E-1
1.477300E-2 -7.637501E-1 -1.358118E-1
1.477400E-2 1.192663E-1 -9.790768E-2
1.477500E-2 1.002283E+0 -4.315732E-2
1.477600E-2 1.717105E+0 1.159303E-2
1.477700E-2 2.263735E+0 6.213181E-2
1.477800E-2 2.516025E+0 1.168822E-1
1.477900E-2 2.473977E+0 1.463631E-1
1.478000E-2 2.179638E+0 1.716325E-1
1.478100E-2 1.590960E+0 1.842672E-1
1.478200E-2 8.340890E-1 1.926903E-1
1.478300E-2 -4.892732E-2 1.884788E-1
1.478400E-2 -8.898953E-1 1.716325E-1
1.478500E-2 -1.688815E+0 1.505747E-1
1.478600E-2 -2.193396E+0 1.168822E-1
1.478700E-2 -2.529783E+0 7.897807E-2
1.478800E-2 -2.529783E+0 3.686242E-2
1.478900E-2 -2.193396E+0 -1.041670E-3
1.479000E-2 -1.646766E+0 -3.052263E-2
1.479100E-2 -9.319437E-1 -5.579202E-2
1.479200E-2 -4.892732E-2 -7.263828E-2
1.479300E-2 8.340890E-1 -7.263828E-2
1.479400E-2 1.590960E+0 -6.842672E-2
1.479500E-2 2.179638E+0 -5.158046E-2
1.479600E-2 2.473977E+0 -3.052263E-2
1.479700E-2 2.516025E+0 -1.041670E-3
1.479800E-2 2.221686E+0 1.580459E-2
1.479900E-2 1.675057E+0 3.686242E-2
1.480000E-2 9.602342E-1 4.949712E-2
1.480100E-2 1.192663E-1 4.949712E-2
1.480200E-2 -7.217017E-1 4.107398E-2
1.480300E-2 -1.520621E+0 2.422772E-2
1.480400E-2 -2.109299E+0 -9.464801E-3
1.480500E-2 -2.445686E+0 -3.473419E-2
1.480600E-2 -2.529783E+0 -8.106141E-2
1.480700E-2 -2.277492E+0 -1.147539E-1
1.480800E-2 -1.772912E+0 -1.526580E-1
1.480900E-2 -1.058089E+0 -1.779274E-1
1.481000E-2 -2.591693E-1 -1.779274E-1
1.481100E-2 6.658955E-1 -1.526580E-1
1.481200E-2 1.464815E+0 -1.147539E-1
1.481300E-2 2.053493E+0 -6.000359E-2
1.481400E-2 2.431928E+0 3.169895E-3
1.481500E-2 2.516025E+0 4.949712E-2
1.481600E-2 2.305783E+0 1.042475E-1
1.481700E-2 1.801202E+0 1.210937E-1
1.481800E-2 1.086379E+0 1.379400E-1
1.481900E-2 2.874599E-1 1.379400E-1
1.482000E-2 -5.955565E-1 1.295169E-1
1.482100E-2 -1.394476E+0 1.126706E-1
1.482200E-2 -2.025202E+0 8.318964E-2
1.482300E-2 -2.445686E+0 4.528555E-2
1.482400E-2 -2.529783E+0 3.169895E-3
1.482500E-2 -2.361589E+0 -3.052263E-2
1.482600E-2 -1.857008E+0 -6.421515E-2
1.482700E-2 -1.184234E+0 -9.790768E-2
1.482800E-2 -3.432661E-1 -1.147539E-1
1.482900E-2 4.977019E-1 -1.189655E-1
1.483000E-2 1.338670E+0 -1.147539E-1
1.483100E-2 2.011444E+0 -9.790768E-2
1.483200E-2 2.389880E+0 -7.684985E-2
1.483300E-2 2.516025E+0 -5.158046E-2
1.483400E-2 2.347831E+0 -2.631106E-2
1.483500E-2 1.927347E+0 3.169895E-3
1.483600E-2 1.254573E+0 7.381461E-3
1.483700E-2 4.136051E-1 1.580459E-2
1.483800E-2 -4.694113E-1 1.159303E-2
1.483900E-2 -1.268331E+0 -1.041670E-3
1.484000E-2 -1.941105E+0 -1.788793E-2
1.484100E-2 -2.361589E+0 -5.158046E-2
1.484200E-2 -2.571831E+0 -9.369611E-2
1.484300E-2 -2.403638E+0 -1.316002E-1
1.484400E-2 -1.983154E+0 -1.526580E-1
1.484500E-2 -1.352428E+0 -1.526580E-1
1.484600E-2 -5.114597E-1 -1.316002E-1
1.484700E-2 3.715567E-1 -8.527298E-2
1.484800E-2 1.170476E+0 -2.631106E-2
1.484900E-2 1.885299E+0 2.422772E-2
1.485000E-2 2.347831E+0 7.476651E-2
1.485100E-2 2.516025E+0 1.253053E-1
1.485200E-2 2.431928E+0 1.505747E-1
1.485300E-2 2.011444E+0 1.716325E-1
1.485400E-2 1.380718E+0 1.884788E-1
1.485500E-2 6.238471E-1 1.926903E-1
1.485600E-2 -3.012177E-1 1.884788E-1
1.485700E-2 -1.100137E+0 1.716325E-1
1.485800E-2 -1.857008E+0 1.379400E-1
1.485900E-2 -2.361589E+0 1.042475E-1
1.486000E-2 -2.529783E+0 6.634338E-2
1.486100E-2 -2.445686E+0 2.422772E-2
1.486200E-2 -2.109299E+0 -9.464801E-3
1.486300E-2 -1.478573E+0 -3.894576E-2
1.486400E-2 -6.796533E-1 -6.000359E-2
1.486500E-2 1.613147E-1 -7.263828E-2
1.486600E-2 1.044331E+0 -7.263828E-2
1.486700E-2 1.759154E+0 -6.842672E-2
1.486800E-2 2.263735E+0 -4.736889E-2
1.486900E-2 2.516025E+0 -2.631106E-2
1.487000E-2 2.431928E+0 -1.041670E-3
1.487100E-2 2.095541E+0 2.001616E-2
1.487200E-2 1.506863E+0 4.107398E-2
1.487300E-2 7.079438E-1 4.949712E-2
1.487400E-2 -1.330241E-1 5.370868E-2
1.487500E-2 -1.016040E+0 3.686242E-2
1.487600E-2 -1.688815E+0 1.580459E-2
1.487700E-2 -2.277492E+0 -1.367637E-2
1.487800E-2 -2.529783E+0 -4.736889E-2
1.487900E-2 -2.487734E+0 -8.948455E-2
1.488000E-2 -2.193396E+0 -1.273886E-1
1.488100E-2 -1.604718E+0 -1.610812E-1
1.488200E-2 -8.478469E-1 -1.779274E-1
1.488300E-2 3.516947E-2 -1.695043E-1
1.488400E-2 9.181858E-1 -1.400233E-1
1.488500E-2 1.675057E+0 -9.790768E-2
1.488600E-2 2.179638E+0 -3.894576E-2
1.488700E-2 2.516025E+0 1.580459E-2
1.488800E-2 2.473977E+0 6.213181E-2
1.488900E-2 2.179638E+0 1.084590E-1
1.489000E-2 1.633009E+0 1.295169E-1
1.489100E-2 8.761374E-1 1.379400E-1
1.489200E-2 3.516947E-2 1.379400E-1
1.489300E-2 -8.057985E-1 1.253053E-1
1.489400E-2 -1.562670E+0 1.042475E-1
1.489500E-2 -2.193396E+0 7.055494E-2
1.489600E-2 -2.487734E+0 3.686242E-2
1.489700E-2 -2.529783E+0 -9.464801E-3
1.489800E-2 -2.277492E+0 -3.894576E-2
1.489900E-2 -1.730863E+0 -7.684985E-2
1.490000E-2 -1.016040E+0 -9.790768E-2
1.490100E-2 -1.330241E-1 -1.147539E-1
1.490200E-2 7.499922E-1 -1.189655E-1
1.490300E-2 1.506863E+0 -1.147539E-1
1.490400E-2 2.137589E+0 -9.790768E-2
1.490500E-2 2.473977E+0 -7.263828E-2
1.490600E-2 2.516025E+0 -4.315732E-2
1.490700E-2 2.263735E+0 -1.788793E-2
1.490800E-2 1.759154E+0 3.169895E-3
1.490900E-2 1.044331E+0 1.159303E-2
1.491000E-2 2.033631E-1 2.001616E-2
1.491100E-2 -6.796533E-1 1.159303E-2
1.491200E-2 -1.478573E+0 -9.464801E-3
1.491300E-2 -2.067250E+0 -2.631106E-2
1.491400E-2 -2.445686E+0 -6.421515E-2
1.491500E-2 -2.529783E+0 -1.021192E-1
1.491600E-2 -2.319541E+0 -1.400233E-1
1.491700E-2 -1.814960E+0 -1.568696E-1
1.491800E-2 -1.142186E+0 -1.526580E-1
1.491900E-2 -2.591693E-1 -1.189655E-1
1.492000E-2 5.817987E-1 -6.842672E-2
1.492100E-2 1.380718E+0 -1.367637E-2
1.492200E-2 2.011444E+0 3.686242E-2
1.492300E-2 2.431928E+0 9.161277E-2
1.492400E-2 2.516025E+0 1.337284E-1
1.492500E-2 2.347831E+0 1.589978E-1
1.492600E-2 1.843251E+0 1.758441E-1
1.492700E-2 1.170476E+0 1.884788E-1
1.492800E-2 3.295083E-1 1.926903E-1
1.492900E-2 -5.114597E-1 1.842672E-1
1.493000E-2 -1.310379E+0 1.632094E-1
1.493100E-2 -1.983154E+0 1.337284E-1
1.493200E-2 -2.403638E+0 9.161277E-2
1.493300E-2 -2.529783E+0 5.792025E-2
1.493400E-2 -2.361589E+0 1.580459E-2
1.493500E-2 -1.941105E+0 -1.788793E-2
1.493600E-2 -1.268331E+0 -4.736889E-2
1.493700E-2 -4.273629E-1 -6.421515E-2
1.493800E-2 4.136051E-1 -7.684985E-2
1.493900E-2 1.254573E+0 -7.263828E-2
1.494000E-2 1.969396E+0 -6.421515E-2
1.494100E-2 2.389880E+0 -3.894576E-2
1.494200E-2 2.516025E+0 -1.788793E-2
1.494300E-2 2.431928E+0 3.169895E-3
1.494400E-2 1.969396E+0 2.843929E-2
1.494500E-2 1.296621E+0 4.528555E-2
1.494600E-2 4.977019E-1 5.370868E-2
1.494700E-2 -3.432661E-1 4.949712E-2
1.494800E-2 -1.184234E+0 3.265085E-2
1.494900E-2 -1.857008E+0 7.381461E-3
1.495000E-2 -2.361589E+0 -1.788793E-2
1.495100E-2 -2.529783E+0 -6.000359E-2
1.495200E-2 -2.445686E+0 -9.790768E-2
1.495300E-2 -2.025202E+0 -1.358118E-1
1.495400E-2 -1.394476E+0 -1.652927E-1
1.495500E-2 -5.955565E-1 -1.779274E-1
1.495600E-2 2.874599E-1 -1.652927E-1
1.495700E-2 1.086379E+0 -1.316002E-1
1.495800E-2 1.843251E+0 -8.527298E-2
1.495900E-2 2.347831E+0 -2.209950E-2
1.496000E-2 2.516025E+0 2.843929E-2
1.496100E-2 2.431928E+0 7.897807E-2
1.496200E-2 2.053493E+0 1.168822E-1
1.496300E-2 1.464815E+0 1.337284E-1
1.496400E-2 6.658955E-1 1.379400E-1
1.496500E-2 -1.750725E-1 1.379400E-1
1.496600E-2 -1.058089E+0 1.210937E-1
1.496700E-2 -1.772912E+0 1.000359E-1
1.496800E-2 -2.277492E+0 6.634338E-2
1.496900E-2 -2.529783E+0 2.422772E-2
1.497000E-2 -2.445686E+0 -1.788793E-2
1.497100E-2 -2.109299E+0 -4.736889E-2
1.497200E-2 -1.520621E+0 -8.106141E-2
1.497300E-2 -7.637501E-1 -1.063308E-1
1.497400E-2 1.192663E-1 -1.189655E-1
1.497500E-2 1.002283E+0 -1.189655E-1
1.497600E-2 1.717105E+0 -1.063308E-1
1.497700E-2 2.263735E+0 -8.948455E-2
1.497800E-2 2.516025E+0 -6.421515E-2
1.497900E-2 2.516025E+0 -3.473419E-2
1.498000E-2 2.179638E+0 -9.464801E-3
1.498100E-2 1.590960E+0 3.169895E-3
1.498200E-2 8.340890E-1 1.580459E-2
1.498300E-2 -6.878924E-3 1.580459E-2
1.498400E-2 -8.898953E-1 7.381461E-3
1.498500E-2 -1.646766E+0 -9.464801E-3
1.498600E-2 -2.193396E+0 -3.473419E-2
1.498700E-2 -2.529783E+0 -7.684985E-2
1.498800E-2 -2.529783E+0 -1.147539E-1
1.498900E-2 -2.193396E+0 -1.484465E-1
1.499000E-2 -1.646766E+0 -1.526580E-1
1.499100E-2 -9.319437E-1 -1.442349E-1
1.499200E-2 -6.878924E-3 -1.105424E-1
1.499300E-2 8.340890E-1 -5.579202E-2
1.499400E-2 1.590960E+0 3.169895E-3
1.499500E-2 2.179638E+0 5.370868E-2
1.499600E-2 2.516025E+0 1.126706E-1
1.499700E-2 2.516025E+0 1.421516E-1
1.499800E-2 2.221686E+0 1.674209E-1
1.499900E-2 1.717105E+0 1.842672E-1
1.500000E-2 9.602342E-1 1.926903E-1
1.500100E-2 1.192663E-1 1.926903E-1
1.500200E-2 -7.637501E-1 1.800556E-1
1.500300E-2 -1.520621E+0 1.547863E-1
1.500400E-2 -2.109299E+0 1.210937E-1
1.500500E-2 -2.487734E+0 8.740121E-2
1.500600E-2 -2.529783E+0 4.528555E-2
1.500700E-2 -2.277492E+0 3.169895E-3
1.500800E-2 -1.772912E+0 -2.631106E-2
1.500900E-2 -1.058089E+0 -5.158046E-2
1.501000E-2 -2.171209E-1 -6.842672E-2
1.501100E-2 6.658955E-1 -7.263828E-2
1.501200E-2 1.464815E+0 -6.842672E-2
1.501300E-2 2.053493E+0 -5.579202E-2
1.501400E-2 2.473977E+0 -3.052263E-2
1.501500E-2 2.516025E+0 -9.464801E-3
1.501600E-2 2.305783E+0 1.159303E-2
1.501700E-2 1.843251E+0 3.265085E-2
1.501800E-2 1.086379E+0 4.949712E-2
1.501900E-2 2.874599E-1 5.370868E-2
1.502000E-2 -5.955565E-1 4.949712E-2
1.502100E-2 -1.394476E+0 2.843929E-2
1.502200E-2 -2.025202E+0 -1.041670E-3
1.502300E-2 -2.445686E+0 -3.052263E-2
1.502400E-2 -2.529783E+0 -6.842672E-2
1.502500E-2 -2.361589E+0 -1.105424E-1
1.502600E-2 -1.857008E+0 -1.442349E-1
1.502700E-2 -1.184234E+0 -1.695043E-1
1.502800E-2 -3.432661E-1 -1.779274E-1
1.502900E-2 5.397503E-1 -1.610812E-1
1.503000E-2 1.338670E+0 -1.189655E-1
1.503100E-2 2.011444E+0 -6.421515E-2
1.503200E-2 2.431928E+0 -9.464801E-3
1.503300E-2 2.516025E+0 4.107398E-2
1.503400E-2 2.389880E+0 9.582434E-2
1.503500E-2 1.927347E+0 1.210937E-1
1.503600E-2 1.254573E+0 1.379400E-1
1.503700E-2 4.556535E-1 1.379400E-1
1.503800E-2 -4.273629E-1 1.337284E-1
1.503900E-2 -1.226282E+0 1.168822E-1
1.504000E-2 -1.899057E+0 8.740121E-2
1.504100E-2 -2.361589E+0 5.370868E-2
1.504200E-2 -2.529783E+0 1.580459E-2
1.504300E-2 -2.403638E+0 -2.631106E-2
1.504400E-2 -1.983154E+0 -6.000359E-2
1.504500E-2 -1.352428E+0 -8.948455E-2
1.504600E-2 -5.114597E-1 -1.105424E-1
1.504700E-2 3.295083E-1 -1.189655E-1
1.504800E-2 1.170476E+0 -1.147539E-1
1.504900E-2 1.885299E+0 -1.021192E-1
1.505000E-2 2.347831E+0 -8.527298E-2
1.505100E-2 2.558073E+0 -5.158046E-2
1.505200E-2 2.431928E+0 -2.631106E-2
1.505300E-2 2.011444E+0 -1.041670E-3
1.505400E-2 1.380718E+0 7.381461E-3
1.505500E-2 5.817987E-1 1.580459E-2
1.505600E-2 -2.591693E-1 1.580459E-2
1.505700E-2 -1.100137E+0 3.169895E-3
1.505800E-2 -1.814960E+0 -1.367637E-2
1.505900E-2 -2.319541E+0 -4.736889E-2
1.506000E-2 -2.529783E+0 -8.527298E-2
1.506100E-2 -2.445686E+0 -1.273886E-1
1.506200E-2 -2.067250E+0 -1.484465E-1
1.506300E-2 -1.436524E+0 -1.526580E-1
1.506400E-2 -6.796533E-1 -1.358118E-1
1.506500E-2 1.613147E-1 -9.369611E-2
1.506600E-2 1.002283E+0 -3.473419E-2
1.506700E-2 1.759154E+0 1.580459E-2
1.506800E-2 2.263735E+0 6.634338E-2
1.506900E-2 2.516025E+0 1.210937E-1
1.507000E-2 2.473977E+0 1.505747E-1
1.507100E-2 2.095541E+0 1.716325E-1
1.507200E-2 1.506863E+0 1.842672E-1
1.507300E-2 7.499922E-1 1.969019E-1
1.507400E-2 -9.097572E-2 1.926903E-1
1.507500E-2 -9.739921E-1 1.758441E-1
1.507600E-2 -1.688815E+0 1.505747E-1
1.507700E-2 -2.235444E+0 1.168822E-1
1.507800E-2 -2.529783E+0 7.476651E-2
1.507900E-2 -2.445686E+0 3.265085E-2
1.508000E-2 -2.151347E+0 -5.253235E-3
1.508100E-2 -1.604718E+0 -3.052263E-2
1.508200E-2 -8.478469E-1 -6.000359E-2
1.508300E-2 3.516947E-2 -6.842672E-2
1.508400E-2 9.181858E-1 -7.263828E-2
1.508500E-2 1.675057E+0 -6.421515E-2
1.508600E-2 2.221686E+0 -5.158046E-2
1.508700E-2 2.516025E+0 -2.631106E-2
1.508800E-2 2.516025E+0 -1.041670E-3
1.508900E-2 2.179638E+0 1.580459E-2
1.509000E-2 1.633009E+0 3.686242E-2
1.509100E-2 8.761374E-1 5.370868E-2
1.509200E-2 3.516947E-2 5.370868E-2
1.509300E-2 -8.057985E-1 4.528555E-2
1.509400E-2 -1.562670E+0 2.001616E-2
1.509500E-2 -2.151347E+0 -9.464801E-3
1.509600E-2 -2.529783E+0 -4.315732E-2
1.509700E-2 -2.529783E+0 -8.106141E-2
1.509800E-2 -2.235444E+0 -1.189655E-1
1.509900E-2 -1.688815E+0 -1.526580E-1
1.510000E-2 -1.016040E+0 -1.779274E-1
1.510100E-2 -1.330241E-1 -1.695043E-1
1.510200E-2 7.499922E-1 -1.526580E-1
1.510300E-2 1.506863E+0 -1.063308E-1
1.510400E-2 2.137589E+0 -5.158046E-2
1.510500E-2 2.473977E+0 3.169895E-3
1.510600E-2 2.516025E+0 5.370868E-2
1.510700E-2 2.305783E+0 1.042475E-1
1.510800E-2 1.759154E+0 1.295169E-1
1.510900E-2 1.044331E+0 1.379400E-1
1.511000E-2 1.613147E-1 1.379400E-1
1.511100E-2 -6.796533E-1 1.295169E-1
1.511200E-2 -1.436524E+0 1.084590E-1
1.511300E-2 -2.067250E+0 8.318964E-2
1.511400E-2 -2.445686E+0 4.107398E-2
1.511500E-2 -2.529783E+0 3.169895E-3
1.511600E-2 -2.319541E+0 -3.052263E-2
1.511700E-2 -1.814960E+0 -6.842672E-2
1.511800E-2 -1.100137E+0 -9.790768E-2
1.511900E-2 -2.591693E-1 -1.147539E-1
1.512000E-2 6.238471E-1 -1.189655E-1
1.512100E-2 1.422767E+0 -1.147539E-1
1.512200E-2 2.011444E+0 -9.790768E-2
1.512300E-2 2.431928E+0 -7.263828E-2
1.512400E-2 2.516025E+0 -4.736889E-2
1.512500E-2 2.347831E+0 -1.788793E-2
1.512600E-2 1.885299E+0 -1.041670E-3
1.512700E-2 1.170476E+0 1.159303E-2
1.512800E-2 3.295083E-1 1.580459E-2
1.512900E-2 -5.114597E-1 1.580459E-2
1.513000E-2 -1.310379E+0 -1.041670E-3
1.513100E-2 -1.941105E+0 -2.209950E-2
1.513200E-2 -2.403638E+0 -6.000359E-2
1.513300E-2 -2.529783E+0 -9.790768E-2
1.513400E-2 -2.361589E+0 -1.316002E-1
1.513500E-2 -1.941105E+0 -1.526580E-1
1.513600E-2 -1.268331E+0 -1.526580E-1
1.513700E-2 -4.273629E-1 -1.273886E-1
1.513800E-2 4.136051E-1 -8.106141E-2
1.513900E-2 1.254573E+0 -2.209950E-2
1.514000E-2 1.927347E+0 2.843929E-2
1.514100E-2 2.389880E+0 7.897807E-2
1.514200E-2 2.516025E+0 1.295169E-1
1.514300E-2 2.389880E+0 1.547863E-1
1.514400E-2 1.969396E+0 1.758441E-1
1.514500E-2 1.296621E+0 1.884788E-1
1.514600E-2 4.977019E-1 1.926903E-1
1.514700E-2 -3.432661E-1 1.884788E-1
1.514800E-2 -1.184234E+0 1.674209E-1
1.514900E-2 -1.857008E+0 1.379400E-1
1.515000E-2 -2.361589E+0 1.042475E-1
1.515100E-2 -2.529783E+0 6.634338E-2
1.515200E-2 -2.403638E+0 2.001616E-2
1.515300E-2 -2.025202E+0 -1.367637E-2
1.515400E-2 -1.394476E+0 -3.894576E-2
1.515500E-2 -5.955565E-1 -6.000359E-2
1.515600E-2 2.874599E-1 -7.263828E-2
1.515700E-2 1.128428E+0 -7.263828E-2
1.515800E-2 1.843251E+0 -6.421515E-2
1.515900E-2 2.347831E+0 -4.736889E-2
1.516000E-2 2.516025E+0 -1.788793E-2
1.516100E-2 2.473977E+0 3.169895E-3
1.516200E-2 2.095541E+0 2.422772E-2
1.516300E-2 1.464815E+0 4.107398E-2
1.516400E-2 6.658955E-1 5.370868E-2
1.516500E-2 -1.750725E-1 4.949712E-2
1.516600E-2 -1.016040E+0 3.686242E-2
1.516700E-2 -1.772912E+0 1.580459E-2
1.516800E-2 -2.277492E+0 -1.367637E-2
1.516900E-2 -2.529783E+0 -5.158046E-2
1.517000E-2 -2.445686E+0 -9.369611E-2
1.517100E-2 -2.109299E+0 -1.316002E-1
1.517200E-2 -1.520621E+0 -1.610812E-1
1.517300E-2 -7.637501E-1 -1.779274E-1
1.517400E-2 1.192663E-1 -1.652927E-1
1.517500E-2 1.002283E+0 -1.442349E-1
1.517600E-2 1.675057E+0 -8.948455E-2
1.517700E-2 2.263735E+0 -3.052263E-2
1.517800E-2 2.516025E+0 2.001616E-2
1.517900E-2 2.516025E+0 6.634338E-2
1.518000E-2 2.179638E+0 1.126706E-1
1.518100E-2 1.590960E+0 1.337284E-1
1.518200E-2 8.340890E-1 1.379400E-1
1.518300E-2 -4.892732E-2 1.379400E-1
1.518400E-2 -8.898953E-1 1.253053E-1
1.518500E-2 -1.604718E+0 1.042475E-1
1.518600E-2 -2.193396E+0 7.055494E-2
1.518700E-2 -2.529783E+0 3.265085E-2
1.518800E-2 -2.487734E+0 -9.464801E-3
1.518900E-2 -2.235444E+0 -4.736889E-2
1.519000E-2 -1.646766E+0 -7.684985E-2
1.519100E-2 -9.319437E-1 -1.021192E-1
1.519200E-2 -4.892732E-2 -1.189655E-1
1.519300E-2 8.340890E-1 -1.189655E-1
1.519400E-2 1.590960E+0 -1.105424E-1
1.519500E-2 2.179638E+0 -9.369611E-2
1.519600E-2 2.516025E+0 -6.842672E-2
1.519700E-2 2.516025E+0 -3.473419E-2
1.519800E-2 2.221686E+0 -1.367637E-2
1.519900E-2 1.675057E+0 3.169895E-3
1.520000E-2 9.602342E-1 1.580459E-2
1.520100E-2 1.192663E-1 2.001616E-2
1.520200E-2 -7.217017E-1 1.159303E-2
1.520300E-2 -1.520621E+0 -9.464801E-3
1.520400E-2 -2.109299E+0 -3.052263E-2
1.520500E-2 -2.487734E+0 -6.421515E-2
1.520600E-2 -2.529783E+0 -1.063308E-1
1.520700E-2 -2.277492E+0 -1.442349E-1
1.520800E-2 -1.772912E+0 -1.526580E-1
1.520900E-2 -1.058089E+0 -1.484465E-1
1.521000E-2 -1.750725E-1 -1.147539E-1
1.521100E-2 6.658955E-1 -6.421515E-2
1.521200E-2 1.422767E+0 -5.253235E-3
1.521300E-2 2.095541E+0 4.107398E-2
1.521400E-2 2.431928E+0 1.000359E-1
1.521500E-2 2.516025E+0 1.379400E-1
1.521600E-2 2.305783E+0 1.589978E-1
1.521700E-2 1.843251E+0 1.800556E-1
1.521800E-2 1.086379E+0 1.926903E-1
1.521900E-2 2.874599E-1 1.969019E-1
1.522000E-2 -5.955565E-1 1.842672E-1
1.522100E-2 -1.394476E+0 1.589978E-1
1.522200E-2 -2.025202E+0 1.295169E-1
1.522300E-2 -2.445686E+0 9.161277E-2
1.522400E-2 -2.529783E+0 5.370868E-2
1.522500E-2 -2.361589E+0 1.580459E-2
1.522600E-2 -1.899057E+0 -2.209950E-2
1.522700E-2 -1.184234E+0 -4.736889E-2
1.522800E-2 -3.853145E-1 -6.421515E-2
1.522900E-2 4.977019E-1 -7.684985E-2
1.523000E-2 1.338670E+0 -7.263828E-2
1.523100E-2 1.969396E+0 -6.000359E-2
1.523200E-2 2.389880E+0 -3.473419E-2
1.523300E-2 2.516025E+0 -1.367637E-2
1.523400E-2 2.347831E+0 3.169895E-3
1.523500E-2 1.927347E+0 3.265085E-2
1.523600E-2 1.254573E+0 4.949712E-2
1.523700E-2 4.556535E-1 5.370868E-2
1.523800E-2 -4.273629E-1 4.949712E-2
1.523900E-2 -1.226282E+0 3.265085E-2
1.524000E-2 -1.941105E+0 3.169895E-3
1.524100E-2 -2.361589E+0 -2.209950E-2
1.524200E-2 -2.529783E+0 -6.000359E-2
1.524300E-2 -2.403638E+0 -1.021192E-1
1.524400E-2 -1.983154E+0 -1.358118E-1
1.524500E-2 -1.352428E+0 -1.695043E-1
1.524600E-2 -5.114597E-1 -1.779274E-1
1.524700E-2 3.295083E-1 -1.652927E-1
1.524800E-2 1.170476E+0 -1.316002E-1
1.524900E-2 1.885299E+0 -8.106141E-2
1.525000E-2 2.347831E+0 -1.788793E-2
1.525100E-2 2.516025E+0 3.265085E-2
1.525200E-2 2.431928E+0 8.740121E-2
1.525300E-2 2.011444E+0 1.210937E-1
1.525400E-2 1.422767E+0 1.337284E-1
1.525500E-2 6.238471E-1 1.379400E-1
1.525600E-2 -2.591693E-1 1.337284E-1
1.525700E-2 -1.100137E+0 1.210937E-1
1.525800E-2 -1.814960E+0 9.582434E-2
1.525900E-2 -2.361589E+0 6.213181E-2
1.526000E-2 -2.529783E+0 2.001616E-2
1.526100E-2 -2.445686E+0 -1.788793E-2
1.526200E-2 -2.067250E+0 -5.158046E-2
1.526300E-2 -1.478573E+0 -8.527298E-2
1.526400E-2 -6.796533E-1 -1.105424E-1
1.526500E-2 1.613147E-1 -1.189655E-1
1.526600E-2 1.044331E+0 -1.189655E-1
1.526700E-2 1.759154E+0 -1.021192E-1
1.526800E-2 2.305783E+0 -8.527298E-2
1.526900E-2 2.516025E+0 -6.421515E-2
1.527000E-2 2.473977E+0 -3.052263E-2
1.527100E-2 2.095541E+0 -9.464801E-3
1.527200E-2 1.506863E+0 3.169895E-3
1.527300E-2 7.499922E-1 1.580459E-2
1.527400E-2 -1.330241E-1 2.001616E-2
1.527500E-2 -9.739921E-1 7.381461E-3
1.527600E-2 -1.688815E+0 -9.464801E-3
1.527700E-2 -2.235444E+0 -3.894576E-2
1.527800E-2 -2.529783E+0 -7.684985E-2
1.527900E-2 -2.487734E+0 -1.189655E-1
1.528000E-2 -2.193396E+0 -1.484465E-1
1.528100E-2 -1.604718E+0 -1.568696E-1
1.528200E-2 -8.478469E-1 -1.400233E-1
1.528300E-2 3.516947E-2 -1.021192E-1
1.528400E-2 9.181858E-1 -5.158046E-2
1.528500E-2 1.633009E+0 7.381461E-3
1.528600E-2 2.179638E+0 5.370868E-2
1.528700E-2 2.516025E+0 1.126706E-1
1.528800E-2 2.516025E+0 1.463631E-1
1.528900E-2 2.179638E+0 1.674209E-1
1.529000E-2 1.675057E+0 1.842672E-1
1.529100E-2 9.181858E-1 1.926903E-1
1.529200E-2 3.516947E-2 1.926903E-1
1.529300E-2 -8.478469E-1 1.758441E-1
1.529400E-2 -1.604718E+0 1.547863E-1
1.529500E-2 -2.151347E+0 1.210937E-1
1.529600E-2 -2.487734E+0 8.318964E-2
1.529700E-2 -2.529783E+0 4.107398E-2
1.529800E-2 -2.277492E+0 3.169895E-3
1.529900E-2 -1.730863E+0 -3.052263E-2
1.530000E-2 -9.739921E-1 -5.579202E-2
1.530100E-2 -1.330241E-1 -7.263828E-2
1.530200E-2 7.499922E-1 -7.684985E-2
1.530300E-2 1.506863E+0 -6.842672E-2
1.530400E-2 2.095541E+0 -6.000359E-2
1.530500E-2 2.473977E+0 -3.052263E-2
1.530600E-2 2.516025E+0 -5.253235E-3
1.530700E-2 2.263735E+0 1.159303E-2
1.530800E-2 1.759154E+0 3.265085E-2
1.530900E-2 1.044331E+0 4.949712E-2
1.531000E-2 1.613147E-1 5.370868E-2
1.531100E-2 -6.796533E-1 4.528555E-2
1.531200E-2 -1.436524E+0 2.422772E-2
1.531300E-2 -2.067250E+0 -5.253235E-3
1.531400E-2 -2.445686E+0 -3.473419E-2
1.531500E-2 -2.529783E+0 -7.684985E-2
1.531600E-2 -2.319541E+0 -1.147539E-1
1.531700E-2 -1.814960E+0 -1.484465E-1
1.531800E-2 -1.100137E+0 -1.779274E-1
1.531900E-2 -3.012177E-1 -1.779274E-1
1.532000E-2 5.817987E-1 -1.568696E-1
1.532100E-2 1.380718E+0 -1.147539E-1
1.532200E-2 2.053493E+0 -6.000359E-2
1.532300E-2 2.431928E+0 -1.041670E-3
1.532400E-2 2.516025E+0 4.107398E-2
1.532500E-2 2.347831E+0 1.000359E-1
1.532600E-2 1.843251E+0 1.210937E-1
1.532700E-2 1.170476E+0 1.337284E-1
1.532800E-2 3.295083E-1 1.379400E-1
1.532900E-2 -5.114597E-1 1.337284E-1
1.533000E-2 -1.310379E+0 1.168822E-1
1.533100E-2 -1.983154E+0 8.740121E-2
1.533200E-2 -2.403638E+0 4.949712E-2
1.533300E-2 -2.529783E+0 1.159303E-2
1.533400E-2 -2.361589E+0 -2.631106E-2
1.533500E-2 -1.941105E+0 -6.421515E-2
1.533600E-2 -1.268331E+0 -8.948455E-2
1.533700E-2 -4.694113E-1 -1.105424E-1
1.533800E-2 4.136051E-1 -1.189655E-1
1.533900E-2 1.254573E+0 -1.147539E-1
1.534000E-2 1.927347E+0 -1.021192E-1
1.534100E-2 2.389880E+0 -8.106141E-2
1.534200E-2 2.516025E+0 -5.158046E-2
1.534300E-2 2.389880E+0 -2.631106E-2
1.534400E-2 1.969396E+0 -1.041670E-3
1.534500E-2 1.296621E+0 7.381461E-3
1.534600E-2 4.977019E-1 2.001616E-2
1.534700E-2 -3.432661E-1 1.580459E-2
1.534800E-2 -1.184234E+0 3.169895E-3
1.534900E-2 -1.857008E+0 -1.788793E-2
1.535000E-2 -2.361589E+0 -5.158046E-2
1.535100E-2 -2.529783E+0 -8.948455E-2
1.535200E-2 -2.403638E+0 -1.316002E-1
1.535300E-2 -2.025202E+0 -1.526580E-1
1.535400E-2 -1.394476E+0 -1.526580E-1
1.535500E-2 -5.955565E-1 -1.316002E-1
1.535600E-2 2.874599E-1 -8.948455E-2
1.535700E-2 1.128428E+0 -3.473419E-2
1.535800E-2 1.843251E+0 2.001616E-2
1.535900E-2 2.305783E+0 7.055494E-2
1.536000E-2 2.558073E+0 1.253053E-1
1.536100E-2 2.431928E+0 1.505747E-1
1.536200E-2 2.053493E+0 1.716325E-1
1.536300E-2 1.464815E+0 1.884788E-1
1.536400E-2 6.658955E-1 1.926903E-1
1.536500E-2 -2.171209E-1 1.884788E-1
1.536600E-2 -1.016040E+0 1.716325E-1
1.536700E-2 -1.730863E+0 1.421516E-1
1.536800E-2 -2.277492E+0 1.084590E-1
1.536900E-2 -2.529783E+0 7.055494E-2
1.537000E-2 -2.487734E+0 2.843929E-2
1.537100E-2 -2.109299E+0 -9.464801E-3
1.537200E-2 -1.520621E+0 -3.473419E-2
1.537300E-2 -7.637501E-1 -6.000359E-2
1.537400E-2 1.192663E-1 -7.263828E-2
1.537500E-2 9.602342E-1 -7.263828E-2
1.537600E-2 1.675057E+0 -6.421515E-2
1.537700E-2 2.221686E+0 -5.158046E-2
1.537800E-2 2.516025E+0 -2.631106E-2
1.537900E-2 2.473977E+0 -1.041670E-3
1.538000E-2 2.179638E+0 2.001616E-2
1.538100E-2 1.590960E+0 3.686242E-2
1.538200E-2 8.340890E-1 4.949712E-2
1.538300E-2 -4.892732E-2 5.370868E-2
1.538400E-2 -8.898953E-1 4.107398E-2
1.538500E-2 -1.646766E+0 2.001616E-2
1.538600E-2 -2.193396E+0 -9.464801E-3
1.538700E-2 -2.529783E+0 -4.736889E-2
1.538800E-2 -2.529783E+0 -8.527298E-2
1.538900E-2 -2.193396E+0 -1.273886E-1
1.539000E-2 -1.688815E+0 -1.568696E-1
1.539100E-2 -9.319437E-1 -1.779274E-1
1.539200E-2 -4.892732E-2 -1.695043E-1
1.539300E-2 8.340890E-1 -1.484465E-1
1.539400E-2 1.590960E+0 -1.021192E-1
1.539500E-2 2.179638E+0 -4.736889E-2
1.539600E-2 2.516025E+0 7.381461E-3
1.539700E-2 2.516025E+0 5.792025E-2
1.539800E-2 2.221686E+0 1.084590E-1
1.539900E-2 1.717105E+0 1.295169E-1
1.540000E-2 9.602342E-1 1.379400E-1
1.540100E-2 1.192663E-1 1.379400E-1
1.540200E-2 -7.637501E-1 1.295169E-1
1.540300E-2 -1.520621E+0 1.084590E-1
1.540400E-2 -2.109299E+0 7.897807E-2
1.540500E-2 -2.445686E+0 3.686242E-2
1.540600E-2 -2.529783E+0 -1.041670E-3
1.540700E-2 -2.277492E+0 -3.473419E-2
1.540800E-2 -1.772912E+0 -6.842672E-2
1.540900E-2 -1.058089E+0 -9.790768E-2
1.541000E-2 -2.171209E-1 -1.147539E-1
1.541100E-2 6.658955E-1 -1.189655E-1
1.541200E-2 1.464815E+0 -1.147539E-1
1.541300E-2 2.095541E+0 -9.790768E-2
1.541400E-2 2.431928E+0 -7.263828E-2
1.541500E-2 2.516025E+0 -4.736889E-2
1.541600E-2 2.305783E+0 -1.788793E-2
1.541700E-2 1.843251E+0 -1.041670E-3
1.541800E-2 1.086379E+0 1.159303E-2
1.541900E-2 2.874599E-1 1.580459E-2
1.542000E-2 -5.955565E-1 1.580459E-2
1.542100E-2 -1.394476E+0 -5.253235E-3
1.542200E-2 -2.025202E+0 -2.631106E-2
1.542300E-2 -2.445686E+0 -6.421515E-2
1.542400E-2 -2.529783E+0 -9.790768E-2
1.542500E-2 -2.361589E+0 -1.358118E-1
1.542600E-2 -1.857008E+0 -1.526580E-1
1.542700E-2 -1.184234E+0 -1.526580E-1
1.542800E-2 -3.432661E-1 -1.231771E-1
1.542900E-2 5.397503E-1 -7.263828E-2
1.543000E-2 1.338670E+0 -1.788793E-2
1.543100E-2 2.011444E+0 3.686242E-2
1.543200E-2 2.431928E+0 8.740121E-2
1.543300E-2 2.516025E+0 1.337284E-1
1.543400E-2 2.389880E+0 1.589978E-1
1.543500E-2 1.927347E+0 1.758441E-1
1.543600E-2 1.254573E+0 1.884788E-1
1.543700E-2 4.136051E-1 1.926903E-1
1.543800E-2 -4.273629E-1 1.842672E-1
1.543900E-2 -1.268331E+0 1.674209E-1
1.544000E-2 -1.941105E+0 1.379400E-1
1.544100E-2 -2.361589E+0 1.000359E-1
1.544200E-2 -2.571831E+0 6.213181E-2
1.544300E-2 -2.403638E+0 2.001616E-2
1.544400E-2 -1.983154E+0 -1.788793E-2
1.544500E-2 -1.352428E+0 -4.315732E-2
1.544600E-2 -5.114597E-1 -6.421515E-2
1.544700E-2 3.715567E-1 -7.263828E-2
1.544800E-2 1.170476E+0 -7.263828E-2
1.544900E-2 1.885299E+0 -6.421515E-2
1.545000E-2 2.347831E+0 -4.315732E-2
1.545100E-2 2.558073E+0 -1.788793E-2
1.545200E-2 2.431928E+0 3.169895E-3
1.545300E-2 2.011444E+0 2.422772E-2
1.545400E-2 1.338670E+0 4.107398E-2
1.545500E-2 5.817987E-1 4.949712E-2
1.545600E-2 -3.012177E-1 4.949712E-2
1.545700E-2 -1.100137E+0 3.686242E-2
1.545800E-2 -1.857008E+0 1.159303E-2
1.545900E-2 -2.361589E+0 -1.788793E-2
1.546000E-2 -2.529783E+0 -5.158046E-2
1.546100E-2 -2.445686E+0 -9.790768E-2
1.546200E-2 -2.109299E+0 -1.316002E-1
1.546300E-2 -1.478573E+0 -1.610812E-1
1.546400E-2 -6.796533E-1 -1.779274E-1
1.546500E-2 1.613147E-1 -1.695043E-1
1.546600E-2 1.044331E+0 -1.358118E-1
1.546700E-2 1.759154E+0 -8.527298E-2
1.546800E-2 2.305783E+0 -2.631106E-2
1.546900E-2 2.516025E+0 2.422772E-2
1.547000E-2 2.473977E+0 7.476651E-2
1.547100E-2 2.095541E+0 1.168822E-1
1.547200E-2 1.506863E+0 1.337284E-1
1.547300E-2 7.499922E-1 1.379400E-1
1.547400E-2 -9.097572E-2 1.379400E-1
1.547500E-2 -9.739921E-1 1.253053E-1
1.547600E-2 -1.688815E+0 1.000359E-1
1.547700E-2 -2.277492E+0 6.634338E-2
1.547800E-2 -2.529783E+0 2.843929E-2
1.547900E-2 -2.487734E+0 -1.367637E-2
1.548000E-2 -2.193396E+0 -4.736889E-2
1.548100E-2 -1.562670E+0 -8.106141E-2
1.548200E-2 -8.478469E-1 -1.063308E-1
1.548300E-2 3.516947E-2 -1.189655E-1
1.548400E-2 9.181858E-1 -1.189655E-1
1.548500E-2 1.633009E+0 -1.105424E-1
1.548600E-2 2.179638E+0 -8.948455E-2
1.548700E-2 2.516025E+0 -6.421515E-2
1.548800E-2 2.516025E+0 -3.473419E-2
1.548900E-2 2.221686E+0 -1.367637E-2
1.549000E-2 1.633009E+0 3.169895E-3
1.549100E-2 8.761374E-1 1.580459E-2
1.549200E-2 3.516947E-2 1.580459E-2
1.549300E-2 -8.057985E-1 7.381461E-3
1.549400E-2 -1.562670E+0 -9.464801E-3
1.549500E-2 -2.193396E+0 -3.473419E-2
1.549600E-2 -2.487734E+0 -6.842672E-2
1.549700E-2 -2.529783E+0 -1.105424E-1
1.549800E-2 -2.235444E+0 -1.484465E-1
1.549900E-2 -1.730863E+0 -1.568696E-1
1.550000E-2 -1.016040E+0 -1.484465E-1
1.550100E-2 -1.330241E-1 -1.105424E-1
1.550200E-2 7.499922E-1 -6.000359E-2
1.550300E-2 1.506863E+0 -1.041670E-3
1.550400E-2 2.095541E+0 4.949712E-2
1.550500E-2 2.473977E+0 1.042475E-1
1.550600E-2 2.516025E+0 1.379400E-1
1.550700E-2 2.305783E+0 1.674209E-1
1.550800E-2 1.759154E+0 1.842672E-1
1.550900E-2 1.044331E+0 1.926903E-1
1.551000E-2 2.033631E-1 1.926903E-1
1.551100E-2 -6.796533E-1 1.842672E-1
1.551200E-2 -1.436524E+0 1.547863E-1
1.551300E-2 -2.067250E+0 1.253053E-1
1.551400E-2 -2.445686E+0 8.740121E-2
1.551500E-2 -2.529783E+0 4.949712E-2
1.551600E-2 -2.319541E+0 7.381461E-3
1.551700E-2 -1.814960E+0 -2.209950E-2
1.551800E-2 -1.142186E+0 -4.736889E-2
1.551900E-2 -2.591693E-1 -6.842672E-2
1.552000E-2 5.817987E-1 -7.263828E-2
1.552100E-2 1.422767E+0 -6.842672E-2
1.552200E-2 2.011444E+0 -6.000359E-2
1.552300E-2 2.431928E+0 -3.473419E-2
1.552400E-2 2.516025E+0 -1.367637E-2
1.552500E-2 2.347831E+0 7.381461E-3
1.552600E-2 1.843251E+0 3.265085E-2
1.552700E-2 1.170476E+0 4.949712E-2
1.552800E-2 3.295083E-1 5.370868E-2
1.552900E-2 -5.114597E-1 4.949712E-2
1.553000E-2 -1.352428E+0 2.843929E-2
1.553100E-2 -1.983154E+0 3.169895E-3
1.553200E-2 -2.361589E+0 -2.631106E-2
1.553300E-2 -2.529783E+0 -6.421515E-2
1.553400E-2 -2.361589E+0 -1.063308E-1
1.553500E-2 -1.941105E+0 -1.442349E-1
1.553600E-2 -1.268331E+0 -1.695043E-1
1.553700E-2 -4.273629E-1 -1.779274E-1
1.553800E-2 4.136051E-1 -1.610812E-1
1.553900E-2 1.212525E+0 -1.231771E-1
1.554000E-2 1.927347E+0 -7.263828E-2
1.554100E-2 2.389880E+0 -1.367637E-2
1.554200E-2 2.516025E+0 3.686242E-2
1.554300E-2 2.389880E+0 9.161277E-2
1.554400E-2 1.969396E+0 1.210937E-1
1.554500E-2 1.338670E+0 1.379400E-1
1.554600E-2 4.977019E-1 1.379400E-1
1.554700E-2 -3.432661E-1 1.337284E-1
1.554800E-2 -1.184234E+0 1.210937E-1
1.554900E-2 -1.857008E+0 9.161277E-2
1.555000E-2 -2.361589E+0 5.792025E-2
1.555100E-2 -2.529783E+0 1.580459E-2
1.555200E-2 -2.445686E+0 -1.788793E-2
1.555300E-2 -2.025202E+0 -5.158046E-2
1.555400E-2 -1.352428E+0 -8.527298E-2
1.555500E-2 -5.955565E-1 -1.105424E-1
1.555600E-2 2.874599E-1 -1.189655E-1
1.555700E-2 1.128428E+0 -1.189655E-1
1.555800E-2 1.843251E+0 -1.021192E-1
1.555900E-2 2.347831E+0 -8.527298E-2
1.556000E-2 2.516025E+0 -5.579202E-2
1.556100E-2 2.431928E+0 -3.052263E-2
1.556200E-2 2.053493E+0 -5.253235E-3
1.556300E-2 1.422767E+0 3.169895E-3
1.556400E-2 6.658955E-1 1.580459E-2
1.556500E-2 -2.171209E-1 1.580459E-2
1.556600E-2 -1.016040E+0 3.169895E-3
1.556700E-2 -1.730863E+0 -1.367637E-2
1.556800E-2 -2.277492E+0 -4.315732E-2
1.556900E-2 -2.529783E+0 -8.106141E-2
1.557000E-2 -2.445686E+0 -1.189655E-1
1.557100E-2 -2.109299E+0 -1.484465E-1
1.557200E-2 -1.520621E+0 -1.568696E-1
1.557300E-2 -7.637501E-1 -1.358118E-1
1.557400E-2 1.192663E-1 -9.790768E-2
1.557500E-2 9.602342E-1 -4.315732E-2
1.557600E-2 1.717105E+0 1.159303E-2
1.557700E-2 2.263735E+0 6.213181E-2
1.557800E-2 2.516025E+0 1.168822E-1
1.557900E-2 2.473977E+0 1.421516E-1
1.558000E-2 2.179638E+0 1.716325E-1
1.558100E-2 1.590960E+0 1.842672E-1
1.558200E-2 8.340890E-1 1.926903E-1
1.558300E-2 -4.892732E-2 1.926903E-1
1.558400E-2 -8.898953E-1 1.758441E-1
1.558500E-2 -1.646766E+0 1.505747E-1
1.558600E-2 -2.193396E+0 1.168822E-1
1.558700E-2 -2.529783E+0 7.476651E-2
1.558800E-2 -2.487734E+0 3.686242E-2
1.558900E-2 -2.193396E+0 -5.253235E-3
1.559000E-2 -1.688815E+0 -3.052263E-2
1.559100E-2 -8.898953E-1 -5.579202E-2
1.559200E-2 -4.892732E-2 -7.263828E-2
1.559300E-2 8.340890E-1 -7.263828E-2
1.559400E-2 1.590960E+0 -6.842672E-2
1.559500E-2 2.179638E+0 -5.158046E-2
1.559600E-2 2.516025E+0 -3.052263E-2
1.559700E-2 2.516025E+0 -1.041670E-3
1.559800E-2 2.221686E+0 1.580459E-2
1.559900E-2 1.675057E+0 3.686242E-2
1.560000E-2 9.602342E-1 4.949712E-2
1.560100E-2 1.192663E-1 5.370868E-2
1.560200E-2 -7.217017E-1 4.528555E-2
1.560300E-2 -1.520621E+0 2.422772E-2
1.560400E-2 -2.109299E+0 -5.253235E-3
1.560500E-2 -2.487734E+0 -3.894576E-2
1.560600E-2 -2.529783E+0 -7.684985E-2
1.560700E-2 -2.277492E+0 -1.189655E-1
1.560800E-2 -1.772912E+0 -1.484465E-1
1.560900E-2 -1.058089E+0 -1.779274E-1
1.561000E-2 -1.750725E-1 -1.737159E-1
1.561100E-2 6.658955E-1 -1.526580E-1
1.561200E-2 1.464815E+0 -1.147539E-1
1.561300E-2 2.095541E+0 -5.579202E-2
1.561400E-2 2.473977E+0 3.169895E-3
1.561500E-2 2.516025E+0 4.949712E-2
1.561600E-2 2.305783E+0 1.042475E-1
1.561700E-2 1.843251E+0 1.253053E-1
1.561800E-2 1.128428E+0 1.379400E-1
1.561900E-2 2.874599E-1 1.379400E-1
1.562000E-2 -5.955565E-1 1.295169E-1
1.562100E-2 -1.394476E+0 1.126706E-1
1.562200E-2 -2.025202E+0 8.318964E-2
1.562300E-2 -2.445686E+0 4.528555E-2
1.562400E-2 -2.529783E+0 3.169895E-3
1.562500E-2 -2.361589E+0 -3.052263E-2
1.562600E-2 -1.857008E+0 -6.421515E-2
1.562700E-2 -1.184234E+0 -9.790768E-2
1.562800E-2 -3.432661E-1 -1.105424E-1
1.562900E-2 4.977019E-1 -1.189655E-1
1.563000E-2 1.338670E+0 -1.147539E-1
1.563100E-2 1.969396E+0 -9.790768E-2
1.563200E-2 2.389880E+0 -7.684985E-2
1.563300E-2 2.516025E+0 -5.158046E-2
1.563400E-2 2.389880E+0 -2.209950E-2
1.563500E-2 1.927347E+0 -1.041670E-3
1.563600E-2 1.254573E+0 7.381461E-3
1.563700E-2 4.136051E-1 2.001616E-2
1.563800E-2 -4.273629E-1 1.580459E-2
1.563900E-2 -1.268331E+0 -1.041670E-3
1.564000E-2 -1.899057E+0 -1.788793E-2
1.564100E-2 -2.361589E+0 -5.158046E-2
1.564200E-2 -2.529783E+0 -9.369611E-2
1.564300E-2 -2.403638E+0 -1.316002E-1
1.564400E-2 -1.983154E+0 -1.526580E-1
1.564500E-2 -1.352428E+0 -1.526580E-1
1.564600E-2 -5.114597E-1 -1.316002E-1
1.564700E-2 3.295083E-1 -8.527298E-2
1.564800E-2 1.170476E+0 -2.631106E-2
1.564900E-2 1.843251E+0 2.843929E-2
1.565000E-2 2.347831E+0 7.476651E-2
1.565100E-2 2.558073E+0 1.295169E-1
1.565200E-2 2.431928E+0 1.547863E-1
1.565300E-2 2.053493E+0 1.716325E-1
1.565400E-2 1.422767E+0 1.884788E-1
1.565500E-2 5.817987E-1 1.969019E-1
1.565600E-2 -2.591693E-1 1.884788E-1
1.565700E-2 -1.100137E+0 1.716325E-1
1.565800E-2 -1.814960E+0 1.379400E-1
1.565900E-2 -2.319541E+0 1.042475E-1
1.566000E-2 -2.529783E+0 6.634338E-2
1.566100E-2 -2.445686E+0 2.843929E-2
1.566200E-2 -2.067250E+0 -1.367637E-2
1.566300E-2 -1.436524E+0 -3.473419E-2
1.566400E-2 -6.796533E-1 -6.000359E-2
1.566500E-2 2.033631E-1 -7.263828E-2
1.566600E-2 1.044331E+0 -7.263828E-2
1.566700E-2 1.759154E+0 -6.842672E-2
1.566800E-2 2.305783E+0 -5.158046E-2
1.566900E-2 2.516025E+0 -2.209950E-2
1.567000E-2 2.431928E+0 3.169895E-3
1.567100E-2 2.095541E+0 2.001616E-2
1.567200E-2 1.506863E+0 3.686242E-2
1.567300E-2 7.499922E-1 5.370868E-2
1.567400E-2 -1.330241E-1 5.370868E-2
1.567500E-2 -9.739921E-1 3.686242E-2
1.567600E-2 -1.688815E+0 1.580459E-2
1.567700E-2 -2.235444E+0 -1.367637E-2
1.567800E-2 -2.529783E+0 -5.158046E-2
1.567900E-2 -2.487734E+0 -8.527298E-2
1.568000E-2 -2.193396E+0 -1.273886E-1
1.568100E-2 -1.562670E+0 -1.610812E-1
1.568200E-2 -8.478469E-1 -1.821390E-1
1.568300E-2 -6.878924E-3 -1.652927E-1
1.568400E-2 8.761374E-1 -1.442349E-1
1.568500E-2 1.675057E+0 -9.790768E-2
1.568600E-2 2.221686E+0 -3.894576E-2
1.568700E-2 2.516025E+0 1.580459E-2
1.568800E-2 2.516025E+0 6.634338E-2
1.568900E-2 2.179638E+0 1.084590E-1
1.569000E-2 1.675057E+0 1.337284E-1
1.569100E-2 9.181858E-1 1.379400E-1
1.569200E-2 3.516947E-2 1.379400E-1
1.569300E-2 -8.478469E-1 1.253053E-1
1.569400E-2 -1.562670E+0 1.042475E-1
1.569500E-2 -2.193396E+0 7.476651E-2
1.569600E-2 -2.445686E+0 3.686242E-2
1.569700E-2 -2.529783E+0 -5.253235E-3
1.569800E-2 -2.235444E+0 -4.315732E-2
1.569900E-2 -1.688815E+0 -7.684985E-2
1.570000E-2 -1.016040E+0 -1.021192E-1
1.570100E-2 -1.330241E-1 -1.147539E-1
1.570200E-2 7.499922E-1 -1.189655E-1
1.570300E-2 1.506863E+0 -1.105424E-1
1.570400E-2 2.137589E+0 -9.369611E-2
1.570500E-2 2.473977E+0 -6.842672E-2
1.570600E-2 2.516025E+0 -4.315732E-2
1.570700E-2 2.263735E+0 -1.788793E-2
1.570800E-2 1.759154E+0 3.169895E-3
1.570900E-2 1.044331E+0 1.580459E-2
1.571000E-2 2.033631E-1 1.580459E-2
1.571100E-2 -6.796533E-1 1.159303E-2
1.571200E-2 -1.478573E+0 -9.464801E-3
1.571300E-2 -2.067250E+0 -2.631106E-2
1.571400E-2 -2.487734E+0 -6.421515E-2
1.571500E-2 -2.529783E+0 -1.021192E-1
1.571600E-2 -2.319541E+0 -1.400233E-1
1.571700E-2 -1.857008E+0 -1.526580E-1
1.571800E-2 -1.142186E+0 -1.484465E-1
1.571900E-2 -3.012177E-1 -1.189655E-1
1.572000E-2 5.817987E-1 -6.842672E-2
1.572100E-2 1.380718E+0 -1.367637E-2
1.572200E-2 2.011444E+0 3.686242E-2
1.572300E-2 2.431928E+0 9.161277E-2
1.572400E-2 2.516025E+0 1.337284E-1
1.572500E-2 2.347831E+0 1.589978E-1
1.572600E-2 1.843251E+0 1.800556E-1
1.572700E-2 1.170476E+0 1.926903E-1
1.572800E-2 3.295083E-1 1.926903E-1
1.572900E-2 -5.114597E-1 1.842672E-1
1.573000E-2 -1.310379E+0 1.632094E-1
1.573100E-2 -2.025202E+0 1.337284E-1
1.573200E-2 -2.403638E+0 9.582434E-2
1.573300E-2 -2.529783E+0 5.370868E-2
1.573400E-2 -2.361589E+0 1.580459E-2
1.573500E-2 -1.941105E+0 -1.788793E-2
1.573600E-2 -1.268331E+0 -4.736889E-2
1.573700E-2 -4.273629E-1 -6.421515E-2
1.573800E-2 4.556535E-1 -7.263828E-2
1.573900E-2 1.254573E+0 -7.263828E-2
1.574000E-2 1.927347E+0 -6.421515E-2
1.574100E-2 2.389880E+0 -4.315732E-2
1.574200E-2 2.516025E+0 -1.367637E-2
1.574300E-2 2.389880E+0 7.381461E-3
1.574400E-2 1.969396E+0 2.843929E-2
1.574500E-2 1.296621E+0 4.528555E-2
1.574600E-2 4.977019E-1 5.370868E-2
1.574700E-2 -3.432661E-1 4.949712E-2
1.574800E-2 -1.184234E+0 3.265085E-2
1.574900E-2 -1.857008E+0 7.381461E-3
1.575000E-2 -2.361589E+0 -1.788793E-2
1.575100E-2 -2.571831E+0 -6.000359E-2
1.575200E-2 -2.403638E+0 -9.790768E-2
1.575300E-2 -2.025202E+0 -1.358118E-1
1.575400E-2 -1.394476E+0 -1.652927E-1
1.575500E-2 -5.955565E-1 -1.779274E-1
1.575600E-2 2.454115E-1 -1.652927E-1
1.575700E-2 1.086379E+0 -1.316002E-1
1.575800E-2 1.843251E+0 -8.106141E-2
1.575900E-2 2.305783E+0 -2.209950E-2
1.576000E-2 2.516025E+0 2.422772E-2
1.576100E-2 2.431928E+0 7.897807E-2
1.576200E-2 2.053493E+0 1.168822E-1
1.576300E-2 1.464815E+0 1.337284E-1
1.576400E-2 6.658955E-1 1.379400E-1
1.576500E-2 -1.750725E-1 1.337284E-1
1.576600E-2 -1.058089E+0 1.210937E-1
1.576700E-2 -1.772912E+0 1.000359E-1
1.576800E-2 -2.319541E+0 6.213181E-2
1.576900E-2 -2.529783E+0 2.001616E-2
1.577000E-2 -2.445686E+0 -1.367637E-2
1.577100E-2 -2.109299E+0 -4.736889E-2
1.577200E-2 -1.520621E+0 -8.106141E-2
1.577300E-2 -7.637501E-1 -1.021192E-1
1.577400E-2 1.192663E-1 -1.189655E-1
1.577500E-2 1.002283E+0 -1.189655E-1
1.577600E-2 1.675057E+0 -1.063308E-1
1.577700E-2 2.263735E+0 -8.948455E-2
1.577800E-2 2.516025E+0 -6.421515E-2
1.577900E-2 2.473977E+0 -3.473419E-2
1.578000E-2 2.179638E+0 -9.464801E-3
1.578100E-2 1.590960E+0 3.169895E-3
1.578200E-2 8.340890E-1 1.580459E-2
1.578300E-2 -6.878924E-3 2.001616E-2
1.578400E-2 -8.898953E-1 7.381461E-3
1.578500E-2 -1.646766E+0 -9.464801E-3
1.578600E-2 -2.193396E+0 -3.473419E-2
1.578700E-2 -2.529783E+0 -7.263828E-2
1.578800E-2 -2.529783E+0 -1.147539E-1
1.578900E-2 -2.193396E+0 -1.442349E-1
1.579000E-2 -1.646766E+0 -1.568696E-1
1.579100E-2 -9.319437E-1 -1.442349E-1
1.579200E-2 -4.892732E-2 -1.105424E-1
1.579300E-2 8.340890E-1 -5.158046E-2
1.579400E-2 1.590960E+0 3.169895E-3
1.579500E-2 2.179638E+0 4.949712E-2
1.579600E-2 2.516025E+0 1.084590E-1
1.579700E-2 2.516025E+0 1.421516E-1
1.579800E-2 2.263735E+0 1.674209E-1
1.579900E-2 1.675057E+0 1.842672E-1
1.580000E-2 9.602342E-1 1.926903E-1
1.580100E-2 1.192663E-1 1.926903E-1
1.580200E-2 -7.637501E-1 1.800556E-1
1.580300E-2 -1.520621E+0 1.547863E-1
1.580400E-2 -2.151347E+0 1.210937E-1
1.580500E-2 -2.445686E+0 8.318964E-2
1.580600E-2 -2.529783E+0 4.107398E-2
1.580700E-2 -2.277492E+0 3.169895E-3
1.580800E-2 -1.772912E+0 -2.631106E-2
1.580900E-2 -1.058089E+0 -5.158046E-2
1.581000E-2 -1.750725E-1 -7.263828E-2
1.581100E-2 6.658955E-1 -7.684985E-2
1.581200E-2 1.464815E+0 -7.263828E-2
1.581300E-2 2.053493E+0 -6.000359E-2
1.581400E-2 2.431928E+0 -3.473419E-2
1.581500E-2 2.516025E+0 -9.464801E-3
1.581600E-2 2.305783E+0 7.381461E-3
1.581700E-2 1.801202E+0 3.265085E-2
1.581800E-2 1.128428E+0 4.949712E-2
1.581900E-2 2.454115E-1 5.370868E-2
1.582000E-2 -5.955565E-1 4.528555E-2
1.582100E-2 -1.394476E+0 2.843929E-2
1.582200E-2 -2.025202E+0 -1.041670E-3
1.582300E-2 -2.445686E+0 -3.052263E-2
1.582400E-2 -2.529783E+0 -6.842672E-2
1.582500E-2 -2.361589E+0 -1.105424E-1
1.582600E-2 -1.857008E+0 -1.484465E-1
1.582700E-2 -1.184234E+0 -1.695043E-1
1.582800E-2 -3.853145E-1 -1.737159E-1
1.582900E-2 4.977019E-1 -1.610812E-1
1.583000E-2 1.338670E+0 -1.189655E-1
1.583100E-2 2.011444E+0 -6.842672E-2
1.583200E-2 2.389880E+0 -9.464801E-3
1.583300E-2 2.516025E+0 3.686242E-2
1.583400E-2 2.347831E+0 9.582434E-2
1.583500E-2 1.927347E+0 1.210937E-1
1.583600E-2 1.254573E+0 1.337284E-1
1.583700E-2 4.136051E-1 1.379400E-1
1.583800E-2 -4.273629E-1 1.337284E-1
1.583900E-2 -1.268331E+0 1.168822E-1
1.584000E-2 -1.941105E+0 8.740121E-2
1.584100E-2 -2.361589E+0 5.370868E-2
1.584200E-2 -2.571831E+0 1.580459E-2
1.584300E-2 -2.403638E+0 -2.209950E-2
1.584400E-2 -1.983154E+0 -6.000359E-2
1.584500E-2 -1.352428E+0 -8.948455E-2
1.584600E-2 -5.114597E-1 -1.105424E-1
1.584700E-2 3.295083E-1 -1.189655E-1
1.584800E-2 1.170476E+0 -1.189655E-1
1.584900E-2 1.885299E+0 -1.021192E-1
1.585000E-2 2.347831E+0 -8.106141E-2
1.585100E-2 2.516025E+0 -5.158046E-2
1.585200E-2 2.431928E+0 -3.052263E-2
1.585300E-2 2.011444E+0 -1.041670E-3
1.585400E-2 1.338670E+0 3.169895E-3
1.585500E-2 5.817987E-1 1.580459E-2
1.585600E-2 -3.012177E-1 1.580459E-2
1.585700E-2 -1.100137E+0 3.169895E-3
1.585800E-2 -1.857008E+0 -1.367637E-2
1.585900E-2 -2.361589E+0 -4.736889E-2
1.586000E-2 -2.529783E+0 -8.527298E-2
1.586100E-2 -2.445686E+0 -1.231771E-1
1.586200E-2 -2.109299E+0 -1.484465E-1
1.586300E-2 -1.478573E+0 -1.526580E-1
1.586400E-2 -6.796533E-1 -1.358118E-1
1.586500E-2 1.613147E-1 -9.369611E-2
1.586600E-2 1.002283E+0 -3.894576E-2
1.586700E-2 1.759154E+0 1.580459E-2
1.586800E-2 2.305783E+0 6.634338E-2
1.586900E-2 2.516025E+0 1.210937E-1
1.587000E-2 2.473977E+0 1.505747E-1
1.587100E-2 2.095541E+0 1.716325E-1
1.587200E-2 1.506863E+0 1.884788E-1
1.587300E-2 7.499922E-1 1.969019E-1
1.587400E-2 -1.330241E-1 1.884788E-1
1.587500E-2 -9.739921E-1 1.716325E-1
1.587600E-2 -1.688815E+0 1.463631E-1
1.587700E-2 -2.277492E+0 1.084590E-1
1.587800E-2 -2.529783E+0 7.476651E-2
1.587900E-2 -2.529783E+0 3.265085E-2
1.588000E-2 -2.151347E+0 -1.041670E-3
1.588100E-2 -1.604718E+0 -3.473419E-2
1.588200E-2 -8.478469E-1 -5.579202E-2
1.588300E-2 3.516947E-2 -7.263828E-2
1.588400E-2 9.181858E-1 -7.263828E-2
1.588500E-2 1.633009E+0 -6.842672E-2
1.588600E-2 2.221686E+0 -5.158046E-2
1.588700E-2 2.516025E+0 -3.052263E-2
1.588800E-2 2.516025E+0 -1.041670E-3
1.588900E-2 2.179638E+0 2.001616E-2
1.589000E-2 1.633009E+0 3.686242E-2
1.589100E-2 8.761374E-1 4.949712E-2
1.589200E-2 3.516947E-2 5.370868E-2
1.589300E-2 -8.478469E-1 4.107398E-2
1.589400E-2 -1.562670E+0 2.001616E-2
1.589500E-2 -2.193396E+0 -9.464801E-3
1.589600E-2 -2.529783E+0 -3.894576E-2
1.589700E-2 -2.529783E+0 -8.106141E-2
1.589800E-2 -2.235444E+0 -1.189655E-1
1.589900E-2 -1.730863E+0 -1.526580E-1
1.590000E-2 -1.016040E+0 -1.779274E-1
1.590100E-2 -1.330241E-1 -1.695043E-1
1.590200E-2 7.499922E-1 -1.526580E-1
1.590300E-2 1.506863E+0 -1.105424E-1
1.590400E-2 2.137589E+0 -5.158046E-2
1.590500E-2 2.473977E+0 7.381461E-3
1.590600E-2 2.516025E+0 5.370868E-2
1.590700E-2 2.263735E+0 1.042475E-1
1.590800E-2 1.759154E+0 1.253053E-1
1.590900E-2 1.002283E+0 1.379400E-1
1.591000E-2 2.033631E-1 1.379400E-1
1.591100E-2 -6.796533E-1 1.295169E-1
1.591200E-2 -1.436524E+0 1.126706E-1
1.591300E-2 -2.067250E+0 7.897807E-2
1.591400E-2 -2.487734E+0 4.107398E-2
1.591500E-2 -2.529783E+0 3.169895E-3
1.591600E-2 -2.319541E+0 -3.052263E-2
1.591700E-2 -1.814960E+0 -6.842672E-2
1.591800E-2 -1.100137E+0 -9.790768E-2
1.591900E-2 -3.012177E-1 -1.105424E-1
1.592000E-2 5.817987E-1 -1.189655E-1
1.592100E-2 1.422767E+0 -1.147539E-1
1.592200E-2 2.011444E+0 -9.790768E-2
1.592300E-2 2.431928E+0 -7.684985E-2
1.592400E-2 2.516025E+0 -4.736889E-2
1.592500E-2 2.347831E+0 -2.209950E-2
1.592600E-2 1.843251E+0 -1.041670E-3
1.592700E-2 1.170476E+0 7.381461E-3
1.592800E-2 3.295083E-1 1.580459E-2
1.592900E-2 -5.114597E-1 1.580459E-2
1.593000E-2 -1.352428E+0 -1.041670E-3
1.593100E-2 -1.983154E+0 -2.209950E-2
1.593200E-2 -2.445686E+0 -6.000359E-2
1.593300E-2 -2.529783E+0 -9.790768E-2
1.593400E-2 -2.361589E+0 -1.358118E-1
1.593500E-2 -1.941105E+0 -1.568696E-1
1.593600E-2 -1.268331E+0 -1.526580E-1
1.593700E-2 -4.273629E-1 -1.273886E-1
1.593800E-2 4.136051E-1 -8.106141E-2
1.593900E-2 1.254573E+0 -2.209950E-2
1.594000E-2 1.927347E+0 2.843929E-2
1.594100E-2 2.389880E+0 7.897807E-2
1.594200E-2 2.558073E+0 1.295169E-1
1.594300E-2 2.431928E+0 1.547863E-1
1.594400E-2 1.969396E+0 1.758441E-1
1.594500E-2 1.338670E+0 1.884788E-1
1.594600E-2 4.977019E-1 1.926903E-1
1.594700E-2 -3.432661E-1 1.842672E-1
1.594800E-2 -1.184234E+0 1.674209E-1
1.594900E-2 -1.857008E+0 1.379400E-1
1.595000E-2 -2.319541E+0 1.042475E-1
1.595100E-2 -2.529783E+0 6.213181E-2
1.595200E-2 -2.403638E+0 2.422772E-2
1.595300E-2 -2.025202E+0 -1.367637E-2
1.595400E-2 -1.394476E+0 -4.315732E-2
1.595500E-2 -5.955565E-1 -6.421515E-2
1.595600E-2 2.874599E-1 -7.263828E-2
1.595700E-2 1.128428E+0 -7.263828E-2
1.595800E-2 1.843251E+0 -6.421515E-2
1.595900E-2 2.347831E+0 -4.736889E-2
1.596000E-2 2.516025E+0 -1.788793E-2
1.596100E-2 2.431928E+0 3.169895E-3
1.596200E-2 2.053493E+0 2.422772E-2
1.596300E-2 1.464815E+0 4.107398E-2
1.596400E-2 6.658955E-1 4.949712E-2
1.596500E-2 -2.171209E-1 4.949712E-2
1.596600E-2 -1.016040E+0 3.686242E-2
1.596700E-2 -1.772912E+0 1.580459E-2
1.596800E-2 -2.277492E+0 -1.788793E-2
1.596900E-2 -2.529783E+0 -5.158046E-2
1.597000E-2 -2.445686E+0 -9.369611E-2
1.597100E-2 -2.151347E+0 -1.316002E-1
1.597200E-2 -1.520621E+0 -1.610812E-1
1.597300E-2 -7.637501E-1 -1.779274E-1
1.597400E-2 1.192663E-1 -1.695043E-1
1.597500E-2 1.002283E+0 -1.400233E-1
1.597600E-2 1.717105E+0 -9.369611E-2
1.597700E-2 2.263735E+0 -3.473419E-2
1.597800E-2 2.516025E+0 2.001616E-2
1.597900E-2 2.473977E+0 6.634338E-2
1.598000E-2 2.179638E+0 1.084590E-1
1.598100E-2 1.590960E+0 1.295169E-1
1.598200E-2 8.340890E-1 1.379400E-1
1.598300E-2 -4.892732E-2 1.379400E-1
1.598400E-2 -8.898953E-1 1.253053E-1
1.598500E-2 -1.646766E+0 1.042475E-1
1.598600E-2 -2.193396E+0 7.055494E-2
1.598700E-2 -2.529783E+0 2.843929E-2
1.598800E-2 -2.529783E+0 -9.464801E-3
1.598900E-2 -2.193396E+0 -4.315732E-2
1.599000E-2 -1.688815E+0 -8.106141E-2
1.599100E-2 -9.319437E-1 -1.021192E-1
1.599200E-2 -4.892732E-2 -1.189655E-1
1.599300E-2 8.340890E-1 -1.189655E-1
1.599400E-2 1.590960E+0 -1.105424E-1
1.599500E-2 2.137589E+0 -9.369611E-2
1.599600E-2 2.516025E+0 -6.842672E-2
1.599700E-2 2.516025E+0 -3.894576E-2
1.599800E-2 2.221686E+0 -1.367637E-2
1.599900E-2 1.675057E+0 3.169895E-3
1.600000E-2 9.602342E-1 1.580459E-2
1.600100E-2 1.192663E-1 2.001616E-2
1.600200E-2 -7.637501E-1 1.159303E-2
1.600300E-2 -1.520621E+0 -5.253235E-3
1.600400E-2 -2.109299E+0 -3.052263E-2
1.600500E-2 -2.487734E+0 -6.842672E-2
1.600600E-2 -2.529783E+0 -1.105424E-1
1.600700E-2 -2.277492E+0 -1.442349E-1
1.600800E-2 -1.772912E+0 -1.568696E-1
1.600900E-2 -1.058089E+0 -1.484465E-1
1.601000E-2 -2.171209E-1 -1.147539E-1
1.601100E-2 6.658955E-1 -6.421515E-2
1.601200E-2 1.422767E+0 -9.464801E-3
1.601300E-2 2.095541E+0 4.528555E-2
1.601400E-2 2.473977E+0 1.000359E-1
1.601500E-2 2.516025E+0 1.379400E-1
1.601600E-2 2.305783E+0 1.589978E-1
1.601700E-2 1.843251E+0 1.800556E-1
1.601800E-2 1.086379E+0 1.884788E-1
1.601900E-2 2.874599E-1 1.926903E-1
1.602000E-2 -5.955565E-1 1.842672E-1
1.602100E-2 -1.352428E+0 1.589978E-1
1.602200E-2 -2.025202E+0 1.253053E-1
1.602300E-2 -2.445686E+0 9.161277E-2
1.602400E-2 -2.529783E+0 5.370868E-2
1.602500E-2 -2.361589E+0 1.159303E-2
1.602600E-2 -1.899057E+0 -2.209950E-2
1.602700E-2 -1.184234E+0 -4.736889E-2
1.602800E-2 -3.432661E-1 -6.421515E-2
1.602900E-2 4.977019E-1 -7.263828E-2
1.603000E-2 1.338670E+0 -6.842672E-2
1.603100E-2 2.011444E+0 -6.000359E-2
1.603200E-2 2.389880E+0 -3.894576E-2
1.603300E-2 2.516025E+0 -1.367637E-2
1.603400E-2 2.347831E+0 7.381461E-3
1.603500E-2 1.927347E+0 3.265085E-2
1.603600E-2 1.212525E+0 4.528555E-2
1.603700E-2 4.136051E-1 5.370868E-2
1.603800E-2 -4.273629E-1 4.949712E-2
1.603900E-2 -1.268331E+0 3.265085E-2
1.604000E-2 -1.941105E+0 3.169895E-3
1.604100E-2 -2.361589E+0 -2.209950E-2
1.604200E-2 -2.571831E+0 -6.421515E-2
1.604300E-2 -2.403638E+0 -1.021192E-1
1.604400E-2 -1.983154E+0 -1.400233E-1
1.604500E-2 -1.352428E+0 -1.652927E-1
1.604600E-2 -5.114597E-1 -1.779274E-1
1.604700E-2 3.715567E-1 -1.652927E-1
1.604800E-2 1.170476E+0 -1.273886E-1
1.604900E-2 1.885299E+0 -7.684985E-2
1.605000E-2 2.347831E+0 -1.788793E-2
1.605100E-2 2.516025E+0 3.265085E-2
1.605200E-2 2.431928E+0 8.740121E-2
1.605300E-2 2.011444E+0 1.168822E-1
1.605400E-2 1.380718E+0 1.337284E-1
1.605500E-2 5.817987E-1 1.379400E-1
1.605600E-2 -2.591693E-1 1.337284E-1
1.605700E-2 -1.100137E+0 1.210937E-1
1.605800E-2 -1.814960E+0 9.582434E-2
1.605900E-2 -2.319541E+0 5.792025E-2
1.606000E-2 -2.529783E+0 2.001616E-2
1.606100E-2 -2.445686E+0 -1.367637E-2
1.606200E-2 -2.067250E+0 -5.158046E-2
1.606300E-2 -1.478573E+0 -8.527298E-2
1.606400E-2 -6.796533E-1 -1.105424E-1
1.606500E-2 1.613147E-1 -1.189655E-1
1.606600E-2 1.044331E+0 -1.189655E-1
1.606700E-2 1.759154E+0 -1.063308E-1
1.606800E-2 2.263735E+0 -8.527298E-2
1.606900E-2 2.516025E+0 -6.000359E-2
1.607000E-2 2.473977E+0 -3.052263E-2
1.607100E-2 2.095541E+0 -9.464801E-3
1.607200E-2 1.506863E+0 3.169895E-3
1.607300E-2 7.499922E-1 1.580459E-2
1.607400E-2 -1.750725E-1 2.001616E-2
1.607500E-2 -9.739921E-1 7.381461E-3
1.607600E-2 -1.688815E+0 -9.464801E-3
1.607700E-2 -2.235444E+0 -3.894576E-2
1.607800E-2 -2.529783E+0 -7.684985E-2
1.607900E-2 -2.487734E+0 -1.147539E-1
1.608000E-2 -2.193396E+0 -1.484465E-1
1.608100E-2 -1.604718E+0 -1.526580E-1
1.608200E-2 -8.478469E-1 -1.400233E-1
1.608300E-2 3.516947E-2 -1.021192E-1
1.608400E-2 9.181858E-1 -4.736889E-2
1.608500E-2 1.675057E+0 7.381461E-3
1.608600E-2 2.221686E+0 5.792025E-2
1.608700E-2 2.473977E+0 1.168822E-1
1.608800E-2 2.516025E+0 1.421516E-1
1.608900E-2 2.179638E+0 1.674209E-1
1.609000E-2 1.675057E+0 1.842672E-1
1.609100E-2 9.181858E-1 1.969019E-1
1.609200E-2 7.721787E-2 1.926903E-1
1.609300E-2 -8.057985E-1 1.758441E-1
1.609400E-2 -1.562670E+0 1.505747E-1
1.609500E-2 -2.193396E+0 1.210937E-1
1.609600E-2 -2.487734E+0 8.318964E-2
1.609700E-2 -2.529783E+0 4.107398E-2
1.609800E-2 -2.235444E+0 -1.041670E-3
1.609900E-2 -1.688815E+0 -2.631106E-2
1.610000E-2 -1.016040E+0 -5.158046E-2
1.610100E-2 -9.097572E-2 -6.842672E-2
1.610200E-2 7.499922E-1 -7.684985E-2
1.610300E-2 1.506863E+0 -6.842672E-2
1.610400E-2 2.137589E+0 -5.579202E-2
1.610500E-2 2.473977E+0 -3.052263E-2
1.610600E-2 2.516025E+0 -5.253235E-3
1.610700E-2 2.263735E+0 1.580459E-2
1.610800E-2 1.759154E+0 3.686242E-2
1.610900E-2 1.044331E+0 4.949712E-2
1.611000E-2 1.613147E-1 4.949712E-2
1.611100E-2 -6.796533E-1 4.528555E-2
1.611200E-2 -1.436524E+0 2.843929E-2
1.611300E-2 -2.067250E+0 -5.253235E-3
1.611400E-2 -2.445686E+0 -3.473419E-2
1.611500E-2 -2.529783E+0 -7.263828E-2
1.611600E-2 -2.319541E+0 -1.147539E-1
1.611700E-2 -1.814960E+0 -1.484465E-1
1.611800E-2 -1.100137E+0 -1.695043E-1
1.611900E-2 -3.012177E-1 -1.779274E-1
1.612000E-2 5.817987E-1 -1.568696E-1
1.612100E-2 1.422767E+0 -1.147539E-1
1.612200E-2 2.011444E+0 -6.000359E-2
1.612300E-2 2.431928E+0 -1.041670E-3
1.612400E-2 2.516025E+0 4.528555E-2
1.612500E-2 2.347831E+0 1.000359E-1
1.612600E-2 1.843251E+0 1.210937E-1
1.612700E-2 1.170476E+0 1.379400E-1
1.612800E-2 3.295083E-1 1.379400E-1
1.612900E-2 -5.114597E-1 1.295169E-1
1.613000E-2 -1.310379E+0 1.168822E-1
1.613100E-2 -1.983154E+0 8.318964E-2
1.613200E-2 -2.403638E+0 4.949712E-2
1.613300E-2 -2.529783E+0 7.381461E-3
1.613400E-2 -2.361589E+0 -2.631106E-2
1.613500E-2 -1.899057E+0 -6.421515E-2
1.613600E-2 -1.268331E+0 -9.369611E-2
1.613700E-2 -4.273629E-1 -1.105424E-1
1.613800E-2 4.556535E-1 -1.189655E-1
1.613900E-2 1.254573E+0 -1.147539E-1
1.614000E-2 1.927347E+0 -9.790768E-2
1.614100E-2 2.347831E+0 -8.106141E-2
1.614200E-2 2.516025E+0 -5.158046E-2
1.614300E-2 2.389880E+0 -2.631106E-2
1.614400E-2 2.011444E+0 -1.041670E-3
1.614500E-2 1.338670E+0 7.381461E-3
1.614600E-2 4.977019E-1 1.580459E-2
1.614700E-2 -3.432661E-1 1.580459E-2
1.614800E-2 -1.184234E+0 3.169895E-3
1.614900E-2 -1.857008E+0 -1.788793E-2
1.615000E-2 -2.361589E+0 -5.158046E-2
1.615100E-2 -2.529783E+0 -8.948455E-2
1.615200E-2 -2.403638E+0 -1.273886E-1
1.615300E-2 -2.025202E+0 -1.526580E-1
1.615400E-2 -1.394476E+0 -1.526580E-1
1.615500E-2 -5.955565E-1 -1.316002E-1
1.615600E-2 2.454115E-1 -8.948455E-2
1.615700E-2 1.086379E+0 -3.052263E-2
1.615800E-2 1.801202E+0 2.001616E-2
1.615900E-2 2.305783E+0 7.055494E-2
1.616000E-2 2.558073E+0 1.253053E-1
1.616100E-2 2.473977E+0 1.505747E-1
1.616200E-2 2.095541E+0 1.716325E-1
1.616300E-2 1.464815E+0 1.884788E-1
1.616400E-2 6.658955E-1 1.926903E-1
1.616500E-2 -2.171209E-1 1.884788E-1
1.616600E-2 -1.058089E+0 1.716325E-1
1.616700E-2 -1.772912E+0 1.421516E-1
1.616800E-2 -2.277492E+0 1.084590E-1
1.616900E-2 -2.529783E+0 7.055494E-2
1.617000E-2 -2.487734E+0 2.843929E-2
1.617100E-2 -2.109299E+0 -9.464801E-3
1.617200E-2 -1.520621E+0 -3.473419E-2
1.617300E-2 -7.637501E-1 -6.000359E-2
1.617400E-2 1.192663E-1 -7.263828E-2
1.617500E-2 1.002283E+0 -7.263828E-2
1.617600E-2 1.717105E+0 -6.842672E-2
1.617700E-2 2.263735E+0 -5.158046E-2
1.617800E-2 2.516025E+0 -2.631106E-2
1.617900E-2 2.516025E+0 -1.041670E-3
1.618000E-2 2.179638E+0 2.001616E-2
1.618100E-2 1.590960E+0 3.686242E-2
1.618200E-2 8.340890E-1 5.370868E-2
1.618300E-2 -6.878924E-3 5.370868E-2
1.618400E-2 -9.319437E-1 4.107398E-2
1.618500E-2 -1.604718E+0 2.001616E-2
1.618600E-2 -2.193396E+0 -9.464801E-3
1.618700E-2 -2.529783E+0 -4.736889E-2
1.618800E-2 -2.529783E+0 -8.527298E-2
1.618900E-2 -2.193396E+0 -1.231771E-1
1.619000E-2 -1.646766E+0 -1.568696E-1
1.619100E-2 -9.319437E-1 -1.779274E-1
1.619200E-2 -4.892732E-2 -1.695043E-1
1.619300E-2 8.340890E-1 -1.484465E-1
1.619400E-2 1.590960E+0 -1.021192E-1
1.619500E-2 2.179638E+0 -4.736889E-2
1.619600E-2 2.516025E+0 7.381461E-3
1.619700E-2 2.516025E+0 5.792025E-2
1.619800E-2 2.263735E+0 1.042475E-1
1.619900E-2 1.717105E+0 1.253053E-1
1.620000E-2 1.002283E+0 1.379400E-1
1.620100E-2 1.192663E-1 1.379400E-1
1.620200E-2 -7.637501E-1 1.253053E-1
1.620300E-2 -1.520621E+0 1.084590E-1
1.620400E-2 -2.109299E+0 7.476651E-2
1.620500E-2 -2.487734E+0 3.686242E-2
1.620600E-2 -2.529783E+0 -1.041670E-3
1.620700E-2 -2.277492E+0 -3.473419E-2
1.620800E-2 -1.772912E+0 -7.263828E-2
1.620900E-2 -1.058089E+0 -9.790768E-2
1.621000E-2 -1.750725E-1 -1.147539E-1
1.621100E-2 6.658955E-1 -1.189655E-1
1.621200E-2 1.464815E+0 -1.147539E-1
1.621300E-2 2.095541E+0 -9.369611E-2
1.621400E-2 2.431928E+0 -7.263828E-2
1.621500E-2 2.516025E+0 -4.736889E-2
1.621600E-2 2.305783E+0 -1.788793E-2
1.621700E-2 1.801202E+0 3.169895E-3
1.621800E-2 1.086379E+0 1.159303E-2
1.621900E-2 2.874599E-1 1.580459E-2
1.622000E-2 -5.955565E-1 1.159303E-2
1.622100E-2 -1.394476E+0 -5.253235E-3
1.622200E-2 -2.025202E+0 -2.631106E-2
1.622300E-2 -2.445686E+0 -6.000359E-2
1.622400E-2 -2.529783E+0 -9.790768E-2
1.622500E-2 -2.361589E+0 -1.358118E-1
1.622600E-2 -1.857008E+0 -1.526580E-1
1.622700E-2 -1.184234E+0 -1.526580E-1
1.622800E-2 -3.853145E-1 -1.231771E-1
1.622900E-2 4.977019E-1 -7.684985E-2
1.623000E-2 1.338670E+0 -1.788793E-2
1.623100E-2 2.011444E+0 3.686242E-2
1.623200E-2 2.389880E+0 8.318964E-2
1.623300E-2 2.516025E+0 1.337284E-1
1.623400E-2 2.389880E+0 1.547863E-1
1.623500E-2 1.927347E+0 1.758441E-1
1.623600E-2 1.254573E+0 1.884788E-1
1.623700E-2 4.556535E-1 1.926903E-1
1.623800E-2 -4.273629E-1 1.884788E-1
1.623900E-2 -1.268331E+0 1.632094E-1
1.624000E-2 -1.941105E+0 1.337284E-1
1.624100E-2 -2.361589E+0 1.000359E-1
1.624200E-2 -2.571831E+0 5.792025E-2
1.624300E-2 -2.403638E+0 2.001616E-2
1.624400E-2 -2.025202E+0 -1.367637E-2
1.624500E-2 -1.352428E+0 -4.315732E-2
1.624600E-2 -5.114597E-1 -6.421515E-2
1.624700E-2 3.715567E-1 -7.263828E-2
1.624800E-2 1.170476E+0 -6.842672E-2
1.624900E-2 1.885299E+0 -6.421515E-2
1.625000E-2 2.347831E+0 -4.315732E-2
1.625100E-2 2.558073E+0 -1.788793E-2
1.625200E-2 2.431928E+0 3.169895E-3
1.625300E-2 2.011444E+0 2.843929E-2
1.625400E-2 1.338670E+0 4.107398E-2
1.625500E-2 5.817987E-1 5.370868E-2
1.625600E-2 -3.012177E-1 5.370868E-2
1.625700E-2 -1.100137E+0 3.686242E-2
1.625800E-2 -1.814960E+0 1.159303E-2
1.625900E-2 -2.319541E+0 -1.788793E-2
1.626000E-2 -2.529783E+0 -5.579202E-2
1.626100E-2 -2.445686E+0 -9.369611E-2
1.626200E-2 -2.067250E+0 -1.316002E-1
1.626300E-2 -1.478573E+0 -1.610812E-1
1.626400E-2 -6.796533E-1 -1.821390E-1
1.626500E-2 1.613147E-1 -1.652927E-1
1.626600E-2 1.044331E+0 -1.358118E-1
1.626700E-2 1.759154E+0 -8.948455E-2
1.626800E-2 2.263735E+0 -3.052263E-2
1.626900E-2 2.516025E+0 2.422772E-2
1.627000E-2 2.473977E+0 7.055494E-2
1.627100E-2 2.095541E+0 1.168822E-1
1.627200E-2 1.506863E+0 1.337284E-1
1.627300E-2 7.499922E-1 1.379400E-1
1.627400E-2 -1.330241E-1 1.337284E-1
1.627500E-2 -9.739921E-1 1.253053E-1
1.627600E-2 -1.688815E+0 1.000359E-1
1.627700E-2 -2.277492E+0 6.634338E-2
1.627800E-2 -2.529783E+0 2.422772E-2
1.627900E-2 -2.487734E+0 -1.367637E-2
1.628000E-2 -2.151347E+0 -4.736889E-2
1.628100E-2 -1.604718E+0 -7.684985E-2
1.628200E-2 -8.478469E-1 -1.021192E-1
1.628300E-2 -6.878924E-3 -1.147539E-1
1.628400E-2 8.761374E-1 -1.189655E-1
1.628500E-2 1.675057E+0 -1.105424E-1
1.628600E-2 2.179638E+0 -8.948455E-2
1.628700E-2 2.516025E+0 -6.421515E-2
1.628800E-2 2.473977E+0 -3.473419E-2
1.628900E-2 2.179638E+0 -9.464801E-3
1.629000E-2 1.633009E+0 3.169895E-3
1.629100E-2 8.761374E-1 1.580459E-2
1.629200E-2 3.516947E-2 1.580459E-2
1.629300E-2 -8.478469E-1 1.159303E-2
1.629400E-2 -1.604718E+0 -9.464801E-3
1.629500E-2 -2.193396E+0 -3.473419E-2
1.629600E-2 -2.529783E+0 -6.842672E-2
1.629700E-2 -2.529783E+0 -1.105424E-1
1.629800E-2 -2.235444E+0 -1.442349E-1
1.629900E-2 -1.688815E+0 -1.526580E-1
1.630000E-2 -9.739921E-1 -1.484465E-1
1.630100E-2 -1.330241E-1 -1.147539E-1
1.630200E-2 7.499922E-1 -6.000359E-2
1.630300E-2 1.506863E+0 -1.041670E-3
1.630400E-2 2.137589E+0 4.949712E-2
1.630500E-2 2.473977E+0 1.042475E-1
1.630600E-2 2.516025E+0 1.379400E-1
1.630700E-2 2.305783E+0 1.632094E-1
1.630800E-2 1.759154E+0 1.800556E-1
1.630900E-2 1.044331E+0 1.926903E-1
1.631000E-2 2.454115E-1 1.969019E-1
1.631100E-2 -6.796533E-1 1.842672E-1
1.631200E-2 -1.436524E+0 1.589978E-1
1.631300E-2 -2.067250E+0 1.253053E-1
1.631400E-2 -2.445686E+0 8.740121E-2
1.631500E-2 -2.529783E+0 4.949712E-2
1.631600E-2 -2.319541E+0 7.381461E-3
1.631700E-2 -1.814960E+0 -2.209950E-2
1.631800E-2 -1.100137E+0 -4.736889E-2
1.631900E-2 -3.012177E-1 -6.842672E-2
1.632000E-2 6.238471E-1 -7.684985E-2
1.632100E-2 1.380718E+0 -6.842672E-2
1.632200E-2 2.011444E+0 -6.000359E-2
1.632300E-2 2.431928E+0 -3.473419E-2
1.632400E-2 2.516025E+0 -1.367637E-2
1.632500E-2 2.347831E+0 3.169895E-3
1.632600E-2 1.843251E+0 3.265085E-2
1.632700E-2 1.170476E+0 4.949712E-2
1.632800E-2 3.295083E-1 5.370868E-2
1.632900E-2 -5.114597E-1 4.949712E-2
1.633000E-2 -1.352428E+0 2.843929E-2
1.633100E-2 -1.941105E+0 3.169895E-3
1.633200E-2 -2.361589E+0 -2.631106E-2
1.633300E-2 -2.529783E+0 -6.842672E-2
1.633400E-2 -2.361589E+0 -1.063308E-1
1.633500E-2 -1.941105E+0 -1.442349E-1
1.633600E-2 -1.268331E+0 -1.695043E-1
1.633700E-2 -4.273629E-1 -1.737159E-1
1.633800E-2 4.136051E-1 -1.652927E-1
1.633900E-2 1.254573E+0 -1.273886E-1
1.634000E-2 1.927347E+0 -7.263828E-2
1.634100E-2 2.389880E+0 -1.367637E-2
1.634200E-2 2.516025E+0 3.686242E-2
1.634300E-2 2.431928E+0 9.161277E-2
1.634400E-2 1.969396E+0 1.210937E-1
1.634500E-2 1.338670E+0 1.337284E-1
1.634600E-2 4.977019E-1 1.421516E-1
1.634700E-2 -3.432661E-1 1.337284E-1
1.634800E-2 -1.184234E+0 1.168822E-1
1.634900E-2 -1.857008E+0 9.161277E-2
1.635000E-2 -2.361589E+0 5.370868E-2
1.635100E-2 -2.529783E+0 1.580459E-2
1.635200E-2 -2.445686E+0 -1.788793E-2
1.635300E-2 -2.025202E+0 -5.579202E-2
1.635400E-2 -1.394476E+0 -8.527298E-2
1.635500E-2 -5.955565E-1 -1.063308E-1
1.635600E-2 2.874599E-1 -1.189655E-1
1.635700E-2 1.128428E+0 -1.189655E-1
1.635800E-2 1.843251E+0 -1.021192E-1
1.635900E-2 2.347831E+0 -8.106141E-2
1.636000E-2 2.516025E+0 -6.000359E-2
1.636100E-2 2.431928E+0 -3.052263E-2
1.636200E-2 2.095541E+0 -5.253235E-3
1.636300E-2 1.422767E+0 7.381461E-3
1.636400E-2 6.658955E-1 1.580459E-2
1.636500E-2 -2.171209E-1 1.580459E-2
1.636600E-2 -1.058089E+0 3.169895E-3
1.636700E-2 -1.772912E+0 -9.464801E-3
1.636800E-2 -2.277492E+0 -4.315732E-2
1.636900E-2 -2.529783E+0 -8.106141E-2
1.637000E-2 -2.445686E+0 -1.189655E-1
1.637100E-2 -2.109299E+0 -1.526580E-1
1.637200E-2 -1.520621E+0 -1.526580E-1
1.637300E-2 -7.637501E-1 -1.358118E-1
1.637400E-2 1.192663E-1 -9.790768E-2
1.637500E-2 1.002283E+0 -4.315732E-2
1.637600E-2 1.675057E+0 1.159303E-2
1.637700E-2 2.221686E+0 6.213181E-2
1.637800E-2 2.516025E+0 1.168822E-1
1.637900E-2 2.473977E+0 1.505747E-1
1.638000E-2 2.179638E+0 1.716325E-1
1.638100E-2 1.590960E+0 1.842672E-1
1.638200E-2 8.340890E-1 1.969019E-1
1.638300E-2 -4.892732E-2 1.926903E-1
1.638400E-2 -8.898953E-1 1.758441E-1
1.638500E-2 -1.646766E+0 1.505747E-1
1.638600E-2 -2.193396E+0 1.168822E-1
1.638700E-2 -2.529783E+0 7.897807E-2
1.638800E-2 -2.487734E+0 3.686242E-2
1.638900E-2 -2.193396E+0 -5.253235E-3
1.639000E-2 -1.688815E+0 -3.052263E-2
1.639100E-2 -9.319437E-1 -5.158046E-2
1.639200E-2 -4.892732E-2 -7.263828E-2
1.639300E-2 8.340890E-1 -7.263828E-2
1.639400E-2 1.590960E+0 -6.842672E-2
1.639500E-2 2.179638E+0 -5.158046E-2
1.639600E-2 2.516025E+0 -3.052263E-2
1.639700E-2 2.516025E+0 -1.041670E-3
1.639800E-2 2.263735E+0 1.580459E-2
1.639900E-2 1.675057E+0 3.686242E-2
1.640000E-2 9.602342E-1 4.949712E-2
1.640100E-2 1.613147E-1 5.370868E-2
1.640200E-2 -7.217017E-1 4.528555E-2
1.640300E-2 -1.520621E+0 2.422772E-2
1.640400E-2 -2.109299E+0 -5.253235E-3
1.640500E-2 -2.445686E+0 -3.473419E-2
1.640600E-2 -2.529783E+0 -7.684985E-2
1.640700E-2 -2.277492E+0 -1.147539E-1
1.640800E-2 -1.772912E+0 -1.484465E-1
1.640900E-2 -1.058089E+0 -1.737159E-1
1.641000E-2 -2.171209E-1 -1.737159E-1
1.641100E-2 6.658955E-1 -1.526580E-1
1.641200E-2 1.464815E+0 -1.105424E-1
1.641300E-2 2.095541E+0 -5.579202E-2
1.641400E-2 2.473977E+0 3.169895E-3
1.641500E-2 2.516025E+0 4.949712E-2
1.641600E-2 2.347831E+0 1.000359E-1
1.641700E-2 1.801202E+0 1.253053E-1
1.641800E-2 1.128428E+0 1.379400E-1
1.641900E-2 2.874599E-1 1.379400E-1
1.642000E-2 -5.955565E-1 1.337284E-1
1.642100E-2 -1.394476E+0 1.126706E-1
1.642200E-2 -2.025202E+0 8.318964E-2
1.642300E-2 -2.445686E+0 4.528555E-2
1.642400E-2 -2.529783E+0 3.169895E-3
1.642500E-2 -2.361589E+0 -3.052263E-2
1.642600E-2 -1.857008E+0 -6.421515E-2
1.642700E-2 -1.184234E+0 -9.369611E-2
1.642800E-2 -3.432661E-1 -1.147539E-1
1.642900E-2 4.977019E-1 -1.189655E-1
1.643000E-2 1.338670E+0 -1.147539E-1
1.643100E-2 2.011444E+0 -9.790768E-2
1.643200E-2 2.431928E+0 -8.106141E-2
1.643300E-2 2.516025E+0 -5.158046E-2
1.643400E-2 2.347831E+0 -2.209950E-2
1.643500E-2 1.927347E+0 -1.041670E-3
1.643600E-2 1.212525E+0 7.381461E-3
1.643700E-2 4.136051E-1 1.580459E-2
1.643800E-2 -4.273629E-1 1.580459E-2
1.643900E-2 -1.268331E+0 3.169895E-3
1.644000E-2 -1.899057E+0 -1.788793E-2
1.644100E-2 -2.361589E+0 -5.158046E-2
1.644200E-2 -2.529783E+0 -9.369611E-2
1.644300E-2 -2.361589E+0 -1.316002E-1
1.644400E-2 -2.025202E+0 -1.526580E-1
1.644500E-2 -1.310379E+0 -1.526580E-1
1.644600E-2 -5.114597E-1 -1.273886E-1
1.644700E-2 3.295083E-1 -8.527298E-2
1.644800E-2 1.170476E+0 -2.631106E-2
1.644900E-2 1.885299E+0 2.422772E-2
1.645000E-2 2.347831E+0 7.476651E-2
1.645100E-2 2.516025E+0 1.295169E-1
1.645200E-2 2.431928E+0 1.505747E-1
1.645300E-2 2.011444E+0 1.716325E-1
1.645400E-2 1.380718E+0 1.884788E-1
1.645500E-2 5.817987E-1 1.969019E-1
1.645600E-2 -2.591693E-1 1.884788E-1
1.645700E-2 -1.100137E+0 1.716325E-1
1.645800E-2 -1.814960E+0 1.379400E-1
1.645900E-2 -2.319541E+0 1.084590E-1
1.646000E-2 -2.529783E+0 6.634338E-2
1.646100E-2 -2.445686E+0 2.422772E-2
1.646200E-2 -2.067250E+0 -1.367637E-2
1.646300E-2 -1.478573E+0 -3.894576E-2
1.646400E-2 -6.796533E-1 -6.000359E-2
1.646500E-2 1.613147E-1 -7.263828E-2
1.646600E-2 1.044331E+0 -7.263828E-2
1.646700E-2 1.759154E+0 -6.842672E-2
1.646800E-2 2.263735E+0 -4.736889E-2
1.646900E-2 2.516025E+0 -2.209950E-2
1.647000E-2 2.473977E+0 3.169895E-3
1.647100E-2 2.095541E+0 2.422772E-2
1.647200E-2 1.506863E+0 4.107398E-2
1.647300E-2 7.499922E-1 5.370868E-2
1.647400E-2 -9.097572E-2 4.949712E-2
1.647500E-2 -9.739921E-1 3.686242E-2
1.647600E-2 -1.688815E+0 2.001616E-2
1.647700E-2 -2.235444E+0 -1.367637E-2
1.647800E-2 -2.529783E+0 -5.158046E-2
1.647900E-2 -2.487734E+0 -8.527298E-2
1.648000E-2 -2.193396E+0 -1.273886E-1
1.648100E-2 -1.604718E+0 -1.568696E-1
1.648200E-2 -8.478469E-1 -1.821390E-1
1.648300E-2 -6.878924E-3 -1.695043E-1
1.648400E-2 8.761374E-1 -1.484465E-1
1.648500E-2 1.675057E+0 -9.790768E-2
1.648600E-2 2.221686E+0 -3.894576E-2
1.648700E-2 2.516025E+0 1.159303E-2
1.648800E-2 2.516025E+0 5.792025E-2
1.648900E-2 2.179638E+0 1.084590E-1
1.649000E-2 1.633009E+0 1.337284E-1
1.649100E-2 8.761374E-1 1.379400E-1
1.649200E-2 3.516947E-2 1.379400E-1
1.649300E-2 -8.478469E-1 1.253053E-1
1.649400E-2 -1.604718E+0 1.042475E-1
1.649500E-2 -2.193396E+0 7.476651E-2
1.649600E-2 -2.487734E+0 3.686242E-2
1.649700E-2 -2.529783E+0 -5.253235E-3
1.649800E-2 -2.235444E+0 -3.894576E-2
1.649900E-2 -1.688815E+0 -7.684985E-2
1.650000E-2 -1.016040E+0 -1.021192E-1
1.650100E-2 -1.330241E-1 -1.147539E-1
1.650200E-2 7.499922E-1 -1.189655E-1
1.650300E-2 1.506863E+0 -1.105424E-1
1.650400E-2 2.095541E+0 -9.790768E-2
1.650500E-2 2.473977E+0 -6.842672E-2
1.650600E-2 2.516025E+0 -4.315732E-2
1.650700E-2 2.263735E+0 -1.788793E-2
1.650800E-2 1.717105E+0 -1.041670E-3
1.650900E-2 1.044331E+0 1.580459E-2
1.651000E-2 1.613147E-1 1.580459E-2
1.651100E-2 -6.796533E-1 7.381461E-3
1.651200E-2 -1.478573E+0 -9.464801E-3
1.651300E-2 -2.067250E+0 -3.052263E-2
1.651400E-2 -2.445686E+0 -6.421515E-2
1.651500E-2 -2.529783E+0 -1.021192E-1
1.651600E-2 -2.319541E+0 -1.400233E-1
1.651700E-2 -1.857008E+0 -1.526580E-1
1.651800E-2 -1.142186E+0 -1.526580E-1
1.651900E-2 -3.012177E-1 -1.189655E-1
1.652000E-2 5.817987E-1 -6.842672E-2
1.652100E-2 1.380718E+0 -1.367637E-2
1.652200E-2 2.053493E+0 3.686242E-2
1.652300E-2 2.431928E+0 9.161277E-2
1.652400E-2 2.516025E+0 1.337284E-1
1.652500E-2 2.347831E+0 1.632094E-1
1.652600E-2 1.843251E+0 1.800556E-1
1.652700E-2 1.170476E+0 1.884788E-1
1.652800E-2 3.295083E-1 1.969019E-1
1.652900E-2 -5.114597E-1 1.842672E-1
1.653000E-2 -1.310379E+0 1.589978E-1
1.653100E-2 -1.983154E+0 1.337284E-1
1.653200E-2 -2.403638E+0 9.582434E-2
1.653300E-2 -2.529783E+0 5.370868E-2
1.653400E-2 -2.361589E+0 1.580459E-2
1.653500E-2 -1.941105E+0 -1.788793E-2
1.653600E-2 -1.268331E+0 -4.736889E-2
1.653700E-2 -4.273629E-1 -6.421515E-2
1.653800E-2 4.136051E-1 -7.263828E-2
1.653900E-2 1.254573E+0 -6.842672E-2
1.654000E-2 1.927347E+0 -6.421515E-2
1.654100E-2 2.347831E+0 -3.894576E-2
1.654200E-2 2.516025E+0 -1.788793E-2
1.654300E-2 2.389880E+0 3.169895E-3
1.654400E-2 1.969396E+0 2.843929E-2
1.654500E-2 1.338670E+0 4.528555E-2
1.654600E-2 4.977019E-1 5.370868E-2
1.654700E-2 -3.432661E-1 4.949712E-2
1.654800E-2 -1.184234E+0 3.265085E-2
1.654900E-2 -1.857008E+0 7.381461E-3
1.655000E-2 -2.361589E+0 -2.209950E-2
1.655100E-2 -2.529783E+0 -6.000359E-2
1.655200E-2 -2.445686E+0 -1.021192E-1
1.655300E-2 -2.025202E+0 -1.358118E-1
1.655400E-2 -1.436524E+0 -1.652927E-1
1.655500E-2 -5.535081E-1 -1.779274E-1
1.655600E-2 2.874599E-1 -1.652927E-1
1.655700E-2 1.128428E+0 -1.316002E-1
1.655800E-2 1.801202E+0 -8.527298E-2
1.655900E-2 2.305783E+0 -2.209950E-2
1.656000E-2 2.516025E+0 2.843929E-2
1.656100E-2 2.431928E+0 7.897807E-2
1.656200E-2 2.095541E+0 1.168822E-1
1.656300E-2 1.464815E+0 1.337284E-1
1.656400E-2 6.658955E-1 1.379400E-1
1.656500E-2 -1.750725E-1 1.337284E-1
1.656600E-2 -1.016040E+0 1.210937E-1
1.656700E-2 -1.772912E+0 9.582434E-2
1.656800E-2 -2.277492E+0 6.634338E-2
1.656900E-2 -2.529783E+0 2.422772E-2
1.657000E-2 -2.445686E+0 -1.367637E-2
1.657100E-2 -2.109299E+0 -5.158046E-2
1.657200E-2 -1.520621E+0 -8.106141E-2
1.657300E-2 -7.637501E-1 -1.063308E-1
1.657400E-2 1.192663E-1 -1.147539E-1
1.657500E-2 1.002283E+0 -1.189655E-1
1.657600E-2 1.717105E+0 -1.063308E-1
1.657700E-2 2.263735E+0 -9.369611E-2
1.657800E-2 2.516025E+0 -6.421515E-2
1.657900E-2 2.516025E+0 -3.473419E-2
1.658000E-2 2.179638E+0 -9.464801E-3
1.658100E-2 1.548912E+0 3.169895E-3
1.658200E-2 8.340890E-1 1.580459E-2
1.658300E-2 -4.892732E-2 1.580459E-2
1.658400E-2 -8.898953E-1 7.381461E-3
1.658500E-2 -1.646766E+0 -9.464801E-3
1.658600E-2 -2.193396E+0 -3.894576E-2
1.658700E-2 -2.487734E+0 -7.684985E-2
1.658800E-2 -2.529783E+0 -1.147539E-1
1.658900E-2 -2.193396E+0 -1.484465E-1
1.659000E-2 -1.688815E+0 -1.526580E-1
1.659100E-2 -8.898953E-1 -1.442349E-1
1.659200E-2 -4.892732E-2 -1.063308E-1
1.659300E-2 8.340890E-1 -5.158046E-2
1.659400E-2 1.590960E+0 3.169895E-3
1.659500E-2 2.179638E+0 4.949712E-2
1.659600E-2 2.516025E+0 1.126706E-1
1.659700E-2 2.516025E+0 1.421516E-1
1.659800E-2 2.221686E+0 1.674209E-1
1.659900E-2 1.717105E+0 1.842672E-1
1.660000E-2 1.002283E+0 1.926903E-1
1.660100E-2 1.192663E-1 1.926903E-1
1.660200E-2 -7.217017E-1 1.800556E-1
1.660300E-2 -1.520621E+0 1.547863E-1
1.660400E-2 -2.109299E+0 1.210937E-1
1.660500E-2 -2.487734E+0 8.740121E-2
1.660600E-2 -2.529783E+0 4.528555E-2
1.660700E-2 -2.277492E+0 3.169895E-3
1.660800E-2 -1.772912E+0 -2.631106E-2
1.660900E-2 -1.058089E+0 -5.158046E-2
1.661000E-2 -2.171209E-1 -6.842672E-2
1.661100E-2 6.658955E-1 -7.263828E-2
1.661200E-2 1.464815E+0 -6.842672E-2
1.661300E-2 2.095541E+0 -5.579202E-2
1.661400E-2 2.473977E+0 -3.052263E-2
1.661500E-2 2.516025E+0 -9.464801E-3
1.661600E-2 2.305783E+0 1.159303E-2
1.661700E-2 1.801202E+0 3.265085E-2
1.661800E-2 1.128428E+0 4.949712E-2
1.661900E-2 2.454115E-1 5.370868E-2
1.662000E-2 -5.955565E-1 4.528555E-2
1.662100E-2 -1.394476E+0 2.422772E-2
1.662200E-2 -2.025202E+0 -1.041670E-3
1.662300E-2 -2.403638E+0 -3.052263E-2
1.662400E-2 -2.529783E+0 -6.842672E-2
1.662500E-2 -2.361589E+0 -1.105424E-1
1.662600E-2 -1.899057E+0 -1.442349E-1
1.662700E-2 -1.184234E+0 -1.695043E-1
1.662800E-2 -3.432661E-1 -1.779274E-1
1.662900E-2 4.977019E-1 -1.610812E-1
1.663000E-2 1.338670E+0 -1.189655E-1
1.663100E-2 1.969396E+0 -6.842672E-2
1.663200E-2 2.431928E+0 -9.464801E-3
1.663300E-2 2.516025E+0 3.686242E-2
1.663400E-2 2.347831E+0 9.161277E-2
1.663500E-2 1.927347E+0 1.168822E-1
1.663600E-2 1.254573E+0 1.337284E-1
1.663700E-2 4.136051E-1 1.379400E-1
1.663800E-2 -4.273629E-1 1.295169E-1
1.663900E-2 -1.268331E+0 1.168822E-1
1.664000E-2 -1.941105E+0 8.740121E-2
1.664100E-2 -2.403638E+0 5.370868E-2
1.664200E-2 -2.529783E+0 1.580459E-2
1.664300E-2 -2.361589E+0 -2.209950E-2
1.664400E-2 -1.983154E+0 -6.421515E-2
1.664500E-2 -1.352428E+0 -8.948455E-2
1.664600E-2 -5.114597E-1 -1.105424E-1
1.664700E-2 3.295083E-1 -1.189655E-1
1.664800E-2 1.170476E+0 -1.189655E-1
1.664900E-2 1.885299E+0 -1.021192E-1
1.665000E-2 2.347831E+0 -8.106141E-2
1.665100E-2 2.516025E+0 -5.158046E-2
1.665200E-2 2.431928E+0 -2.631106E-2
1.665300E-2 2.011444E+0 -1.041670E-3
1.665400E-2 1.380718E+0 7.381461E-3
1.665500E-2 5.817987E-1 1.580459E-2
1.665600E-2 -2.591693E-1 1.580459E-2
1.665700E-2 -1.100137E+0 3.169895E-3
1.665800E-2 -1.814960E+0 -1.367637E-2
1.665900E-2 -2.319541E+0 -4.736889E-2
1.666000E-2 -2.529783E+0 -8.527298E-2
1.666100E-2 -2.445686E+0 -1.273886E-1
1.666200E-2 -2.067250E+0 -1.484465E-1
1.666300E-2 -1.478573E+0 -1.526580E-1
1.666400E-2 -6.796533E-1 -1.358118E-1
1.666500E-2 1.613147E-1 -9.790768E-2
1.666600E-2 1.002283E+0 -3.894576E-2
1.666700E-2 1.759154E+0 1.580459E-2
1.666800E-2 2.263735E+0 6.634338E-2
1.666900E-2 2.516025E+0 1.210937E-1
1.667000E-2 2.473977E+0 1.505747E-1
1.667100E-2 2.137589E+0 1.716325E-1
1.667200E-2 1.506863E+0 1.842672E-1
1.667300E-2 7.499922E-1 1.969019E-1
1.667400E-2 -1.330241E-1 1.884788E-1
1.667500E-2 -9.739921E-1 1.716325E-1
1.667600E-2 -1.688815E+0 1.463631E-1
1.667700E-2 -2.235444E+0 1.168822E-1
1.667800E-2 -2.529783E+0 7.055494E-2
1.667900E-2 -2.487734E+0 3.265085E-2
1.668000E-2 -2.193396E+0 -9.464801E-3
1.668100E-2 -1.604718E+0 -3.052263E-2
1.668200E-2 -8.478469E-1 -5.579202E-2
1.668300E-2 -6.878924E-3 -7.263828E-2
1.668400E-2 9.181858E-1 -7.263828E-2
1.668500E-2 1.633009E+0 -6.842672E-2
1.668600E-2 2.221686E+0 -5.158046E-2
1.668700E-2 2.516025E+0 -2.631106E-2
1.668800E-2 2.516025E+0 -1.041670E-3
1.668900E-2 2.179638E+0 2.001616E-2
1.669000E-2 1.633009E+0 3.686242E-2
1.669100E-2 8.761374E-1 4.949712E-2
1.669200E-2 3.516947E-2 5.370868E-2
1.669300E-2 -8.478469E-1 4.107398E-2
1.669400E-2 -1.604718E+0 2.001616E-2
1.669500E-2 -2.151347E+0 -9.464801E-3
1.669600E-2 -2.487734E+0 -4.315732E-2
1.669700E-2 -2.529783E+0 -8.106141E-2
1.669800E-2 -2.235444E+0 -1.189655E-1
1.669900E-2 -1.688815E+0 -1.526580E-1
1.670000E-2 -9.739921E-1 -1.779274E-1
1.670100E-2 -1.330241E-1 -1.695043E-1
1.670200E-2 7.499922E-1 -1.526580E-1
1.670300E-2 1.506863E+0 -1.063308E-1
1.670400E-2 2.095541E+0 -5.158046E-2
1.670500E-2 2.473977E+0 7.381461E-3
1.670600E-2 2.516025E+0 4.949712E-2
1.670700E-2 2.263735E+0 1.042475E-1
1.670800E-2 1.759154E+0 1.210937E-1
1.670900E-2 1.002283E+0 1.379400E-1
1.671000E-2 1.613147E-1 1.379400E-1
1.671100E-2 -6.796533E-1 1.295169E-1
1.671200E-2 -1.436524E+0 1.126706E-1
1.671300E-2 -2.067250E+0 8.318964E-2
1.671400E-2 -2.445686E+0 4.528555E-2
1.671500E-2 -2.529783E+0 3.169895E-3
1.671600E-2 -2.319541E+0 -3.052263E-2
1.671700E-2 -1.814960E+0 -6.842672E-2
1.671800E-2 -1.142186E+0 -9.790768E-2
1.671900E-2 -3.012177E-1 -1.147539E-1
1.672000E-2 5.817987E-1 -1.189655E-1
1.672100E-2 1.422767E+0 -1.147539E-1
1.672200E-2 2.053493E+0 -9.790768E-2
1.672300E-2 2.431928E+0 -7.263828E-2
1.672400E-2 2.558073E+0 -4.736889E-2
1.672500E-2 2.347831E+0 -1.788793E-2
1.672600E-2 1.843251E+0 -1.041670E-3
1.672700E-2 1.170476E+0 1.159303E-2
1.672800E-2 3.295083E-1 1.580459E-2
1.672900E-2 -5.114597E-1 1.159303E-2
1.673000E-2 -1.352428E+0 -1.041670E-3
1.673100E-2 -1.983154E+0 -2.631106E-2
1.673200E-2 -2.403638E+0 -6.000359E-2
1.673300E-2 -2.529783E+0 -9.790768E-2
1.673400E-2 -2.361589E+0 -1.316002E-1
1.673500E-2 -1.941105E+0 -1.568696E-1
1.673600E-2 -1.268331E+0 -1.526580E-1
1.673700E-2 -4.694113E-1 -1.273886E-1
1.673800E-2 4.136051E-1 -8.106141E-2
1.673900E-2 1.254573E+0 -2.209950E-2
1.674000E-2 1.927347E+0 3.265085E-2
1.674100E-2 2.389880E+0 7.897807E-2
1.674200E-2 2.516025E+0 1.295169E-1
1.674300E-2 2.431928E+0 1.547863E-1
1.674400E-2 1.969396E+0 1.758441E-1
1.674500E-2 1.338670E+0 1.884788E-1
1.674600E-2 5.397503E-1 1.926903E-1
1.674700E-2 -3.432661E-1 1.884788E-1
1.674800E-2 -1.184234E+0 1.674209E-1
1.674900E-2 -1.857008E+0 1.379400E-1
1.675000E-2 -2.361589E+0 1.042475E-1
1.675100E-2 -2.529783E+0 6.634338E-2
1.675200E-2 -2.445686E+0 2.001616E-2
1.675300E-2 -2.025202E+0 -1.367637E-2
1.675400E-2 -1.394476E+0 -3.894576E-2
1.675500E-2 -5.955565E-1 -6.421515E-2
1.675600E-2 2.874599E-1 -7.263828E-2
1.675700E-2 1.128428E+0 -7.263828E-2
1.675800E-2 1.843251E+0 -6.421515E-2
1.675900E-2 2.347831E+0 -4.736889E-2
1.676000E-2 2.516025E+0 -1.788793E-2
1.676100E-2 2.431928E+0 3.169895E-3
1.676200E-2 2.053493E+0 2.422772E-2
1.676300E-2 1.422767E+0 4.107398E-2
1.676400E-2 6.658955E-1 5.370868E-2
1.676500E-2 -1.750725E-1 4.949712E-2
1.676600E-2 -1.016040E+0 3.686242E-2
1.676700E-2 -1.772912E+0 1.580459E-2
1.676800E-2 -2.277492E+0 -1.788793E-2
1.676900E-2 -2.529783E+0 -5.158046E-2
1.677000E-2 -2.487734E+0 -9.369611E-2
1.677100E-2 -2.109299E+0 -1.316002E-1
1.677200E-2 -1.562670E+0 -1.610812E-1
1.677300E-2 -7.637501E-1 -1.821390E-1
1.677400E-2 7.721787E-2 -1.695043E-1
1.677500E-2 1.002283E+0 -1.358118E-1
1.677600E-2 1.675057E+0 -9.369611E-2
1.677700E-2 2.263735E+0 -3.473419E-2
1.677800E-2 2.516025E+0 2.001616E-2
1.677900E-2 2.473977E+0 6.634338E-2
1.678000E-2 2.179638E+0 1.084590E-1
1.678100E-2 1.590960E+0 1.337284E-1
1.678200E-2 8.340890E-1 1.379400E-1
1.678300E-2 -4.892732E-2 1.379400E-1
1.678400E-2 -8.898953E-1 1.253053E-1
1.678500E-2 -1.604718E+0 1.042475E-1
1.678600E-2 -2.193396E+0 7.055494E-2
1.678700E-2 -2.529783E+0 3.265085E-2
1.678800E-2 -2.487734E+0 -9.464801E-3
1.678900E-2 -2.193396E+0 -4.315732E-2
1.679000E-2 -1.646766E+0 -7.684985E-2
1.679100E-2 -8.898953E-1 -1.021192E-1
1.679200E-2 -4.892732E-2 -1.147539E-1
1.679300E-2 8.340890E-1 -1.189655E-1
1.679400E-2 1.590960E+0 -1.105424E-1
1.679500E-2 2.179638E+0 -9.369611E-2
1.679600E-2 2.473977E+0 -6.842672E-2
1.679700E-2 2.516025E+0 -3.894576E-2
1.679800E-2 2.263735E+0 -1.367637E-2
1.679900E-2 1.675057E+0 3.169895E-3
1.680000E-2 9.602342E-1 1.580459E-2
1.680100E-2 1.613147E-1 2.001616E-2
1.680200E-2 -7.637501E-1 1.159303E-2
1.680300E-2 -1.520621E+0 -9.464801E-3
1.680400E-2 -2.109299E+0 -3.052263E-2
1.680500E-2 -2.487734E+0 -6.842672E-2
1.680600E-2 -2.529783E+0 -1.105424E-1
1.680700E-2 -2.277492E+0 -1.442349E-1
1.680800E-2 -1.772912E+0 -1.568696E-1
1.680900E-2 -1.058089E+0 -1.484465E-1
1.681000E-2 -2.171209E-1 -1.147539E-1
1.681100E-2 6.658955E-1 -6.421515E-2
1.681200E-2 1.464815E+0 -5.253235E-3
1.681300E-2 2.095541E+0 4.528555E-2
1.681400E-2 2.473977E+0 1.000359E-1
1.681500E-2 2.516025E+0 1.379400E-1
1.681600E-2 2.347831E+0 1.632094E-1
1.681700E-2 1.801202E+0 1.800556E-1
1.681800E-2 1.128428E+0 1.926903E-1
1.681900E-2 2.874599E-1 1.926903E-1
1.682000E-2 -5.955565E-1 1.842672E-1
1.682100E-2 -1.352428E+0 1.589978E-1
1.682200E-2 -2.025202E+0 1.295169E-1
1.682300E-2 -2.445686E+0 9.161277E-2
1.682400E-2 -2.529783E+0 5.370868E-2
1.682500E-2 -2.361589E+0 1.159303E-2
1.682600E-2 -1.899057E+0 -1.788793E-2
1.682700E-2 -1.184234E+0 -4.736889E-2
1.682800E-2 -3.432661E-1 -6.842672E-2
1.682900E-2 4.977019E-1 -7.263828E-2
1.683000E-2 1.338670E+0 -6.842672E-2
1.683100E-2 2.011444E+0 -6.000359E-2
1.683200E-2 2.431928E+0 -3.473419E-2
1.683300E-2 2.558073E+0 -9.464801E-3
1.683400E-2 2.389880E+0 7.381461E-3
1.683500E-2 1.927347E+0 3.265085E-2
1.683600E-2 1.254573E+0 4.949712E-2
1.683700E-2 4.136051E-1 5.370868E-2
1.683800E-2 -4.273629E-1 4.949712E-2
1.683900E-2 -1.268331E+0 3.265085E-2
1.684000E-2 -1.941105E+0 3.169895E-3
1.684100E-2 -2.361589E+0 -2.631106E-2
1.684200E-2 -2.529783E+0 -6.421515E-2
1.684300E-2 -2.403638E+0 -9.790768E-2
1.684400E-2 -1.983154E+0 -1.400233E-1
1.684500E-2 -1.352428E+0 -1.695043E-1
1.684600E-2 -5.114597E-1 -1.779274E-1
1.684700E-2 3.715567E-1 -1.652927E-1
1.684800E-2 1.170476E+0 -1.316002E-1
1.684900E-2 1.885299E+0 -7.684985E-2
1.685000E-2 2.347831E+0 -1.788793E-2
1.685100E-2 2.516025E+0 3.265085E-2
1.685200E-2 2.431928E+0 8.740121E-2
1.685300E-2 2.053493E+0 1.168822E-1
1.685400E-2 1.422767E+0 1.337284E-1
1.685500E-2 6.238471E-1 1.379400E-1
1.685600E-2 -2.591693E-1 1.379400E-1
1.685700E-2 -1.100137E+0 1.210937E-1
1.685800E-2 -1.814960E+0 9.161277E-2
1.685900E-2 -2.319541E+0 5.792025E-2
1.686000E-2 -2.529783E+0 2.001616E-2
1.686100E-2 -2.445686E+0 -1.788793E-2
1.686200E-2 -2.067250E+0 -5.158046E-2
1.686300E-2 -1.478573E+0 -8.527298E-2
1.686400E-2 -6.796533E-1 -1.063308E-1
1.686500E-2 1.613147E-1 -1.189655E-1
1.686600E-2 1.002283E+0 -1.189655E-1
1.686700E-2 1.759154E+0 -1.021192E-1
1.686800E-2 2.305783E+0 -8.527298E-2
1.686900E-2 2.516025E+0 -6.421515E-2
1.687000E-2 2.431928E+0 -3.473419E-2
1.687100E-2 2.137589E+0 -9.464801E-3
1.687200E-2 1.506863E+0 3.169895E-3
1.687300E-2 7.499922E-1 1.580459E-2
1.687400E-2 -9.097572E-2 1.580459E-2
1.687500E-2 -9.739921E-1 3.169895E-3
1.687600E-2 -1.688815E+0 -9.464801E-3
1.687700E-2 -2.235444E+0 -3.894576E-2
1.687800E-2 -2.529783E+0 -7.684985E-2
1.687900E-2 -2.445686E+0 -1.189655E-1
1.688000E-2 -2.193396E+0 -1.484465E-1
1.688100E-2 -1.604718E+0 -1.568696E-1
1.688200E-2 -8.478469E-1 -1.442349E-1
1.688300E-2 3.516947E-2 -1.021192E-1
1.688400E-2 9.181858E-1 -4.736889E-2
1.688500E-2 1.633009E+0 7.381461E-3
1.688600E-2 2.179638E+0 5.792025E-2
1.688700E-2 2.516025E+0 1.168822E-1
1.688800E-2 2.516025E+0 1.421516E-1
1.688900E-2 2.179638E+0 1.674209E-1
1.689000E-2 1.633009E+0 1.842672E-1
1.689100E-2 9.181858E-1 1.969019E-1
1.689200E-2 3.516947E-2 1.926903E-1
1.689300E-2 -8.057985E-1 1.758441E-1
1.689400E-2 -1.604718E+0 1.505747E-1
1.689500E-2 -2.193396E+0 1.210937E-1
1.689600E-2 -2.529783E+0 8.318964E-2
1.689700E-2 -2.529783E+0 3.686242E-2
1.689800E-2 -2.235444E+0 -1.041670E-3
1.689900E-2 -1.688815E+0 -3.052263E-2
1.690000E-2 -9.739921E-1 -5.158046E-2
1.690100E-2 -1.330241E-1 -7.263828E-2
1.690200E-2 7.499922E-1 -7.263828E-2
1.690300E-2 1.506863E+0 -6.842672E-2
1.690400E-2 2.137589E+0 -5.579202E-2
1.690500E-2 2.473977E+0 -3.052263E-2
1.690600E-2 2.516025E+0 -9.464801E-3
1.690700E-2 2.263735E+0 1.159303E-2
1.690800E-2 1.759154E+0 3.686242E-2
1.690900E-2 1.002283E+0 4.949712E-2
1.691000E-2 1.613147E-1 5.370868E-2
1.691100E-2 -6.796533E-1 4.528555E-2
1.691200E-2 -1.436524E+0 2.843929E-2
1.691300E-2 -2.067250E+0 -5.253235E-3
1.691400E-2 -2.445686E+0 -3.473419E-2
1.691500E-2 -2.529783E+0 -7.684985E-2
1.691600E-2 -2.319541E+0 -1.147539E-1
1.691700E-2 -1.857008E+0 -1.484465E-1
1.691800E-2 -1.100137E+0 -1.737159E-1
1.691900E-2 -3.012177E-1 -1.737159E-1
1.692000E-2 5.817987E-1 -1.568696E-1
1.692100E-2 1.422767E+0 -1.147539E-1
1.692200E-2 2.011444E+0 -6.000359E-2
1.692300E-2 2.431928E+0 -1.041670E-3
1.692400E-2 2.516025E+0 4.528555E-2
1.692500E-2 2.347831E+0 1.000359E-1
1.692600E-2 1.885299E+0 1.210937E-1
1.692700E-2 1.170476E+0 1.337284E-1
1.692800E-2 3.715567E-1 1.379400E-1
1.692900E-2 -5.114597E-1 1.295169E-1
1.693000E-2 -1.310379E+0 1.168822E-1
1.693100E-2 -1.983154E+0 8.740121E-2
1.693200E-2 -2.361589E+0 5.370868E-2
1.693300E-2 -2.529783E+0 7.381461E-3
1.693400E-2 -2.361589E+0 -3.052263E-2
1.693500E-2 -1.941105E+0 -6.421515E-2
1.693600E-2 -1.268331E+0 -8.948455E-2
1.693700E-2 -4.273629E-1 -1.147539E-1
1.693800E-2 4.136051E-1 -1.189655E-1
1.693900E-2 1.254573E+0 -1.147539E-1
1.694000E-2 1.927347E+0 -9.790768E-2
1.694100E-2 2.389880E+0 -8.106141E-2
1.694200E-2 2.516025E+0 -5.158046E-2
1.694300E-2 2.431928E+0 -3.052263E-2
1.694400E-2 2.011444E+0 -1.041670E-3
1.694500E-2 1.338670E+0 7.381461E-3
1.694600E-2 4.977019E-1 2.001616E-2
1.694700E-2 -3.432661E-1 1.580459E-2
1.694800E-2 -1.184234E+0 3.169895E-3
1.694900E-2 -1.857008E+0 -1.788793E-2
1.695000E-2 -2.361589E+0 -5.158046E-2
1.695100E-2 -2.529783E+0 -9.369611E-2
1.695200E-2 -2.445686E+0 -1.273886E-1
1.695300E-2 -2.025202E+0 -1.526580E-1
1.695400E-2 -1.394476E+0 -1.526580E-1
1.695500E-2 -5.955565E-1 -1.316002E-1
1.695600E-2 2.874599E-1 -8.948455E-2
1.695700E-2 1.086379E+0 -3.052263E-2
1.695800E-2 1.843251E+0 2.001616E-2
1.695900E-2 2.347831E+0 7.055494E-2
1.696000E-2 2.516025E+0 1.210937E-1
1.696100E-2 2.473977E+0 1.505747E-1
1.696200E-2 2.053493E+0 1.716325E-1
1.696300E-2 1.464815E+0 1.842672E-1
1.696400E-2 6.658955E-1 1.926903E-1
1.696500E-2 -1.750725E-1 1.926903E-1
1.696600E-2 -1.058089E+0 1.716325E-1
1.696700E-2 -1.730863E+0 1.463631E-1
1.696800E-2 -2.277492E+0 1.084590E-1
1.696900E-2 -2.529783E+0 7.055494E-2
1.697000E-2 -2.445686E+0 3.265085E-2
1.697100E-2 -2.109299E+0 -9.464801E-3
1.697200E-2 -1.520621E+0 -3.473419E-2
1.697300E-2 -7.637501E-1 -6.000359E-2
1.697400E-2 1.192663E-1 -7.263828E-2
1.697500E-2 1.002283E+0 -7.263828E-2
1.697600E-2 1.717105E+0 -6.421515E-2
1.697700E-2 2.263735E+0 -4.736889E-2
1.697800E-2 2.516025E+0 -2.631106E-2
1.697900E-2 2.516025E+0 -1.041670E-3
1.698000E-2 2.137589E+0 2.001616E-2
1.698100E-2 1.590960E+0 4.107398E-2
1.698200E-2 8.340890E-1 5.370868E-2
1.698300E-2 -6.878924E-3 5.370868E-2
1.698400E-2 -8.898953E-1 4.107398E-2
1.698500E-2 -1.646766E+0 2.001616E-2
1.698600E-2 -2.193396E+0 -9.464801E-3
1.698700E-2 -2.487734E+0 -4.736889E-2
1.698800E-2 -2.529783E+0 -8.106141E-2
1.698900E-2 -2.193396E+0 -1.189655E-1
1.699000E-2 -1.646766E+0 -1.526580E-1
1.699100E-2 -9.319437E-1 -1.779274E-1
1.699200E-2 -4.892732E-2 -1.695043E-1
1.699300E-2 8.340890E-1 -1.484465E-1
1.699400E-2 1.590960E+0 -1.021192E-1
1.699500E-2 2.179638E+0 -4.736889E-2
1.699600E-2 2.516025E+0 7.381461E-3
1.699700E-2 2.516025E+0 5.370868E-2
1.699800E-2 2.221686E+0 1.084590E-1
1.699900E-2 1.717105E+0 1.253053E-1
1.700000E-2 9.602342E-1 1.379400E-1
1.700100E-2 1.192663E-1 1.379400E-1
1.700200E-2 -7.217017E-1 1.295169E-1
1.700300E-2 -1.520621E+0 1.084590E-1
1.700400E-2 -2.151347E+0 7.476651E-2
1.700500E-2 -2.487734E+0 3.686242E-2
1.700600E-2 -2.529783E+0 -1.041670E-3
1.700700E-2 -2.277492E+0 -3.473419E-2
1.700800E-2 -1.772912E+0 -6.842672E-2
1.700900E-2 -1.058089E+0 -9.790768E-2
1.701000E-2 -1.750725E-1 -1.147539E-1
1.701100E-2 6.658955E-1 -1.189655E-1
1.701200E-2 1.464815E+0 -1.147539E-1
1.701300E-2 2.095541E+0 -9.790768E-2
1.701400E-2 2.473977E+0 -7.263828E-2
1.701500E-2 2.516025E+0 -4.315732E-2
1.701600E-2 2.305783E+0 -1.788793E-2
1.701700E-2 1.801202E+0 -1.041670E-3
1.701800E-2 1.086379E+0 7.381461E-3
1.701900E-2 2.874599E-1 2.001616E-2
1.702000E-2 -5.955565E-1 1.580459E-2
1.702100E-2 -1.394476E+0 -5.253235E-3
1.702200E-2 -2.025202E+0 -2.209950E-2
1.702300E-2 -2.403638E+0 -6.000359E-2
1.702400E-2 -2.529783E+0 -9.790768E-2
1.702500E-2 -2.361589E+0 -1.400233E-1
1.702600E-2 -1.857008E+0 -1.526580E-1
1.702700E-2 -1.184234E+0 -1.526580E-1
1.702800E-2 -3.432661E-1 -1.231771E-1
1.702900E-2 5.397503E-1 -7.684985E-2
1.703000E-2 1.338670E+0 -1.788793E-2
1.703100E-2 2.011444E+0 3.686242E-2
1.703200E-2 2.389880E+0 8.318964E-2
1.703300E-2 2.516025E+0 1.337284E-1
1.703400E-2 2.347831E+0 1.547863E-1
1.703500E-2 1.927347E+0 1.758441E-1
1.703600E-2 1.254573E+0 1.926903E-1
1.703700E-2 4.556535E-1 1.926903E-1
1.703800E-2 -4.273629E-1 1.884788E-1
1.703900E-2 -1.226282E+0 1.632094E-1
1.704000E-2 -1.941105E+0 1.379400E-1
1.704100E-2 -2.361589E+0 1.000359E-1
1.704200E-2 -2.529783E+0 6.213181E-2
1.704300E-2 -2.403638E+0 2.001616E-2
1.704400E-2 -1.983154E+0 -1.367637E-2
1.704500E-2 -1.352428E+0 -4.315732E-2
1.704600E-2 -5.114597E-1 -6.421515E-2
1.704700E-2 3.295083E-1 -7.684985E-2
1.704800E-2 1.170476E+0 -7.684985E-2
1.704900E-2 1.885299E+0 -6.421515E-2
1.705000E-2 2.347831E+0 -4.315732E-2
1.705100E-2 2.516025E+0 -1.788793E-2
1.705200E-2 2.389880E+0 3.169895E-3
1.705300E-2 2.011444E+0 2.422772E-2
1.705400E-2 1.380718E+0 4.107398E-2
1.705500E-2 5.817987E-1 5.370868E-2
1.705600E-2 -2.591693E-1 4.949712E-2
1.705700E-2 -1.100137E+0 3.686242E-2
1.705800E-2 -1.857008E+0 1.159303E-2
1.705900E-2 -2.319541E+0 -1.788793E-2
1.706000E-2 -2.529783E+0 -5.579202E-2
1.706100E-2 -2.445686E+0 -9.790768E-2
1.706200E-2 -2.067250E+0 -1.358118E-1
1.706300E-2 -1.436524E+0 -1.610812E-1
1.706400E-2 -6.796533E-1 -1.779274E-1
1.706500E-2 1.613147E-1 -1.695043E-1
1.706600E-2 1.044331E+0 -1.358118E-1
1.706700E-2 1.759154E+0 -8.527298E-2
1.706800E-2 2.305783E+0 -3.052263E-2
1.706900E-2 2.516025E+0 2.422772E-2
1.707000E-2 2.473977E+0 7.476651E-2
1.707100E-2 2.095541E+0 1.126706E-1
1.707200E-2 1.506863E+0 1.337284E-1
1.707300E-2 7.499922E-1 1.379400E-1
1.707400E-2 -9.097572E-2 1.379400E-1
1.707500E-2 -9.739921E-1 1.253053E-1
1.707600E-2 -1.688815E+0 1.000359E-1
1.707700E-2 -2.193396E+0 6.634338E-2
1.707800E-2 -2.529783E+0 2.843929E-2
1.707900E-2 -2.487734E+0 -1.367637E-2
1.708000E-2 -2.193396E+0 -4.736889E-2
1.708100E-2 -1.604718E+0 -8.106141E-2
1.708200E-2 -8.478469E-1 -1.021192E-1
1.708300E-2 3.516947E-2 -1.147539E-1
1.708400E-2 9.181858E-1 -1.189655E-1
1.708500E-2 1.675057E+0 -1.105424E-1
1.708600E-2 2.263735E+0 -9.369611E-2
1.708700E-2 2.516025E+0 -6.421515E-2
1.708800E-2 2.473977E+0 -3.473419E-2
1.708900E-2 2.179638E+0 -1.367637E-2
1.709000E-2 1.633009E+0 3.169895E-3
1.709100E-2 8.761374E-1 1.580459E-2
1.709200E-2 3.516947E-2 1.580459E-2
1.709300E-2 -8.478469E-1 7.381461E-3
1.709400E-2 -1.562670E+0 -9.464801E-3
1.709500E-2 -2.151347E+0 -3.473419E-2
1.709600E-2 -2.487734E+0 -6.842672E-2
1.709700E-2 -2.529783E+0 -1.105424E-1
1.709800E-2 -2.235444E+0 -1.442349E-1
1.709900E-2 -1.688815E+0 -1.526580E-1
1.710000E-2 -1.016040E+0 -1.484465E-1
1.710100E-2 -1.330241E-1 -1.105424E-1
1.710200E-2 7.499922E-1 -6.000359E-2
1.710300E-2 1.506863E+0 -1.041670E-3
1.710400E-2 2.095541E+0 4.528555E-2
1.710500E-2 2.473977E+0 1.042475E-1
1.710600E-2 2.516025E+0 1.379400E-1
1.710700E-2 2.263735E+0 1.674209E-1
1.710800E-2 1.759154E+0 1.842672E-1
1.710900E-2 1.044331E+0 1.926903E-1
1.711000E-2 2.033631E-1 1.926903E-1
1.711100E-2 -6.796533E-1 1.842672E-1
1.711200E-2 -1.436524E+0 1.589978E-1
1.711300E-2 -2.067250E+0 1.253053E-1
1.711400E-2 -2.445686E+0 8.740121E-2
1.711500E-2 -2.529783E+0 4.949712E-2
1.711600E-2 -2.319541E+0 7.381461E-3
1.711700E-2 -1.814960E+0 -2.209950E-2
1.711800E-2 -1.142186E+0 -5.158046E-2
1.711900E-2 -2.591693E-1 -6.421515E-2
1.712000E-2 5.817987E-1 -7.263828E-2
1.712100E-2 1.422767E+0 -6.842672E-2
1.712200E-2 2.011444E+0 -6.421515E-2
1.712300E-2 2.431928E+0 -3.473419E-2
1.712400E-2 2.558073E+0 -1.367637E-2
1.712500E-2 2.347831E+0 7.381461E-3
1.712600E-2 1.843251E+0 3.265085E-2
1.712700E-2 1.170476E+0 4.949712E-2
1.712800E-2 3.295083E-1 5.370868E-2
1.712900E-2 -5.114597E-1 4.528555E-2
1.713000E-2 -1.310379E+0 2.843929E-2
1.713100E-2 -1.983154E+0 3.169895E-3
1.713200E-2 -2.403638E+0 -2.631106E-2
1.713300E-2 -2.529783E+0 -6.842672E-2
1.713400E-2 -2.361589E+0 -1.063308E-1
1.713500E-2 -1.941105E+0 -1.442349E-1
1.713600E-2 -1.268331E+0 -1.695043E-1
1.713700E-2 -4.273629E-1 -1.779274E-1
1.713800E-2 4.556535E-1 -1.652927E-1
1.713900E-2 1.254573E+0 -1.273886E-1
1.714000E-2 1.927347E+0 -7.263828E-2
1.714100E-2 2.389880E+0 -1.367637E-2
1.714200E-2 2.516025E+0 3.686242E-2
1.714300E-2 2.431928E+0 9.161277E-2
1.714400E-2 1.969396E+0 1.168822E-1
1.714500E-2 1.296621E+0 1.337284E-1
1.714600E-2 4.977019E-1 1.379400E-1
1.714700E-2 -3.432661E-1 1.337284E-1
1.714800E-2 -1.184234E+0 1.168822E-1
1.714900E-2 -1.857008E+0 9.161277E-2
1.715000E-2 -2.361589E+0 5.370868E-2
1.715100E-2 -2.529783E+0 1.580459E-2
1.715200E-2 -2.445686E+0 -1.788793E-2
1.715300E-2 -2.025202E+0 -5.579202E-2
1.715400E-2 -1.394476E+0 -8.527298E-2
1.715500E-2 -5.955565E-1 -1.105424E-1
1.715600E-2 2.454115E-1 -1.189655E-1
1.715700E-2 1.086379E+0 -1.189655E-1
1.715800E-2 1.801202E+0 -1.021192E-1
1.715900E-2 2.305783E+0 -8.527298E-2
1.716000E-2 2.516025E+0 -5.579202E-2
1.716100E-2 2.431928E+0 -2.631106E-2
1.716200E-2 2.053493E+0 -5.253235E-3
1.716300E-2 1.464815E+0 7.381461E-3
1.716400E-2 6.658955E-1 1.580459E-2
1.716500E-2 -1.750725E-1 1.580459E-2
1.716600E-2 -1.016040E+0 3.169895E-3
1.716700E-2 -1.730863E+0 -1.367637E-2
1.716800E-2 -2.277492E+0 -4.736889E-2
1.716900E-2 -2.529783E+0 -8.106141E-2
1.717000E-2 -2.445686E+0 -1.189655E-1
1.717100E-2 -2.109299E+0 -1.484465E-1
1.717200E-2 -1.520621E+0 -1.526580E-1
1.717300E-2 -7.637501E-1 -1.358118E-1
1.717400E-2 1.192663E-1 -9.790768E-2
1.717500E-2 1.002283E+0 -4.315732E-2
1.717600E-2 1.717105E+0 1.159303E-2
1.717700E-2 2.263735E+0 6.213181E-2
1.717800E-2 2.516025E+0 1.168822E-1
1.717900E-2 2.473977E+0 1.421516E-1
1.718000E-2 2.179638E+0 1.674209E-1
1.718100E-2 1.590960E+0 1.842672E-1
1.718200E-2 7.920406E-1 1.926903E-1
1.718300E-2 -4.892732E-2 1.926903E-1
1.718400E-2 -8.898953E-1 1.758441E-1
1.718500E-2 -1.604718E+0 1.505747E-1
1.718600E-2 -2.193396E+0 1.168822E-1
1.718700E-2 -2.529783E+0 7.897807E-2
1.718800E-2 -2.529783E+0 3.686242E-2
1.718900E-2 -2.193396E+0 -5.253235E-3
1.719000E-2 -1.646766E+0 -3.052263E-2
1.719100E-2 -9.319437E-1 -5.579202E-2
1.719200E-2 -6.878924E-3 -7.684985E-2
1.719300E-2 8.340890E-1 -7.684985E-2
1.719400E-2 1.590960E+0 -6.842672E-2
1.719500E-2 2.179638E+0 -5.158046E-2
1.719600E-2 2.516025E+0 -3.052263E-2
1.719700E-2 2.516025E+0 -1.041670E-3
1.719800E-2 2.221686E+0 1.580459E-2
1.719900E-2 1.675057E+0 3.686242E-2
1.720000E-2 9.602342E-1 4.949712E-2
1.720100E-2 1.192663E-1 4.949712E-2
1.720200E-2 -7.637501E-1 4.528555E-2
1.720300E-2 -1.520621E+0 2.422772E-2
1.720400E-2 -2.109299E+0 -5.253235E-3
1.720500E-2 -2.487734E+0 -3.473419E-2
1.720600E-2 -2.529783E+0 -7.684985E-2
1.720700E-2 -2.277492E+0 -1.147539E-1
1.720800E-2 -1.772912E+0 -1.484465E-1
1.720900E-2 -1.058089E+0 -1.779274E-1
1.721000E-2 -2.171209E-1 -1.737159E-1
1.721100E-2 6.658955E-1 -1.526580E-1
1.721200E-2 1.464815E+0 -1.105424E-1
1.721300E-2 2.095541E+0 -5.579202E-2
1.721400E-2 2.431928E+0 3.169895E-3
1.721500E-2 2.516025E+0 4.949712E-2
1.721600E-2 2.263735E+0 1.042475E-1
1.721700E-2 1.801202E+0 1.253053E-1
1.721800E-2 1.086379E+0 1.379400E-1
1.721900E-2 2.874599E-1 1.379400E-1
1.722000E-2 -5.955565E-1 1.295169E-1
1.722100E-2 -1.394476E+0 1.126706E-1
1.722200E-2 -2.025202E+0 8.318964E-2
1.722300E-2 -2.445686E+0 4.528555E-2
1.722400E-2 -2.529783E+0 3.169895E-3
1.722500E-2 -2.361589E+0 -3.052263E-2
1.722600E-2 -1.899057E+0 -6.421515E-2
1.722700E-2 -1.226282E+0 -9.369611E-2
1.722800E-2 -3.432661E-1 -1.147539E-1
1.722900E-2 4.977019E-1 -1.189655E-1
1.723000E-2 1.338670E+0 -1.147539E-1
1.723100E-2 1.969396E+0 -9.790768E-2
1.723200E-2 2.389880E+0 -7.684985E-2
1.723300E-2 2.516025E+0 -4.736889E-2
1.723400E-2 2.389880E+0 -2.209950E-2
1.723500E-2 1.927347E+0 -1.041670E-3
1.723600E-2 1.254573E+0 7.381461E-3
1.723700E-2 4.136051E-1 2.001616E-2
1.723800E-2 -4.694113E-1 1.580459E-2
1.723900E-2 -1.268331E+0 -1.041670E-3
1.724000E-2 -1.941105E+0 -1.788793E-2
1.724100E-2 -2.361589E+0 -5.579202E-2
1.724200E-2 -2.529783E+0 -9.369611E-2
1.724300E-2 -2.403638E+0 -1.316002E-1
1.724400E-2 -1.983154E+0 -1.526580E-1
1.724500E-2 -1.352428E+0 -1.526580E-1
1.724600E-2 -5.114597E-1 -1.316002E-1
1.724700E-2 3.295083E-1 -8.527298E-2
1.724800E-2 1.170476E+0 -2.631106E-2
1.724900E-2 1.843251E+0 2.422772E-2
1.725000E-2 2.347831E+0 7.476651E-2
1.725100E-2 2.516025E+0 1.295169E-1
1.725200E-2 2.431928E+0 1.547863E-1
1.725300E-2 2.011444E+0 1.758441E-1
1.725400E-2 1.380718E+0 1.884788E-1
1.725500E-2 5.817987E-1 1.926903E-1
1.725600E-2 -3.012177E-1 1.884788E-1
1.725700E-2 -1.100137E+0 1.716325E-1
1.725800E-2 -1.814960E+0 1.421516E-1
1.725900E-2 -2.319541E+0 1.084590E-1
1.726000E-2 -2.529783E+0 6.634338E-2
1.726100E-2 -2.445686E+0 2.422772E-2
1.726200E-2 -2.067250E+0 -9.464801E-3
1.726300E-2 -1.478573E+0 -3.894576E-2
1.726400E-2 -6.796533E-1 -6.421515E-2
1.726500E-2 1.613147E-1 -7.263828E-2
1.726600E-2 1.044331E+0 -7.263828E-2
1.726700E-2 1.759154E+0 -6.421515E-2
1.726800E-2 2.263735E+0 -4.736889E-2
1.726900E-2 2.516025E+0 -2.209950E-2
1.727000E-2 2.473977E+0 -1.041670E-3
1.727100E-2 2.137589E+0 2.001616E-2
1.727200E-2 1.506863E+0 4.107398E-2
1.727300E-2 7.499922E-1 5.370868E-2
1.727400E-2 -1.330241E-1 5.370868E-2
1.727500E-2 -9.319437E-1 3.686242E-2
1.727600E-2 -1.688815E+0 2.001616E-2
1.727700E-2 -2.235444E+0 -1.367637E-2
1.727800E-2 -2.529783E+0 -4.736889E-2
1.727900E-2 -2.487734E+0 -8.527298E-2
1.728000E-2 -2.151347E+0 -1.273886E-1
1.728100E-2 -1.562670E+0 -1.610812E-1
1.728200E-2 -8.478469E-1 -1.821390E-1
1.728300E-2 -6.878924E-3 -1.695043E-1
1.728400E-2 9.181858E-1 -1.442349E-1
1.728500E-2 1.675057E+0 -9.790768E-2
1.728600E-2 2.179638E+0 -3.894576E-2
1.728700E-2 2.516025E+0 1.580459E-2
1.728800E-2 2.516025E+0 6.213181E-2
1.728900E-2 2.179638E+0 1.084590E-1
1.729000E-2 1.633009E+0 1.295169E-1
1.729100E-2 9.181858E-1 1.379400E-1
1.729200E-2 3.516947E-2 1.379400E-1
1.729300E-2 -8.478469E-1 1.253053E-1
1.729400E-2 -1.604718E+0 1.084590E-1
1.729500E-2 -2.193396E+0 7.476651E-2
1.729600E-2 -2.487734E+0 3.686242E-2
1.729700E-2 -2.529783E+0 -5.253235E-3
1.729800E-2 -2.277492E+0 -4.315732E-2
1.729900E-2 -1.730863E+0 -7.684985E-2
1.730000E-2 -1.016040E+0 -1.021192E-1
1.730100E-2 -1.750725E-1 -1.147539E-1
1.730200E-2 7.499922E-1 -1.189655E-1
1.730300E-2 1.506863E+0 -1.147539E-1
1.730400E-2 2.095541E+0 -9.369611E-2
1.730500E-2 2.473977E+0 -6.842672E-2
1.730600E-2 2.516025E+0 -4.315732E-2
1.730700E-2 2.263735E+0 -1.367637E-2
1.730800E-2 1.759154E+0 -1.041670E-3
1.730900E-2 1.044331E+0 1.580459E-2
1.731000E-2 1.613147E-1 2.001616E-2
1.731100E-2 -6.796533E-1 1.159303E-2
1.731200E-2 -1.478573E+0 -9.464801E-3
1.731300E-2 -2.067250E+0 -3.052263E-2
1.731400E-2 -2.445686E+0 -6.421515E-2
1.731500E-2 -2.529783E+0 -1.021192E-1
1.731600E-2 -2.319541E+0 -1.400233E-1
1.731700E-2 -1.857008E+0 -1.568696E-1
1.731800E-2 -1.142186E+0 -1.484465E-1
1.731900E-2 -3.012177E-1 -1.189655E-1
1.732000E-2 6.238471E-1 -6.842672E-2
1.732100E-2 1.422767E+0 -1.367637E-2
1.732200E-2 2.011444E+0 3.686242E-2
1.732300E-2 2.431928E+0 9.161277E-2
1.732400E-2 2.558073E+0 1.379400E-1
1.732500E-2 2.347831E+0 1.589978E-1
1.732600E-2 1.843251E+0 1.758441E-1
1.732700E-2 1.170476E+0 1.926903E-1
1.732800E-2 3.295083E-1 1.969019E-1
1.732900E-2 -5.114597E-1 1.842672E-1
1.733000E-2 -1.352428E+0 1.632094E-1
1.733100E-2 -1.983154E+0 1.337284E-1
1.733200E-2 -2.403638E+0 1.000359E-1
1.733300E-2 -2.529783E+0 5.370868E-2
1.733400E-2 -2.361589E+0 1.580459E-2
1.733500E-2 -1.941105E+0 -1.788793E-2
1.733600E-2 -1.268331E+0 -4.736889E-2
1.733700E-2 -4.694113E-1 -6.421515E-2
1.733800E-2 4.136051E-1 -7.684985E-2
1.733900E-2 1.254573E+0 -6.842672E-2
1.734000E-2 1.927347E+0 -6.421515E-2
1.734100E-2 2.389880E+0 -4.315732E-2
1.734200E-2 2.516025E+0 -1.367637E-2
1.734300E-2 2.347831E+0 3.169895E-3
1.734400E-2 1.969396E+0 2.843929E-2
1.734500E-2 1.338670E+0 4.949712E-2
1.734600E-2 4.977019E-1 5.370868E-2
1.734700E-2 -3.432661E-1 4.949712E-2
1.734800E-2 -1.184234E+0 3.265085E-2
1.734900E-2 -1.857008E+0 7.381461E-3
1.735000E-2 -2.361589E+0 -1.788793E-2
1.735100E-2 -2.529783E+0 -6.000359E-2
1.735200E-2 -2.403638E+0 -9.790768E-2
1.735300E-2 -2.025202E+0 -1.358118E-1
1.735400E-2 -1.394476E+0 -1.652927E-1
1.735500E-2 -5.955565E-1 -1.779274E-1
1.735600E-2 2.874599E-1 -1.652927E-1
1.735700E-2 1.128428E+0 -1.316002E-1
1.735800E-2 1.843251E+0 -8.527298E-2
1.735900E-2 2.347831E+0 -2.209950E-2
1.736000E-2 2.516025E+0 2.843929E-2
1.736100E-2 2.431928E+0 7.897807E-2
1.736200E-2 2.053493E+0 1.168822E-1
1.736300E-2 1.422767E+0 1.379400E-1
1.736400E-2 6.658955E-1 1.379400E-1
1.736500E-2 -2.171209E-1 1.379400E-1
1.736600E-2 -1.016040E+0 1.210937E-1
1.736700E-2 -1.730863E+0 1.000359E-1
1.736800E-2 -2.277492E+0 6.213181E-2
1.736900E-2 -2.529783E+0 2.422772E-2
1.737000E-2 -2.445686E+0 -1.367637E-2
1.737100E-2 -2.109299E+0 -4.736889E-2
1.737200E-2 -1.520621E+0 -8.106141E-2
1.737300E-2 -7.637501E-1 -1.063308E-1
1.737400E-2 1.192663E-1 -1.147539E-1
1.737500E-2 1.002283E+0 -1.189655E-1
1.737600E-2 1.717105E+0 -1.063308E-1
1.737700E-2 2.263735E+0 -8.527298E-2
1.737800E-2 2.516025E+0 -6.421515E-2
1.737900E-2 2.473977E+0 -3.052263E-2
1.738000E-2 2.137589E+0 -9.464801E-3
1.738100E-2 1.590960E+0 3.169895E-3
1.738200E-2 8.340890E-1 1.580459E-2
1.738300E-2 -4.892732E-2 1.580459E-2
1.738400E-2 -8.898953E-1 7.381461E-3
1.738500E-2 -1.646766E+0 -5.253235E-3
1.738600E-2 -2.193396E+0 -3.473419E-2
1.738700E-2 -2.529783E+0 -7.684985E-2
1.738800E-2 -2.529783E+0 -1.147539E-1
1.738900E-2 -2.193396E+0 -1.484465E-1
1.739000E-2 -1.688815E+0 -1.568696E-1
1.739100E-2 -9.319437E-1 -1.442349E-1
1.739200E-2 -4.892732E-2 -1.063308E-1
1.739300E-2 8.340890E-1 -5.579202E-2
1.739400E-2 1.590960E+0 3.169895E-3
1.739500E-2 2.179638E+0 4.949712E-2
1.739600E-2 2.516025E+0 1.084590E-1
1.739700E-2 2.516025E+0 1.421516E-1
1.739800E-2 2.263735E+0 1.674209E-1
1.739900E-2 1.717105E+0 1.842672E-1
1.740000E-2 1.002283E+0 1.926903E-1
1.740100E-2 1.613147E-1 1.969019E-1
1.740200E-2 -7.637501E-1 1.800556E-1
1.740300E-2 -1.520621E+0 1.547863E-1
1.740400E-2 -2.109299E+0 1.210937E-1
1.740500E-2 -2.487734E+0 8.318964E-2
1.740600E-2 -2.529783E+0 4.528555E-2
1.740700E-2 -2.277492E+0 3.169895E-3
1.740800E-2 -1.772912E+0 -2.209950E-2
1.740900E-2 -1.058089E+0 -5.158046E-2
1.741000E-2 -1.750725E-1 -6.842672E-2
1.741100E-2 6.658955E-1 -7.263828E-2
1.741200E-2 1.464815E+0 -6.842672E-2
1.741300E-2 2.095541E+0 -5.579202E-2
1.741400E-2 2.473977E+0 -3.473419E-2
1.741500E-2 2.516025E+0 -9.464801E-3
1.741600E-2 2.305783E+0 1.159303E-2
1.741700E-2 1.801202E+0 3.686242E-2
1.741800E-2 1.128428E+0 4.949712E-2
1.741900E-2 2.874599E-1 5.370868E-2
1.742000E-2 -5.955565E-1 4.949712E-2
1.742100E-2 -1.352428E+0 2.843929E-2
1.742200E-2 -2.025202E+0 -1.041670E-3
1.742300E-2 -2.403638E+0 -3.052263E-2
1.742400E-2 -2.529783E+0 -6.842672E-2
1.742500E-2 -2.361589E+0 -1.105424E-1
1.742600E-2 -1.857008E+0 -1.484465E-1
1.742700E-2 -1.226282E+0 -1.695043E-1
1.742800E-2 -3.432661E-1 -1.737159E-1
1.742900E-2 4.977019E-1 -1.610812E-1
1.743000E-2 1.338670E+0 -1.189655E-1
1.743100E-2 2.011444E+0 -6.421515E-2
1.743200E-2 2.431928E+0 -5.253235E-3
1.743300E-2 2.558073E+0 4.107398E-2
1.743400E-2 2.347831E+0 9.582434E-2
1.743500E-2 1.927347E+0 1.210937E-1
1.743600E-2 1.254573E+0 1.337284E-1
1.743700E-2 4.136051E-1 1.379400E-1
1.743800E-2 -4.694113E-1 1.337284E-1
1.743900E-2 -1.268331E+0 1.168822E-1
1.744000E-2 -1.941105E+0 9.161277E-2
1.744100E-2 -2.361589E+0 5.370868E-2
1.744200E-2 -2.529783E+0 1.580459E-2
1.744300E-2 -2.403638E+0 -2.209950E-2
1.744400E-2 -1.941105E+0 -5.579202E-2
1.744500E-2 -1.352428E+0 -8.527298E-2
1.744600E-2 -5.114597E-1 -1.105424E-1
1.744700E-2 3.295083E-1 -1.189655E-1
1.744800E-2 1.170476E+0 -1.147539E-1
1.744900E-2 1.885299E+0 -9.790768E-2
1.745000E-2 2.347831E+0 -8.106141E-2
1.745100E-2 2.558073E+0 -5.579202E-2
1.745200E-2 2.431928E+0 -2.631106E-2
1.745300E-2 2.011444E+0 -1.041670E-3
1.745400E-2 1.380718E+0 7.381461E-3
1.745500E-2 5.817987E-1 2.001616E-2
1.745600E-2 -2.591693E-1 1.580459E-2
1.745700E-2 -1.100137E+0 3.169895E-3
1.745800E-2 -1.814960E+0 -1.367637E-2
1.745900E-2 -2.361589E+0 -4.736889E-2
1.746000E-2 -2.529783E+0 -8.527298E-2
1.746100E-2 -2.445686E+0 -1.273886E-1
1.746200E-2 -2.067250E+0 -1.484465E-1
1.746300E-2 -1.436524E+0 -1.526580E-1
1.746400E-2 -6.796533E-1 -1.358118E-1
1.746500E-2 2.033631E-1 -9.369611E-2
1.746600E-2 1.044331E+0 -3.894576E-2
1.746700E-2 1.759154E+0 1.580459E-2
1.746800E-2 2.263735E+0 6.634338E-2
1.746900E-2 2.516025E+0 1.210937E-1
1.747000E-2 2.473977E+0 1.505747E-1
1.747100E-2 2.137589E+0 1.716325E-1
1.747200E-2 1.506863E+0 1.884788E-1
1.747300E-2 7.499922E-1 1.926903E-1
1.747400E-2 -1.330241E-1 1.926903E-1
1.747500E-2 -9.739921E-1 1.716325E-1
1.747600E-2 -1.688815E+0 1.505747E-1
1.747700E-2 -2.277492E+0 1.168822E-1
1.747800E-2 -2.529783E+0 7.476651E-2
1.747900E-2 -2.487734E+0 3.265085E-2
1.748000E-2 -2.151347E+0 -5.253235E-3
1.748100E-2 -1.604718E+0 -3.052263E-2
1.748200E-2 -8.478469E-1 -5.579202E-2
1.748300E-2 3.516947E-2 -6.842672E-2
1.748400E-2 8.761374E-1 -7.263828E-2
1.748500E-2 1.675057E+0 -6.842672E-2
1.748600E-2 2.221686E+0 -5.158046E-2
1.748700E-2 2.516025E+0 -2.631106E-2
1.748800E-2 2.516025E+0 -1.041670E-3
1.748900E-2 2.179638E+0 2.001616E-2
1.749000E-2 1.633009E+0 3.686242E-2
1.749100E-2 9.181858E-1 4.949712E-2
1.749200E-2 -6.878924E-3 4.949712E-2
1.749300E-2 -8.057985E-1 4.528555E-2
1.749400E-2 -1.604718E+0 2.001616E-2
1.749500E-2 -2.151347E+0 -9.464801E-3
1.749600E-2 -2.487734E+0 -3.894576E-2
1.749700E-2 -2.529783E+0 -8.106141E-2
1.749800E-2 -2.277492E+0 -1.189655E-1
1.749900E-2 -1.688815E+0 -1.526580E-1
1.750000E-2 -1.016040E+0 -1.779274E-1
1.750100E-2 -1.330241E-1 -1.737159E-1
1.750200E-2 7.499922E-1 -1.526580E-1
1.750300E-2 1.506863E+0 -1.105424E-1
1.750400E-2 2.137589E+0 -5.158046E-2
1.750500E-2 2.516025E+0 7.381461E-3
1.750600E-2 2.516025E+0 5.370868E-2
1.750700E-2 2.263735E+0 1.042475E-1
1.750800E-2 1.759154E+0 1.253053E-1
1.750900E-2 1.044331E+0 1.379400E-1
1.751000E-2 2.033631E-1 1.379400E-1
1.751100E-2 -6.796533E-1 1.295169E-1
1.751200E-2 -1.436524E+0 1.126706E-1
1.751300E-2 -2.067250E+0 8.318964E-2
1.751400E-2 -2.445686E+0 4.528555E-2
1.751500E-2 -2.529783E+0 3.169895E-3
1.751600E-2 -2.277492E+0 -3.052263E-2
1.751700E-2 -1.857008E+0 -6.842672E-2
1.751800E-2 -1.100137E+0 -9.369611E-2
1.751900E-2 -2.591693E-1 -1.105424E-1
1.752000E-2 5.817987E-1 -1.189655E-1
1.752100E-2 1.380718E+0 -1.147539E-1
1.752200E-2 2.011444E+0 -9.790768E-2
1.752300E-2 2.431928E+0 -7.263828E-2
1.752400E-2 2.558073E+0 -4.736889E-2
1.752500E-2 2.347831E+0 -1.788793E-2
1.752600E-2 1.843251E+0 -1.041670E-3
1.752700E-2 1.170476E+0 7.381461E-3
1.752800E-2 3.295083E-1 2.001616E-2
1.752900E-2 -5.114597E-1 1.580459E-2
1.753000E-2 -1.352428E+0 -1.041670E-3
1.753100E-2 -1.983154E+0 -2.209950E-2
1.753200E-2 -2.403638E+0 -5.579202E-2
1.753300E-2 -2.529783E+0 -9.790768E-2
1.753400E-2 -2.361589E+0 -1.316002E-1
1.753500E-2 -1.941105E+0 -1.526580E-1
1.753600E-2 -1.268331E+0 -1.526580E-1
1.753700E-2 -4.273629E-1 -1.273886E-1
1.753800E-2 4.136051E-1 -8.106141E-2
1.753900E-2 1.254573E+0 -2.209950E-2
1.754000E-2 1.927347E+0 2.843929E-2
1.754100E-2 2.347831E+0 7.897807E-2
1.754200E-2 2.558073E+0 1.295169E-1
1.754300E-2 2.389880E+0 1.547863E-1
1.754400E-2 1.969396E+0 1.758441E-1
1.754500E-2 1.338670E+0 1.884788E-1
1.754600E-2 4.977019E-1 1.926903E-1
1.754700E-2 -3.432661E-1 1.884788E-1
1.754800E-2 -1.184234E+0 1.674209E-1
1.754900E-2 -1.857008E+0 1.379400E-1
1.755000E-2 -2.361589E+0 1.042475E-1
1.755100E-2 -2.529783E+0 6.213181E-2
1.755200E-2 -2.445686E+0 2.422772E-2
1.755300E-2 -2.025202E+0 -1.367637E-2
1.755400E-2 -1.394476E+0 -3.894576E-2
1.755500E-2 -5.535081E-1 -6.421515E-2
1.755600E-2 2.874599E-1 -7.263828E-2
1.755700E-2 1.128428E+0 -7.263828E-2
1.755800E-2 1.801202E+0 -6.421515E-2
1.755900E-2 2.347831E+0 -4.736889E-2
1.756000E-2 2.516025E+0 -1.788793E-2
1.756100E-2 2.473977E+0 3.169895E-3
1.756200E-2 2.053493E+0 2.422772E-2
1.756300E-2 1.464815E+0 4.107398E-2
1.756400E-2 6.658955E-1 5.370868E-2
1.756500E-2 -1.750725E-1 4.949712E-2
1.756600E-2 -1.016040E+0 3.686242E-2
1.756700E-2 -1.730863E+0 1.580459E-2
1.756800E-2 -2.277492E+0 -1.788793E-2
1.756900E-2 -2.529783E+0 -5.158046E-2
1.757000E-2 -2.487734E+0 -9.369611E-2
1.757100E-2 -2.109299E+0 -1.316002E-1
1.757200E-2 -1.520621E+0 -1.610812E-1
1.757300E-2 -7.637501E-1 -1.779274E-1
1.757400E-2 7.721787E-2 -1.652927E-1
1.757500E-2 9.602342E-1 -1.400233E-1
1.757600E-2 1.717105E+0 -9.369611E-2
1.757700E-2 2.221686E+0 -3.473419E-2
1.757800E-2 2.516025E+0 2.001616E-2
1.757900E-2 2.473977E+0 7.055494E-2
1.758000E-2 2.179638E+0 1.126706E-1
1.758100E-2 1.590960E+0 1.295169E-1
1.758200E-2 8.340890E-1 1.379400E-1
1.758300E-2 -6.878924E-3 1.379400E-1
1.758400E-2 -8.898953E-1 1.253053E-1
1.758500E-2 -1.688815E+0 1.042475E-1
1.758600E-2 -2.193396E+0 7.055494E-2
1.758700E-2 -2.529783E+0 3.265085E-2
1.758800E-2 -2.529783E+0 -9.464801E-3
1.758900E-2 -2.193396E+0 -4.315732E-2
1.759000E-2 -1.646766E+0 -7.684985E-2
1.759100E-2 -8.898953E-1 -1.021192E-1
1.759200E-2 -4.892732E-2 -1.147539E-1
1.759300E-2 8.340890E-1 -1.189655E-1
1.759400E-2 1.590960E+0 -1.105424E-1
1.759500E-2 2.179638E+0 -9.369611E-2
1.759600E-2 2.516025E+0 -6.421515E-2
1.759700E-2 2.516025E+0 -3.894576E-2
1.759800E-2 2.263735E+0 -1.367637E-2
1.759900E-2 1.675057E+0 3.169895E-3
1.760000E-2 1.002283E+0 1.580459E-2
1.760100E-2 1.192663E-1 1.580459E-2
1.760200E-2 -7.217017E-1 1.159303E-2
1.760300E-2 -1.520621E+0 -9.464801E-3
1.760400E-2 -2.109299E+0 -3.052263E-2
1.760500E-2 -2.445686E+0 -6.842672E-2
1.760600E-2 -2.529783E+0 -1.063308E-1
1.760700E-2 -2.277492E+0 -1.442349E-1
1.760800E-2 -1.772912E+0 -1.568696E-1
1.760900E-2 -1.058089E+0 -1.484465E-1
1.761000E-2 -2.171209E-1 -1.147539E-1
1.761100E-2 6.658955E-1 -6.421515E-2
1.761200E-2 1.464815E+0 -5.253235E-3
1.761300E-2 2.053493E+0 4.107398E-2
1.761400E-2 2.431928E+0 1.000359E-1
1.761500E-2 2.516025E+0 1.379400E-1
1.761600E-2 2.305783E+0 1.632094E-1
1.761700E-2 1.801202E+0 1.800556E-1
1.761800E-2 1.086379E+0 1.926903E-1
1.761900E-2 2.874599E-1 1.926903E-1
1.762000E-2 -5.955565E-1 1.842672E-1
1.762100E-2 -1.352428E+0 1.589978E-1
1.762200E-2 -2.025202E+0 1.295169E-1
1.762300E-2 -2.445686E+0 9.161277E-2
1.762400E-2 -2.529783E+0 5.370868E-2
1.762500E-2 -2.361589E+0 1.159303E-2
1.762600E-2 -1.899057E+0 -1.788793E-2
1.762700E-2 -1.184234E+0 -4.736889E-2
1.762800E-2 -3.432661E-1 -6.842672E-2
1.762900E-2 4.977019E-1 -7.263828E-2
1.763000E-2 1.338670E+0 -7.263828E-2
1.763100E-2 2.011444E+0 -6.421515E-2
1.763200E-2 2.431928E+0 -3.894576E-2
1.763300E-2 2.558073E+0 -1.367637E-2
1.763400E-2 2.347831E+0 3.169895E-3
1.763500E-2 1.927347E+0 2.843929E-2
1.763600E-2 1.254573E+0 4.949712E-2
1.763700E-2 4.556535E-1 5.370868E-2
1.763800E-2 -4.273629E-1 4.949712E-2
1.763900E-2 -1.268331E+0 3.265085E-2
1.764000E-2 -1.899057E+0 3.169895E-3
1.764100E-2 -2.403638E+0 -2.631106E-2
1.764200E-2 -2.529783E+0 -6.421515E-2
1.764300E-2 -2.403638E+0 -1.021192E-1
1.764400E-2 -1.983154E+0 -1.400233E-1
1.764500E-2 -1.352428E+0 -1.652927E-1
1.764600E-2 -5.114597E-1 -1.737159E-1
1.764700E-2 3.295083E-1 -1.652927E-1
1.764800E-2 1.170476E+0 -1.273886E-1
1.764900E-2 1.885299E+0 -7.684985E-2
1.765000E-2 2.347831E+0 -1.788793E-2
1.765100E-2 2.516025E+0 3.265085E-2
1.765200E-2 2.431928E+0 8.740121E-2
1.765300E-2 2.053493E+0 1.168822E-1
1.765400E-2 1.380718E+0 1.337284E-1
1.765500E-2 5.817987E-1 1.379400E-1
1.765600E-2 -2.591693E-1 1.337284E-1
1.765700E-2 -1.100137E+0 1.210937E-1
1.765800E-2 -1.857008E+0 9.161277E-2
1.765900E-2 -2.319541E+0 5.792025E-2
1.766000E-2 -2.529783E+0 2.001616E-2
1.766100E-2 -2.445686E+0 -1.367637E-2
1.766200E-2 -2.067250E+0 -5.158046E-2
1.766300E-2 -1.478573E+0 -8.106141E-2
1.766400E-2 -6.796533E-1 -1.063308E-1
1.766500E-2 1.613147E-1 -1.189655E-1
1.766600E-2 1.044331E+0 -1.147539E-1
1.766700E-2 1.759154E+0 -1.063308E-1
1.766800E-2 2.305783E+0 -8.527298E-2
1.766900E-2 2.516025E+0 -6.000359E-2
1.767000E-2 2.473977E+0 -3.052263E-2
1.767100E-2 2.095541E+0 -5.253235E-3
1.767200E-2 1.506863E+0 3.169895E-3
1.767300E-2 7.499922E-1 1.580459E-2
1.767400E-2 -1.330241E-1 2.001616E-2
1.767500E-2 -9.739921E-1 7.381461E-3
1.767600E-2 -1.688815E+0 -9.464801E-3
1.767700E-2 -2.193396E+0 -4.315732E-2
1.767800E-2 -2.529783E+0 -8.106141E-2
1.767900E-2 -2.487734E+0 -1.189655E-1
1.768000E-2 -2.193396E+0 -1.484465E-1
1.768100E-2 -1.604718E+0 -1.526580E-1
1.768200E-2 -8.478469E-1 -1.400233E-1
1.768300E-2 -6.878924E-3 -1.021192E-1
1.768400E-2 8.761374E-1 -5.158046E-2
1.768500E-2 1.675057E+0 7.381461E-3
1.768600E-2 2.179638E+0 5.370868E-2
1.768700E-2 2.516025E+0 1.168822E-1
1.768800E-2 2.516025E+0 1.421516E-1
1.768900E-2 2.179638E+0 1.674209E-1
1.769000E-2 1.633009E+0 1.842672E-1
1.769100E-2 9.181858E-1 1.926903E-1
1.769200E-2 3.516947E-2 1.926903E-1
1.769300E-2 -8.478469E-1 1.758441E-1
1.769400E-2 -1.604718E+0 1.547863E-1
1.769500E-2 -2.193396E+0 1.168822E-1
1.769600E-2 -2.487734E+0 8.318964E-2
1.769700E-2 -2.529783E+0 4.107398E-2
1.769800E-2 -2.235444E+0 3.169895E-3
1.769900E-2 -1.730863E+0 -3.052263E-2
1.770000E-2 -1.016040E+0 -5.158046E-2
1.770100E-2 -1.330241E-1 -6.842672E-2
1.770200E-2 7.499922E-1 -7.263828E-2
1.770300E-2 1.506863E+0 -6.842672E-2
1.770400E-2 2.095541E+0 -5.579202E-2
1.770500E-2 2.473977E+0 -3.473419E-2
1.770600E-2 2.516025E+0 -5.253235E-3
1.770700E-2 2.263735E+0 1.580459E-2
1.770800E-2 1.759154E+0 3.686242E-2
1.770900E-2 1.044331E+0 4.949712E-2
1.771000E-2 1.613147E-1 5.370868E-2
1.771100E-2 -6.796533E-1 4.528555E-2
1.771200E-2 -1.478573E+0 2.422772E-2
1.771300E-2 -2.067250E+0 -1.041670E-3
1.771400E-2 -2.445686E+0 -3.052263E-2
1.771500E-2 -2.529783E+0 -7.263828E-2
1.771600E-2 -2.319541E+0 -1.147539E-1
1.771700E-2 -1.857008E+0 -1.484465E-1
1.771800E-2 -1.100137E+0 -1.737159E-1
1.771900E-2 -3.012177E-1 -1.737159E-1
1.772000E-2 5.817987E-1 -1.610812E-1
1.772100E-2 1.380718E+0 -1.147539E-1
1.772200E-2 2.011444E+0 -6.421515E-2
1.772300E-2 2.431928E+0 -1.041670E-3
1.772400E-2 2.516025E+0 4.528555E-2
1.772500E-2 2.347831E+0 1.000359E-1
1.772600E-2 1.885299E+0 1.253053E-1
1.772700E-2 1.170476E+0 1.379400E-1
1.772800E-2 3.295083E-1 1.379400E-1
1.772900E-2 -5.114597E-1 1.337284E-1
1.773000E-2 -1.310379E+0 1.168822E-1
1.773100E-2 -1.983154E+0 8.740121E-2
1.773200E-2 -2.403638E+0 4.949712E-2
1.773300E-2 -2.529783E+0 7.381461E-3
1.773400E-2 -2.361589E+0 -2.631106E-2
1.773500E-2 -1.941105E+0 -6.421515E-2
1.773600E-2 -1.268331E+0 -8.948455E-2
1.773700E-2 -4.694113E-1 -1.105424E-1
1.773800E-2 4.136051E-1 -1.189655E-1
1.773900E-2 1.254573E+0 -1.147539E-1
1.774000E-2 1.927347E+0 -1.021192E-1
1.774100E-2 2.389880E+0 -8.106141E-2
1.774200E-2 2.516025E+0 -5.158046E-2
1.774300E-2 2.431928E+0 -2.631106E-2
1.774400E-2 2.011444E+0 -1.041670E-3
1.774500E-2 1.296621E+0 7.381461E-3
1.774600E-2 4.977019E-1 2.001616E-2
1.774700E-2 -3.853145E-1 1.580459E-2
1.774800E-2 -1.184234E+0 3.169895E-3
1.774900E-2 -1.857008E+0 -1.788793E-2
1.775000E-2 -2.361589E+0 -5.158046E-2
1.775100E-2 -2.571831E+0 -8.948455E-2
1.775200E-2 -2.445686E+0 -1.273886E-1
1.775300E-2 -2.067250E+0 -1.526580E-1
1.775400E-2 -1.394476E+0 -1.526580E-1
1.775500E-2 -5.955565E-1 -1.316002E-1
1.775600E-2 2.874599E-1 -9.369611E-2
1.775700E-2 1.086379E+0 -3.052263E-2
1.775800E-2 1.843251E+0 2.001616E-2
1.775900E-2 2.347831E+0 7.055494E-2
1.776000E-2 2.516025E+0 1.253053E-1
1.776100E-2 2.431928E+0 1.505747E-1
1.776200E-2 2.095541E+0 1.716325E-1
1.776300E-2 1.464815E+0 1.884788E-1
1.776400E-2 6.658955E-1 1.969019E-1
1.776500E-2 -2.171209E-1 1.884788E-1
1.776600E-2 -1.016040E+0 1.716325E-1
1.776700E-2 -1.772912E+0 1.421516E-1
1.776800E-2 -2.277492E+0 1.084590E-1
1.776900E-2 -2.529783E+0 7.055494E-2
1.777000E-2 -2.487734E+0 2.843929E-2
1.777100E-2 -2.109299E+0 -9.464801E-3
1.777200E-2 -1.520621E+0 -3.473419E-2
1.777300E-2 -7.637501E-1 -6.000359E-2
1.777400E-2 1.192663E-1 -7.263828E-2
1.777500E-2 1.002283E+0 -7.684985E-2
1.777600E-2 1.717105E+0 -6.842672E-2
1.777700E-2 2.263735E+0 -5.158046E-2
1.777800E-2 2.516025E+0 -2.631106E-2
1.777900E-2 2.473977E+0 -1.041670E-3
1.778000E-2 2.137589E+0 2.001616E-2
1.778100E-2 1.590960E+0 3.686242E-2
1.778200E-2 8.340890E-1 5.370868E-2
1.778300E-2 -4.892732E-2 5.370868E-2
1.778400E-2 -8.898953E-1 4.107398E-2
1.778500E-2 -1.646766E+0 2.001616E-2
1.778600E-2 -2.193396E+0 -9.464801E-3
1.778700E-2 -2.529783E+0 -4.315732E-2
1.778800E-2 -2.487734E+0 -8.527298E-2
1.778900E-2 -2.193396E+0 -1.231771E-1
1.779000E-2 -1.646766E+0 -1.568696E-1
1.779100E-2 -9.319437E-1 -1.779274E-1
1.779200E-2 -4.892732E-2 -1.695043E-1
1.779300E-2 8.340890E-1 -1.484465E-1
1.779400E-2 1.590960E+0 -1.021192E-1
1.779500E-2 2.179638E+0 -4.736889E-2
1.779600E-2 2.516025E+0 7.381461E-3
1.779700E-2 2.516025E+0 5.792025E-2
1.779800E-2 2.221686E+0 1.042475E-1
1.779900E-2 1.675057E+0 1.295169E-1
1.780000E-2 9.602342E-1 1.379400E-1
1.780100E-2 1.192663E-1 1.379400E-1
1.780200E-2 -7.217017E-1 1.295169E-1
1.780300E-2 -1.520621E+0 1.084590E-1
1.780400E-2 -2.109299E+0 7.897807E-2
1.780500E-2 -2.445686E+0 4.107398E-2
1.780600E-2 -2.529783E+0 -1.041670E-3
1.780700E-2 -2.277492E+0 -3.473419E-2
1.780800E-2 -1.772912E+0 -7.263828E-2
1.780900E-2 -1.058089E+0 -9.790768E-2
1.781000E-2 -2.171209E-1 -1.147539E-1
1.781100E-2 6.658955E-1 -1.189655E-1
1.781200E-2 1.464815E+0 -1.147539E-1
1.781300E-2 2.095541E+0 -9.790768E-2
1.781400E-2 2.473977E+0 -7.263828E-2
1.781500E-2 2.516025E+0 -4.736889E-2
1.781600E-2 2.347831E+0 -1.367637E-2
1.781700E-2 1.843251E+0 3.169895E-3
1.781800E-2 1.086379E+0 1.159303E-2
1.781900E-2 2.874599E-1 2.001616E-2
1.782000E-2 -5.955565E-1 1.580459E-2
1.782100E-2 -1.394476E+0 -5.253235E-3
1.782200E-2 -2.025202E+0 -2.209950E-2
1.782300E-2 -2.445686E+0 -6.421515E-2
1.782400E-2 -2.529783E+0 -9.790768E-2
1.782500E-2 -2.361589E+0 -1.400233E-1
1.782600E-2 -1.899057E+0 -1.526580E-1
1.782700E-2 -1.184234E+0 -1.526580E-1
1.782800E-2 -3.432661E-1 -1.231771E-1
1.782900E-2 4.977019E-1 -7.684985E-2
1.783000E-2 1.338670E+0 -1.788793E-2
1.783100E-2 1.969396E+0 3.265085E-2
1.783200E-2 2.389880E+0 8.740121E-2
1.783300E-2 2.516025E+0 1.337284E-1
1.783400E-2 2.347831E+0 1.589978E-1
1.783500E-2 1.927347E+0 1.758441E-1
1.783600E-2 1.254573E+0 1.884788E-1
1.783700E-2 4.556535E-1 1.969019E-1
1.783800E-2 -4.273629E-1 1.884788E-1
1.783900E-2 -1.226282E+0 1.674209E-1
1.784000E-2 -1.941105E+0 1.379400E-1
1.784100E-2 -2.361589E+0 1.000359E-1
1.784200E-2 -2.529783E+0 5.792025E-2
1.784300E-2 -2.361589E+0 2.001616E-2
1.784400E-2 -1.983154E+0 -1.788793E-2
1.784500E-2 -1.352428E+0 -4.315732E-2
1.784600E-2 -5.114597E-1 -6.421515E-2
1.784700E-2 3.295083E-1 -7.684985E-2
1.784800E-2 1.170476E+0 -7.263828E-2
1.784900E-2 1.843251E+0 -6.421515E-2
1.785000E-2 2.347831E+0 -4.315732E-2
1.785100E-2 2.516025E+0 -1.788793E-2
1.785200E-2 2.431928E+0 3.169895E-3
1.785300E-2 2.011444E+0 2.422772E-2
1.785400E-2 1.338670E+0 4.107398E-2
1.785500E-2 5.817987E-1 4.949712E-2
1.785600E-2 -3.012177E-1 4.949712E-2
1.785700E-2 -1.100137E+0 3.686242E-2
1.785800E-2 -1.814960E+0 1.159303E-2
1.785900E-2 -2.319541E+0 -1.788793E-2
1.786000E-2 -2.529783E+0 -5.579202E-2
1.786100E-2 -2.445686E+0 -9.369611E-2
1.786200E-2 -2.067250E+0 -1.316002E-1
1.786300E-2 -1.478573E+0 -1.652927E-1
1.786400E-2 -6.796533E-1 -1.779274E-1
1.786500E-2 1.613147E-1 -1.695043E-1
1.786600E-2 1.044331E+0 -1.358118E-1
1.786700E-2 1.759154E+0 -8.527298E-2
1.786800E-2 2.305783E+0 -2.631106E-2
1.786900E-2 2.516025E+0 2.422772E-2
1.787000E-2 2.431928E+0 7.476651E-2
1.787100E-2 2.095541E+0 1.126706E-1
1.787200E-2 1.506863E+0 1.337284E-1
1.787300E-2 7.499922E-1 1.421516E-1
1.787400E-2 -9.097572E-2 1.379400E-1
1.787500E-2 -9.739921E-1 1.253053E-1
1.787600E-2 -1.688815E+0 1.042475E-1
1.787700E-2 -2.235444E+0 7.055494E-2
1.787800E-2 -2.529783E+0 2.843929E-2
1.787900E-2 -2.529783E+0 -1.367637E-2
1.788000E-2 -2.193396E+0 -4.736889E-2
1.788100E-2 -1.604718E+0 -8.106141E-2
1.788200E-2 -8.478469E-1 -1.021192E-1
1.788300E-2 3.516947E-2 -1.189655E-1
1.788400E-2 9.181858E-1 -1.189655E-1
1.788500E-2 1.675057E+0 -1.063308E-1
1.788600E-2 2.179638E+0 -8.948455E-2
1.788700E-2 2.516025E+0 -6.421515E-2
1.788800E-2 2.516025E+0 -3.473419E-2
1.788900E-2 2.179638E+0 -1.367637E-2
1.789000E-2 1.633009E+0 3.169895E-3
1.789100E-2 9.181858E-1 1.580459E-2
1.789200E-2 -6.878924E-3 1.580459E-2
1.789300E-2 -8.478469E-1 7.381461E-3
1.789400E-2 -1.562670E+0 -5.253235E-3
1.789500E-2 -2.193396E+0 -3.052263E-2
1.789600E-2 -2.529783E+0 -7.263828E-2
1.789700E-2 -2.529783E+0 -1.105424E-1
1.789800E-2 -2.277492E+0 -1.442349E-1
1.789900E-2 -1.688815E+0 -1.568696E-1
1.790000E-2 -1.016040E+0 -1.442349E-1
1.790100E-2 -1.330241E-1 -1.147539E-1
1.790200E-2 7.499922E-1 -6.000359E-2
1.790300E-2 1.506863E+0 -1.041670E-3
1.790400E-2 2.137589E+0 4.949712E-2
1.790500E-2 2.473977E+0 1.042475E-1
1.790600E-2 2.516025E+0 1.379400E-1
1.790700E-2 2.263735E+0 1.632094E-1
1.790800E-2 1.759154E+0 1.800556E-1
1.790900E-2 1.044331E+0 1.926903E-1
1.791000E-2 2.033631E-1 1.926903E-1
1.791100E-2 -6.796533E-1 1.800556E-1
1.791200E-2 -1.478573E+0 1.547863E-1
1.791300E-2 -2.067250E+0 1.210937E-1
1.791400E-2 -2.445686E+0 8.740121E-2
1.791500E-2 -2.529783E+0 4.949712E-2
1.791600E-2 -2.319541E+0 7.381461E-3
1.791700E-2 -1.857008E+0 -2.209950E-2
1.791800E-2 -1.100137E+0 -4.736889E-2
1.791900E-2 -2.591693E-1 -6.842672E-2
1.792000E-2 5.817987E-1 -7.263828E-2
1.792100E-2 1.422767E+0 -6.842672E-2
1.792200E-2 2.053493E+0 -6.000359E-2
1.792300E-2 2.431928E+0 -3.473419E-2
1.792400E-2 2.516025E+0 -9.464801E-3
1.792500E-2 2.347831E+0 7.381461E-3
1.792600E-2 1.843251E+0 3.265085E-2
1.792700E-2 1.170476E+0 4.949712E-2
1.792800E-2 3.295083E-1 5.370868E-2
1.792900E-2 -5.114597E-1 4.949712E-2
1.793000E-2 -1.310379E+0 2.843929E-2
1.793100E-2 -1.983154E+0 3.169895E-3
1.793200E-2 -2.403638E+0 -2.631106E-2
1.793300E-2 -2.529783E+0 -6.842672E-2
1.793400E-2 -2.361589E+0 -1.063308E-1
1.793500E-2 -1.941105E+0 -1.442349E-1
1.793600E-2 -1.268331E+0 -1.695043E-1
1.793700E-2 -4.273629E-1 -1.779274E-1
1.793800E-2 4.136051E-1 -1.610812E-1
1.793900E-2 1.254573E+0 -1.273886E-1
1.794000E-2 1.927347E+0 -7.263828E-2
1.794100E-2 2.389880E+0 -1.367637E-2
1.794200E-2 2.516025E+0 3.686242E-2
1.794300E-2 2.389880E+0 8.740121E-2
1.794400E-2 1.969396E+0 1.210937E-1
1.794500E-2 1.338670E+0 1.379400E-1
1.794600E-2 4.977019E-1 1.379400E-1
1.794700E-2 -3.432661E-1 1.337284E-1
1.794800E-2 -1.184234E+0 1.168822E-1
1.794900E-2 -1.857008E+0 9.161277E-2
1.795000E-2 -2.361589E+0 5.370868E-2
1.795100E-2 -2.529783E+0 1.580459E-2
1.795200E-2 -2.445686E+0 -2.209950E-2
1.795300E-2 -2.025202E+0 -5.579202E-2
1.795400E-2 -1.394476E+0 -8.948455E-2
1.795500E-2 -5.955565E-1 -1.105424E-1
1.795600E-2 2.874599E-1 -1.189655E-1
1.795700E-2 1.086379E+0 -1.189655E-1
1.795800E-2 1.801202E+0 -1.021192E-1
1.795900E-2 2.305783E+0 -8.527298E-2
1.796000E-2 2.516025E+0 -6.000359E-2
1.796100E-2 2.431928E+0 -3.052263E-2
1.796200E-2 2.095541E+0 -5.253235E-3
1.796300E-2 1.464815E+0 3.169895E-3
1.796400E-2 6.658955E-1 1.580459E-2
1.796500E-2 -2.171209E-1 1.580459E-2
1.796600E-2 -1.058089E+0 3.169895E-3
1.796700E-2 -1.772912E+0 -1.367637E-2
1.796800E-2 -2.277492E+0 -4.315732E-2
1.796900E-2 -2.529783E+0 -8.106141E-2
1.797000E-2 -2.487734E+0 -1.189655E-1
1.797100E-2 -2.109299E+0 -1.484465E-1
1.797200E-2 -1.520621E+0 -1.568696E-1
1.797300E-2 -7.637501E-1 -1.400233E-1
1.797400E-2 1.192663E-1 -9.790768E-2
1.797500E-2 1.002283E+0 -4.315732E-2
1.797600E-2 1.717105E+0 1.159303E-2
1.797700E-2 2.221686E+0 5.792025E-2
1.797800E-2 2.516025E+0 1.168822E-1
1.797900E-2 2.516025E+0 1.463631E-1
1.798000E-2 2.179638E+0 1.674209E-1
1.798100E-2 1.590960E+0 1.842672E-1
1.798200E-2 8.340890E-1 1.926903E-1
1.798300E-2 -4.892732E-2 1.926903E-1
1.798400E-2 -8.898953E-1 1.716325E-1
1.798500E-2 -1.646766E+0 1.505747E-1
1.798600E-2 -2.193396E+0 1.168822E-1
1.798700E-2 -2.487734E+0 7.897807E-2
1.798800E-2 -2.529783E+0 3.686242E-2
1.798900E-2 -2.193396E+0 -1.041670E-3
1.799000E-2 -1.646766E+0 -3.052263E-2
1.799100E-2 -9.319437E-1 -5.158046E-2
1.799200E-2 -4.892732E-2 -6.842672E-2
1.799300E-2 8.340890E-1 -7.684985E-2
1.799400E-2 1.590960E+0 -6.842672E-2
1.799500E-2 2.179638E+0 -5.158046E-2
1.799600E-2 2.473977E+0 -3.052263E-2
1.799700E-2 2.473977E+0 -1.041670E-3
1.799800E-2 2.221686E+0 1.580459E-2
1.799900E-2 1.675057E+0 3.686242E-2
1.800000E-2 9.602342E-1 4.949712E-2
1.800100E-2 7.721787E-2 4.949712E-2
1.800200E-2 -7.217017E-1 4.107398E-2
1.800300E-2 -1.520621E+0 2.422772E-2
1.800400E-2 -2.109299E+0 -9.464801E-3
1.800500E-2 -2.487734E+0 -3.473419E-2
1.800600E-2 -2.529783E+0 -7.684985E-2
1.800700E-2 -2.277492E+0 -1.147539E-1
1.800800E-2 -1.772912E+0 -1.526580E-1
1.800900E-2 -1.058089E+0 -1.779274E-1
1.801000E-2 -2.171209E-1 -1.695043E-1
1.801100E-2 6.658955E-1 -1.526580E-1
1.801200E-2 1.464815E+0 -1.147539E-1
1.801300E-2 2.053493E+0 -5.579202E-2
1.801400E-2 2.473977E+0 3.169895E-3
1.801500E-2 2.516025E+0 4.949712E-2
1.801600E-2 2.305783E+0 1.042475E-1
1.801700E-2 1.801202E+0 1.253053E-1
1.801800E-2 1.128428E+0 1.379400E-1
1.801900E-2 2.874599E-1 1.379400E-1
1.802000E-2 -5.955565E-1 1.295169E-1
1.802100E-2 -1.352428E+0 1.126706E-1
1.802200E-2 -2.025202E+0 8.318964E-2
1.802300E-2 -2.445686E+0 4.528555E-2
1.802400E-2 -2.529783E+0 3.169895E-3
1.802500E-2 -2.361589E+0 -3.052263E-2
1.802600E-2 -1.857008E+0 -6.421515E-2
1.802700E-2 -1.184234E+0 -9.369611E-2
1.802800E-2 -3.432661E-1 -1.105424E-1
1.802900E-2 4.977019E-1 -1.189655E-1
1.803000E-2 1.338670E+0 -1.147539E-1
1.803100E-2 2.011444E+0 -9.790768E-2
1.803200E-2 2.431928E+0 -7.684985E-2
1.803300E-2 2.516025E+0 -5.158046E-2
1.803400E-2 2.347831E+0 -2.631106E-2
1.803500E-2 1.927347E+0 -1.041670E-3
1.803600E-2 1.212525E+0 7.381461E-3
1.803700E-2 4.136051E-1 2.001616E-2
1.803800E-2 -4.273629E-1 1.580459E-2
1.803900E-2 -1.226282E+0 3.169895E-3
1.804000E-2 -1.899057E+0 -1.788793E-2
1.804100E-2 -2.361589E+0 -5.158046E-2
1.804200E-2 -2.529783E+0 -9.369611E-2
1.804300E-2 -2.403638E+0 -1.316002E-1
1.804400E-2 -1.983154E+0 -1.526580E-1
1.804500E-2 -1.352428E+0 -1.526580E-1
1.804600E-2 -5.114597E-1 -1.316002E-1
1.804700E-2 3.295083E-1 -8.527298E-2
1.804800E-2 1.170476E+0 -3.052263E-2
1.804900E-2 1.885299E+0 2.843929E-2
1.805000E-2 2.347831E+0 7.476651E-2
1.805100E-2 2.558073E+0 1.295169E-1
1.805200E-2 2.431928E+0 1.547863E-1
1.805300E-2 2.011444E+0 1.758441E-1
1.805400E-2 1.380718E+0 1.884788E-1
1.805500E-2 5.817987E-1 1.969019E-1
1.805600E-2 -2.591693E-1 1.884788E-1
1.805700E-2 -1.100137E+0 1.716325E-1
1.805800E-2 -1.814960E+0 1.421516E-1
1.805900E-2 -2.319541E+0 1.042475E-1
1.806000E-2 -2.529783E+0 6.634338E-2
1.806100E-2 -2.445686E+0 2.422772E-2
1.806200E-2 -2.067250E+0 -9.464801E-3
1.806300E-2 -1.478573E+0 -3.894576E-2
1.806400E-2 -6.796533E-1 -6.000359E-2
1.806500E-2 1.613147E-1 -7.263828E-2
1.806600E-2 1.002283E+0 -7.263828E-2
1.806700E-2 1.759154E+0 -6.421515E-2
1.806800E-2 2.305783E+0 -4.736889E-2
1.806900E-2 2.516025E+0 -2.631106E-2
1.807000E-2 2.473977E+0 3.169895E-3
1.807100E-2 2.137589E+0 2.001616E-2
1.807200E-2 1.506863E+0 4.107398E-2
1.807300E-2 7.499922E-1 5.370868E-2
1.807400E-2 -9.097572E-2 4.949712E-2
1.807500E-2 -9.739921E-1 3.686242E-2
1.807600E-2 -1.688815E+0 1.580459E-2
1.807700E-2 -2.277492E+0 -1.367637E-2
1.807800E-2 -2.529783E+0 -4.736889E-2
1.807900E-2 -2.529783E+0 -8.527298E-2
1.808000E-2 -2.151347E+0 -1.273886E-1
1.808100E-2 -1.604718E+0 -1.568696E-1
1.808200E-2 -8.478469E-1 -1.821390E-1
1.808300E-2 -6.878924E-3 -1.695043E-1
1.808400E-2 8.761374E-1 -1.442349E-1
1.808500E-2 1.675057E+0 -9.369611E-2
1.808600E-2 2.221686E+0 -3.473419E-2
1.808700E-2 2.516025E+0 1.580459E-2
1.808800E-2 2.516025E+0 6.213181E-2
1.808900E-2 2.179638E+0 1.126706E-1
1.809000E-2 1.675057E+0 1.295169E-1
1.809100E-2 9.181858E-1 1.379400E-1
1.809200E-2 3.516947E-2 1.379400E-1
1.809300E-2 -8.478469E-1 1.253053E-1
1.809400E-2 -1.562670E+0 1.042475E-1
1.809500E-2 -2.151347E+0 7.476651E-2
1.809600E-2 -2.445686E+0 3.686242E-2
1.809700E-2 -2.529783E+0 -5.253235E-3
1.809800E-2 -2.235444E+0 -3.894576E-2
1.809900E-2 -1.688815E+0 -7.263828E-2
1.810000E-2 -1.016040E+0 -1.021192E-1
1.810100E-2 -1.330241E-1 -1.147539E-1
1.810200E-2 7.499922E-1 -1.189655E-1
1.810300E-2 1.506863E+0 -1.147539E-1
1.810400E-2 2.137589E+0 -9.369611E-2
1.810500E-2 2.473977E+0 -6.842672E-2
1.810600E-2 2.516025E+0 -4.315732E-2
1.810700E-2 2.263735E+0 -1.367637E-2
1.810800E-2 1.759154E+0 -1.041670E-3
1.810900E-2 1.044331E+0 1.580459E-2
1.811000E-2 2.033631E-1 1.580459E-2
1.811100E-2 -6.796533E-1 1.159303E-2
1.811200E-2 -1.436524E+0 -1.041670E-3
1.811300E-2 -2.067250E+0 -3.052263E-2
1.811400E-2 -2.445686E+0 -6.421515E-2
1.811500E-2 -2.529783E+0 -1.021192E-1
1.811600E-2 -2.319541E+0 -1.442349E-1
1.811700E-2 -1.814960E+0 -1.526580E-1
1.811800E-2 -1.100137E+0 -1.484465E-1
1.811900E-2 -3.012177E-1 -1.189655E-1
1.812000E-2 5.817987E-1 -7.263828E-2
1.812100E-2 1.380718E+0 -1.367637E-2
1.812200E-2 2.053493E+0 3.686242E-2
1.812300E-2 2.431928E+0 8.740121E-2
1.812400E-2 2.516025E+0 1.337284E-1
1.812500E-2 2.347831E+0 1.589978E-1
1.812600E-2 1.843251E+0 1.800556E-1
1.812700E-2 1.170476E+0 1.926903E-1
1.812800E-2 3.715567E-1 1.969019E-1
1.812900E-2 -5.114597E-1 1.842672E-1
1.813000E-2 -1.352428E+0 1.589978E-1
1.813100E-2 -1.983154E+0 1.337284E-1
1.813200E-2 -2.403638E+0 9.582434E-2
1.813300E-2 -2.529783E+0 5.370868E-2
1.813400E-2 -2.361589E+0 1.580459E-2
1.813500E-2 -1.941105E+0 -1.788793E-2
1.813600E-2 -1.226282E+0 -4.736889E-2
1.813700E-2 -4.273629E-1 -6.421515E-2
1.813800E-2 4.136051E-1 -7.684985E-2
1.813900E-2 1.254573E+0 -6.842672E-2
1.814000E-2 1.927347E+0 -6.421515E-2
1.814100E-2 2.347831E+0 -4.315732E-2
1.814200E-2 2.516025E+0 -1.788793E-2
1.814300E-2 2.389880E+0 3.169895E-3
1.814400E-2 1.969396E+0 2.843929E-2
1.814500E-2 1.338670E+0 4.107398E-2
1.814600E-2 4.977019E-1 5.370868E-2
1.814700E-2 -3.432661E-1 4.949712E-2
1.814800E-2 -1.184234E+0 3.265085E-2
1.814900E-2 -1.857008E+0 7.381461E-3
1.815000E-2 -2.361589E+0 -2.209950E-2
1.815100E-2 -2.529783E+0 -6.000359E-2
1.815200E-2 -2.403638E+0 -9.790768E-2
1.815300E-2 -2.025202E+0 -1.400233E-1
1.815400E-2 -1.394476E+0 -1.652927E-1
1.815500E-2 -5.955565E-1 -1.821390E-1
1.815600E-2 2.874599E-1 -1.652927E-1
1.815700E-2 1.128428E+0 -1.316002E-1
1.815800E-2 1.843251E+0 -8.106141E-2
1.815900E-2 2.347831E+0 -2.631106E-2
1.816000E-2 2.516025E+0 2.843929E-2
1.816100E-2 2.431928E+0 7.897807E-2
1.816200E-2 2.095541E+0 1.168822E-1
1.816300E-2 1.422767E+0 1.337284E-1
1.816400E-2 6.658955E-1 1.379400E-1
1.816500E-2 -1.750725E-1 1.379400E-1
1.816600E-2 -1.016040E+0 1.210937E-1
1.816700E-2 -1.772912E+0 1.000359E-1
1.816800E-2 -2.277492E+0 6.213181E-2
1.816900E-2 -2.529783E+0 2.001616E-2
1.817000E-2 -2.487734E+0 -1.367637E-2
1.817100E-2 -2.109299E+0 -4.736889E-2
1.817200E-2 -1.520621E+0 -8.106141E-2
1.817300E-2 -7.217017E-1 -1.063308E-1
1.817400E-2 1.192663E-1 -1.189655E-1
1.817500E-2 1.002283E+0 -1.189655E-1
1.817600E-2 1.675057E+0 -1.105424E-1
1.817700E-2 2.263735E+0 -8.948455E-2
1.817800E-2 2.516025E+0 -6.421515E-2
1.817900E-2 2.473977E+0 -3.473419E-2
1.818000E-2 2.179638E+0 -9.464801E-3
1.818100E-2 1.590960E+0 3.169895E-3
1.818200E-2 8.340890E-1 1.580459E-2
1.818300E-2 -4.892732E-2 2.001616E-2
1.818400E-2 -8.898953E-1 7.381461E-3
1.818500E-2 -1.646766E+0 -9.464801E-3
1.818600E-2 -2.193396E+0 -3.473419E-2
1.818700E-2 -2.529783E+0 -7.684985E-2
1.818800E-2 -2.529783E+0 -1.147539E-1
1.818900E-2 -2.193396E+0 -1.484465E-1
1.819000E-2 -1.688815E+0 -1.568696E-1
1.819100E-2 -9.319437E-1 -1.442349E-1
1.819200E-2 -4.892732E-2 -1.063308E-1
1.819300E-2 8.340890E-1 -5.158046E-2
1.819400E-2 1.590960E+0 3.169895E-3
1.819500E-2 2.179638E+0 4.949712E-2
1.819600E-2 2.516025E+0 1.126706E-1
1.819700E-2 2.516025E+0 1.379400E-1
1.819800E-2 2.221686E+0 1.674209E-1
1.819900E-2 1.717105E+0 1.842672E-1
1.820000E-2 1.002283E+0 1.926903E-1
1.820100E-2 1.192663E-1 1.926903E-1
1.820200E-2 -7.637501E-1 1.800556E-1
1.820300E-2 -1.520621E+0 1.589978E-1
1.820400E-2 -2.151347E+0 1.210937E-1
1.820500E-2 -2.487734E+0 8.318964E-2
1.820600E-2 -2.529783E+0 4.528555E-2
1.820700E-2 -2.277492E+0 3.169895E-3
1.820800E-2 -1.772912E+0 -2.631106E-2
1.820900E-2 -1.058089E+0 -5.158046E-2
1.821000E-2 -2.171209E-1 -6.842672E-2
1.821100E-2 6.658955E-1 -7.263828E-2
1.821200E-2 1.464815E+0 -6.842672E-2
1.821300E-2 2.095541E+0 -6.000359E-2
1.821400E-2 2.473977E+0 -3.473419E-2
1.821500E-2 2.516025E+0 -9.464801E-3
1.821600E-2 2.347831E+0 1.159303E-2
1.821700E-2 1.801202E+0 3.265085E-2
1.821800E-2 1.086379E+0 4.949712E-2
1.821900E-2 2.874599E-1 5.370868E-2
1.822000E-2 -5.955565E-1 4.949712E-2
1.822100E-2 -1.394476E+0 2.843929E-2
1.822200E-2 -2.025202E+0 -1.041670E-3
1.822300E-2 -2.445686E+0 -3.052263E-2
1.822400E-2 -2.529783E+0 -7.263828E-2
1.822500E-2 -2.361589E+0 -1.105424E-1
1.822600E-2 -1.857008E+0 -1.484465E-1
1.822700E-2 -1.184234E+0 -1.737159E-1
1.822800E-2 -3.853145E-1 -1.779274E-1
1.822900E-2 4.977019E-1 -1.568696E-1
1.823000E-2 1.338670E+0 -1.189655E-1
1.823100E-2 2.011444E+0 -6.842672E-2
1.823200E-2 2.431928E+0 -9.464801E-3
1.823300E-2 2.516025E+0 4.107398E-2
1.823400E-2 2.389880E+0 9.582434E-2
1.823500E-2 1.927347E+0 1.210937E-1
1.823600E-2 1.254573E+0 1.379400E-1
1.823700E-2 4.556535E-1 1.379400E-1
1.823800E-2 -4.694113E-1 1.337284E-1
1.823900E-2 -1.268331E+0 1.168822E-1
1.824000E-2 -1.941105E+0 8.740121E-2
1.824100E-2 -2.403638E+0 5.370868E-2
1.824200E-2 -2.529783E+0 1.580459E-2
1.824300E-2 -2.403638E+0 -2.209950E-2
1.824400E-2 -1.983154E+0 -6.000359E-2
1.824500E-2 -1.352428E+0 -8.948455E-2
1.824600E-2 -5.114597E-1 -1.105424E-1
1.824700E-2 3.295083E-1 -1.189655E-1
1.824800E-2 1.170476E+0 -1.147539E-1
1.824900E-2 1.885299E+0 -1.021192E-1
1.825000E-2 2.347831E+0 -8.106141E-2
1.825100E-2 2.516025E+0 -5.579202E-2
1.825200E-2 2.431928E+0 -3.052263E-2
1.825300E-2 2.011444E+0 -1.041670E-3
1.825400E-2 1.380718E+0 7.381461E-3
1.825500E-2 5.817987E-1 1.580459E-2
1.825600E-2 -2.591693E-1 1.580459E-2
1.825700E-2 -1.100137E+0 3.169895E-3
1.825800E-2 -1.857008E+0 -1.367637E-2
1.825900E-2 -2.361589E+0 -4.736889E-2
1.826000E-2 -2.529783E+0 -8.527298E-2
1.826100E-2 -2.445686E+0 -1.231771E-1
1.826200E-2 -2.109299E+0 -1.484465E-1
1.826300E-2 -1.478573E+0 -1.526580E-1
1.826400E-2 -6.796533E-1 -1.358118E-1
1.826500E-2 2.033631E-1 -9.369611E-2
1.826600E-2 1.044331E+0 -3.894576E-2
1.826700E-2 1.759154E+0 1.580459E-2
1.826800E-2 2.305783E+0 6.634338E-2
1.826900E-2 2.516025E+0 1.210937E-1
1.827000E-2 2.473977E+0 1.463631E-1
1.827100E-2 2.137589E+0 1.716325E-1
1.827200E-2 1.506863E+0 1.842672E-1
1.827300E-2 7.499922E-1 1.969019E-1
1.827400E-2 -9.097572E-2 1.926903E-1
1.827500E-2 -9.739921E-1 1.716325E-1
1.827600E-2 -1.688815E+0 1.463631E-1
1.827700E-2 -2.235444E+0 1.126706E-1
1.827800E-2 -2.529783E+0 7.476651E-2
1.827900E-2 -2.487734E+0 3.265085E-2
1.828000E-2 -2.193396E+0 -5.253235E-3
1.828100E-2 -1.604718E+0 -3.473419E-2
1.828200E-2 -8.478469E-1 -6.000359E-2
1.828300E-2 -6.878924E-3 -7.263828E-2
1.828400E-2 9.181858E-1 -7.263828E-2
1.828500E-2 1.675057E+0 -6.842672E-2
1.828600E-2 2.179638E+0 -5.158046E-2
1.828700E-2 2.473977E+0 -3.052263E-2
1.828800E-2 2.473977E+0 -1.041670E-3
1.828900E-2 2.179638E+0 1.580459E-2
1.829000E-2 1.633009E+0 3.686242E-2
1.829100E-2 9.181858E-1 4.949712E-2
1.829200E-2 3.516947E-2 5.370868E-2
1.829300E-2 -8.478469E-1 4.528555E-2
1.829400E-2 -1.562670E+0 2.001616E-2
1.829500E-2 -2.193396E+0 -9.464801E-3
1.829600E-2 -2.487734E+0 -3.894576E-2
1.829700E-2 -2.487734E+0 -8.106141E-2
1.829800E-2 -2.235444E+0 -1.189655E-1
1.829900E-2 -1.688815E+0 -1.526580E-1
1.830000E-2 -9.739921E-1 -1.779274E-1
1.830100E-2 -1.330241E-1 -1.737159E-1
1.830200E-2 7.499922E-1 -1.526580E-1
1.830300E-2 1.506863E+0 -1.105424E-1
1.830400E-2 2.137589E+0 -5.158046E-2
1.830500E-2 2.473977E+0 3.169895E-3
1.830600E-2 2.516025E+0 5.370868E-2
1.830700E-2 2.263735E+0 1.042475E-1
1.830800E-2 1.759154E+0 1.295169E-1
1.830900E-2 1.044331E+0 1.379400E-1
1.831000E-2 2.033631E-1 1.379400E-1
1.831100E-2 -6.796533E-1 1.295169E-1
1.831200E-2 -1.478573E+0 1.084590E-1
1.831300E-2 -2.067250E+0 8.318964E-2
1.831400E-2 -2.445686E+0 4.107398E-2
1.831500E-2 -2.529783E+0 3.169895E-3
1.831600E-2 -2.319541E+0 -3.052263E-2
1.831700E-2 -1.814960E+0 -6.421515E-2
1.831800E-2 -1.100137E+0 -9.790768E-2
1.831900E-2 -3.012177E-1 -1.147539E-1
1.832000E-2 5.817987E-1 -1.189655E-1
1.832100E-2 1.380718E+0 -1.147539E-1
1.832200E-2 2.053493E+0 -9.790768E-2
1.832300E-2 2.431928E+0 -7.684985E-2
1.832400E-2 2.558073E+0 -4.736889E-2
1.832500E-2 2.347831E+0 -2.209950E-2
1.832600E-2 1.885299E+0 -1.041670E-3
1.832700E-2 1.170476E+0 7.381461E-3
1.832800E-2 3.295083E-1 2.001616E-2
1.832900E-2 -5.114597E-1 1.580459E-2
1.833000E-2 -1.310379E+0 -5.253235E-3
1.833100E-2 -1.983154E+0 -2.209950E-2
1.833200E-2 -2.403638E+0 -6.000359E-2
1.833300E-2 -2.529783E+0 -9.790768E-2
1.833400E-2 -2.361589E+0 -1.358118E-1
1.833500E-2 -1.941105E+0 -1.526580E-1
1.833600E-2 -1.268331E+0 -1.526580E-1
1.833700E-2 -4.694113E-1 -1.273886E-1
1.833800E-2 4.136051E-1 -8.106141E-2
1.833900E-2 1.254573E+0 -2.209950E-2
1.834000E-2 1.927347E+0 2.843929E-2
1.834100E-2 2.347831E+0 7.897807E-2
1.834200E-2 2.516025E+0 1.295169E-1
1.834300E-2 2.431928E+0 1.547863E-1
1.834400E-2 1.969396E+0 1.758441E-1
1.834500E-2 1.338670E+0 1.884788E-1
1.834600E-2 4.977019E-1 1.969019E-1
1.834700E-2 -3.853145E-1 1.884788E-1
1.834800E-2 -1.184234E+0 1.674209E-1
1.834900E-2 -1.857008E+0 1.379400E-1
1.835000E-2 -2.361589E+0 1.042475E-1
1.835100E-2 -2.529783E+0 6.213181E-2
1.835200E-2 -2.445686E+0 2.422772E-2
1.835300E-2 -2.025202E+0 -1.367637E-2
1.835400E-2 -1.394476E+0 -3.894576E-2
1.835500E-2 -5.955565E-1 -6.421515E-2
1.835600E-2 2.454115E-1 -7.263828E-2
1.835700E-2 1.128428E+0 -7.263828E-2
1.835800E-2 1.801202E+0 -6.421515E-2
1.835900E-2 2.347831E+0 -4.315732E-2
1.836000E-2 2.516025E+0 -1.788793E-2
1.836100E-2 2.431928E+0 3.169895E-3
1.836200E-2 2.053493E+0 2.422772E-2
1.836300E-2 1.464815E+0 4.107398E-2
1.836400E-2 6.658955E-1 5.370868E-2
1.836500E-2 -1.750725E-1 4.949712E-2
1.836600E-2 -1.058089E+0 3.686242E-2
1.836700E-2 -1.772912E+0 1.580459E-2
1.836800E-2 -2.277492E+0 -1.367637E-2
1.836900E-2 -2.529783E+0 -5.158046E-2
1.837000E-2 -2.487734E+0 -8.948455E-2
1.837100E-2 -2.109299E+0 -1.316002E-1
1.837200E-2 -1.520621E+0 -1.610812E-1
1.837300E-2 -7.637501E-1 -1.779274E-1
1.837400E-2 1.192663E-1 -1.652927E-1
1.837500E-2 1.002283E+0 -1.400233E-1
1.837600E-2 1.675057E+0 -9.369611E-2
1.837700E-2 2.263735E+0 -3.052263E-2
1.837800E-2 2.516025E+0 2.001616E-2
1.837900E-2 2.473977E+0 7.055494E-2
1.838000E-2 2.179638E+0 1.126706E-1
1.838100E-2 1.590960E+0 1.337284E-1
1.838200E-2 8.340890E-1 1.379400E-1
1.838300E-2 -4.892732E-2 1.379400E-1
1.838400E-2 -8.898953E-1 1.253053E-1
1.838500E-2 -1.646766E+0 1.042475E-1
1.838600E-2 -2.193396E+0 7.055494E-2
1.838700E-2 -2.529783E+0 3.265085E-2
1.838800E-2 -2.529783E+0 -1.367637E-2
1.838900E-2 -2.193396E+0 -4.315732E-2
1.839000E-2 -1.646766E+0 -7.684985E-2
1.839100E-2 -9.319437E-1 -1.021192E-1
1.839200E-2 -4.892732E-2 -1.147539E-1
1.839300E-2 8.340890E-1 -1.189655E-1
1.839400E-2 1.590960E+0 -1.105424E-1
1.839500E-2 2.179638E+0 -9.369611E-2
1.839600E-2 2.473977E+0 -6.842672E-2
1.839700E-2 2.516025E+0 -3.894576E-2
1.839800E-2 2.263735E+0 -1.367637E-2
1.839900E-2 1.675057E+0 3.169895E-3
1.840000E-2 1.002283E+0 1.580459E-2
1.840100E-2 1.192663E-1 1.580459E-2
1.840200E-2 -7.217017E-1 1.159303E-2
1.840300E-2 -1.520621E+0 -9.464801E-3
1.840400E-2 -2.109299E+0 -3.052263E-2
1.840500E-2 -2.487734E+0 -6.842672E-2
1.840600E-2 -2.529783E+0 -1.105424E-1
1.840700E-2 -2.277492E+0 -1.442349E-1
1.840800E-2 -1.772912E+0 -1.568696E-1
1.840900E-2 -1.100137E+0 -1.484465E-1
1.841000E-2 -2.171209E-1 -1.147539E-1
1.841100E-2 6.658955E-1 -6.421515E-2
1.841200E-2 1.422767E+0 -9.464801E-3
1.841300E-2 2.053493E+0 4.107398E-2
1.841400E-2 2.431928E+0 1.000359E-1
1.841500E-2 2.516025E+0 1.337284E-1
1.841600E-2 2.305783E+0 1.632094E-1
1.841700E-2 1.801202E+0 1.800556E-1
1.841800E-2 1.086379E+0 1.926903E-1
1.841900E-2 2.874599E-1 1.926903E-1
1.842000E-2 -5.955565E-1 1.842672E-1
1.842100E-2 -1.394476E+0 1.589978E-1
1.842200E-2 -2.025202E+0 1.253053E-1
1.842300E-2 -2.445686E+0 9.161277E-2
1.842400E-2 -2.529783E+0 4.949712E-2
1.842500E-2 -2.361589E+0 1.159303E-2
1.842600E-2 -1.857008E+0 -1.788793E-2
1.842700E-2 -1.184234E+0 -4.736889E-2
1.842800E-2 -3.853145E-1 -6.421515E-2
1.842900E-2 4.977019E-1 -7.684985E-2
1.843000E-2 1.338670E+0 -7.263828E-2
1.843100E-2 2.011444E+0 -6.000359E-2
1.843200E-2 2.389880E+0 -3.894576E-2
1.843300E-2 2.558073E+0 -1.367637E-2
1.843400E-2 2.347831E+0 7.381461E-3
1.843500E-2 1.927347E+0 2.843929E-2
1.843600E-2 1.212525E+0 4.528555E-2
1.843700E-2 4.136051E-1 5.370868E-2
1.843800E-2 -4.273629E-1 4.949712E-2
1.843900E-2 -1.226282E+0 3.265085E-2
1.844000E-2 -1.899057E+0 3.169895E-3
1.844100E-2 -2.361589E+0 -2.631106E-2
1.844200E-2 -2.529783E+0 -6.421515E-2
1.844300E-2 -2.445686E+0 -1.021192E-1
1.844400E-2 -1.983154E+0 -1.400233E-1
1.844500E-2 -1.352428E+0 -1.695043E-1
1.844600E-2 -5.114597E-1 -1.779274E-1
1.844700E-2 3.295083E-1 -1.652927E-1
1.844800E-2 1.170476E+0 -1.316002E-1
1.844900E-2 1.885299E+0 -7.263828E-2
1.845000E-2 2.347831E+0 -1.788793E-2
1.845100E-2 2.516025E+0 3.265085E-2
1.845200E-2 2.431928E+0 8.740121E-2
1.845300E-2 2.011444E+0 1.168822E-1
1.845400E-2 1.380718E+0 1.337284E-1
1.845500E-2 5.817987E-1 1.379400E-1
1.845600E-2 -2.591693E-1 1.337284E-1
1.845700E-2 -1.100137E+0 1.210937E-1
1.845800E-2 -1.814960E+0 9.582434E-2
1.845900E-2 -2.319541E+0 5.792025E-2
1.846000E-2 -2.529783E+0 2.001616E-2
1.846100E-2 -2.445686E+0 -1.788793E-2
1.846200E-2 -2.067250E+0 -5.158046E-2
1.846300E-2 -1.436524E+0 -8.527298E-2
1.846400E-2 -6.796533E-1 -1.105424E-1
1.846500E-2 2.033631E-1 -1.189655E-1
1.846600E-2 1.044331E+0 -1.189655E-1
1.846700E-2 1.759154E+0 -1.063308E-1
1.846800E-2 2.305783E+0 -8.527298E-2
1.846900E-2 2.516025E+0 -6.000359E-2
1.847000E-2 2.473977E+0 -3.052263E-2
1.847100E-2 2.137589E+0 -9.464801E-3
1.847200E-2 1.506863E+0 3.169895E-3
1.847300E-2 7.499922E-1 1.580459E-2
1.847400E-2 -1.330241E-1 1.580459E-2
1.847500E-2 -9.739921E-1 3.169895E-3
1.847600E-2 -1.688815E+0 -9.464801E-3
1.847700E-2 -2.235444E+0 -4.315732E-2
1.847800E-2 -2.529783E+0 -7.684985E-2
1.847900E-2 -2.487734E+0 -1.189655E-1
1.848000E-2 -2.151347E+0 -1.484465E-1
1.848100E-2 -1.604718E+0 -1.526580E-1
1.848200E-2 -8.478469E-1 -1.442349E-1
1.848300E-2 -6.878924E-3 -1.021192E-1
1.848400E-2 8.761374E-1 -5.158046E-2
1.848500E-2 1.675057E+0 7.381461E-3
1.848600E-2 2.179638E+0 5.792025E-2
1.848700E-2 2.516025E+0 1.126706E-1
1.848800E-2 2.516025E+0 1.421516E-1
1.848900E-2 2.179638E+0 1.674209E-1
1.849000E-2 1.633009E+0 1.842672E-1
1.849100E-2 9.181858E-1 1.926903E-1
1.849200E-2 3.516947E-2 1.926903E-1
1.849300E-2 -8.057985E-1 1.758441E-1
1.849400E-2 -1.604718E+0 1.547863E-1
1.849500E-2 -2.193396E+0 1.210937E-1
1.849600E-2 -2.529783E+0 8.318964E-2
1.849700E-2 -2.529783E+0 4.107398E-2
1.849800E-2 -2.235444E+0 -1.041670E-3
1.849900E-2 -1.688815E+0 -3.052263E-2
1.850000E-2 -1.016040E+0 -5.579202E-2
1.850100E-2 -1.330241E-1 -7.263828E-2
1.850200E-2 7.499922E-1 -7.684985E-2
1.850300E-2 1.506863E+0 -6.842672E-2
1.850400E-2 2.137589E+0 -5.579202E-2
1.850500E-2 2.473977E+0 -3.052263E-2
1.850600E-2 2.516025E+0 -5.253235E-3
1.850700E-2 2.263735E+0 1.159303E-2
1.850800E-2 1.759154E+0 3.686242E-2
1.850900E-2 1.044331E+0 4.949712E-2
1.851000E-2 2.033631E-1 5.370868E-2
1.851100E-2 -6.796533E-1 4.528555E-2
1.851200E-2 -1.478573E+0 2.422772E-2
1.851300E-2 -2.067250E+0 -1.041670E-3
1.851400E-2 -2.445686E+0 -3.052263E-2
1.851500E-2 -2.529783E+0 -7.263828E-2
1.851600E-2 -2.319541E+0 -1.147539E-1
1.851700E-2 -1.857008E+0 -1.484465E-1
1.851800E-2 -1.142186E+0 -1.737159E-1
1.851900E-2 -3.012177E-1 -1.737159E-1
1.852000E-2 5.817987E-1 -1.568696E-1
1.852100E-2 1.380718E+0 -1.147539E-1
1.852200E-2 2.011444E+0 -6.000359E-2
1.852300E-2 2.431928E+0 -1.041670E-3
1.852400E-2 2.558073E+0 4.528555E-2
1.852500E-2 2.347831E+0 1.000359E-1
1.852600E-2 1.885299E+0 1.210937E-1
1.852700E-2 1.170476E+0 1.379400E-1
1.852800E-2 3.715567E-1 1.379400E-1
1.852900E-2 -5.114597E-1 1.295169E-1
1.853000E-2 -1.310379E+0 1.168822E-1
1.853100E-2 -1.983154E+0 8.318964E-2
1.853200E-2 -2.403638E+0 4.949712E-2
1.853300E-2 -2.529783E+0 1.159303E-2
1.853400E-2 -2.361589E+0 -2.631106E-2
1.853500E-2 -1.941105E+0 -6.421515E-2
1.853600E-2 -1.268331E+0 -8.948455E-2
1.853700E-2 -4.694113E-1 -1.105424E-1
1.853800E-2 4.136051E-1 -1.189655E-1
1.853900E-2 1.254573E+0 -1.147539E-1
1.854000E-2 1.927347E+0 -1.021192E-1
1.854100E-2 2.347831E+0 -8.106141E-2
1.854200E-2 2.558073E+0 -5.158046E-2
1.854300E-2 2.389880E+0 -2.631106E-2
1.854400E-2 1.969396E+0 -1.041670E-3
1.854500E-2 1.296621E+0 3.169895E-3
1.854600E-2 4.977019E-1 1.580459E-2
1.854700E-2 -3.432661E-1 1.580459E-2
1.854800E-2 -1.184234E+0 3.169895E-3
1.854900E-2 -1.857008E+0 -1.367637E-2
1.855000E-2 -2.361589E+0 -5.158046E-2
1.855100E-2 -2.529783E+0 -8.527298E-2
1.855200E-2 -2.445686E+0 -1.316002E-1
1.855300E-2 -2.025202E+0 -1.484465E-1
1.855400E-2 -1.394476E+0 -1.526580E-1
1.855500E-2 -5.955565E-1 -1.316002E-1
1.855600E-2 2.874599E-1 -8.948455E-2
1.855700E-2 1.086379E+0 -3.473419E-2
1.855800E-2 1.801202E+0 2.001616E-2
1.855900E-2 2.347831E+0 7.055494E-2
1.856000E-2 2.558073E+0 1.253053E-1
1.856100E-2 2.431928E+0 1.505747E-1
1.856200E-2 2.095541E+0 1.716325E-1
1.856300E-2 1.464815E+0 1.884788E-1
1.856400E-2 6.658955E-1 1.926903E-1
1.856500E-2 -1.750725E-1 1.884788E-1
1.856600E-2 -1.058089E+0 1.716325E-1
1.856700E-2 -1.772912E+0 1.463631E-1
1.856800E-2 -2.277492E+0 1.126706E-1
1.856900E-2 -2.529783E+0 7.055494E-2
1.857000E-2 -2.445686E+0 2.843929E-2
1.857100E-2 -2.109299E+0 -9.464801E-3
1.857200E-2 -1.520621E+0 -3.473419E-2
1.857300E-2 -7.637501E-1 -6.000359E-2
1.857400E-2 1.192663E-1 -7.263828E-2
1.857500E-2 1.002283E+0 -7.684985E-2
1.857600E-2 1.717105E+0 -6.842672E-2
1.857700E-2 2.263735E+0 -5.158046E-2
1.857800E-2 2.516025E+0 -2.631106E-2
1.857900E-2 2.516025E+0 3.169895E-3
1.858000E-2 2.179638E+0 2.001616E-2
1.858100E-2 1.590960E+0 3.686242E-2
1.858200E-2 8.340890E-1 5.370868E-2
1.858300E-2 -6.878924E-3 5.370868E-2
1.858400E-2 -8.898953E-1 4.107398E-2
1.858500E-2 -1.646766E+0 2.001616E-2
1.858600E-2 -2.193396E+0 -9.464801E-3
1.858700E-2 -2.529783E+0 -4.736889E-2
1.858800E-2 -2.487734E+0 -8.527298E-2
1.858900E-2 -2.193396E+0 -1.231771E-1
1.859000E-2 -1.646766E+0 -1.568696E-1
1.859100E-2 -8.898953E-1 -1.779274E-1
1.859200E-2 -4.892732E-2 -1.695043E-1
1.859300E-2 8.340890E-1 -1.484465E-1
1.859400E-2 1.590960E+0 -1.021192E-1
1.859500E-2 2.179638E+0 -4.736889E-2
1.859600E-2 2.473977E+0 7.381461E-3
1.859700E-2 2.516025E+0 5.792025E-2
1.859800E-2 2.221686E+0 1.084590E-1
1.859900E-2 1.717105E+0 1.295169E-1
1.860000E-2 1.002283E+0 1.379400E-1
1.860100E-2 1.192663E-1 1.379400E-1
1.860200E-2 -7.217017E-1 1.295169E-1
1.860300E-2 -1.520621E+0 1.084590E-1
1.860400E-2 -2.109299E+0 7.897807E-2
1.860500E-2 -2.487734E+0 3.686242E-2
1.860600E-2 -2.529783E+0 -1.041670E-3
1.860700E-2 -2.277492E+0 -3.473419E-2
1.860800E-2 -1.772912E+0 -6.842672E-2
1.860900E-2 -1.058089E+0 -9.790768E-2
1.861000E-2 -1.750725E-1 -1.147539E-1
1.861100E-2 6.658955E-1 -1.189655E-1
1.861200E-2 1.464815E+0 -1.147539E-1
1.861300E-2 2.095541E+0 -9.790768E-2
1.861400E-2 2.473977E+0 -7.263828E-2
1.861500E-2 2.516025E+0 -4.315732E-2
1.861600E-2 2.305783E+0 -1.788793E-2
1.861700E-2 1.843251E+0 -1.041670E-3
1.861800E-2 1.086379E+0 1.580459E-2
1.861900E-2 2.874599E-1 2.001616E-2
1.862000E-2 -5.955565E-1 1.580459E-2
1.862100E-2 -1.394476E+0 -1.041670E-3
1.862200E-2 -2.025202E+0 -2.631106E-2
1.862300E-2 -2.445686E+0 -6.000359E-2
1.862400E-2 -2.571831E+0 -9.790768E-2
1.862500E-2 -2.361589E+0 -1.358118E-1
1.862600E-2 -1.857008E+0 -1.526580E-1
1.862700E-2 -1.184234E+0 -1.526580E-1
1.862800E-2 -3.432661E-1 -1.231771E-1
1.862900E-2 4.977019E-1 -7.684985E-2
1.863000E-2 1.296621E+0 -1.788793E-2
1.863100E-2 1.969396E+0 3.686242E-2
1.863200E-2 2.389880E+0 8.318964E-2
1.863300E-2 2.516025E+0 1.337284E-1
1.863400E-2 2.347831E+0 1.589978E-1
1.863500E-2 1.927347E+0 1.758441E-1
1.863600E-2 1.254573E+0 1.926903E-1
1.863700E-2 4.556535E-1 1.969019E-1
1.863800E-2 -4.273629E-1 1.884788E-1
1.863900E-2 -1.268331E+0 1.632094E-1
1.864000E-2 -1.899057E+0 1.379400E-1
1.864100E-2 -2.403638E+0 1.042475E-1
1.864200E-2 -2.529783E+0 6.213181E-2
1.864300E-2 -2.403638E+0 1.580459E-2
1.864400E-2 -1.983154E+0 -1.367637E-2
1.864500E-2 -1.352428E+0 -4.315732E-2
1.864600E-2 -5.114597E-1 -6.421515E-2
1.864700E-2 3.295083E-1 -7.263828E-2
1.864800E-2 1.170476E+0 -7.263828E-2
1.864900E-2 1.843251E+0 -6.421515E-2
1.865000E-2 2.347831E+0 -4.315732E-2
1.865100E-2 2.516025E+0 -1.788793E-2
1.865200E-2 2.431928E+0 3.169895E-3
1.865300E-2 2.011444E+0 2.843929E-2
1.865400E-2 1.380718E+0 4.107398E-2
1.865500E-2 5.817987E-1 5.370868E-2
1.865600E-2 -2.591693E-1 4.949712E-2
1.865700E-2 -1.100137E+0 3.686242E-2
1.865800E-2 -1.814960E+0 1.580459E-2
1.865900E-2 -2.319541E+0 -1.788793E-2
1.866000E-2 -2.529783E+0 -5.158046E-2
1.866100E-2 -2.445686E+0 -9.369611E-2
1.866200E-2 -2.067250E+0 -1.316002E-1
1.866300E-2 -1.478573E+0 -1.610812E-1
1.866400E-2 -6.796533E-1 -1.779274E-1
1.866500E-2 1.613147E-1 -1.652927E-1
1.866600E-2 1.044331E+0 -1.358118E-1
1.866700E-2 1.759154E+0 -8.948455E-2
1.866800E-2 2.305783E+0 -3.052263E-2
1.866900E-2 2.558073E+0 2.422772E-2
1.867000E-2 2.473977E+0 7.055494E-2
1.867100E-2 2.137589E+0 1.126706E-1
1.867200E-2 1.506863E+0 1.337284E-1
1.867300E-2 7.499922E-1 1.379400E-1
1.867400E-2 -1.330241E-1 1.379400E-1
1.867500E-2 -9.739921E-1 1.253053E-1
1.867600E-2 -1.688815E+0 1.000359E-1
1.867700E-2 -2.235444E+0 6.634338E-2
1.867800E-2 -2.529783E+0 2.843929E-2
1.867900E-2 -2.487734E+0 -1.367637E-2
1.868000E-2 -2.193396E+0 -4.736889E-2
1.868100E-2 -1.604718E+0 -7.684985E-2
1.868200E-2 -8.478469E-1 -1.021192E-1
1.868300E-2 -6.878924E-3 -1.147539E-1
1.868400E-2 8.761374E-1 -1.189655E-1
1.868500E-2 1.675057E+0 -1.105424E-1
1.868600E-2 2.221686E+0 -8.948455E-2
1.868700E-2 2.516025E+0 -6.421515E-2
1.868800E-2 2.516025E+0 -3.473419E-2
1.868900E-2 2.179638E+0 -1.367637E-2
1.869000E-2 1.633009E+0 3.169895E-3
1.869100E-2 8.761374E-1 1.580459E-2
1.869200E-2 3.516947E-2 2.001616E-2
1.869300E-2 -8.057985E-1 7.381461E-3
1.869400E-2 -1.604718E+0 -5.253235E-3
1.869500E-2 -2.151347E+0 -3.473419E-2
1.869600E-2 -2.529783E+0 -6.842672E-2
1.869700E-2 -2.529783E+0 -1.105424E-1
1.869800E-2 -2.235444E+0 -1.442349E-1
1.869900E-2 -1.688815E+0 -1.526580E-1
1.870000E-2 -1.016040E+0 -1.484465E-1
1.870100E-2 -1.750725E-1 -1.147539E-1
1.870200E-2 7.499922E-1 -6.000359E-2
1.870300E-2 1.506863E+0 -1.041670E-3
1.870400E-2 2.095541E+0 4.949712E-2
1.870500E-2 2.473977E+0 1.042475E-1
1.870600E-2 2.516025E+0 1.379400E-1
1.870700E-2 2.263735E+0 1.674209E-1
1.870800E-2 1.759154E+0 1.842672E-1
1.870900E-2 1.044331E+0 1.926903E-1
1.871000E-2 2.033631E-1 1.926903E-1
1.871100E-2 -6.796533E-1 1.800556E-1
1.871200E-2 -1.436524E+0 1.547863E-1
1.871300E-2 -2.067250E+0 1.253053E-1
1.871400E-2 -2.445686E+0 8.740121E-2
1.871500E-2 -2.529783E+0 4.949712E-2
1.871600E-2 -2.319541E+0 7.381461E-3
1.871700E-2 -1.814960E+0 -2.209950E-2
1.871800E-2 -1.142186E+0 -5.158046E-2
1.871900E-2 -2.591693E-1 -6.842672E-2
1.872000E-2 5.817987E-1 -7.263828E-2
1.872100E-2 1.380718E+0 -6.842672E-2
1.872200E-2 2.011444E+0 -6.000359E-2
1.872300E-2 2.431928E+0 -3.473419E-2
1.872400E-2 2.516025E+0 -1.367637E-2
1.872500E-2 2.305783E+0 7.381461E-3
1.872600E-2 1.885299E+0 3.265085E-2
1.872700E-2 1.170476E+0 4.949712E-2
1.872800E-2 3.295083E-1 5.370868E-2
1.872900E-2 -5.114597E-1 4.528555E-2
1.873000E-2 -1.352428E+0 2.843929E-2
1.873100E-2 -1.983154E+0 3.169895E-3
1.873200E-2 -2.403638E+0 -3.052263E-2
1.873300E-2 -2.529783E+0 -6.842672E-2
1.873400E-2 -2.361589E+0 -1.063308E-1
1.873500E-2 -1.941105E+0 -1.442349E-1
1.873600E-2 -1.268331E+0 -1.695043E-1
1.873700E-2 -4.273629E-1 -1.779274E-1
1.873800E-2 4.136051E-1 -1.610812E-1
1.873900E-2 1.254573E+0 -1.273886E-1
1.874000E-2 1.927347E+0 -7.263828E-2
1.874100E-2 2.347831E+0 -1.367637E-2
1.874200E-2 2.516025E+0 3.686242E-2
1.874300E-2 2.347831E+0 9.161277E-2
1.874400E-2 1.969396E+0 1.168822E-1
1.874500E-2 1.296621E+0 1.337284E-1
1.874600E-2 4.977019E-1 1.379400E-1
1.874700E-2 -3.432661E-1 1.337284E-1
1.874800E-2 -1.184234E+0 1.210937E-1
1.874900E-2 -1.857008E+0 9.161277E-2
1.875000E-2 -2.361589E+0 5.792025E-2
1.875100E-2 -2.529783E+0 1.580459E-2
1.875200E-2 -2.403638E+0 -1.788793E-2
1.875300E-2 -2.025202E+0 -5.579202E-2
1.875400E-2 -1.394476E+0 -8.527298E-2
1.875500E-2 -6.376049E-1 -1.105424E-1
1.875600E-2 2.454115E-1 -1.147539E-1
1.875700E-2 1.086379E+0 -1.189655E-1
1.875800E-2 1.843251E+0 -1.021192E-1
1.875900E-2 2.305783E+0 -8.106141E-2
1.876000E-2 2.516025E+0 -6.000359E-2
1.876100E-2 2.473977E+0 -3.052263E-2
1.876200E-2 2.053493E+0 -5.253235E-3
1.876300E-2 1.422767E+0 3.169895E-3
1.876400E-2 6.658955E-1 1.580459E-2
1.876500E-2 -1.750725E-1 1.580459E-2
1.876600E-2 -1.058089E+0 3.169895E-3
1.876700E-2 -1.772912E+0 -1.367637E-2
1.876800E-2 -2.277492E+0 -4.736889E-2
1.876900E-2 -2.529783E+0 -8.106141E-2
1.877000E-2 -2.487734E+0 -1.189655E-1
1.877100E-2 -2.109299E+0 -1.484465E-1
1.877200E-2 -1.520621E+0 -1.568696E-1
1.877300E-2 -7.637501E-1 -1.400233E-1
1.877400E-2 1.192663E-1 -9.790768E-2
1.877500E-2 9.602342E-1 -4.315732E-2
1.877600E-2 1.717105E+0 1.159303E-2
1.877700E-2 2.221686E+0 6.213181E-2
1.877800E-2 2.516025E+0 1.168822E-1
1.877900E-2 2.473977E+0 1.463631E-1
1.878000E-2 2.179638E+0 1.674209E-1
1.878100E-2 1.590960E+0 1.842672E-1
1.878200E-2 8.340890E-1 1.926903E-1
1.878300E-2 -4.892732E-2 1.926903E-1
1.878400E-2 -8.898953E-1 1.758441E-1
1.878500E-2 -1.646766E+0 1.505747E-1
1.878600E-2 -2.193396E+0 1.168822E-1
1.878700E-2 -2.529783E+0 7.897807E-2
1.878800E-2 -2.529783E+0 3.686242E-2
1.878900E-2 -2.193396E+0 -1.041670E-3
1.879000E-2 -1.646766E+0 -3.052263E-2
1.879100E-2 -9.319437E-1 -5.158046E-2
1.879200E-2 -4.892732E-2 -7.263828E-2
1.879300E-2 8.340890E-1 -7.263828E-2
1.879400E-2 1.590960E+0 -6.842672E-2
1.879500E-2 2.179638E+0 -5.158046E-2
1.879600E-2 2.473977E+0 -3.052263E-2
1.879700E-2 2.516025E+0 -1.041670E-3
1.879800E-2 2.221686E+0 1.580459E-2
1.879900E-2 1.675057E+0 3.686242E-2
1.880000E-2 9.602342E-1 4.949712E-2
1.880100E-2 1.192663E-1 5.370868E-2
1.880200E-2 -7.217017E-1 4.528555E-2
1.880300E-2 -1.520621E+0 2.001616E-2
1.880400E-2 -2.109299E+0 -5.253235E-3
1.880500E-2 -2.487734E+0 -3.473419E-2
1.880600E-2 -2.529783E+0 -7.684985E-2
1.880700E-2 -2.277492E+0 -1.189655E-1
1.880800E-2 -1.772912E+0 -1.526580E-1
1.880900E-2 -1.058089E+0 -1.779274E-1
1.881000E-2 -2.171209E-1 -1.737159E-1
1.881100E-2 6.658955E-1 -1.568696E-1
1.881200E-2 1.422767E+0 -1.147539E-1
1.881300E-2 2.095541E+0 -5.579202E-2
1.881400E-2 2.431928E+0 3.169895E-3
1.881500E-2 2.516025E+0 4.949712E-2
1.881600E-2 2.305783E+0 1.042475E-1
1.881700E-2 1.801202E+0 1.210937E-1
1.881800E-2 1.086379E+0 1.379400E-1
1.881900E-2 2.874599E-1 1.379400E-1
1.882000E-2 -5.955565E-1 1.295169E-1
1.882100E-2 -1.394476E+0 1.126706E-1
1.882200E-2 -2.025202E+0 8.318964E-2
1.882300E-2 -2.445686E+0 4.528555E-2
1.882400E-2 -2.529783E+0 3.169895E-3
1.882500E-2 -2.361589E+0 -3.052263E-2
1.882600E-2 -1.857008E+0 -6.421515E-2
1.882700E-2 -1.184234E+0 -9.369611E-2
1.882800E-2 -3.853145E-1 -1.105424E-1
1.882900E-2 4.977019E-1 -1.189655E-1
1.883000E-2 1.338670E+0 -1.147539E-1
1.883100E-2 1.969396E+0 -9.790768E-2
1.883200E-2 2.389880E+0 -7.684985E-2
1.883300E-2 2.516025E+0 -5.158046E-2
1.883400E-2 2.347831E+0 -2.209950E-2
1.883500E-2 1.927347E+0 3.169895E-3
1.883600E-2 1.254573E+0 7.381461E-3
1.883700E-2 4.136051E-1 2.001616E-2
1.883800E-2 -4.273629E-1 1.580459E-2
1.883900E-2 -1.268331E+0 -1.041670E-3
1.884000E-2 -1.941105E+0 -1.788793E-2
1.884100E-2 -2.361589E+0 -5.158046E-2
1.884200E-2 -2.529783E+0 -9.369611E-2
1.884300E-2 -2.403638E+0 -1.316002E-1
1.884400E-2 -1.983154E+0 -1.526580E-1
1.884500E-2 -1.352428E+0 -1.526580E-1
1.884600E-2 -5.114597E-1 -1.316002E-1
1.884700E-2 3.295083E-1 -8.527298E-2
1.884800E-2 1.170476E+0 -2.631106E-2
1.884900E-2 1.885299E+0 2.422772E-2
1.885000E-2 2.347831E+0 7.476651E-2
1.885100E-2 2.516025E+0 1.253053E-1
1.885200E-2 2.431928E+0 1.547863E-1
1.885300E-2 2.011444E+0 1.758441E-1
1.885400E-2 1.380718E+0 1.884788E-1
1.885500E-2 6.238471E-1 1.926903E-1
1.885600E-2 -2.591693E-1 1.884788E-1
1.885700E-2 -1.100137E+0 1.716325E-1
1.885800E-2 -1.814960E+0 1.421516E-1
1.885900E-2 -2.319541E+0 1.084590E-1
1.886000E-2 -2.529783E+0 6.634338E-2
1.886100E-2 -2.445686E+0 2.422772E-2
1.886200E-2 -2.067250E+0 -1.367637E-2
1.886300E-2 -1.436524E+0 -3.894576E-2
1.886400E-2 -6.796533E-1 -6.000359E-2
1.886500E-2 2.033631E-1 -7.684985E-2
1.886600E-2 1.044331E+0 -7.263828E-2
1.886700E-2 1.759154E+0 -6.421515E-2
1.886800E-2 2.305783E+0 -4.736889E-2
1.886900E-2 2.516025E+0 -2.209950E-2
1.887000E-2 2.473977E+0 3.169895E-3
1.887100E-2 2.095541E+0 2.422772E-2
1.887200E-2 1.506863E+0 4.107398E-2
1.887300E-2 7.079438E-1 5.370868E-2
1.887400E-2 -1.330241E-1 5.370868E-2
1.887500E-2 -1.016040E+0 3.686242E-2
1.887600E-2 -1.688815E+0 1.580459E-2
1.887700E-2 -2.235444E+0 -1.367637E-2
1.887800E-2 -2.529783E+0 -4.736889E-2
1.887900E-2 -2.487734E+0 -8.527298E-2
1.888000E-2 -2.151347E+0 -1.273886E-1
1.888100E-2 -1.604718E+0 -1.568696E-1
1.888200E-2 -8.478469E-1 -1.779274E-1
1.888300E-2 -6.878924E-3 -1.695043E-1
1.888400E-2 8.761374E-1 -1.442349E-1
1.888500E-2 1.633009E+0 -9.790768E-2
1.888600E-2 2.179638E+0 -3.473419E-2
1.888700E-2 2.516025E+0 1.580459E-2
1.888800E-2 2.516025E+0 6.634338E-2
1.888900E-2 2.179638E+0 1.126706E-1
1.889000E-2 1.675057E+0 1.295169E-1
1.889100E-2 9.181858E-1 1.379400E-1
1.889200E-2 3.516947E-2 1.379400E-1
1.889300E-2 -8.478469E-1 1.295169E-1
1.889400E-2 -1.562670E+0 1.042475E-1
1.889500E-2 -2.193396E+0 7.476651E-2
1.889600E-2 -2.487734E+0 3.686242E-2
1.889700E-2 -2.529783E+0 -9.464801E-3
1.889800E-2 -2.235444E+0 -3.894576E-2
1.889900E-2 -1.730863E+0 -7.684985E-2
1.890000E-2 -9.739921E-1 -1.021192E-1
1.890100E-2 -1.330241E-1 -1.147539E-1
1.890200E-2 7.499922E-1 -1.189655E-1
1.890300E-2 1.506863E+0 -1.105424E-1
1.890400E-2 2.137589E+0 -9.369611E-2
1.890500E-2 2.473977E+0 -6.842672E-2
1.890600E-2 2.516025E+0 -4.315732E-2
1.890700E-2 2.263735E+0 -1.788793E-2
1.890800E-2 1.759154E+0 -1.041670E-3
1.890900E-2 1.002283E+0 1.580459E-2
1.891000E-2 2.033631E-1 2.001616E-2
1.891100E-2 -6.796533E-1 1.580459E-2
1.891200E-2 -1.436524E+0 -5.253235E-3
1.891300E-2 -2.067250E+0 -3.052263E-2
1.891400E-2 -2.445686E+0 -6.421515E-2
1.891500E-2 -2.529783E+0 -1.021192E-1
1.891600E-2 -2.319541E+0 -1.400233E-1
1.891700E-2 -1.814960E+0 -1.568696E-1
1.891800E-2 -1.100137E+0 -1.484465E-1
1.891900E-2 -2.591693E-1 -1.189655E-1
1.892000E-2 6.238471E-1 -6.842672E-2
1.892100E-2 1.422767E+0 -1.367637E-2
1.892200E-2 2.011444E+0 3.686242E-2
1.892300E-2 2.431928E+0 9.161277E-2
1.892400E-2 2.516025E+0 1.379400E-1
1.892500E-2 2.347831E+0 1.589978E-1
1.892600E-2 1.843251E+0 1.800556E-1
1.892700E-2 1.170476E+0 1.926903E-1
1.892800E-2 3.715567E-1 1.926903E-1
1.892900E-2 -5.114597E-1 1.842672E-1
1.893000E-2 -1.310379E+0 1.632094E-1
1.893100E-2 -1.983154E+0 1.337284E-1
1.893200E-2 -2.403638E+0 9.582434E-2
1.893300E-2 -2.529783E+0 5.370868E-2
1.893400E-2 -2.361589E+0 1.580459E-2
1.893500E-2 -1.941105E+0 -1.788793E-2
1.893600E-2 -1.268331E+0 -4.315732E-2
1.893700E-2 -4.273629E-1 -6.421515E-2
1.893800E-2 4.136051E-1 -7.263828E-2
1.893900E-2 1.254573E+0 -6.842672E-2
1.894000E-2 1.927347E+0 -6.421515E-2
1.894100E-2 2.389880E+0 -4.315732E-2
1.894200E-2 2.516025E+0 -1.367637E-2
1.894300E-2 2.389880E+0 3.169895E-3
1.894400E-2 1.969396E+0 2.843929E-2
1.894500E-2 1.296621E+0 4.949712E-2
1.894600E-2 4.977019E-1 5.370868E-2
1.894700E-2 -3.432661E-1 4.949712E-2
1.894800E-2 -1.184234E+0 3.265085E-2
1.894900E-2 -1.857008E+0 7.381461E-3
1.895000E-2 -2.361589E+0 -2.209950E-2
1.895100E-2 -2.529783E+0 -6.000359E-2
1.895200E-2 -2.445686E+0 -9.790768E-2
1.895300E-2 -2.025202E+0 -1.358118E-1
1.895400E-2 -1.394476E+0 -1.652927E-1
1.895500E-2 -5.955565E-1 -1.779274E-1
1.895600E-2 2.874599E-1 -1.652927E-1
1.895700E-2 1.128428E+0 -1.316002E-1
1.895800E-2 1.801202E+0 -8.106141E-2
1.895900E-2 2.347831E+0 -2.631106E-2
1.896000E-2 2.516025E+0 2.843929E-2
1.896100E-2 2.431928E+0 8.318964E-2
1.896200E-2 2.095541E+0 1.168822E-1
1.896300E-2 1.464815E+0 1.337284E-1
1.896400E-2 6.658955E-1 1.421516E-1
1.896500E-2 -2.171209E-1 1.379400E-1
1.896600E-2 -1.016040E+0 1.253053E-1
1.896700E-2 -1.730863E+0 1.000359E-1
1.896800E-2 -2.277492E+0 6.634338E-2
1.896900E-2 -2.529783E+0 2.422772E-2
1.897000E-2 -2.487734E+0 -1.367637E-2
1.897100E-2 -2.109299E+0 -4.736889E-2
1.897200E-2 -1.520621E+0 -8.106141E-2
1.897300E-2 -7.637501E-1 -1.063308E-1
1.897400E-2 1.192663E-1 -1.147539E-1
1.897500E-2 1.002283E+0 -1.189655E-1
1.897600E-2 1.717105E+0 -1.063308E-1
1.897700E-2 2.263735E+0 -8.948455E-2
1.897800E-2 2.516025E+0 -6.421515E-2
1.897900E-2 2.473977E+0 -3.473419E-2
1.898000E-2 2.179638E+0 -9.464801E-3
1.898100E-2 1.590960E+0 3.169895E-3
1.898200E-2 8.340890E-1 1.580459E-2
1.898300E-2 -6.878924E-3 1.580459E-2
1.898400E-2 -8.898953E-1 7.381461E-3
1.898500E-2 -1.604718E+0 -9.464801E-3
1.898600E-2 -2.193396E+0 -3.473419E-2
1.898700E-2 -2.487734E+0 -7.684985E-2
1.898800E-2 -2.529783E+0 -1.147539E-1
1.898900E-2 -2.193396E+0 -1.442349E-1
1.899000E-2 -1.688815E+0 -1.568696E-1
1.899100E-2 -9.319437E-1 -1.442349E-1
1.899200E-2 -4.892732E-2 -1.105424E-1
1.899300E-2 8.340890E-1 -5.579202E-2
1.899400E-2 1.548912E+0 3.169895E-3
1.899500E-2 2.179638E+0 4.949712E-2
1.899600E-2 2.473977E+0 1.084590E-1
1.899700E-2 2.516025E+0 1.379400E-1
1.899800E-2 2.221686E+0 1.674209E-1
1.899900E-2 1.675057E+0 1.842672E-1
1.900000E-2 1.002283E+0 1.926903E-1
1.900100E-2 1.192663E-1 1.926903E-1
1.900200E-2 -7.217017E-1 1.800556E-1
1.900300E-2 -1.520621E+0 1.547863E-1
1.900400E-2 -2.109299E+0 1.210937E-1
1.900500E-2 -2.487734E+0 8.740121E-2
1.900600E-2 -2.529783E+0 4.528555E-2
1.900700E-2 -2.277492E+0 7.381461E-3
1.900800E-2 -1.772912E+0 -2.631106E-2
1.900900E-2 -1.058089E+0 -4.736889E-2
1.901000E-2 -2.171209E-1 -6.842672E-2
1.901100E-2 6.658955E-1 -7.263828E-2
1.901200E-2 1.464815E+0 -6.842672E-2
1.901300E-2 2.095541E+0 -6.000359E-2
1.901400E-2 2.431928E+0 -3.052263E-2
1.901500E-2 2.516025E+0 -9.464801E-3
1.901600E-2 2.305783E+0 1.159303E-2
1.901700E-2 1.843251E+0 3.686242E-2
1.901800E-2 1.128428E+0 4.949712E-2
1.901900E-2 2.874599E-1 5.370868E-2
1.902000E-2 -5.535081E-1 4.949712E-2
1.902100E-2 -1.352428E+0 2.843929E-2
1.902200E-2 -2.025202E+0 -1.041670E-3
1.902300E-2 -2.403638E+0 -3.052263E-2
1.902400E-2 -2.529783E+0 -6.842672E-2
1.902500E-2 -2.361589E+0 -1.063308E-1
1.902600E-2 -1.899057E+0 -1.484465E-1
1.902700E-2 -1.184234E+0 -1.737159E-1
1.902800E-2 -3.432661E-1 -1.737159E-1
1.902900E-2 4.977019E-1 -1.610812E-1
1.903000E-2 1.338670E+0 -1.189655E-1
1.903100E-2 2.011444E+0 -6.421515E-2
1.903200E-2 2.431928E+0 -5.253235E-3
1.903300E-2 2.516025E+0 4.107398E-2
1.903400E-2 2.347831E+0 9.582434E-2
1.903500E-2 1.927347E+0 1.210937E-1
1.903600E-2 1.254573E+0 1.337284E-1
1.903700E-2 4.136051E-1 1.379400E-1
1.903800E-2 -4.273629E-1 1.337284E-1
1.903900E-2 -1.268331E+0 1.168822E-1
1.904000E-2 -1.941105E+0 8.740121E-2
1.904100E-2 -2.361589E+0 5.370868E-2
1.904200E-2 -2.529783E+0 1.580459E-2
1.904300E-2 -2.361589E+0 -2.209950E-2
1.904400E-2 -1.983154E+0 -5.579202E-2
1.904500E-2 -1.352428E+0 -8.527298E-2
1.904600E-2 -5.114597E-1 -1.105424E-1
1.904700E-2 3.295083E-1 -1.189655E-1
1.904800E-2 1.170476E+0 -1.189655E-1
1.904900E-2 1.885299E+0 -1.021192E-1
1.905000E-2 2.347831E+0 -8.527298E-2
1.905100E-2 2.516025E+0 -5.158046E-2
1.905200E-2 2.431928E+0 -3.052263E-2
1.905300E-2 2.011444E+0 -1.041670E-3
1.905400E-2 1.380718E+0 7.381461E-3
1.905500E-2 5.817987E-1 1.580459E-2
1.905600E-2 -2.591693E-1 1.580459E-2
1.905700E-2 -1.100137E+0 3.169895E-3
1.905800E-2 -1.857008E+0 -1.367637E-2
1.905900E-2 -2.319541E+0 -4.736889E-2
1.906000E-2 -2.529783E+0 -8.527298E-2
1.906100E-2 -2.445686E+0 -1.273886E-1
1.906200E-2 -2.109299E+0 -1.526580E-1
1.906300E-2 -1.436524E+0 -1.526580E-1
1.906400E-2 -6.796533E-1 -1.358118E-1
1.906500E-2 1.613147E-1 -9.369611E-2
1.906600E-2 1.044331E+0 -3.894576E-2
1.906700E-2 1.759154E+0 1.580459E-2
1.906800E-2 2.305783E+0 6.634338E-2
1.906900E-2 2.516025E+0 1.210937E-1
1.907000E-2 2.473977E+0 1.505747E-1
1.907100E-2 2.137589E+0 1.716325E-1
1.907200E-2 1.506863E+0 1.884788E-1
1.907300E-2 7.499922E-1 1.926903E-1
1.907400E-2 -9.097572E-2 1.926903E-1
1.907500E-2 -9.739921E-1 1.716325E-1
1.907600E-2 -1.688815E+0 1.505747E-1
1.907700E-2 -2.235444E+0 1.168822E-1
1.907800E-2 -2.529783E+0 7.476651E-2
1.907900E-2 -2.487734E+0 3.265085E-2
1.908000E-2 -2.193396E+0 -5.253235E-3
1.908100E-2 -1.604718E+0 -3.052263E-2
1.908200E-2 -8.478469E-1 -6.000359E-2
1.908300E-2 -6.878924E-3 -7.263828E-2
1.908400E-2 9.181858E-1 -7.263828E-2
1.908500E-2 1.675057E+0 -6.842672E-2
1.908600E-2 2.221686E+0 -4.736889E-2
1.908700E-2 2.516025E+0 -2.631106E-2
1.908800E-2 2.516025E+0 -1.041670E-3
1.908900E-2 2.179638E+0 1.580459E-2
1.909000E-2 1.633009E+0 3.686242E-2
1.909100E-2 9.181858E-1 4.949712E-2
1.909200E-2 3.516947E-2 5.370868E-2
1.909300E-2 -8.478469E-1 4.107398E-2
1.909400E-2 -1.562670E+0 2.001616E-2
1.909500E-2 -2.193396E+0 -9.464801E-3
1.909600E-2 -2.529783E+0 -4.315732E-2
1.909700E-2 -2.529783E+0 -8.106141E-2
1.909800E-2 -2.235444E+0 -1.189655E-1
1.909900E-2 -1.730863E+0 -1.526580E-1
1.910000E-2 -1.016040E+0 -1.779274E-1
1.910100E-2 -1.330241E-1 -1.695043E-1
1.910200E-2 7.499922E-1 -1.484465E-1
1.910300E-2 1.506863E+0 -1.063308E-1
1.910400E-2 2.137589E+0 -5.158046E-2
1.910500E-2 2.473977E+0 7.381461E-3
1.910600E-2 2.516025E+0 5.370868E-2
1.910700E-2 2.305783E+0 1.042475E-1
1.910800E-2 1.759154E+0 1.295169E-1
1.910900E-2 1.044331E+0 1.379400E-1
1.911000E-2 2.033631E-1 1.379400E-1
1.911100E-2 -6.796533E-1 1.295169E-1
1.911200E-2 -1.436524E+0 1.126706E-1
1.911300E-2 -2.067250E+0 8.318964E-2
1.911400E-2 -2.445686E+0 4.528555E-2
1.911500E-2 -2.529783E+0 3.169895E-3
1.911600E-2 -2.319541E+0 -3.052263E-2
1.911700E-2 -1.814960E+0 -6.842672E-2
1.911800E-2 -1.142186E+0 -9.790768E-2
1.911900E-2 -3.012177E-1 -1.147539E-1
1.912000E-2 5.817987E-1 -1.189655E-1
1.912100E-2 1.422767E+0 -1.147539E-1
1.912200E-2 2.011444E+0 -9.790768E-2
1.912300E-2 2.431928E+0 -7.684985E-2
1.912400E-2 2.516025E+0 -4.736889E-2
1.912500E-2 2.347831E+0 -1.788793E-2
1.912600E-2 1.843251E+0 -1.041670E-3
1.912700E-2 1.170476E+0 7.381461E-3
1.912800E-2 3.295083E-1 1.580459E-2
1.912900E-2 -5.114597E-1 1.159303E-2
1.913000E-2 -1.310379E+0 -1.041670E-3
1.913100E-2 -1.983154E+0 -2.209950E-2
1.913200E-2 -2.403638E+0 -5.579202E-2
1.913300E-2 -2.529783E+0 -9.790768E-2
1.913400E-2 -2.403638E+0 -1.316002E-1
1.913500E-2 -1.941105E+0 -1.526580E-1
1.913600E-2 -1.268331E+0 -1.526580E-1
1.913700E-2 -4.694113E-1 -1.273886E-1
1.913800E-2 4.136051E-1 -8.106141E-2
1.913900E-2 1.254573E+0 -2.209950E-2
1.914000E-2 1.927347E+0 2.843929E-2
1.914100E-2 2.347831E+0 7.897807E-2
1.914200E-2 2.558073E+0 1.295169E-1
1.914300E-2 2.431928E+0 1.547863E-1
1.914400E-2 1.969396E+0 1.758441E-1
1.914500E-2 1.338670E+0 1.884788E-1
1.914600E-2 5.397503E-1 1.969019E-1
1.914700E-2 -3.432661E-1 1.842672E-1
1.914800E-2 -1.184234E+0 1.674209E-1
1.914900E-2 -1.857008E+0 1.379400E-1
1.915000E-2 -2.361589E+0 1.042475E-1
1.915100E-2 -2.529783E+0 6.213181E-2
1.915200E-2 -2.445686E+0 2.001616E-2
1.915300E-2 -2.025202E+0 -1.367637E-2
1.915400E-2 -1.394476E+0 -4.315732E-2
1.915500E-2 -5.955565E-1 -6.000359E-2
1.915600E-2 2.454115E-1 -7.684985E-2
1.915700E-2 1.128428E+0 -7.263828E-2
1.915800E-2 1.843251E+0 -6.842672E-2
1.915900E-2 2.347831E+0 -4.736889E-2
1.916000E-2 2.516025E+0 -1.788793E-2
1.916100E-2 2.431928E+0 3.169895E-3
1.916200E-2 2.053493E+0 2.422772E-2
1.916300E-2 1.422767E+0 4.528555E-2
1.916400E-2 6.658955E-1 4.949712E-2
1.916500E-2 -1.750725E-1 4.949712E-2
1.916600E-2 -1.016040E+0 3.686242E-2
1.916700E-2 -1.772912E+0 1.580459E-2
1.916800E-2 -2.277492E+0 -1.367637E-2
1.916900E-2 -2.529783E+0 -5.158046E-2
1.917000E-2 -2.445686E+0 -9.369611E-2
1.917100E-2 -2.151347E+0 -1.316002E-1
1.917200E-2 -1.520621E+0 -1.610812E-1
1.917300E-2 -7.637501E-1 -1.779274E-1
1.917400E-2 1.192663E-1 -1.652927E-1
1.917500E-2 1.002283E+0 -1.400233E-1
1.917600E-2 1.717105E+0 -9.369611E-2
1.917700E-2 2.263735E+0 -3.473419E-2
1.917800E-2 2.516025E+0 2.001616E-2
1.917900E-2 2.473977E+0 6.634338E-2
1.918000E-2 2.179638E+0 1.126706E-1
1.918100E-2 1.590960E+0 1.337284E-1
1.918200E-2 8.340890E-1 1.379400E-1
1.918300E-2 -4.892732E-2 1.379400E-1
1.918400E-2 -8.898953E-1 1.253053E-1
1.918500E-2 -1.688815E+0 1.042475E-1
1.918600E-2 -2.193396E+0 7.055494E-2
1.918700E-2 -2.529783E+0 3.265085E-2
1.918800E-2 -2.529783E+0 -9.464801E-3
1.918900E-2 -2.193396E+0 -4.315732E-2
1.919000E-2 -1.646766E+0 -7.684985E-2
1.919100E-2 -9.319437E-1 -1.021192E-1
1.919200E-2 -4.892732E-2 -1.189655E-1
1.919300E-2 8.340890E-1 -1.189655E-1
1.919400E-2 1.590960E+0 -1.105424E-1
1.919500E-2 2.179638E+0 -9.369611E-2
1.919600E-2 2.473977E+0 -6.842672E-2
1.919700E-2 2.516025E+0 -3.894576E-2
1.919800E-2 2.221686E+0 -1.367637E-2
1.919900E-2 1.675057E+0 3.169895E-3
1.920000E-2 1.002283E+0 1.580459E-2
1.920100E-2 1.192663E-1 2.001616E-2
1.920200E-2 -7.637501E-1 1.159303E-2
1.920300E-2 -1.520621E+0 -5.253235E-3
1.920400E-2 -2.109299E+0 -3.052263E-2
1.920500E-2 -2.487734E+0 -6.842672E-2
1.920600E-2 -2.529783E+0 -1.105424E-1
1.920700E-2 -2.277492E+0 -1.442349E-1
1.920800E-2 -1.772912E+0 -1.568696E-1
1.920900E-2 -1.016040E+0 -1.484465E-1
1.921000E-2 -2.171209E-1 -1.147539E-1
1.921100E-2 6.658955E-1 -6.421515E-2
1.921200E-2 1.464815E+0 -5.253235E-3
1.921300E-2 2.095541E+0 4.107398E-2
1.921400E-2 2.431928E+0 1.000359E-1
1.921500E-2 2.516025E+0 1.379400E-1
1.921600E-2 2.305783E+0 1.632094E-1
1.921700E-2 1.801202E+0 1.800556E-1
1.921800E-2 1.128428E+0 1.926903E-1
1.921900E-2 2.874599E-1 1.926903E-1
1.922000E-2 -5.955565E-1 1.842672E-1
1.922100E-2 -1.394476E+0 1.589978E-1
1.922200E-2 -2.025202E+0 1.295169E-1
1.922300E-2 -2.403638E+0 9.161277E-2
1.922400E-2 -2.529783E+0 5.370868E-2
1.922500E-2 -2.361589E+0 1.159303E-2
1.922600E-2 -1.899057E+0 -1.788793E-2
1.922700E-2 -1.184234E+0 -4.736889E-2
1.922800E-2 -3.432661E-1 -6.421515E-2
1.922900E-2 5.397503E-1 -7.684985E-2
1.923000E-2 1.338670E+0 -6.842672E-2
1.923100E-2 1.969396E+0 -6.000359E-2
1.923200E-2 2.431928E+0 -3.473419E-2
1.923300E-2 2.516025E+0 -1.367637E-2
1.923400E-2 2.347831E+0 7.381461E-3
1.923500E-2 1.927347E+0 3.265085E-2
1.923600E-2 1.212525E+0 4.528555E-2
1.923700E-2 4.136051E-1 5.370868E-2
1.923800E-2 -4.694113E-1 4.949712E-2
1.923900E-2 -1.268331E+0 3.265085E-2
1.924000E-2 -1.899057E+0 7.381461E-3
1.924100E-2 -2.361589E+0 -2.631106E-2
1.924200E-2 -2.529783E+0 -6.421515E-2
1.924300E-2 -2.403638E+0 -1.021192E-1
1.924400E-2 -1.983154E+0 -1.400233E-1
1.924500E-2 -1.352428E+0 -1.652927E-1
1.924600E-2 -5.114597E-1 -1.779274E-1
1.924700E-2 3.295083E-1 -1.652927E-1
1.924800E-2 1.170476E+0 -1.316002E-1
1.924900E-2 1.885299E+0 -7.684985E-2
1.925000E-2 2.347831E+0 -1.788793E-2
1.925100E-2 2.516025E+0 3.265085E-2
1.925200E-2 2.431928E+0 8.318964E-2
1.925300E-2 2.011444E+0 1.168822E-1
1.925400E-2 1.380718E+0 1.337284E-1
1.925500E-2 5.817987E-1 1.379400E-1
1.925600E-2 -2.591693E-1 1.337284E-1
1.925700E-2 -1.142186E+0 1.210937E-1
1.925800E-2 -1.814960E+0 9.161277E-2
1.925900E-2 -2.319541E+0 5.792025E-2
1.926000E-2 -2.529783E+0 1.580459E-2
1.926100E-2 -2.445686E+0 -1.788793E-2
1.926200E-2 -2.067250E+0 -5.158046E-2
1.926300E-2 -1.520621E+0 -8.527298E-2
1.926400E-2 -6.796533E-1 -1.105424E-1
1.926500E-2 1.613147E-1 -1.189655E-1
1.926600E-2 1.044331E+0 -1.189655E-1
1.926700E-2 1.759154E+0 -1.021192E-1
1.926800E-2 2.263735E+0 -8.527298E-2
1.926900E-2 2.516025E+0 -6.000359E-2
1.927000E-2 2.473977E+0 -3.052263E-2
1.927100E-2 2.095541E+0 -9.464801E-3
1.927200E-2 1.506863E+0 3.169895E-3
1.927300E-2 7.499922E-1 1.580459E-2
1.927400E-2 -1.330241E-1 1.580459E-2
1.927500E-2 -9.739921E-1 3.169895E-3
1.927600E-2 -1.688815E+0 -9.464801E-3
1.927700E-2 -2.277492E+0 -4.315732E-2
1.927800E-2 -2.529783E+0 -7.684985E-2
1.927900E-2 -2.487734E+0 -1.147539E-1
1.928000E-2 -2.193396E+0 -1.484465E-1
1.928100E-2 -1.604718E+0 -1.526580E-1
1.928200E-2 -8.478469E-1 -1.400233E-1
1.928300E-2 -6.878924E-3 -1.063308E-1
1.928400E-2 9.181858E-1 -5.158046E-2
1.928500E-2 1.633009E+0 7.381461E-3
1.928600E-2 2.179638E+0 5.792025E-2
1.928700E-2 2.473977E+0 1.168822E-1
1.928800E-2 2.516025E+0 1.463631E-1
1.928900E-2 2.179638E+0 1.716325E-1
1.929000E-2 1.633009E+0 1.842672E-1
1.929100E-2 9.181858E-1 1.926903E-1
1.929200E-2 3.516947E-2 1.926903E-1
1.929300E-2 -8.478469E-1 1.758441E-1
1.929400E-2 -1.604718E+0 1.505747E-1
1.929500E-2 -2.193396E+0 1.168822E-1
1.929600E-2 -2.487734E+0 8.318964E-2
1.929700E-2 -2.529783E+0 3.686242E-2
1.929800E-2 -2.235444E+0 3.169895E-3
1.929900E-2 -1.688815E+0 -2.631106E-2
1.930000E-2 -1.016040E+0 -5.158046E-2
1.930100E-2 -1.330241E-1 -7.263828E-2
1.930200E-2 7.499922E-1 -7.263828E-2
1.930300E-2 1.506863E+0 -6.842672E-2
1.930400E-2 2.137589E+0 -5.579202E-2
1.930500E-2 2.473977E+0 -3.052263E-2
1.930600E-2 2.516025E+0 -9.464801E-3
1.930700E-2 2.263735E+0 1.580459E-2
1.930800E-2 1.759154E+0 3.686242E-2
1.930900E-2 1.002283E+0 5.370868E-2
1.931000E-2 1.613147E-1 5.370868E-2
1.931100E-2 -6.796533E-1 4.528555E-2
1.931200E-2 -1.478573E+0 2.422772E-2
1.931300E-2 -2.109299E+0 -1.041670E-3
1.931400E-2 -2.487734E+0 -3.894576E-2
1.931500E-2 -2.529783E+0 -7.684985E-2
1.931600E-2 -2.361589E+0 -1.147539E-1
1.931700E-2 -1.857008E+0 -1.484465E-1
1.931800E-2 -1.142186E+0 -1.737159E-1
1.931900E-2 -3.012177E-1 -1.737159E-1
1.932000E-2 5.817987E-1 -1.568696E-1
1.932100E-2 1.380718E+0 -1.189655E-1
1.932200E-2 2.011444E+0 -6.421515E-2
1.932300E-2 2.431928E+0 -1.041670E-3
1.932400E-2 2.516025E+0 4.528555E-2
1.932500E-2 2.347831E+0 1.000359E-1
1.932600E-2 1.843251E+0 1.210937E-1
1.932700E-2 1.170476E+0 1.379400E-1
1.932800E-2 3.295083E-1 1.379400E-1
1.932900E-2 -5.114597E-1 1.295169E-1
1.933000E-2 -1.310379E+0 1.168822E-1
1.933100E-2 -1.983154E+0 8.740121E-2
1.933200E-2 -2.403638E+0 5.370868E-2
1.933300E-2 -2.529783E+0 7.381461E-3
1.933400E-2 -2.403638E+0 -2.631106E-2
1.933500E-2 -1.941105E+0 -6.421515E-2
1.933600E-2 -1.268331E+0 -8.948455E-2
1.933700E-2 -4.273629E-1 -1.105424E-1
1.933800E-2 4.136051E-1 -1.189655E-1
1.933900E-2 1.254573E+0 -1.189655E-1
1.934000E-2 1.927347E+0 -9.790768E-2
1.934100E-2 2.347831E+0 -8.106141E-2
1.934200E-2 2.516025E+0 -5.158046E-2
1.934300E-2 2.389880E+0 -2.631106E-2
1.934400E-2 1.969396E+0 -1.041670E-3
1.934500E-2 1.296621E+0 7.381461E-3
1.934600E-2 4.977019E-1 1.580459E-2
1.934700E-2 -3.432661E-1 1.580459E-2
1.934800E-2 -1.184234E+0 3.169895E-3
1.934900E-2 -1.899057E+0 -1.788793E-2
1.935000E-2 -2.361589E+0 -5.158046E-2
1.935100E-2 -2.529783E+0 -8.948455E-2
1.935200E-2 -2.403638E+0 -1.273886E-1
1.935300E-2 -2.025202E+0 -1.484465E-1
1.935400E-2 -1.394476E+0 -1.526580E-1
1.935500E-2 -5.955565E-1 -1.316002E-1
1.935600E-2 2.874599E-1 -8.948455E-2
1.935700E-2 1.086379E+0 -3.052263E-2
1.935800E-2 1.843251E+0 2.001616E-2
1.935900E-2 2.305783E+0 7.055494E-2
1.936000E-2 2.516025E+0 1.210937E-1
1.936100E-2 2.431928E+0 1.505747E-1
1.936200E-2 2.053493E+0 1.716325E-1
1.936300E-2 1.422767E+0 1.884788E-1
1.936400E-2 6.658955E-1 1.926903E-1
1.936500E-2 -1.750725E-1 1.926903E-1
1.936600E-2 -1.016040E+0 1.716325E-1
1.936700E-2 -1.772912E+0 1.421516E-1
1.936800E-2 -2.277492E+0 1.084590E-1
1.936900E-2 -2.529783E+0 7.055494E-2
1.937000E-2 -2.487734E+0 2.843929E-2
1.937100E-2 -2.151347E+0 -9.464801E-3
1.937200E-2 -1.520621E+0 -3.894576E-2
1.937300E-2 -7.637501E-1 -6.000359E-2
1.937400E-2 1.192663E-1 -7.684985E-2
1.937500E-2 1.002283E+0 -7.263828E-2
1.937600E-2 1.717105E+0 -6.421515E-2
1.937700E-2 2.263735E+0 -4.736889E-2
1.937800E-2 2.516025E+0 -2.631106E-2
1.937900E-2 2.473977E+0 -1.041670E-3
1.938000E-2 2.179638E+0 2.001616E-2
1.938100E-2 1.590960E+0 3.686242E-2
1.938200E-2 8.340890E-1 5.370868E-2
1.938300E-2 -6.878924E-3 4.949712E-2
1.938400E-2 -8.898953E-1 4.107398E-2
1.938500E-2 -1.646766E+0 2.001616E-2
1.938600E-2 -2.193396E+0 -1.367637E-2
1.938700E-2 -2.529783E+0 -4.736889E-2
1.938800E-2 -2.529783E+0 -8.527298E-2
1.938900E-2 -2.193396E+0 -1.231771E-1
1.939000E-2 -1.688815E+0 -1.568696E-1
1.939100E-2 -9.319437E-1 -1.779274E-1
1.939200E-2 -4.892732E-2 -1.695043E-1
1.939300E-2 8.340890E-1 -1.484465E-1
1.939400E-2 1.590960E+0 -1.021192E-1
1.939500E-2 2.179638E+0 -4.736889E-2
1.939600E-2 2.516025E+0 7.381461E-3
1.939700E-2 2.516025E+0 5.792025E-2
1.939800E-2 2.179638E+0 1.042475E-1
1.939900E-2 1.675057E+0 1.295169E-1
1.940000E-2 9.602342E-1 1.379400E-1
1.940100E-2 1.192663E-1 1.379400E-1
1.940200E-2 -7.637501E-1 1.295169E-1
1.940300E-2 -1.520621E+0 1.042475E-1
1.940400E-2 -2.151347E+0 7.476651E-2
1.940500E-2 -2.487734E+0 3.686242E-2
1.940600E-2 -2.529783E+0 -1.041670E-3
1.940700E-2 -2.277492E+0 -3.473419E-2
1.940800E-2 -1.772912E+0 -6.842672E-2
1.940900E-2 -1.058089E+0 -9.369611E-2
1.941000E-2 -2.171209E-1 -1.147539E-1
1.941100E-2 6.658955E-1 -1.231771E-1
1.941200E-2 1.464815E+0 -1.147539E-1
1.941300E-2 2.095541E+0 -9.790768E-2
1.941400E-2 2.431928E+0 -7.263828E-2
1.941500E-2 2.516025E+0 -4.315732E-2
1.941600E-2 2.305783E+0 -1.788793E-2
1.941700E-2 1.843251E+0 -1.041670E-3
1.941800E-2 1.086379E+0 1.159303E-2
1.941900E-2 2.874599E-1 2.001616E-2
1.942000E-2 -5.955565E-1 1.580459E-2
1.942100E-2 -1.352428E+0 -5.253235E-3
1.942200E-2 -2.025202E+0 -2.209950E-2
1.942300E-2 -2.403638E+0 -6.000359E-2
1.942400E-2 -2.529783E+0 -9.790768E-2
1.942500E-2 -2.361589E+0 -1.358118E-1
1.942600E-2 -1.899057E+0 -1.526580E-1
1.942700E-2 -1.226282E+0 -1.526580E-1
1.942800E-2 -3.853145E-1 -1.273886E-1
1.942900E-2 4.977019E-1 -7.684985E-2
1.943000E-2 1.338670E+0 -1.788793E-2
1.943100E-2 2.011444E+0 3.686242E-2
1.943200E-2 2.431928E+0 8.318964E-2
1.943300E-2 2.558073E+0 1.337284E-1
1.943400E-2 2.389880E+0 1.589978E-1
1.943500E-2 1.927347E+0 1.758441E-1
1.943600E-2 1.254573E+0 1.884788E-1
1.943700E-2 4.556535E-1 1.926903E-1
1.943800E-2 -4.273629E-1 1.842672E-1
1.943900E-2 -1.268331E+0 1.674209E-1
1.944000E-2 -1.941105E+0 1.379400E-1
1.944100E-2 -2.361589E+0 1.000359E-1
1.944200E-2 -2.529783E+0 5.792025E-2
1.944300E-2 -2.403638E+0 2.001616E-2
1.944400E-2 -1.983154E+0 -1.367637E-2
1.944500E-2 -1.352428E+0 -4.315732E-2
1.944600E-2 -5.114597E-1 -6.421515E-2
1.944700E-2 3.295083E-1 -7.263828E-2
1.944800E-2 1.170476E+0 -7.263828E-2
1.944900E-2 1.885299E+0 -6.421515E-2
1.945000E-2 2.347831E+0 -4.315732E-2
1.945100E-2 2.516025E+0 -1.788793E-2
1.945200E-2 2.431928E+0 3.169895E-3
1.945300E-2 2.011444E+0 2.422772E-2
1.945400E-2 1.380718E+0 4.107398E-2
1.945500E-2 6.238471E-1 5.370868E-2
1.945600E-2 -2.591693E-1 4.949712E-2
1.945700E-2 -1.100137E+0 3.686242E-2
1.945800E-2 -1.857008E+0 7.381461E-3
1.945900E-2 -2.319541E+0 -1.788793E-2
1.946000E-2 -2.529783E+0 -5.158046E-2
1.946100E-2 -2.445686E+0 -9.369611E-2
1.946200E-2 -2.067250E+0 -1.316002E-1
1.946300E-2 -1.478573E+0 -1.610812E-1
1.946400E-2 -6.796533E-1 -1.779274E-1
1.946500E-2 1.613147E-1 -1.652927E-1
1.946600E-2 1.044331E+0 -1.358118E-1
1.946700E-2 1.759154E+0 -8.948455E-2
1.946800E-2 2.305783E+0 -3.052263E-2
1.946900E-2 2.516025E+0 2.422772E-2
1.947000E-2 2.473977E+0 7.476651E-2
1.947100E-2 2.095541E+0 1.126706E-1
1.947200E-2 1.506863E+0 1.337284E-1
1.947300E-2 7.499922E-1 1.379400E-1
1.947400E-2 -9.097572E-2 1.379400E-1
1.947500E-2 -9.739921E-1 1.253053E-1
1.947600E-2 -1.688815E+0 1.000359E-1
1.947700E-2 -2.235444E+0 6.634338E-2
1.947800E-2 -2.529783E+0 2.843929E-2
1.947900E-2 -2.487734E+0 -1.367637E-2
1.948000E-2 -2.151347E+0 -4.736889E-2
1.948100E-2 -1.604718E+0 -8.106141E-2
1.948200E-2 -8.057985E-1 -1.021192E-1
1.948300E-2 -6.878924E-3 -1.189655E-1
1.948400E-2 8.761374E-1 -1.189655E-1
1.948500E-2 1.675057E+0 -1.063308E-1
1.948600E-2 2.179638E+0 -9.369611E-2
1.948700E-2 2.473977E+0 -6.421515E-2
1.948800E-2 2.516025E+0 -3.473419E-2
1.948900E-2 2.179638E+0 -1.367637E-2
1.949000E-2 1.675057E+0 3.169895E-3
1.949100E-2 9.181858E-1 1.159303E-2
1.949200E-2 3.516947E-2 2.001616E-2
1.949300E-2 -8.478469E-1 7.381461E-3
1.949400E-2 -1.562670E+0 -5.253235E-3
1.949500E-2 -2.151347E+0 -3.052263E-2
1.949600E-2 -2.529783E+0 -6.842672E-2
1.949700E-2 -2.529783E+0 -1.105424E-1
1.949800E-2 -2.235444E+0 -1.442349E-1
1.949900E-2 -1.730863E+0 -1.526580E-1
1.950000E-2 -9.739921E-1 -1.484465E-1
1.950100E-2 -1.330241E-1 -1.105424E-1
1.950200E-2 7.499922E-1 -6.000359E-2
1.950300E-2 1.548912E+0 -1.041670E-3
1.950400E-2 2.137589E+0 4.949712E-2
1.950500E-2 2.473977E+0 1.042475E-1
1.950600E-2 2.516025E+0 1.379400E-1
1.950700E-2 2.305783E+0 1.674209E-1
1.950800E-2 1.759154E+0 1.842672E-1
1.950900E-2 1.002283E+0 1.926903E-1
1.951000E-2 2.033631E-1 1.969019E-1
1.951100E-2 -6.796533E-1 1.842672E-1
1.951200E-2 -1.436524E+0 1.589978E-1
1.951300E-2 -2.067250E+0 1.253053E-1
1.951400E-2 -2.445686E+0 8.740121E-2
1.951500E-2 -2.529783E+0 4.949712E-2
1.951600E-2 -2.319541E+0 7.381461E-3
1.951700E-2 -1.857008E+0 -2.209950E-2
1.951800E-2 -1.100137E+0 -4.736889E-2
1.951900E-2 -3.012177E-1 -6.842672E-2
1.952000E-2 6.238471E-1 -7.263828E-2
1.952100E-2 1.422767E+0 -6.842672E-2
1.952200E-2 2.011444E+0 -6.000359E-2
1.952300E-2 2.431928E+0 -3.473419E-2
1.952400E-2 2.516025E+0 -9.464801E-3
1.952500E-2 2.347831E+0 1.159303E-2
1.952600E-2 1.885299E+0 3.265085E-2
1.952700E-2 1.170476E+0 4.949712E-2
1.952800E-2 3.295083E-1 5.370868E-2
1.952900E-2 -5.114597E-1 4.949712E-2
1.953000E-2 -1.310379E+0 3.265085E-2
1.953100E-2 -1.983154E+0 3.169895E-3
1.953200E-2 -2.403638E+0 -2.631106E-2
1.953300E-2 -2.529783E+0 -6.421515E-2
1.953400E-2 -2.403638E+0 -1.063308E-1
1.953500E-2 -1.941105E+0 -1.442349E-1
1.953600E-2 -1.268331E+0 -1.695043E-1
1.953700E-2 -4.694113E-1 -1.779274E-1
1.953800E-2 4.136051E-1 -1.652927E-1
1.953900E-2 1.254573E+0 -1.273886E-1
1.954000E-2 1.927347E+0 -7.263828E-2
1.954100E-2 2.347831E+0 -1.367637E-2
1.954200E-2 2.516025E+0 3.686242E-2
1.954300E-2 2.389880E+0 9.161277E-2
1.954400E-2 2.011444E+0 1.168822E-1
1.954500E-2 1.338670E+0 1.379400E-1
1.954600E-2 4.977019E-1 1.379400E-1
1.954700E-2 -3.432661E-1 1.337284E-1
1.954800E-2 -1.184234E+0 1.210937E-1
1.954900E-2 -1.857008E+0 9.161277E-2
1.955000E-2 -2.361589E+0 5.792025E-2
1.955100E-2 -2.529783E+0 1.580459E-2
1.955200E-2 -2.403638E+0 -1.788793E-2
1.955300E-2 -2.025202E+0 -5.579202E-2
1.955400E-2 -1.394476E+0 -8.527298E-2
1.955500E-2 -5.955565E-1 -1.063308E-1
1.955600E-2 2.874599E-1 -1.147539E-1
1.955700E-2 1.128428E+0 -1.147539E-1
1.955800E-2 1.843251E+0 -1.021192E-1
1.955900E-2 2.347831E+0 -8.106141E-2
1.956000E-2 2.516025E+0 -5.579202E-2
1.956100E-2 2.431928E+0 -2.631106E-2
1.956200E-2 2.053493E+0 -1.041670E-3
1.956300E-2 1.464815E+0 7.381461E-3
1.956400E-2 6.658955E-1 2.001616E-2
1.956500E-2 -1.750725E-1 1.580459E-2
1.956600E-2 -1.016040E+0 3.169895E-3
1.956700E-2 -1.772912E+0 -1.367637E-2
1.956800E-2 -2.277492E+0 -4.736889E-2
1.956900E-2 -2.529783E+0 -8.106141E-2
1.957000E-2 -2.487734E+0 -1.231771E-1
1.957100E-2 -2.109299E+0 -1.484465E-1
1.957200E-2 -1.520621E+0 -1.568696E-1
1.957300E-2 -7.217017E-1 -1.400233E-1
1.957400E-2 1.192663E-1 -9.790768E-2
1.957500E-2 1.002283E+0 -4.315732E-2
1.957600E-2 1.675057E+0 1.580459E-2
1.957700E-2 2.263735E+0 5.792025E-2
1.957800E-2 2.516025E+0 1.210937E-1
1.957900E-2 2.516025E+0 1.421516E-1
1.958000E-2 2.137589E+0 1.716325E-1
1.958100E-2 1.590960E+0 1.842672E-1
1.958200E-2 8.340890E-1 1.926903E-1
1.958300E-2 -6.878924E-3 1.926903E-1
1.958400E-2 -8.898953E-1 1.758441E-1
1.958500E-2 -1.646766E+0 1.505747E-1
1.958600E-2 -2.193396E+0 1.168822E-1
1.958700E-2 -2.529783E+0 7.897807E-2
1.958800E-2 -2.529783E+0 3.686242E-2
1.958900E-2 -2.193396E+0 -5.253235E-3
1.959000E-2 -1.646766E+0 -3.052263E-2
1.959100E-2 -9.319437E-1 -5.158046E-2
1.959200E-2 -4.892732E-2 -7.263828E-2
1.959300E-2 8.340890E-1 -7.263828E-2
1.959400E-2 1.590960E+0 -6.842672E-2
1.959500E-2 2.179638E+0 -5.158046E-2
1.959600E-2 2.516025E+0 -3.052263E-2
1.959700E-2 2.516025E+0 -1.041670E-3
1.959800E-2 2.263735E+0 2.001616E-2
1.959900E-2 1.675057E+0 3.686242E-2
1.960000E-2 1.002283E+0 4.949712E-2
1.960100E-2 1.192663E-1 5.370868E-2
1.960200E-2 -7.217017E-1 4.528555E-2
1.960300E-2 -1.520621E+0 2.422772E-2
1.960400E-2 -2.151347E+0 -9.464801E-3
1.960500E-2 -2.487734E+0 -3.894576E-2
1.960600E-2 -2.529783E+0 -7.684985E-2
1.960700E-2 -2.277492E+0 -1.147539E-1
1.960800E-2 -1.772912E+0 -1.484465E-1
1.960900E-2 -1.058089E+0 -1.737159E-1
1.961000E-2 -1.750725E-1 -1.737159E-1
1.961100E-2 6.658955E-1 -1.526580E-1
1.961200E-2 1.464815E+0 -1.147539E-1
1.961300E-2 2.095541E+0 -5.579202E-2
1.961400E-2 2.431928E+0 3.169895E-3
1.961500E-2 2.516025E+0 4.949712E-2
1.961600E-2 2.347831E+0 1.042475E-1
1.961700E-2 1.801202E+0 1.253053E-1
1.961800E-2 1.128428E+0 1.379400E-1
1.961900E-2 2.874599E-1 1.379400E-1
1.962000E-2 -5.955565E-1 1.337284E-1
1.962100E-2 -1.394476E+0 1.126706E-1
1.962200E-2 -2.025202E+0 8.318964E-2
1.962300E-2 -2.445686E+0 4.528555E-2
1.962400E-2 -2.529783E+0 3.169895E-3
1.962500E-2 -2.361589E+0 -3.052263E-2
1.962600E-2 -1.857008E+0 -6.421515E-2
1.962700E-2 -1.226282E+0 -9.369611E-2
1.962800E-2 -3.432661E-1 -1.105424E-1
1.962900E-2 4.977019E-1 -1.189655E-1
1.963000E-2 1.338670E+0 -1.147539E-1
1.963100E-2 2.011444E+0 -9.790768E-2
1.963200E-2 2.431928E+0 -7.684985E-2
1.963300E-2 2.558073E+0 -4.736889E-2
1.963400E-2 2.389880E+0 -2.209950E-2
1.963500E-2 1.927347E+0 -1.041670E-3
1.963600E-2 1.254573E+0 7.381461E-3
1.963700E-2 4.556535E-1 1.580459E-2
1.963800E-2 -4.694113E-1 1.580459E-2
1.963900E-2 -1.226282E+0 -1.041670E-3
1.964000E-2 -1.941105E+0 -1.788793E-2
1.964100E-2 -2.361589E+0 -5.158046E-2
1.964200E-2 -2.529783E+0 -9.369611E-2
1.964300E-2 -2.361589E+0 -1.316002E-1
1.964400E-2 -1.983154E+0 -1.526580E-1
1.964500E-2 -1.352428E+0 -1.526580E-1
1.964600E-2 -5.114597E-1 -1.273886E-1
1.964700E-2 3.295083E-1 -8.527298E-2
1.964800E-2 1.170476E+0 -2.631106E-2
1.964900E-2 1.885299E+0 2.422772E-2
1.965000E-2 2.347831E+0 7.476651E-2
1.965100E-2 2.516025E+0 1.253053E-1
1.965200E-2 2.431928E+0 1.547863E-1
1.965300E-2 2.011444E+0 1.716325E-1
1.965400E-2 1.380718E+0 1.884788E-1
1.965500E-2 5.817987E-1 1.926903E-1
1.965600E-2 -2.591693E-1 1.842672E-1
1.965700E-2 -1.100137E+0 1.716325E-1
1.965800E-2 -1.814960E+0 1.379400E-1
1.965900E-2 -2.319541E+0 1.084590E-1
1.966000E-2 -2.529783E+0 7.055494E-2
1.966100E-2 -2.445686E+0 2.843929E-2
1.966200E-2 -2.067250E+0 -9.464801E-3
1.966300E-2 -1.436524E+0 -3.894576E-2
1.966400E-2 -6.796533E-1 -6.000359E-2
1.966500E-2 1.613147E-1 -7.684985E-2
1.966600E-2 1.044331E+0 -7.263828E-2
1.966700E-2 1.759154E+0 -6.421515E-2
1.966800E-2 2.263735E+0 -4.736889E-2
1.966900E-2 2.516025E+0 -2.209950E-2
1.967000E-2 2.431928E+0 3.169895E-3
1.967100E-2 2.095541E+0 2.001616E-2
1.967200E-2 1.506863E+0 3.686242E-2
1.967300E-2 7.499922E-1 5.370868E-2
1.967400E-2 -1.330241E-1 4.949712E-2
1.967500E-2 -9.739921E-1 3.686242E-2
1.967600E-2 -1.688815E+0 1.580459E-2
1.967700E-2 -2.235444E+0 -1.367637E-2
1.967800E-2 -2.529783E+0 -5.158046E-2
1.967900E-2 -2.529783E+0 -8.527298E-2
1.968000E-2 -2.193396E+0 -1.273886E-1
1.968100E-2 -1.604718E+0 -1.610812E-1
1.968200E-2 -8.478469E-1 -1.779274E-1
1.968300E-2 3.516947E-2 -1.695043E-1
1.968400E-2 8.761374E-1 -1.442349E-1
1.968500E-2 1.675057E+0 -9.369611E-2
1.968600E-2 2.179638E+0 -3.894576E-2
1.968700E-2 2.473977E+0 1.580459E-2
1.968800E-2 2.516025E+0 6.213181E-2
1.968900E-2 2.179638E+0 1.084590E-1
1.969000E-2 1.633009E+0 1.337284E-1
1.969100E-2 9.181858E-1 1.379400E-1
1.969200E-2 -6.878924E-3 1.379400E-1
1.969300E-2 -8.478469E-1 1.295169E-1
1.969400E-2 -1.562670E+0 1.084590E-1
1.969500E-2 -2.193396E+0 7.476651E-2
1.969600E-2 -2.487734E+0 3.686242E-2
1.969700E-2 -2.529783E+0 -5.253235E-3
1.969800E-2 -2.235444E+0 -3.894576E-2
1.969900E-2 -1.688815E+0 -7.263828E-2
1.970000E-2 -1.016040E+0 -1.021192E-1
1.970100E-2 -1.330241E-1 -1.147539E-1
1.970200E-2 7.499922E-1 -1.189655E-1
1.970300E-2 1.506863E+0 -1.147539E-1
1.970400E-2 2.137589E+0 -9.790768E-2
1.970500E-2 2.473977E+0 -6.842672E-2
1.970600E-2 2.516025E+0 -3.894576E-2
1.970700E-2 2.263735E+0 -1.367637E-2
1.970800E-2 1.759154E+0 3.169895E-3
1.970900E-2 1.002283E+0 1.580459E-2
1.971000E-2 2.033631E-1 1.580459E-2
1.971100E-2 -6.796533E-1 1.159303E-2
1.971200E-2 -1.436524E+0 -5.253235E-3
1.971300E-2 -2.067250E+0 -3.052263E-2
1.971400E-2 -2.445686E+0 -6.421515E-2
1.971500E-2 -2.529783E+0 -1.021192E-1
1.971600E-2 -2.319541E+0 -1.400233E-1
1.971700E-2 -1.814960E+0 -1.568696E-1
1.971800E-2 -1.142186E+0 -1.526580E-1
1.971900E-2 -2.591693E-1 -1.189655E-1
1.972000E-2 5.817987E-1 -6.842672E-2
1.972100E-2 1.422767E+0 -1.367637E-2
1.972200E-2 2.011444E+0 3.686242E-2
1.972300E-2 2.431928E+0 9.161277E-2
1.972400E-2 2.558073E+0 1.379400E-1
1.972500E-2 2.347831E+0 1.589978E-1
1.972600E-2 1.843251E+0 1.758441E-1
1.972700E-2 1.170476E+0 1.884788E-1
1.972800E-2 3.295083E-1 1.926903E-1
1.972900E-2 -5.114597E-1 1.842672E-1
1.973000E-2 -1.310379E+0 1.589978E-1
1.973100E-2 -1.983154E+0 1.337284E-1
1.973200E-2 -2.403638E+0 9.582434E-2
1.973300E-2 -2.571831E+0 5.370868E-2
1.973400E-2 -2.403638E+0 1.580459E-2
1.973500E-2 -1.941105E+0 -1.367637E-2
1.973600E-2 -1.268331E+0 -4.736889E-2
1.973700E-2 -4.273629E-1 -6.421515E-2
1.973800E-2 4.556535E-1 -7.263828E-2
1.973900E-2 1.254573E+0 -6.842672E-2
1.974000E-2 1.927347E+0 -6.000359E-2
1.974100E-2 2.347831E+0 -3.894576E-2
1.974200E-2 2.516025E+0 -1.367637E-2
1.974300E-2 2.389880E+0 3.169895E-3
1.974400E-2 1.969396E+0 2.843929E-2
1.974500E-2 1.338670E+0 4.528555E-2
1.974600E-2 4.977019E-1 5.370868E-2
1.974700E-2 -3.432661E-1 4.949712E-2
1.974800E-2 -1.184234E+0 3.265085E-2
1.974900E-2 -1.857008E+0 7.381461E-3
1.975000E-2 -2.361589E+0 -1.788793E-2
1.975100E-2 -2.529783E+0 -6.000359E-2
1.975200E-2 -2.403638E+0 -9.790768E-2
1.975300E-2 -2.025202E+0 -1.358118E-1
1.975400E-2 -1.436524E+0 -1.652927E-1
1.975500E-2 -5.955565E-1 -1.779274E-1
1.975600E-2 2.454115E-1 -1.652927E-1
1.975700E-2 1.086379E+0 -1.316002E-1
1.975800E-2 1.801202E+0 -8.527298E-2
1.975900E-2 2.305783E+0 -2.209950E-2
1.976000E-2 2.516025E+0 2.422772E-2
1.976100E-2 2.431928E+0 8.318964E-2
1.976200E-2 2.095541E+0 1.168822E-1
1.976300E-2 1.422767E+0 1.337284E-1
1.976400E-2 6.658955E-1 1.379400E-1
1.976500E-2 -2.171209E-1 1.337284E-1
1.976600E-2 -1.016040E+0 1.210937E-1
1.976700E-2 -1.772912E+0 1.000359E-1
1.976800E-2 -2.277492E+0 6.634338E-2
1.976900E-2 -2.529783E+0 2.422772E-2
1.977000E-2 -2.445686E+0 -1.367637E-2
1.977100E-2 -2.109299E+0 -5.158046E-2
1.977200E-2 -1.520621E+0 -8.106141E-2
1.977300E-2 -7.637501E-1 -1.063308E-1
1.977400E-2 1.192663E-1 -1.189655E-1
1.977500E-2 1.002283E+0 -1.189655E-1
1.977600E-2 1.675057E+0 -1.063308E-1
1.977700E-2 2.221686E+0 -8.527298E-2
1.977800E-2 2.516025E+0 -6.000359E-2
1.977900E-2 2.473977E+0 -3.052263E-2
1.978000E-2 2.179638E+0 -9.464801E-3
1.978100E-2 1.590960E+0 3.169895E-3
1.978200E-2 8.340890E-1 1.580459E-2
1.978300E-2 -6.878924E-3 1.580459E-2
1.978400E-2 -8.898953E-1 7.381461E-3
1.978500E-2 -1.646766E+0 -9.464801E-3
1.978600E-2 -2.193396E+0 -3.473419E-2
1.978700E-2 -2.529783E+0 -7.684985E-2
1.978800E-2 -2.529783E+0 -1.147539E-1
1.978900E-2 -2.193396E+0 -1.442349E-1
1.979000E-2 -1.646766E+0 -1.568696E-1
1.979100E-2 -9.319437E-1 -1.442349E-1
1.979200E-2 -4.892732E-2 -1.105424E-1
1.979300E-2 8.340890E-1 -5.579202E-2
1.979400E-2 1.590960E+0 3.169895E-3
1.979500E-2 2.179638E+0 4.949712E-2
1.979600E-2 2.516025E+0 1.084590E-1
1.979700E-2 2.516025E+0 1.421516E-1
1.979800E-2 2.221686E+0 1.674209E-1
1.979900E-2 1.675057E+0 1.842672E-1
1.980000E-2 9.602342E-1 1.926903E-1
1.980100E-2 1.192663E-1 1.926903E-1
1.980200E-2 -7.637501E-1 1.800556E-1
1.980300E-2 -1.520621E+0 1.547863E-1
1.980400E-2 -2.109299E+0 1.210937E-1
1.980500E-2 -2.487734E+0 8.740121E-2
1.980600E-2 -2.529783E+0 4.528555E-2
1.980700E-2 -2.277492E+0 3.169895E-3
1.980800E-2 -1.772912E+0 -2.631106E-2
1.980900E-2 -1.058089E+0 -5.158046E-2
1.981000E-2 -2.171209E-1 -6.842672E-2
1.981100E-2 6.658955E-1 -7.263828E-2
1.981200E-2 1.464815E+0 -6.842672E-2
1.981300E-2 2.095541E+0 -6.000359E-2
1.981400E-2 2.431928E+0 -3.052263E-2
1.981500E-2 2.516025E+0 -5.253235E-3
1.981600E-2 2.305783E+0 7.381461E-3
1.981700E-2 1.801202E+0 3.265085E-2
1.981800E-2 1.086379E+0 4.949712E-2
1.981900E-2 2.874599E-1 5.370868E-2
1.982000E-2 -5.955565E-1 4.528555E-2
1.982100E-2 -1.394476E+0 2.843929E-2
1.982200E-2 -2.025202E+0 -1.041670E-3
1.982300E-2 -2.403638E+0 -3.052263E-2
1.982400E-2 -2.529783E+0 -6.842672E-2
1.982500E-2 -2.361589E+0 -1.105424E-1
1.982600E-2 -1.899057E+0 -1.442349E-1
1.982700E-2 -1.184234E+0 -1.695043E-1
1.982800E-2 -3.432661E-1 -1.779274E-1
1.982900E-2 5.397503E-1 -1.568696E-1
1.983000E-2 1.338670E+0 -1.189655E-1
1.983100E-2 2.011444E+0 -6.842672E-2
1.983200E-2 2.389880E+0 -9.464801E-3
1.983300E-2 2.516025E+0 4.107398E-2
1.983400E-2 2.347831E+0 1.000359E-1
1.983500E-2 1.927347E+0 1.210937E-1
1.983600E-2 1.254573E+0 1.337284E-1
1.983700E-2 4.556535E-1 1.379400E-1
1.983800E-2 -4.273629E-1 1.337284E-1
1.983900E-2 -1.268331E+0 1.168822E-1
1.984000E-2 -1.899057E+0 8.740121E-2
1.984100E-2 -2.361589E+0 5.370868E-2
1.984200E-2 -2.529783E+0 1.580459E-2
1.984300E-2 -2.403638E+0 -2.631106E-2
1.984400E-2 -1.983154E+0 -6.000359E-2
1.984500E-2 -1.352428E+0 -8.948455E-2
1.984600E-2 -5.535081E-1 -1.105424E-1
1.984700E-2 3.295083E-1 -1.189655E-1
1.984800E-2 1.170476E+0 -1.189655E-1
1.984900E-2 1.885299E+0 -1.021192E-1
1.985000E-2 2.347831E+0 -8.106141E-2
1.985100E-2 2.516025E+0 -5.158046E-2
1.985200E-2 2.431928E+0 -2.631106E-2
1.985300E-2 2.011444E+0 -1.041670E-3
1.985400E-2 1.338670E+0 7.381461E-3
1.985500E-2 5.817987E-1 1.580459E-2
1.985600E-2 -3.012177E-1 1.580459E-2
1.985700E-2 -1.100137E+0 3.169895E-3
1.985800E-2 -1.857008E+0 -1.367637E-2
1.985900E-2 -2.319541E+0 -4.736889E-2
1.986000E-2 -2.529783E+0 -8.527298E-2
1.986100E-2 -2.445686E+0 -1.231771E-1
1.986200E-2 -2.067250E+0 -1.484465E-1
1.986300E-2 -1.436524E+0 -1.568696E-1
1.986400E-2 -6.796533E-1 -1.358118E-1
1.986500E-2 1.613147E-1 -9.790768E-2
1.986600E-2 1.044331E+0 -3.894576E-2
1.986700E-2 1.759154E+0 1.580459E-2
1.986800E-2 2.263735E+0 6.634338E-2
1.986900E-2 2.516025E+0 1.210937E-1
1.987000E-2 2.473977E+0 1.505747E-1
1.987100E-2 2.137589E+0 1.716325E-1
1.987200E-2 1.506863E+0 1.842672E-1
1.987300E-2 7.499922E-1 1.969019E-1
1.987400E-2 -1.330241E-1 1.884788E-1
1.987500E-2 -9.739921E-1 1.716325E-1
1.987600E-2 -1.688815E+0 1.463631E-1
1.987700E-2 -2.277492E+0 1.126706E-1
1.987800E-2 -2.529783E+0 7.476651E-2
1.987900E-2 -2.487734E+0 3.265085E-2
1.988000E-2 -2.193396E+0 -5.253235E-3
1.988100E-2 -1.604718E+0 -3.052263E-2
1.988200E-2 -8.478469E-1 -5.579202E-2
1.988300E-2 3.516947E-2 -7.263828E-2
1.988400E-2 9.181858E-1 -7.263828E-2
1.988500E-2 1.675057E+0 -6.842672E-2
1.988600E-2 2.179638E+0 -5.158046E-2
1.988700E-2 2.516025E+0 -2.631106E-2
1.988800E-2 2.473977E+0 -1.041670E-3
1.988900E-2 2.179638E+0 2.001616E-2
1.989000E-2 1.633009E+0 3.686242E-2
1.989100E-2 8.761374E-1 4.949712E-2
1.989200E-2 3.516947E-2 5.370868E-2
1.989300E-2 -8.057985E-1 4.107398E-2
1.989400E-2 -1.562670E+0 2.001616E-2
1.989500E-2 -2.151347E+0 -9.464801E-3
1.989600E-2 -2.487734E+0 -3.894576E-2
1.989700E-2 -2.529783E+0 -8.106141E-2
1.989800E-2 -2.235444E+0 -1.189655E-1
1.989900E-2 -1.730863E+0 -1.526580E-1
1.990000E-2 -1.016040E+0 -1.779274E-1
1.990100E-2 -1.330241E-1 -1.695043E-1
1.990200E-2 7.499922E-1 -1.484465E-1
1.990300E-2 1.506863E+0 -1.063308E-1
1.990400E-2 2.137589E+0 -5.158046E-2
1.990500E-2 2.473977E+0 3.169895E-3
1.990600E-2 2.516025E+0 5.370868E-2
1.990700E-2 2.305783E+0 1.042475E-1
1.990800E-2 1.801202E+0 1.295169E-1
1.990900E-2 1.044331E+0 1.379400E-1
1.991000E-2 2.033631E-1 1.379400E-1
1.991100E-2 -6.796533E-1 1.253053E-1
1.991200E-2 -1.436524E+0 1.126706E-1
1.991300E-2 -2.067250E+0 8.318964E-2
1.991400E-2 -2.445686E+0 4.528555E-2
1.991500E-2 -2.529783E+0 3.169895E-3
1.991600E-2 -2.277492E+0 -3.052263E-2
1.991700E-2 -1.814960E+0 -6.842672E-2
1.991800E-2 -1.100137E+0 -9.369611E-2
1.991900E-2 -3.012177E-1 -1.105424E-1
1.992000E-2 5.817987E-1 -1.189655E-1
1.992100E-2 1.380718E+0 -1.105424E-1
1.992200E-2 2.011444E+0 -9.790768E-2
1.992300E-2 2.431928E+0 -7.263828E-2
1.992400E-2 2.516025E+0 -4.736889E-2
1.992500E-2 2.347831E+0 -1.788793E-2
1.992600E-2 1.843251E+0 -1.041670E-3
1.992700E-2 1.170476E+0 1.159303E-2
1.992800E-2 3.715567E-1 2.001616E-2
1.992900E-2 -5.114597E-1 1.580459E-2
1.993000E-2 -1.352428E+0 -1.041670E-3
1.993100E-2 -1.983154E+0 -2.631106E-2
1.993200E-2 -2.403638E+0 -5.579202E-2
1.993300E-2 -2.529783E+0 -9.790768E-2
1.993400E-2 -2.361589E+0 -1.358118E-1
1.993500E-2 -1.941105E+0 -1.526580E-1
1.993600E-2 -1.268331E+0 -1.526580E-1
1.993700E-2 -4.694113E-1 -1.273886E-1
1.993800E-2 4.136051E-1 -8.106141E-2
1.993900E-2 1.254573E+0 -2.209950E-2
1.994000E-2 1.927347E+0 3.265085E-2
1.994100E-2 2.347831E+0 7.897807E-2
1.994200E-2 2.558073E+0 1.295169E-1
1.994300E-2 2.431928E+0 1.547863E-1
1.994400E-2 1.969396E+0 1.758441E-1
1.994500E-2 1.338670E+0 1.884788E-1
1.994600E-2 4.977019E-1 1.969019E-1
1.994700E-2 -3.432661E-1 1.884788E-1
1.994800E-2 -1.184234E+0 1.674209E-1
1.994900E-2 -1.857008E+0 1.379400E-1
1.995000E-2 -2.361589E+0 1.042475E-1
1.995100E-2 -2.529783E+0 6.213181E-2
1.995200E-2 -2.403638E+0 2.422772E-2
1.995300E-2 -2.025202E+0 -1.367637E-2
1.995400E-2 -1.394476E+0 -3.894576E-2
1.995500E-2 -5.955565E-1 -6.000359E-2
1.995600E-2 2.874599E-1 -7.263828E-2
1.995700E-2 1.128428E+0 -6.842672E-2
1.995800E-2 1.843251E+0 -6.421515E-2
1.995900E-2 2.305783E+0 -4.315732E-2
1.996000E-2 2.516025E+0 -1.788793E-2
1.996100E-2 2.473977E+0 3.169895E-3
1.996200E-2 2.095541E+0 2.422772E-2
1.996300E-2 1.464815E+0 4.107398E-2
1.996400E-2 6.658955E-1 4.949712E-2
1.996500E-2 -2.171209E-1 4.949712E-2
1.996600E-2 -1.058089E+0 3.686242E-2
1.996700E-2 -1.730863E+0 1.580459E-2
1.996800E-2 -2.277492E+0 -1.367637E-2
1.996900E-2 -2.529783E+0 -5.158046E-2
1.997000E-2 -2.445686E+0 -8.948455E-2
1.997100E-2 -2.151347E+0 -1.316002E-1
1.997200E-2 -1.520621E+0 -1.610812E-1
1.997300E-2 -7.637501E-1 -1.779274E-1
1.997400E-2 7.721787E-2 -1.695043E-1
1.997500E-2 1.002283E+0 -1.400233E-1
1.997600E-2 1.675057E+0 -9.369611E-2
1.997700E-2 2.263735E+0 -3.473419E-2
1.997800E-2 2.516025E+0 2.001616E-2
1.997900E-2 2.473977E+0 6.634338E-2
1.998000E-2 2.137589E+0 1.126706E-1
1.998100E-2 1.590960E+0 1.337284E-1
1.998200E-2 8.340890E-1 1.379400E-1
1.998300E-2 -6.878924E-3 1.379400E-1
1.998400E-2 -8.898953E-1 1.253053E-1
1.998500E-2 -1.646766E+0 1.042475E-1
1.998600E-2 -2.193396E+0 7.055494E-2
1.998700E-2 -2.529783E+0 3.265085E-2
1.998800E-2 -2.529783E+0 -9.464801E-3
1.998900E-2 -2.193396E+0 -4.315732E-2
1.999000E-2 -1.646766E+0 -7.684985E-2
1.999100E-2 -8.898953E-1 -1.021192E-1
1.999200E-2 -4.892732E-2 -1.147539E-1
1.999300E-2 8.340890E-1 -1.189655E-1
1.999400E-2 1.590960E+0 -1.105424E-1
1.999500E-2 2.179638E+0 -9.369611E-2
1.999600E-2 2.473977E+0 -6.842672E-2
1.999700E-2 2.516025E+0 -3.894576E-2
1.999800E-2 2.263735E+0 -1.367637E-2
1.999900E-2 1.675057E+0 -1.041670E-3
