***************************
*  Quantum Hall Effect    *
***************************

Starting measurement: 12-01-2025 17:16:11

LockIn 1: Time Constant: 100 ms  6dB/Oct, Sensitivity: 100µV
LockIn 2: Time Constant: 100 ms  6dB/Oct, Sensitivity:  30mV
LockIn 3: Time Constant: 100 ms  6dB/Oct, Sensitivity:   3mV

Column: |  Data 
-----------------------------------------------------
   1    |  Time (absolute)
   2    |  Magnet Current in A
   3    |  Magnetic Field in T
   4    |  Lockin 1: meas. output voltage in V
   5    |  Lockin 2: meas. output voltage in V
   6    |  Lockin 3: meas. output voltage in V
   7    |  Lockin 1: calc. input voltage in V
   8    |  Lockin 2: calc. input voltage in V
   9    |  Lockin 3: calc. input voltage in V
  10    |  calc. Current in A (from Lockin 1)
  11    |  calc. Hall resistance Rxy in Ohm (from Lockin 2)
  12    |  calc. long. resistance Rxx in Ohm (from Lockin 3)


17:16:11	7.389110e+01	8.999936e+00	9.030481e+00	6.918422e+00	6.298531e+00	9.030481e-05	2.075527e-02	1.889559e-03	9.030481e-07	2.298357e+04	2.092424e+03
17:16:12	7.389170e+01	9.000009e+00	9.019403e+00	6.919921e+00	6.295858e+00	9.019403e-05	2.075976e-02	1.888757e-03	9.019403e-07	2.301678e+04	2.094105e+03
17:16:12	7.389210e+01	9.000058e+00	9.005324e+00	6.920713e+00	6.289669e+00	9.005324e-05	2.076214e-02	1.886901e-03	9.005324e-07	2.305540e+04	2.095317e+03
17:16:12	7.389150e+01	8.999985e+00	9.000727e+00	6.920875e+00	6.288099e+00	9.000727e-05	2.076262e-02	1.886430e-03	9.000727e-07	2.306772e+04	2.095864e+03
17:16:12	7.389150e+01	8.999985e+00	8.999063e+00	6.920463e+00	6.289039e+00	8.999063e-05	2.076139e-02	1.886712e-03	8.999063e-07	2.307061e+04	2.096565e+03
17:16:12	7.389150e+01	8.999985e+00	9.004769e+00	6.920294e+00	6.286999e+00	9.004769e-05	2.076088e-02	1.886100e-03	9.004769e-07	2.305543e+04	2.094556e+03
17:16:13	7.389130e+01	8.999960e+00	9.007601e+00	6.920781e+00	6.283200e+00	9.007601e-05	2.076234e-02	1.884960e-03	9.007601e-07	2.304980e+04	2.092633e+03
17:16:13	7.389190e+01	9.000033e+00	9.013956e+00	6.920203e+00	6.284774e+00	9.013956e-05	2.076061e-02	1.885432e-03	9.013956e-07	2.303163e+04	2.091681e+03
17:16:13	7.389130e+01	8.999960e+00	9.016133e+00	6.918961e+00	6.287667e+00	9.016133e-05	2.075688e-02	1.886300e-03	9.016133e-07	2.302194e+04	2.092139e+03
17:16:13	7.389170e+01	9.000009e+00	9.034082e+00	6.917498e+00	6.291229e+00	9.034082e-05	2.075249e-02	1.887369e-03	9.034082e-07	2.297134e+04	2.089165e+03
17:16:14	7.389150e+01	8.999985e+00	9.053539e+00	6.916216e+00	6.297723e+00	9.053539e-05	2.074865e-02	1.889317e-03	9.053539e-07	2.291772e+04	2.086827e+03
17:16:14	7.389150e+01	8.999985e+00	9.059239e+00	6.916074e+00	6.298058e+00	9.059239e-05	2.074822e-02	1.889417e-03	9.059239e-07	2.290283e+04	2.085625e+03
17:16:14	7.389150e+01	8.999985e+00	9.056297e+00	6.916100e+00	6.298593e+00	9.056297e-05	2.074830e-02	1.889578e-03	9.056297e-07	2.291036e+04	2.086480e+03
17:16:14	7.389170e+01	9.000009e+00	9.054970e+00	6.916431e+00	6.301087e+00	9.054970e-05	2.074929e-02	1.890326e-03	9.054970e-07	2.291481e+04	2.087612e+03
17:16:15	7.389110e+01	8.999936e+00	9.053361e+00	6.916142e+00	6.304263e+00	9.053361e-05	2.074843e-02	1.891279e-03	9.053361e-07	2.291793e+04	2.089035e+03
17:16:15	7.389170e+01	9.000009e+00	9.051612e+00	6.916148e+00	6.303916e+00	9.051612e-05	2.074845e-02	1.891175e-03	9.051612e-07	2.292237e+04	2.089324e+03
17:16:15	7.389190e+01	9.000033e+00	9.046062e+00	6.916158e+00	6.303478e+00	9.046062e-05	2.074847e-02	1.891043e-03	9.046062e-07	2.293647e+04	2.090460e+03
17:16:15	7.389170e+01	9.000009e+00	9.044920e+00	6.916275e+00	6.304500e+00	9.044920e-05	2.074882e-02	1.891350e-03	9.044920e-07	2.293975e+04	2.091063e+03
17:16:15	7.389150e+01	8.999985e+00	9.034539e+00	6.916940e+00	6.302174e+00	9.034539e-05	2.075082e-02	1.890652e-03	9.034539e-07	2.296832e+04	2.092694e+03
17:16:16	7.389170e+01	9.000009e+00	9.021573e+00	6.916862e+00	6.298463e+00	9.021573e-05	2.075059e-02	1.889539e-03	9.021573e-07	2.300107e+04	2.094467e+03
17:16:16	7.389110e+01	8.999936e+00	9.011286e+00	6.916713e+00	6.299436e+00	9.011286e-05	2.075014e-02	1.889831e-03	9.011286e-07	2.302683e+04	2.097182e+03
17:16:16	7.389130e+01	8.999960e+00	9.016233e+00	6.916732e+00	6.298885e+00	9.016233e-05	2.075020e-02	1.889665e-03	9.016233e-07	2.301426e+04	2.095848e+03
17:16:16	7.389130e+01	8.999960e+00	9.020116e+00	6.916859e+00	6.296562e+00	9.020116e-05	2.075058e-02	1.888969e-03	9.020116e-07	2.300478e+04	2.094173e+03
17:16:17	7.389190e+01	9.000033e+00	9.014040e+00	6.915938e+00	6.293211e+00	9.014040e-05	2.074781e-02	1.887963e-03	9.014040e-07	2.301722e+04	2.094470e+03
17:16:17	7.389130e+01	8.999960e+00	9.021888e+00	6.917053e+00	6.293218e+00	9.021888e-05	2.075116e-02	1.887965e-03	9.021888e-07	2.300091e+04	2.092650e+03
17:16:17	7.389190e+01	9.000033e+00	9.025735e+00	6.916291e+00	6.295378e+00	9.025735e-05	2.074887e-02	1.888613e-03	9.025735e-07	2.298857e+04	2.092476e+03
17:16:17	7.389110e+01	8.999936e+00	9.027818e+00	6.916171e+00	6.295320e+00	9.027818e-05	2.074851e-02	1.888596e-03	9.027818e-07	2.298287e+04	2.091974e+03
17:16:17	7.389150e+01	8.999985e+00	9.038052e+00	6.915895e+00	6.297808e+00	9.038052e-05	2.074769e-02	1.889342e-03	9.038052e-07	2.295593e+04	2.090431e+03
17:16:18	7.389170e+01	9.000009e+00	9.056313e+00	6.914822e+00	6.303562e+00	9.056313e-05	2.074446e-02	1.891069e-03	9.056313e-07	2.290608e+04	2.088122e+03
17:16:18	7.389150e+01	8.999985e+00	9.066359e+00	6.915010e+00	6.306096e+00	9.066359e-05	2.074503e-02	1.891829e-03	9.066359e-07	2.288132e+04	2.086647e+03
17:16:18	7.389170e+01	9.000009e+00	9.066068e+00	6.914617e+00	6.304124e+00	9.066068e-05	2.074385e-02	1.891237e-03	9.066068e-07	2.288076e+04	2.086061e+03
17:16:18	7.389130e+01	8.999960e+00	9.059729e+00	6.916116e+00	6.304649e+00	9.059729e-05	2.074835e-02	1.891395e-03	9.059729e-07	2.290173e+04	2.087695e+03
17:16:19	7.389190e+01	9.000033e+00	9.056297e+00	6.916966e+00	6.308591e+00	9.056297e-05	2.075090e-02	1.892577e-03	9.056297e-07	2.291323e+04	2.089792e+03
17:16:19	7.388910e+01	8.999692e+00	9.057137e+00	6.916710e+00	6.308192e+00	9.057137e-05	2.075013e-02	1.892457e-03	9.057137e-07	2.291025e+04	2.089465e+03
17:16:19	7.385010e+01	8.994942e+00	9.047713e+00	6.915785e+00	6.306952e+00	9.047713e-05	2.074736e-02	1.892086e-03	9.047713e-07	2.293105e+04	2.091231e+03
17:16:19	7.376870e+01	8.985028e+00	9.042623e+00	6.914601e+00	6.307806e+00	9.042623e-05	2.074380e-02	1.892342e-03	9.042623e-07	2.294003e+04	2.092691e+03
17:16:20	7.370570e+01	8.977354e+00	9.027678e+00	6.913323e+00	6.307215e+00	9.027678e-05	2.073997e-02	1.892165e-03	9.027678e-07	2.297376e+04	2.095959e+03
17:16:20	7.364990e+01	8.970558e+00	9.018238e+00	6.911763e+00	6.307523e+00	9.018238e-05	2.073529e-02	1.892257e-03	9.018238e-07	2.299261e+04	2.098256e+03
17:16:20	7.359940e+01	8.964407e+00	9.013573e+00	6.909236e+00	6.313278e+00	9.013573e-05	2.072771e-02	1.893983e-03	9.013573e-07	2.299610e+04	2.101257e+03
17:16:20	7.354260e+01	8.957489e+00	9.015390e+00	6.905197e+00	6.318261e+00	9.015390e-05	2.071559e-02	1.895478e-03	9.015390e-07	2.297803e+04	2.102492e+03
17:16:21	7.349250e+01	8.951387e+00	9.016749e+00	6.901771e+00	6.320908e+00	9.016749e-05	2.070531e-02	1.896272e-03	9.016749e-07	2.296317e+04	2.103055e+03
17:16:21	7.343780e+01	8.944724e+00	9.021567e+00	6.899585e+00	6.321310e+00	9.021567e-05	2.069875e-02	1.896393e-03	9.021567e-07	2.294364e+04	2.102066e+03
17:16:21	7.338350e+01	8.938110e+00	9.029232e+00	6.896036e+00	6.326118e+00	9.029232e-05	2.068811e-02	1.897835e-03	9.029232e-07	2.291237e+04	2.101879e+03
17:16:21	7.333420e+01	8.932106e+00	9.021210e+00	6.892639e+00	6.329154e+00	9.021210e-05	2.067792e-02	1.898746e-03	9.021210e-07	2.292145e+04	2.104758e+03
17:16:22	7.327560e+01	8.924968e+00	9.027886e+00	6.889843e+00	6.334691e+00	9.027886e-05	2.066953e-02	1.900407e-03	9.027886e-07	2.289521e+04	2.105041e+03
17:16:22	7.322210e+01	8.918452e+00	9.032366e+00	6.885516e+00	6.341053e+00	9.032366e-05	2.065655e-02	1.902316e-03	9.032366e-07	2.286948e+04	2.106110e+03
17:16:22	7.316890e+01	8.911972e+00	9.050513e+00	6.882116e+00	6.349240e+00	9.050513e-05	2.064635e-02	1.904772e-03	9.050513e-07	2.281235e+04	2.104601e+03
17:16:22	7.312130e+01	8.906174e+00	9.065279e+00	6.878700e+00	6.356594e+00	9.065279e-05	2.063610e-02	1.906978e-03	9.065279e-07	2.276389e+04	2.103607e+03
17:16:22	7.306810e+01	8.899695e+00	9.062908e+00	6.875940e+00	6.360004e+00	9.062908e-05	2.062782e-02	1.908001e-03	9.062908e-07	2.276071e+04	2.105286e+03
17:16:23	7.302110e+01	8.893970e+00	9.064922e+00	6.872504e+00	6.365736e+00	9.064922e-05	2.061751e-02	1.909721e-03	9.064922e-07	2.274428e+04	2.106715e+03
17:16:23	7.296980e+01	8.887722e+00	9.062798e+00	6.869893e+00	6.371487e+00	9.062798e-05	2.060968e-02	1.911446e-03	9.062798e-07	2.274097e+04	2.109113e+03
17:16:23	7.292250e+01	8.881960e+00	9.057617e+00	6.865601e+00	6.378806e+00	9.057617e-05	2.059680e-02	1.913642e-03	9.057617e-07	2.273976e+04	2.112743e+03
17:16:23	7.286550e+01	8.875018e+00	9.052790e+00	6.862185e+00	6.384693e+00	9.052790e-05	2.058656e-02	1.915408e-03	9.052790e-07	2.274057e+04	2.115821e+03
17:16:24	7.281850e+01	8.869293e+00	9.045734e+00	6.859266e+00	6.388064e+00	9.045734e-05	2.057780e-02	1.916419e-03	9.045734e-07	2.274862e+04	2.118589e+03
17:16:24	7.276690e+01	8.863008e+00	9.038065e+00	6.855409e+00	6.391201e+00	9.038065e-05	2.056623e-02	1.917360e-03	9.038065e-07	2.275512e+04	2.121428e+03
17:16:24	7.271460e+01	8.856638e+00	9.020068e+00	6.853946e+00	6.387499e+00	9.020068e-05	2.056184e-02	1.916250e-03	9.020068e-07	2.279566e+04	2.124430e+03
17:16:24	7.265770e+01	8.849708e+00	9.010089e+00	6.849472e+00	6.390461e+00	9.010089e-05	2.054842e-02	1.917138e-03	9.010089e-07	2.280601e+04	2.127768e+03
17:16:25	7.260680e+01	8.843508e+00	9.009444e+00	6.846014e+00	6.396829e+00	9.009444e-05	2.053804e-02	1.919049e-03	9.009444e-07	2.279613e+04	2.130041e+03
17:16:25	7.255520e+01	8.837223e+00	9.019779e+00	6.841109e+00	6.398646e+00	9.019779e-05	2.052333e-02	1.919594e-03	9.019779e-07	2.275369e+04	2.128205e+03
17:16:25	7.250840e+01	8.831523e+00	9.021596e+00	6.836954e+00	6.400446e+00	9.021596e-05	2.051086e-02	1.920134e-03	9.021596e-07	2.273529e+04	2.128375e+03
17:16:25	7.246250e+01	8.825933e+00	9.021969e+00	6.833363e+00	6.404423e+00	9.021969e-05	2.050009e-02	1.921327e-03	9.021969e-07	2.272241e+04	2.129609e+03
17:16:26	7.241080e+01	8.819635e+00	9.025031e+00	6.828572e+00	6.410878e+00	9.025031e-05	2.048571e-02	1.923264e-03	9.025031e-07	2.269877e+04	2.131033e+03
17:16:26	7.235990e+01	8.813436e+00	9.043950e+00	6.822882e+00	6.418988e+00	9.043950e-05	2.046865e-02	1.925696e-03	9.043950e-07	2.263242e+04	2.129265e+03
17:16:26	7.231380e+01	8.807821e+00	9.061831e+00	6.817717e+00	6.427296e+00	9.061831e-05	2.045315e-02	1.928189e-03	9.061831e-07	2.257066e+04	2.127814e+03
17:16:26	7.226760e+01	8.802194e+00	9.064001e+00	6.814986e+00	6.431231e+00	9.064001e-05	2.044496e-02	1.929369e-03	9.064001e-07	2.255622e+04	2.128607e+03
17:16:27	7.221710e+01	8.796043e+00	9.062934e+00	6.810766e+00	6.434520e+00	9.062934e-05	2.043230e-02	1.930356e-03	9.062934e-07	2.254490e+04	2.129946e+03
17:16:27	7.216580e+01	8.789794e+00	9.057996e+00	6.806292e+00	6.439321e+00	9.057996e-05	2.041888e-02	1.931796e-03	9.057996e-07	2.254238e+04	2.132697e+03
17:16:27	7.211450e+01	8.783546e+00	9.053432e+00	6.801786e+00	6.445994e+00	9.053432e-05	2.040536e-02	1.933798e-03	9.053432e-07	2.253881e+04	2.135984e+03
17:16:27	7.206420e+01	8.777420e+00	9.054094e+00	6.797410e+00	6.452754e+00	9.054094e-05	2.039223e-02	1.935826e-03	9.054094e-07	2.252266e+04	2.138067e+03
17:16:28	7.201370e+01	8.771269e+00	9.048391e+00	6.793203e+00	6.455998e+00	9.048391e-05	2.037961e-02	1.936800e-03	9.048391e-07	2.252291e+04	2.140491e+03
17:16:28	7.196820e+01	8.765727e+00	9.032194e+00	6.789482e+00	6.456251e+00	9.032194e-05	2.036845e-02	1.936875e-03	9.032194e-07	2.255094e+04	2.144413e+03
17:16:28	7.191730e+01	8.759527e+00	9.017524e+00	6.785404e+00	6.455077e+00	9.017524e-05	2.035621e-02	1.936523e-03	9.017524e-07	2.257406e+04	2.147511e+03
17:16:28	7.186110e+01	8.752682e+00	9.009869e+00	6.779796e+00	6.458276e+00	9.009869e-05	2.033939e-02	1.937483e-03	9.009869e-07	2.257457e+04	2.150401e+03
17:16:29	7.181530e+01	8.747104e+00	9.009239e+00	6.774411e+00	6.461630e+00	9.009239e-05	2.032323e-02	1.938489e-03	9.009239e-07	2.255821e+04	2.151668e+03
17:16:29	7.176480e+01	8.740953e+00	9.013658e+00	6.769963e+00	6.463070e+00	9.013658e-05	2.030989e-02	1.938921e-03	9.013658e-07	2.253235e+04	2.151092e+03
17:16:29	7.171410e+01	8.734777e+00	9.017310e+00	6.764432e+00	6.464131e+00	9.017310e-05	2.029330e-02	1.939239e-03	9.017310e-07	2.250482e+04	2.150574e+03
17:16:29	7.166340e+01	8.728602e+00	9.018576e+00	6.759148e+00	6.468974e+00	9.018576e-05	2.027744e-02	1.940692e-03	9.018576e-07	2.248409e+04	2.151883e+03
17:16:30	7.161330e+01	8.722500e+00	9.028694e+00	6.752037e+00	6.475335e+00	9.028694e-05	2.025611e-02	1.942601e-03	9.028694e-07	2.243526e+04	2.151586e+03
17:16:30	7.156280e+01	8.716349e+00	9.059103e+00	6.746295e+00	6.487724e+00	9.059103e-05	2.023889e-02	1.946317e-03	9.059103e-07	2.234094e+04	2.148466e+03
17:16:30	7.151250e+01	8.710223e+00	9.063991e+00	6.741170e+00	6.490640e+00	9.063991e-05	2.022351e-02	1.947192e-03	9.063991e-07	2.231193e+04	2.148272e+03
17:16:30	7.146280e+01	8.704169e+00	9.056712e+00	6.735590e+00	6.494423e+00	9.056712e-05	2.020677e-02	1.948327e-03	9.056712e-07	2.231138e+04	2.151252e+03
17:16:31	7.141150e+01	8.697921e+00	9.050211e+00	6.730186e+00	6.500804e+00	9.050211e-05	2.019056e-02	1.950241e-03	9.050211e-07	2.230949e+04	2.154912e+03
17:16:31	7.136140e+01	8.691819e+00	9.050380e+00	6.725232e+00	6.503778e+00	9.050380e-05	2.017570e-02	1.951134e-03	9.050380e-07	2.229265e+04	2.155858e+03
17:16:31	7.131170e+01	8.685765e+00	9.047635e+00	6.719050e+00	6.504859e+00	9.047635e-05	2.015715e-02	1.951458e-03	9.047635e-07	2.227891e+04	2.156870e+03
17:16:31	7.125660e+01	8.679054e+00	9.026536e+00	6.715468e+00	6.498958e+00	9.026536e-05	2.014640e-02	1.949687e-03	9.026536e-07	2.231909e+04	2.159951e+03
17:16:32	7.120630e+01	8.672927e+00	9.008399e+00	6.709240e+00	6.499402e+00	9.008399e-05	2.012772e-02	1.949821e-03	9.008399e-07	2.234328e+04	2.164447e+03
17:16:32	7.115640e+01	8.666850e+00	9.014478e+00	6.703284e+00	6.500625e+00	9.014478e-05	2.010985e-02	1.950188e-03	9.014478e-07	2.230839e+04	2.163395e+03
17:16:32	7.111130e+01	8.661356e+00	9.015893e+00	6.697224e+00	6.500544e+00	9.015893e-05	2.009167e-02	1.950163e-03	9.015893e-07	2.228473e+04	2.163028e+03
17:16:32	7.106100e+01	8.655230e+00	9.025463e+00	6.690075e+00	6.500181e+00	9.025463e-05	2.007022e-02	1.950054e-03	9.025463e-07	2.223734e+04	2.160614e+03
17:16:33	7.100630e+01	8.648567e+00	9.024253e+00	6.683220e+00	6.501864e+00	9.024253e-05	2.004966e-02	1.950559e-03	9.024253e-07	2.221753e+04	2.161464e+03
17:16:33	7.096140e+01	8.643099e+00	9.046052e+00	6.676119e+00	6.508407e+00	9.046052e-05	2.002836e-02	1.952522e-03	9.046052e-07	2.214044e+04	2.158425e+03
17:16:33	7.091130e+01	8.636996e+00	9.062905e+00	6.670014e+00	6.512796e+00	9.062905e-05	2.001004e-02	1.953839e-03	9.062905e-07	2.207906e+04	2.155864e+03
17:16:33	7.085640e+01	8.630310e+00	9.061302e+00	6.663315e+00	6.513465e+00	9.061302e-05	1.998995e-02	1.954039e-03	9.061302e-07	2.206079e+04	2.156466e+03
17:16:34	7.081210e+01	8.624914e+00	9.053027e+00	6.657454e+00	6.516355e+00	9.053027e-05	1.997236e-02	1.954907e-03	9.053027e-07	2.206153e+04	2.159396e+03
17:16:34	7.076220e+01	8.618836e+00	9.051830e+00	6.652870e+00	6.517010e+00	9.051830e-05	1.995861e-02	1.955103e-03	9.051830e-07	2.204925e+04	2.159898e+03
17:16:34	7.071680e+01	8.613306e+00	9.047710e+00	6.646080e+00	6.514243e+00	9.047710e-05	1.993824e-02	1.954273e-03	9.047710e-07	2.203678e+04	2.159964e+03
17:16:34	7.065740e+01	8.606071e+00	9.023539e+00	6.641497e+00	6.508939e+00	9.023539e-05	1.992449e-02	1.952682e-03	9.023539e-07	2.208057e+04	2.163987e+03
17:16:35	7.061300e+01	8.600663e+00	9.012344e+00	6.635440e+00	6.505468e+00	9.012344e-05	1.990632e-02	1.951641e-03	9.012344e-07	2.208784e+04	2.165519e+03
17:16:35	7.055880e+01	8.594062e+00	9.016869e+00	6.627953e+00	6.505436e+00	9.016869e-05	1.988386e-02	1.951631e-03	9.016869e-07	2.205184e+04	2.164422e+03
17:16:35	7.051360e+01	8.588556e+00	9.020512e+00	6.621696e+00	6.502598e+00	9.020512e-05	1.986509e-02	1.950779e-03	9.020512e-07	2.202213e+04	2.162604e+03
17:16:35	7.046430e+01	8.582552e+00	9.028090e+00	6.614955e+00	6.498397e+00	9.028090e-05	1.984486e-02	1.949519e-03	9.028090e-07	2.198124e+04	2.159392e+03
17:16:35	7.041980e+01	8.577132e+00	9.022472e+00	6.609369e+00	6.499701e+00	9.022472e-05	1.982811e-02	1.949910e-03	9.022472e-07	2.197636e+04	2.161171e+03
17:16:36	7.036980e+01	8.571042e+00	9.052868e+00	6.600357e+00	6.504310e+00	9.052868e-05	1.980107e-02	1.951293e-03	9.052868e-07	2.187271e+04	2.155442e+03
17:16:36	7.031580e+01	8.564464e+00	9.064507e+00	6.593756e+00	6.505264e+00	9.064507e-05	1.978127e-02	1.951579e-03	9.064507e-07	2.182277e+04	2.152990e+03
17:16:36	7.027140e+01	8.559057e+00	9.061633e+00	6.587407e+00	6.502276e+00	9.061633e-05	1.976222e-02	1.950683e-03	9.061633e-07	2.180868e+04	2.152684e+03
17:16:37	7.021220e+01	8.551846e+00	9.061036e+00	6.581309e+00	6.502617e+00	9.061036e-05	1.974393e-02	1.950785e-03	9.061036e-07	2.178992e+04	2.152938e+03
17:16:37	7.014770e+01	8.543990e+00	9.058525e+00	6.573487e+00	6.503694e+00	9.058525e-05	1.972046e-02	1.951108e-03	9.058525e-07	2.177006e+04	2.153892e+03
17:16:37	7.010370e+01	8.538631e+00	9.055427e+00	6.566600e+00	6.499847e+00	9.055427e-05	1.969980e-02	1.949954e-03	9.055427e-07	2.175469e+04	2.153354e+03
17:16:37	7.004940e+01	8.532017e+00	9.035435e+00	6.560975e+00	6.492603e+00	9.035435e-05	1.968293e-02	1.947781e-03	9.035435e-07	2.178415e+04	2.155714e+03
17:16:38	7.000510e+01	8.526621e+00	9.020580e+00	6.555860e+00	6.486770e+00	9.020580e-05	1.966758e-02	1.946031e-03	9.020580e-07	2.180301e+04	2.157324e+03
17:16:38	6.995660e+01	8.520714e+00	9.021359e+00	6.547867e+00	6.484470e+00	9.021359e-05	1.964360e-02	1.945341e-03	9.021359e-07	2.177455e+04	2.156373e+03
17:16:38	6.990660e+01	8.514624e+00	9.026089e+00	6.542530e+00	6.478712e+00	9.026089e-05	1.962759e-02	1.943614e-03	9.026089e-07	2.174540e+04	2.153329e+03
17:16:38	6.985830e+01	8.508741e+00	9.025437e+00	6.535121e+00	6.473509e+00	9.025437e-05	1.960536e-02	1.942053e-03	9.025437e-07	2.172234e+04	2.151755e+03
17:16:39	6.980840e+01	8.502663e+00	9.031334e+00	6.528789e+00	6.470729e+00	9.031334e-05	1.958637e-02	1.941219e-03	9.031334e-07	2.168713e+04	2.149426e+03
17:16:39	6.975930e+01	8.496683e+00	9.053380e+00	6.521396e+00	6.473324e+00	9.053380e-05	1.956419e-02	1.941997e-03	9.053380e-07	2.160982e+04	2.145052e+03
17:16:39	6.971590e+01	8.491397e+00	9.066418e+00	6.515285e+00	6.472299e+00	9.066418e-05	1.954585e-02	1.941690e-03	9.066418e-07	2.155852e+04	2.141628e+03
17:16:39	6.966210e+01	8.484844e+00	9.062940e+00	6.508148e+00	6.469383e+00	9.062940e-05	1.952444e-02	1.940815e-03	9.062940e-07	2.154317e+04	2.141485e+03
17:16:40	6.961340e+01	8.478912e+00	9.063745e+00	6.502059e+00	6.470343e+00	9.063745e-05	1.950618e-02	1.941103e-03	9.063745e-07	2.152110e+04	2.141612e+03
17:16:40	6.956920e+01	8.473529e+00	9.059927e+00	6.496457e+00	6.467884e+00	9.059927e-05	1.948937e-02	1.940365e-03	9.059927e-07	2.151162e+04	2.141701e+03
17:16:40	6.952010e+01	8.467548e+00	9.046999e+00	6.489907e+00	6.459525e+00	9.046999e-05	1.946972e-02	1.937857e-03	9.046999e-07	2.152064e+04	2.141989e+03
17:16:40	6.946640e+01	8.461008e+00	9.023795e+00	6.484097e+00	6.448083e+00	9.023795e-05	1.945229e-02	1.934425e-03	9.023795e-07	2.155666e+04	2.143693e+03
17:16:40	6.941790e+01	8.455100e+00	9.016360e+00	6.478404e+00	6.443143e+00	9.016360e-05	1.943521e-02	1.932943e-03	9.016360e-07	2.155550e+04	2.143817e+03
17:16:41	6.936960e+01	8.449217e+00	9.019588e+00	6.472458e+00	6.438805e+00	9.019588e-05	1.941737e-02	1.931642e-03	9.019588e-07	2.152801e+04	2.141607e+03
17:16:41	6.932520e+01	8.443809e+00	9.019490e+00	6.465536e+00	6.431494e+00	9.019490e-05	1.939661e-02	1.929448e-03	9.019490e-07	2.150521e+04	2.139199e+03
17:16:41	6.927170e+01	8.437293e+00	9.026287e+00	6.459765e+00	6.424454e+00	9.026287e-05	1.937929e-02	1.927336e-03	9.026287e-07	2.146984e+04	2.135248e+03
17:16:41	6.922800e+01	8.431970e+00	9.022897e+00	6.453715e+00	6.420815e+00	9.022897e-05	1.936114e-02	1.926244e-03	9.022897e-07	2.145779e+04	2.134840e+03
17:16:42	6.917470e+01	8.425478e+00	9.043681e+00	6.445598e+00	6.416951e+00	9.043681e-05	1.933679e-02	1.925085e-03	9.043681e-07	2.138155e+04	2.128652e+03
17:16:42	6.912600e+01	8.419547e+00	9.059859e+00	6.437472e+00	6.418430e+00	9.059859e-05	1.931242e-02	1.925529e-03	9.059859e-07	2.131647e+04	2.125341e+03
17:16:42	6.906740e+01	8.412409e+00	9.059194e+00	6.431701e+00	6.409827e+00	9.059194e-05	1.929510e-02	1.922948e-03	9.059194e-07	2.129892e+04	2.122648e+03
17:16:43	6.902480e+01	8.407221e+00	9.056446e+00	6.426008e+00	6.404416e+00	9.056446e-05	1.927802e-02	1.921325e-03	9.056446e-07	2.128652e+04	2.121500e+03
17:16:43	6.897130e+01	8.400704e+00	9.052271e+00	6.420448e+00	6.399976e+00	9.052271e-05	1.926134e-02	1.919993e-03	9.052271e-07	2.127791e+04	2.121007e+03
17:16:43	6.892760e+01	8.395382e+00	9.049364e+00	6.415180e+00	6.396534e+00	9.049364e-05	1.924554e-02	1.918960e-03	9.049364e-07	2.126728e+04	2.120547e+03
17:16:43	6.887490e+01	8.388963e+00	9.045598e+00	6.408264e+00	6.388174e+00	9.045598e-05	1.922479e-02	1.916452e-03	9.045598e-07	2.125320e+04	2.118657e+03
17:16:44	6.883110e+01	8.383628e+00	9.044164e+00	6.402791e+00	6.380687e+00	9.044164e-05	1.920837e-02	1.914206e-03	9.044164e-07	2.123842e+04	2.116510e+03
17:16:44	6.877780e+01	8.377136e+00	9.035428e+00	6.397766e+00	6.373249e+00	9.035428e-05	1.919330e-02	1.911975e-03	9.035428e-07	2.124227e+04	2.116086e+03
17:16:44	6.873470e+01	8.371886e+00	9.020846e+00	6.393215e+00	6.361350e+00	9.020846e-05	1.917965e-02	1.908405e-03	9.020846e-07	2.126147e+04	2.115550e+03
17:16:44	6.868120e+01	8.365370e+00	9.011955e+00	6.386857e+00	6.350570e+00	9.011955e-05	1.916057e-02	1.905171e-03	9.011955e-07	2.126128e+04	2.114049e+03
17:16:44	6.863780e+01	8.360084e+00	9.011886e+00	6.380927e+00	6.344770e+00	9.011886e-05	1.914278e-02	1.903431e-03	9.011886e-07	2.124170e+04	2.112134e+03
17:16:45	6.858970e+01	8.354225e+00	9.013333e+00	6.375111e+00	6.337063e+00	9.013333e-05	1.912533e-02	1.901119e-03	9.013333e-07	2.121893e+04	2.109229e+03
17:16:45	6.854200e+01	8.348416e+00	9.018494e+00	6.369388e+00	6.330983e+00	9.018494e-05	1.910817e-02	1.899295e-03	9.018494e-07	2.118776e+04	2.106000e+03
17:16:45	6.848930e+01	8.341997e+00	9.013869e+00	6.362268e+00	6.318449e+00	9.013869e-05	1.908680e-02	1.895535e-03	9.013869e-07	2.117493e+04	2.102909e+03
17:16:45	6.844570e+01	8.336686e+00	9.019403e+00	6.355907e+00	6.310475e+00	9.019403e-05	1.906772e-02	1.893143e-03	9.019403e-07	2.114078e+04	2.098967e+03
17:16:46	6.839800e+01	8.330876e+00	9.020785e+00	6.350463e+00	6.302657e+00	9.020785e-05	1.905139e-02	1.890797e-03	9.020785e-07	2.111944e+04	2.096045e+03
17:16:46	6.834990e+01	8.325018e+00	9.018352e+00	6.344151e+00	6.297532e+00	9.018352e-05	1.903245e-02	1.889260e-03	9.018352e-07	2.110414e+04	2.094906e+03
17:16:46	6.829700e+01	8.318575e+00	9.025411e+00	6.337124e+00	6.290577e+00	9.025411e-05	1.901137e-02	1.887173e-03	9.025411e-07	2.106427e+04	2.090955e+03
17:16:46	6.825400e+01	8.313337e+00	9.028463e+00	6.330260e+00	6.284297e+00	9.028463e-05	1.899078e-02	1.885289e-03	9.028463e-07	2.103434e+04	2.088162e+03
17:16:47	6.819600e+01	8.306273e+00	9.048641e+00	6.323243e+00	6.282036e+00	9.048641e-05	1.896973e-02	1.884611e-03	9.048641e-07	2.096418e+04	2.082756e+03
17:16:47	6.815320e+01	8.301060e+00	9.057289e+00	6.316172e+00	6.278951e+00	9.057289e-05	1.894852e-02	1.883685e-03	9.057289e-07	2.092074e+04	2.079745e+03
17:16:47	6.810020e+01	8.294604e+00	9.065341e+00	6.310822e+00	6.272411e+00	9.065341e-05	1.893247e-02	1.881723e-03	9.065341e-07	2.088445e+04	2.075734e+03
17:16:47	6.805260e+01	8.288807e+00	9.061727e+00	6.305609e+00	6.264087e+00	9.061727e-05	1.891683e-02	1.879226e-03	9.061727e-07	2.087552e+04	2.073806e+03
17:16:48	6.800570e+01	8.283094e+00	9.065743e+00	6.298872e+00	6.257096e+00	9.065743e-05	1.889662e-02	1.877129e-03	9.065743e-07	2.084398e+04	2.070574e+03
17:16:48	6.795780e+01	8.277260e+00	9.059194e+00	6.292864e+00	6.252970e+00	9.059194e-05	1.887859e-02	1.875891e-03	9.059194e-07	2.083915e+04	2.070704e+03
17:16:48	6.790990e+01	8.271426e+00	9.054068e+00	6.288284e+00	6.247092e+00	9.054068e-05	1.886485e-02	1.874128e-03	9.054068e-07	2.083577e+04	2.069929e+03
17:16:49	6.786310e+01	8.265726e+00	9.051129e+00	6.282730e+00	6.239595e+00	9.051129e-05	1.884819e-02	1.871879e-03	9.051129e-07	2.082413e+04	2.068116e+03
17:16:49	6.781010e+01	8.259270e+00	9.049283e+00	6.276787e+00	6.230172e+00	9.049283e-05	1.883036e-02	1.869052e-03	9.049283e-07	2.080868e+04	2.065414e+03
17:16:49	6.775760e+01	8.252876e+00	9.044255e+00	6.270614e+00	6.219700e+00	9.044255e-05	1.881184e-02	1.865910e-03	9.044255e-07	2.079977e+04	2.063089e+03
17:16:49	6.770070e+01	8.245945e+00	9.027834e+00	6.264781e+00	6.205962e+00	9.027834e-05	1.879434e-02	1.861789e-03	9.027834e-07	2.081822e+04	2.062276e+03
17:16:50	6.765360e+01	8.240208e+00	9.014563e+00	6.259539e+00	6.195471e+00	9.014563e-05	1.877862e-02	1.858641e-03	9.014563e-07	2.083142e+04	2.061821e+03
17:16:50	6.759620e+01	8.233217e+00	9.016496e+00	6.252629e+00	6.187326e+00	9.016496e-05	1.875789e-02	1.856198e-03	9.016496e-07	2.080397e+04	2.058669e+03
17:16:50	6.754940e+01	8.227517e+00	9.017353e+00	6.245963e+00	6.180685e+00	9.017353e-05	1.873789e-02	1.854206e-03	9.017353e-07	2.077981e+04	2.056264e+03
17:16:50	6.749280e+01	8.220623e+00	9.016467e+00	6.239096e+00	6.170655e+00	9.016467e-05	1.871729e-02	1.851197e-03	9.016467e-07	2.075900e+04	2.053129e+03
17:16:51	6.743100e+01	8.213096e+00	9.016477e+00	6.232394e+00	6.159830e+00	9.016477e-05	1.869718e-02	1.847949e-03	9.016477e-07	2.073668e+04	2.049525e+03
17:16:51	6.738370e+01	8.207335e+00	9.017009e+00	6.228280e+00	6.150575e+00	9.017009e-05	1.868484e-02	1.845173e-03	9.017009e-07	2.072177e+04	2.046325e+03
17:16:51	6.733620e+01	8.201549e+00	9.015753e+00	6.222944e+00	6.141521e+00	9.015753e-05	1.866883e-02	1.842456e-03	9.015753e-07	2.070690e+04	2.043597e+03
17:16:52	6.728490e+01	8.195301e+00	9.024343e+00	6.216385e+00	6.130437e+00	9.024343e-05	1.864915e-02	1.839131e-03	9.024343e-07	2.066539e+04	2.037967e+03
17:16:52	6.723710e+01	8.189479e+00	9.026179e+00	6.211172e+00	6.121766e+00	9.026179e-05	1.863352e-02	1.836530e-03	9.026179e-07	2.064386e+04	2.034670e+03
17:16:52	6.718510e+01	8.183145e+00	9.032609e+00	6.205699e+00	6.115781e+00	9.032609e-05	1.861710e-02	1.834734e-03	9.032609e-07	2.061099e+04	2.031234e+03
17:16:52	6.713400e+01	8.176921e+00	9.028252e+00	6.199598e+00	6.106403e+00	9.028252e-05	1.859879e-02	1.831921e-03	9.028252e-07	2.060066e+04	2.029098e+03
17:16:53	6.707690e+01	8.169966e+00	9.035853e+00	6.192169e+00	6.096807e+00	9.035853e-05	1.857651e-02	1.829042e-03	9.035853e-07	2.055866e+04	2.024205e+03
17:16:53	6.701630e+01	8.162585e+00	9.039509e+00	6.185558e+00	6.089417e+00	9.039509e-05	1.855667e-02	1.826825e-03	9.039509e-07	2.052841e+04	2.020934e+03
17:16:53	6.695950e+01	8.155667e+00	9.057789e+00	6.178489e+00	6.083007e+00	9.057789e-05	1.853547e-02	1.824902e-03	9.057789e-07	2.046357e+04	2.014733e+03
17:16:53	6.690820e+01	8.149419e+00	9.066392e+00	6.172332e+00	6.076983e+00	9.066392e-05	1.851700e-02	1.823095e-03	9.066392e-07	2.042378e+04	2.010828e+03
17:16:54	6.686090e+01	8.143658e+00	9.071599e+00	6.168203e+00	6.069363e+00	9.071599e-05	1.850461e-02	1.820809e-03	9.071599e-07	2.039840e+04	2.007153e+03
17:16:54	6.681000e+01	8.137458e+00	9.072818e+00	6.163324e+00	6.059849e+00	9.072818e-05	1.848997e-02	1.817955e-03	9.072818e-07	2.037952e+04	2.003738e+03
17:16:54	6.676280e+01	8.131709e+00	9.077551e+00	6.158072e+00	6.050834e+00	9.077551e-05	1.847422e-02	1.815250e-03	9.077551e-07	2.035154e+04	1.999714e+03
17:16:55	6.671630e+01	8.126045e+00	9.075556e+00	6.152791e+00	6.044479e+00	9.075556e-05	1.845837e-02	1.813344e-03	9.075556e-07	2.033856e+04	1.998052e+03
17:16:55	6.666500e+01	8.119797e+00	9.074236e+00	6.147513e+00	6.035185e+00	9.074236e-05	1.844254e-02	1.810556e-03	9.074236e-07	2.032407e+04	1.995271e+03
17:16:55	6.661350e+01	8.113524e+00	9.070217e+00	6.142245e+00	6.027306e+00	9.070217e-05	1.842673e-02	1.808192e-03	9.070217e-07	2.031565e+04	1.993549e+03
17:16:55	6.656680e+01	8.107836e+00	9.069847e+00	6.137340e+00	6.020409e+00	9.069847e-05	1.841202e-02	1.806123e-03	9.069847e-07	2.030025e+04	1.991349e+03
17:16:56	6.651610e+01	8.101661e+00	9.069279e+00	6.132075e+00	6.013153e+00	9.069279e-05	1.839623e-02	1.803946e-03	9.069279e-07	2.028411e+04	1.989073e+03
17:16:56	6.646440e+01	8.095364e+00	9.068695e+00	6.127028e+00	6.004936e+00	9.068695e-05	1.838108e-02	1.801481e-03	9.068695e-07	2.026872e+04	1.986483e+03
17:16:56	6.641770e+01	8.089676e+00	9.063239e+00	6.121782e+00	5.997218e+00	9.063239e-05	1.836535e-02	1.799166e-03	9.063239e-07	2.026356e+04	1.985124e+03
17:16:56	6.636640e+01	8.083428e+00	9.067346e+00	6.117646e+00	5.986507e+00	9.067346e-05	1.835294e-02	1.795952e-03	9.067346e-07	2.024070e+04	1.980681e+03
17:16:57	6.631530e+01	8.077204e+00	9.066827e+00	6.111213e+00	5.975160e+00	9.066827e-05	1.833364e-02	1.792548e-03	9.066827e-07	2.022057e+04	1.977040e+03
17:16:57	6.625960e+01	8.070419e+00	9.059018e+00	6.106276e+00	5.964409e+00	9.059018e-05	1.831883e-02	1.789323e-03	9.059018e-07	2.022165e+04	1.975184e+03
17:16:57	6.621390e+01	8.064853e+00	9.062476e+00	6.099714e+00	5.955258e+00	9.062476e-05	1.829914e-02	1.786577e-03	9.062476e-07	2.019221e+04	1.971401e+03
17:16:58	6.615290e+01	8.057423e+00	9.054746e+00	6.095373e+00	5.942315e+00	9.054746e-05	1.828612e-02	1.782694e-03	9.054746e-07	2.019507e+04	1.968796e+03
17:16:58	6.610180e+01	8.051199e+00	9.038555e+00	6.091406e+00	5.930627e+00	9.038555e-05	1.827422e-02	1.779188e-03	9.038555e-07	2.021807e+04	1.968443e+03
17:16:58	6.605550e+01	8.045560e+00	9.031049e+00	6.087491e+00	5.919546e+00	9.031049e-05	1.826247e-02	1.775864e-03	9.031049e-07	2.022187e+04	1.966398e+03
17:16:58	6.601390e+01	8.040493e+00	9.027250e+00	6.081749e+00	5.910284e+00	9.027250e-05	1.824525e-02	1.773085e-03	9.027250e-07	2.021130e+04	1.964148e+03
17:16:59	6.596300e+01	8.034293e+00	9.025907e+00	6.075754e+00	5.901704e+00	9.025907e-05	1.822726e-02	1.770511e-03	9.025907e-07	2.019438e+04	1.961588e+03
17:16:59	6.591270e+01	8.028167e+00	9.027545e+00	6.071453e+00	5.890957e+00	9.027545e-05	1.821436e-02	1.767287e-03	9.027545e-07	2.017642e+04	1.957661e+03
17:16:59	6.586630e+01	8.022515e+00	9.032875e+00	6.066240e+00	5.879885e+00	9.032875e-05	1.819872e-02	1.763966e-03	9.032875e-07	2.014721e+04	1.952829e+03
17:16:59	6.581130e+01	8.015816e+00	9.036943e+00	6.061091e+00	5.867185e+00	9.036943e-05	1.818327e-02	1.760156e-03	9.036943e-07	2.012105e+04	1.947733e+03
17:17:00	6.576420e+01	8.010080e+00	9.041258e+00	6.056089e+00	5.860263e+00	9.041258e-05	1.816827e-02	1.758079e-03	9.041258e-07	2.009485e+04	1.944507e+03
17:17:00	6.571370e+01	8.003929e+00	9.046159e+00	6.051077e+00	5.852322e+00	9.046159e-05	1.815323e-02	1.755697e-03	9.046159e-07	2.006734e+04	1.940820e+03
17:17:00	6.566790e+01	7.998350e+00	9.047658e+00	6.044888e+00	5.844238e+00	9.047658e-05	1.813466e-02	1.753271e-03	9.047658e-07	2.004349e+04	1.937818e+03
17:17:00	6.560790e+01	7.991042e+00	9.064562e+00	6.039441e+00	5.841224e+00	9.064562e-05	1.811832e-02	1.752367e-03	9.064562e-07	1.998809e+04	1.933207e+03
17:17:01	6.555250e+01	7.984294e+00	9.082690e+00	6.032467e+00	5.836177e+00	9.082690e-05	1.809740e-02	1.750853e-03	9.082690e-07	1.992516e+04	1.927681e+03
17:17:01	6.550220e+01	7.978168e+00	9.085943e+00	6.028548e+00	5.827194e+00	9.085943e-05	1.808564e-02	1.748158e-03	9.085943e-07	1.990508e+04	1.924025e+03
17:17:01	6.545240e+01	7.972102e+00	9.086391e+00	6.023884e+00	5.817086e+00	9.086391e-05	1.807165e-02	1.745126e-03	9.086391e-07	1.988870e+04	1.920593e+03
17:17:02	6.540650e+01	7.966512e+00	9.078174e+00	6.019336e+00	5.811030e+00	9.078174e-05	1.805801e-02	1.743309e-03	9.078174e-07	1.989167e+04	1.920330e+03
17:17:02	6.535560e+01	7.960312e+00	9.075134e+00	6.016364e+00	5.805093e+00	9.075134e-05	1.804909e-02	1.741528e-03	9.075134e-07	1.988851e+04	1.919011e+03
17:17:02	6.530550e+01	7.954210e+00	9.066969e+00	6.011323e+00	5.796633e+00	9.066969e-05	1.803397e-02	1.738990e-03	9.066969e-07	1.988974e+04	1.917940e+03
17:17:02	6.525980e+01	7.948644e+00	9.067281e+00	6.007408e+00	5.787735e+00	9.067281e-05	1.802222e-02	1.736321e-03	9.067281e-07	1.987611e+04	1.914930e+03
17:17:03	6.520930e+01	7.942493e+00	9.047593e+00	6.004277e+00	5.774626e+00	9.047593e-05	1.801283e-02	1.732388e-03	9.047593e-07	1.990898e+04	1.914750e+03
17:17:03	6.516390e+01	7.936963e+00	9.038130e+00	5.999989e+00	5.763467e+00	9.038130e-05	1.799997e-02	1.729040e-03	9.038130e-07	1.991559e+04	1.913051e+03
17:17:03	6.511800e+01	7.931372e+00	9.037884e+00	5.995554e+00	5.756269e+00	9.037884e-05	1.798666e-02	1.726881e-03	9.037884e-07	1.990141e+04	1.910714e+03
17:17:03	6.507220e+01	7.925794e+00	9.043347e+00	5.990695e+00	5.748107e+00	9.043347e-05	1.797208e-02	1.724432e-03	9.043347e-07	1.987327e+04	1.906852e+03
17:17:04	6.502750e+01	7.920350e+00	9.047710e+00	5.984953e+00	5.734820e+00	9.047710e-05	1.795486e-02	1.720446e-03	9.047710e-07	1.984465e+04	1.901527e+03
17:17:04	6.497260e+01	7.913663e+00	9.047402e+00	5.980668e+00	5.728524e+00	9.047402e-05	1.794200e-02	1.718557e-03	9.047402e-07	1.983111e+04	1.899504e+03
17:17:04	6.492210e+01	7.907512e+00	9.067323e+00	5.973294e+00	5.723090e+00	9.067323e-05	1.791988e-02	1.716927e-03	9.067323e-07	1.976315e+04	1.893532e+03
17:17:04	6.486310e+01	7.900326e+00	9.087037e+00	5.969058e+00	5.718461e+00	9.087037e-05	1.790717e-02	1.715538e-03	9.087037e-07	1.970629e+04	1.887896e+03
17:17:05	6.480900e+01	7.893736e+00	9.081635e+00	5.964043e+00	5.708771e+00	9.081635e-05	1.789213e-02	1.712631e-03	9.081635e-07	1.970144e+04	1.885818e+03
17:17:05	6.476330e+01	7.888170e+00	9.080954e+00	5.959774e+00	5.705132e+00	9.080954e-05	1.787932e-02	1.711540e-03	9.080954e-07	1.968881e+04	1.884757e+03
17:17:05	6.471360e+01	7.882116e+00	9.077840e+00	5.956303e+00	5.696188e+00	9.077840e-05	1.786891e-02	1.708856e-03	9.077840e-07	1.968410e+04	1.882448e+03
17:17:06	6.466430e+01	7.876112e+00	9.071141e+00	5.950574e+00	5.684695e+00	9.071141e-05	1.785172e-02	1.705409e-03	9.071141e-07	1.967969e+04	1.880037e+03
17:17:06	6.459990e+01	7.868268e+00	9.043236e+00	5.946863e+00	5.669750e+00	9.043236e-05	1.784059e-02	1.700925e-03	9.043236e-07	1.972810e+04	1.880881e+03
17:17:06	6.455930e+01	7.863323e+00	9.043175e+00	5.941968e+00	5.662117e+00	9.043175e-05	1.782590e-02	1.698635e-03	9.043175e-07	1.971200e+04	1.878362e+03
17:17:06	6.450540e+01	7.856758e+00	9.048135e+00	5.937258e+00	5.651594e+00	9.048135e-05	1.781177e-02	1.695478e-03	9.048135e-07	1.968557e+04	1.873843e+03
17:17:07	6.445160e+01	7.850205e+00	9.048203e+00	5.931736e+00	5.640179e+00	9.048203e-05	1.779521e-02	1.692054e-03	9.048203e-07	1.966712e+04	1.870044e+03
17:17:07	6.440620e+01	7.844675e+00	9.050886e+00	5.927548e+00	5.632244e+00	9.050886e-05	1.778265e-02	1.689673e-03	9.050886e-07	1.964741e+04	1.866860e+03
17:17:07	6.435220e+01	7.838098e+00	9.081587e+00	5.921943e+00	5.631303e+00	9.081587e-05	1.776583e-02	1.689391e-03	9.081587e-07	1.956247e+04	1.860238e+03
17:17:07	6.430720e+01	7.832617e+00	9.088934e+00	5.917723e+00	5.624585e+00	9.088934e-05	1.775317e-02	1.687376e-03	9.088934e-07	1.953273e+04	1.856516e+03
17:17:08	6.425730e+01	7.826539e+00	9.093181e+00	5.913334e+00	5.618490e+00	9.093181e-05	1.774000e-02	1.685547e-03	9.093181e-07	1.950913e+04	1.853638e+03
17:17:08	6.420760e+01	7.820486e+00	9.087598e+00	5.908033e+00	5.612787e+00	9.087598e-05	1.772410e-02	1.683836e-03	9.087598e-07	1.950361e+04	1.852895e+03
17:17:08	6.415430e+01	7.813994e+00	9.090216e+00	5.903563e+00	5.603636e+00	9.090216e-05	1.771069e-02	1.681091e-03	9.090216e-07	1.948324e+04	1.849341e+03
17:17:09	6.410010e+01	7.807392e+00	9.051038e+00	5.900692e+00	5.586038e+00	9.051038e-05	1.770208e-02	1.675811e-03	9.051038e-07	1.955806e+04	1.851513e+03
17:17:09	6.405470e+01	7.801862e+00	9.044829e+00	5.896605e+00	5.577149e+00	9.044829e-05	1.768981e-02	1.673145e-03	9.044829e-07	1.955793e+04	1.849836e+03
17:17:09	6.400600e+01	7.795931e+00	9.049251e+00	5.892057e+00	5.569578e+00	9.049251e-05	1.767617e-02	1.670873e-03	9.049251e-07	1.953330e+04	1.846422e+03
17:17:09	6.396120e+01	7.790474e+00	9.056164e+00	5.887372e+00	5.557449e+00	9.056164e-05	1.766212e-02	1.667235e-03	9.056164e-07	1.950287e+04	1.840994e+03
17:17:10	6.391650e+01	7.785030e+00	9.060449e+00	5.883496e+00	5.551973e+00	9.060449e-05	1.765049e-02	1.665592e-03	9.060449e-07	1.948081e+04	1.838311e+03
17:17:10	6.387190e+01	7.779597e+00	9.087666e+00	5.878075e+00	5.552113e+00	9.087666e-05	1.763423e-02	1.665634e-03	9.087666e-07	1.940457e+04	1.832851e+03
17:17:10	6.382260e+01	7.773593e+00	9.101550e+00	5.873018e+00	5.545719e+00	9.101550e-05	1.761905e-02	1.663716e-03	9.101550e-07	1.935830e+04	1.827948e+03
17:17:10	6.377350e+01	7.767612e+00	9.102919e+00	5.868697e+00	5.539838e+00	9.102919e-05	1.760609e-02	1.661951e-03	9.102919e-07	1.934115e+04	1.825734e+03
17:17:11	6.372930e+01	7.762229e+00	9.097537e+00	5.864620e+00	5.535559e+00	9.097537e-05	1.759386e-02	1.660668e-03	9.097537e-07	1.933914e+04	1.825403e+03
17:17:11	6.368000e+01	7.756224e+00	9.091663e+00	5.858858e+00	5.525493e+00	9.091663e-05	1.757657e-02	1.657648e-03	9.091663e-07	1.933263e+04	1.823262e+03
17:17:11	6.362160e+01	7.749111e+00	9.061704e+00	5.855644e+00	5.509354e+00	9.061704e-05	1.756693e-02	1.652806e-03	9.061704e-07	1.938590e+04	1.823946e+03
17:17:12	6.356870e+01	7.742668e+00	9.063579e+00	5.849558e+00	5.500787e+00	9.063579e-05	1.754867e-02	1.650236e-03	9.063579e-07	1.936175e+04	1.820733e+03
17:17:12	6.352380e+01	7.737199e+00	9.064030e+00	5.845344e+00	5.490475e+00	9.064030e-05	1.753603e-02	1.647142e-03	9.064030e-07	1.934684e+04	1.817230e+03
17:17:12	6.348380e+01	7.732327e+00	9.075660e+00	5.841867e+00	5.484464e+00	9.075660e-05	1.752560e-02	1.645339e-03	9.075660e-07	1.931055e+04	1.812914e+03
17:17:12	6.343550e+01	7.726444e+00	9.100499e+00	5.836060e+00	5.483789e+00	9.100499e-05	1.750818e-02	1.645137e-03	9.100499e-07	1.923870e+04	1.807743e+03
17:17:13	6.338620e+01	7.720439e+00	9.119678e+00	5.830542e+00	5.480308e+00	9.119678e-05	1.749163e-02	1.644093e-03	9.119678e-07	1.918009e+04	1.802797e+03
17:17:13	6.333740e+01	7.714495e+00	9.116486e+00	5.825910e+00	5.474343e+00	9.116486e-05	1.747773e-02	1.642303e-03	9.116486e-07	1.917156e+04	1.801465e+03
17:17:13	6.328850e+01	7.708539e+00	9.106676e+00	5.822591e+00	5.470862e+00	9.106676e-05	1.746777e-02	1.641259e-03	9.106676e-07	1.918128e+04	1.802259e+03
17:17:13	6.324850e+01	7.703667e+00	9.108827e+00	5.819565e+00	5.464248e+00	9.108827e-05	1.745869e-02	1.639274e-03	9.108827e-07	1.916679e+04	1.799655e+03
17:17:14	6.320500e+01	7.698369e+00	9.081691e+00	5.816489e+00	5.448846e+00	9.081691e-05	1.744947e-02	1.634654e-03	9.081691e-07	1.921390e+04	1.799944e+03
17:17:14	6.316040e+01	7.692937e+00	9.067018e+00	5.813362e+00	5.441472e+00	9.067018e-05	1.744009e-02	1.632442e-03	9.067018e-07	1.923464e+04	1.800417e+03
17:17:14	6.312020e+01	7.688040e+00	9.072925e+00	5.809690e+00	5.434151e+00	9.072925e-05	1.742907e-02	1.630245e-03	9.072925e-07	1.920998e+04	1.796824e+03
17:17:14	6.307620e+01	7.682681e+00	9.074933e+00	5.805687e+00	5.423339e+00	9.074933e-05	1.741706e-02	1.627002e-03	9.074933e-07	1.919249e+04	1.792852e+03
17:17:15	6.303680e+01	7.677882e+00	9.081071e+00	5.801976e+00	5.418255e+00	9.081071e-05	1.740593e-02	1.625477e-03	9.081071e-07	1.916726e+04	1.789961e+03
17:17:15	6.298830e+01	7.671975e+00	9.116022e+00	5.795300e+00	5.418456e+00	9.116022e-05	1.738590e-02	1.625537e-03	9.116022e-07	1.907181e+04	1.783165e+03
17:17:15	6.293560e+01	7.665556e+00	9.114909e+00	5.791365e+00	5.411933e+00	9.114909e-05	1.737410e-02	1.623580e-03	9.114909e-07	1.906118e+04	1.781235e+03
17:17:15	6.287780e+01	7.658516e+00	9.115736e+00	5.787959e+00	5.405017e+00	9.115736e-05	1.736388e-02	1.621505e-03	9.115736e-07	1.904824e+04	1.778798e+03
17:17:16	6.282530e+01	7.652122e+00	9.106105e+00	5.784073e+00	5.395992e+00	9.106105e-05	1.735222e-02	1.618798e-03	9.106105e-07	1.905559e+04	1.777706e+03
17:17:16	6.278160e+01	7.646799e+00	9.081914e+00	5.781325e+00	5.381570e+00	9.081914e-05	1.734398e-02	1.614471e-03	9.081914e-07	1.909727e+04	1.777677e+03
17:17:16	6.273340e+01	7.640928e+00	9.071384e+00	5.777880e+00	5.371134e+00	9.071384e-05	1.733364e-02	1.611340e-03	9.071384e-07	1.910804e+04	1.776289e+03
17:17:17	6.268510e+01	7.635045e+00	9.071326e+00	5.773592e+00	5.361526e+00	9.071326e-05	1.732077e-02	1.608458e-03	9.071326e-07	1.909398e+04	1.773123e+03
17:17:17	6.264130e+01	7.629710e+00	9.078677e+00	5.769618e+00	5.351388e+00	9.078677e-05	1.730885e-02	1.605417e-03	9.078677e-07	1.906539e+04	1.768338e+03
17:17:17	6.259740e+01	7.624363e+00	9.084957e+00	5.765456e+00	5.344054e+00	9.084957e-05	1.729637e-02	1.603216e-03	9.084957e-07	1.903847e+04	1.764693e+03
17:17:17	6.254430e+01	7.617896e+00	9.108492e+00	5.758806e+00	5.341864e+00	9.108492e-05	1.727642e-02	1.602559e-03	9.108492e-07	1.896737e+04	1.759412e+03
17:17:18	6.248830e+01	7.611075e+00	9.121381e+00	5.755137e+00	5.335749e+00	9.121381e-05	1.726541e-02	1.600725e-03	9.121381e-07	1.892851e+04	1.754915e+03
17:17:18	6.244050e+01	7.605253e+00	9.129896e+00	5.750018e+00	5.329103e+00	9.129896e-05	1.725005e-02	1.598731e-03	9.129896e-07	1.889403e+04	1.751094e+03
17:17:18	6.239620e+01	7.599857e+00	9.122643e+00	5.746563e+00	5.324616e+00	9.122643e-05	1.723969e-02	1.597385e-03	9.122643e-07	1.889769e+04	1.751011e+03
17:17:18	6.234830e+01	7.594023e+00	9.111986e+00	5.741775e+00	5.315699e+00	9.111986e-05	1.722533e-02	1.594710e-03	9.111986e-07	1.890403e+04	1.750123e+03
17:17:19	6.230030e+01	7.588177e+00	9.096752e+00	5.739524e+00	5.304705e+00	9.096752e-05	1.721857e-02	1.591412e-03	9.096752e-07	1.892826e+04	1.749428e+03
17:17:19	6.225680e+01	7.582878e+00	9.069578e+00	5.738269e+00	5.292323e+00	9.069578e-05	1.721481e-02	1.587697e-03	9.069578e-07	1.898082e+04	1.750574e+03
17:17:19	6.221740e+01	7.578079e+00	9.071920e+00	5.733792e+00	5.286598e+00	9.071920e-05	1.720138e-02	1.585979e-03	9.071920e-07	1.896112e+04	1.748229e+03
17:17:19	6.217380e+01	7.572769e+00	9.078524e+00	5.729941e+00	5.275296e+00	9.078524e-05	1.718982e-02	1.582589e-03	9.078524e-07	1.893460e+04	1.743222e+03
17:17:20	6.212670e+01	7.567032e+00	9.087079e+00	5.725679e+00	5.267309e+00	9.087079e-05	1.717704e-02	1.580193e-03	9.087079e-07	1.890270e+04	1.738945e+03
17:17:20	6.208290e+01	7.561697e+00	9.092347e+00	5.721741e+00	5.261856e+00	9.092347e-05	1.716522e-02	1.578557e-03	9.092347e-07	1.887876e+04	1.736138e+03
17:17:20	6.203500e+01	7.555863e+00	9.111899e+00	5.715376e+00	5.259715e+00	9.111899e-05	1.714613e-02	1.577915e-03	9.111899e-07	1.881730e+04	1.731708e+03
17:17:20	6.198760e+01	7.550090e+00	9.126866e+00	5.710582e+00	5.255985e+00	9.126866e-05	1.713174e-02	1.576795e-03	9.126866e-07	1.877068e+04	1.727642e+03
17:17:21	6.193930e+01	7.544207e+00	9.124699e+00	5.707837e+00	5.247031e+00	9.124699e-05	1.712351e-02	1.574109e-03	9.124699e-07	1.876611e+04	1.725108e+03
17:17:21	6.189160e+01	7.538397e+00	9.122750e+00	5.704340e+00	5.243097e+00	9.122750e-05	1.711302e-02	1.572929e-03	9.122750e-07	1.875862e+04	1.724183e+03
17:17:21	6.184470e+01	7.532684e+00	9.117705e+00	5.699604e+00	5.234987e+00	9.117705e-05	1.709881e-02	1.570496e-03	9.117705e-07	1.875342e+04	1.722469e+03
17:17:22	6.178780e+01	7.525754e+00	9.113212e+00	5.695325e+00	5.226004e+00	9.113212e-05	1.708598e-02	1.567801e-03	9.113212e-07	1.874858e+04	1.720361e+03
17:17:22	6.174070e+01	7.520017e+00	9.088243e+00	5.693548e+00	5.212685e+00	9.088243e-05	1.708064e-02	1.563805e-03	9.088243e-07	1.879422e+04	1.720691e+03
17:17:22	6.170170e+01	7.515267e+00	9.081678e+00	5.689447e+00	5.204880e+00	9.081678e-05	1.706834e-02	1.561464e-03	9.081678e-07	1.879426e+04	1.719356e+03
17:17:22	6.165430e+01	7.509494e+00	9.085538e+00	5.684854e+00	5.198606e+00	9.085538e-05	1.705456e-02	1.559582e-03	9.085538e-07	1.877111e+04	1.716554e+03
17:17:23	6.160680e+01	7.503708e+00	9.090732e+00	5.681208e+00	5.188774e+00	9.090732e-05	1.704362e-02	1.556632e-03	9.090732e-07	1.874835e+04	1.712329e+03
17:17:23	6.155970e+01	7.497971e+00	9.092581e+00	5.676627e+00	5.180761e+00	9.092581e-05	1.702988e-02	1.554228e-03	9.092581e-07	1.872943e+04	1.709337e+03
17:17:23	6.151220e+01	7.492186e+00	9.097112e+00	5.671226e+00	5.176690e+00	9.097112e-05	1.701368e-02	1.553007e-03	9.097112e-07	1.870228e+04	1.707143e+03
17:17:23	6.146920e+01	7.486949e+00	9.124193e+00	5.666646e+00	5.174741e+00	9.124193e-05	1.699994e-02	1.552422e-03	9.124193e-07	1.863172e+04	1.701435e+03
17:17:24	6.142180e+01	7.481175e+00	9.128446e+00	5.662276e+00	5.166440e+00	9.128446e-05	1.698683e-02	1.549932e-03	9.128446e-07	1.860868e+04	1.697914e+03
17:17:24	6.136660e+01	7.474452e+00	9.126973e+00	5.658384e+00	5.159030e+00	9.126973e-05	1.697515e-02	1.547709e-03	9.126973e-07	1.859888e+04	1.695753e+03
17:17:24	6.131510e+01	7.468179e+00	9.124745e+00	5.655292e+00	5.154311e+00	9.124745e-05	1.696588e-02	1.546293e-03	9.124745e-07	1.859326e+04	1.694615e+03
17:17:25	6.127150e+01	7.462869e+00	9.125202e+00	5.651701e+00	5.149328e+00	9.125202e-05	1.695510e-02	1.544798e-03	9.125202e-07	1.858052e+04	1.692892e+03
17:17:25	6.122080e+01	7.456693e+00	9.117037e+00	5.647023e+00	5.141565e+00	9.117037e-05	1.694107e-02	1.542470e-03	9.117037e-07	1.858177e+04	1.691854e+03
17:17:25	6.117330e+01	7.450908e+00	9.117767e+00	5.642793e+00	5.135441e+00	9.117767e-05	1.692838e-02	1.540632e-03	9.117767e-07	1.856637e+04	1.689703e+03
17:17:25	6.113050e+01	7.445695e+00	9.101252e+00	5.639559e+00	5.125034e+00	9.101252e-05	1.691868e-02	1.537510e-03	9.101252e-07	1.858940e+04	1.689339e+03
17:17:26	6.107920e+01	7.439447e+00	9.079313e+00	5.636312e+00	5.111854e+00	9.079313e-05	1.690894e-02	1.533556e-03	9.079313e-07	1.862359e+04	1.689066e+03
17:17:26	6.102800e+01	7.433210e+00	9.082086e+00	5.632049e+00	5.106417e+00	9.082086e-05	1.689615e-02	1.531925e-03	9.082086e-07	1.860382e+04	1.686755e+03
17:17:26	6.097690e+01	7.426986e+00	9.081123e+00	5.627073e+00	5.099605e+00	9.081123e-05	1.688122e-02	1.529882e-03	9.081123e-07	1.858935e+04	1.684683e+03
17:17:27	6.093470e+01	7.421846e+00	9.093132e+00	5.623644e+00	5.091155e+00	9.093132e-05	1.687093e-02	1.527346e-03	9.093132e-07	1.855349e+04	1.679670e+03
17:17:27	6.088360e+01	7.415622e+00	9.089813e+00	5.619619e+00	5.081329e+00	9.089813e-05	1.685886e-02	1.524399e-03	9.089813e-07	1.854698e+04	1.677041e+03
17:17:27	6.083650e+01	7.409886e+00	9.095250e+00	5.615726e+00	5.075279e+00	9.095250e-05	1.684718e-02	1.522584e-03	9.095250e-07	1.852305e+04	1.674043e+03
17:17:27	6.078950e+01	7.404161e+00	9.097297e+00	5.611210e+00	5.070647e+00	9.097297e-05	1.683363e-02	1.521194e-03	9.097297e-07	1.850399e+04	1.672138e+03
17:17:28	6.074340e+01	7.398546e+00	9.106997e+00	5.606027e+00	5.065340e+00	9.106997e-05	1.681808e-02	1.519602e-03	9.106997e-07	1.846721e+04	1.668609e+03
17:17:28	6.068790e+01	7.391786e+00	9.124667e+00	5.601015e+00	5.063611e+00	9.124667e-05	1.680304e-02	1.519083e-03	9.124667e-07	1.841497e+04	1.664809e+03
17:17:28	6.064140e+01	7.386123e+00	9.129685e+00	5.597579e+00	5.057989e+00	9.129685e-05	1.679274e-02	1.517397e-03	9.129685e-07	1.839356e+04	1.662047e+03
17:17:29	6.059880e+01	7.380934e+00	9.134324e+00	5.594040e+00	5.051021e+00	9.134324e-05	1.678212e-02	1.515306e-03	9.134324e-07	1.837259e+04	1.658915e+03
17:17:29	6.055230e+01	7.375270e+00	9.133027e+00	5.590067e+00	5.043116e+00	9.133027e-05	1.677020e-02	1.512935e-03	9.133027e-07	1.836215e+04	1.656553e+03
17:17:29	6.050610e+01	7.369643e+00	9.127110e+00	5.586132e+00	5.038019e+00	9.127110e-05	1.675839e-02	1.511406e-03	9.127110e-07	1.836112e+04	1.655952e+03
17:17:29	6.045920e+01	7.363931e+00	9.127288e+00	5.581791e+00	5.033416e+00	9.127288e-05	1.674537e-02	1.510025e-03	9.127288e-07	1.834649e+04	1.654407e+03
17:17:30	6.040850e+01	7.357755e+00	9.124686e+00	5.577584e+00	5.025005e+00	9.124686e-05	1.673275e-02	1.507501e-03	9.124686e-07	1.833789e+04	1.652113e+03
17:17:30	6.035400e+01	7.351117e+00	9.127434e+00	5.572429e+00	5.016966e+00	9.127434e-05	1.671729e-02	1.505090e-03	9.127434e-07	1.831543e+04	1.648974e+03
17:17:30	6.030730e+01	7.345429e+00	9.132988e+00	5.569640e+00	5.010161e+00	9.132988e-05	1.670892e-02	1.503048e-03	9.132988e-07	1.829513e+04	1.645735e+03
17:17:30	6.026140e+01	7.339839e+00	9.125218e+00	5.564926e+00	5.002599e+00	9.125218e-05	1.669478e-02	1.500780e-03	9.125218e-07	1.829521e+04	1.644651e+03
17:17:31	6.022290e+01	7.335149e+00	9.117822e+00	5.561955e+00	4.993185e+00	9.117822e-05	1.668586e-02	1.497956e-03	9.117822e-07	1.830027e+04	1.642887e+03
17:17:31	6.017660e+01	7.329510e+00	9.095649e+00	5.559084e+00	4.984070e+00	9.095649e-05	1.667725e-02	1.495221e-03	9.095649e-07	1.833542e+04	1.643886e+03
17:17:31	6.013880e+01	7.324906e+00	9.083222e+00	5.556949e+00	4.973871e+00	9.083222e-05	1.667085e-02	1.492161e-03	9.083222e-07	1.835345e+04	1.642767e+03
17:17:31	6.009300e+01	7.319327e+00	9.085694e+00	5.552259e+00	4.968045e+00	9.085694e-05	1.665678e-02	1.490413e-03	9.085694e-07	1.833297e+04	1.640396e+03
17:17:32	6.005110e+01	7.314224e+00	9.083812e+00	5.549024e+00	4.962894e+00	9.083812e-05	1.664707e-02	1.488868e-03	9.083812e-07	1.832609e+04	1.639034e+03
17:17:32	6.000850e+01	7.309035e+00	9.088425e+00	5.544622e+00	4.954988e+00	9.088425e-05	1.663387e-02	1.486496e-03	9.088425e-07	1.830225e+04	1.635593e+03
17:17:32	5.995880e+01	7.302982e+00	9.098144e+00	5.540710e+00	4.946220e+00	9.098144e-05	1.662213e-02	1.483866e-03	9.098144e-07	1.826980e+04	1.630955e+03
17:17:33	5.991200e+01	7.297282e+00	9.103892e+00	5.535614e+00	4.936553e+00	9.103892e-05	1.660684e-02	1.480966e-03	9.103892e-07	1.824147e+04	1.626739e+03
17:17:33	5.985780e+01	7.290680e+00	9.100347e+00	5.530956e+00	4.930818e+00	9.100347e-05	1.659287e-02	1.479245e-03	9.100347e-07	1.823323e+04	1.625482e+03
17:17:33	5.980770e+01	7.284578e+00	9.107704e+00	5.526898e+00	4.923454e+00	9.107704e-05	1.658069e-02	1.477036e-03	9.107704e-07	1.820513e+04	1.621744e+03
17:17:33	5.976250e+01	7.279073e+00	9.121913e+00	5.522178e+00	4.919461e+00	9.121913e-05	1.656653e-02	1.475838e-03	9.121913e-07	1.816125e+04	1.617904e+03
17:17:34	5.971240e+01	7.272970e+00	9.128274e+00	5.516384e+00	4.916544e+00	9.128274e-05	1.654915e-02	1.474963e-03	9.128274e-07	1.812955e+04	1.615818e+03
17:17:34	5.966190e+01	7.266819e+00	9.137941e+00	5.511849e+00	4.909924e+00	9.137941e-05	1.653555e-02	1.472977e-03	9.137941e-07	1.809548e+04	1.611935e+03
17:17:34	5.960790e+01	7.260242e+00	9.140358e+00	5.508501e+00	4.901155e+00	9.140358e-05	1.652550e-02	1.470347e-03	9.140358e-07	1.807971e+04	1.608631e+03
17:17:35	5.955770e+01	7.254128e+00	9.139693e+00	5.504865e+00	4.895433e+00	9.139693e-05	1.651459e-02	1.468630e-03	9.139693e-07	1.806909e+04	1.606870e+03
17:17:35	5.951180e+01	7.248537e+00	9.139142e+00	5.501284e+00	4.888160e+00	9.139142e-05	1.650385e-02	1.466448e-03	9.139142e-07	1.805843e+04	1.604580e+03
17:17:35	5.946650e+01	7.243020e+00	9.136300e+00	5.497277e+00	4.884962e+00	9.136300e-05	1.649183e-02	1.465489e-03	9.136300e-07	1.805089e+04	1.604028e+03
17:17:35	5.942510e+01	7.237977e+00	9.137646e+00	5.493557e+00	4.880673e+00	9.137646e-05	1.648067e-02	1.464202e-03	9.137646e-07	1.803601e+04	1.602384e+03
17:17:36	5.937910e+01	7.232374e+00	9.134863e+00	5.489751e+00	4.874646e+00	9.134863e-05	1.646925e-02	1.462394e-03	9.134863e-07	1.802901e+04	1.600893e+03
17:17:36	5.933340e+01	7.226808e+00	9.138376e+00	5.485687e+00	4.864937e+00	9.138376e-05	1.645706e-02	1.459481e-03	9.138376e-07	1.800874e+04	1.597090e+03
17:17:36	5.927570e+01	7.219780e+00	9.115743e+00	5.482115e+00	4.854216e+00	9.115743e-05	1.644635e-02	1.456265e-03	9.115743e-07	1.804170e+04	1.597527e+03
17:17:37	5.923440e+01	7.214750e+00	9.098861e+00	5.479410e+00	4.843015e+00	9.098861e-05	1.643823e-02	1.452904e-03	9.098861e-07	1.806625e+04	1.596798e+03
17:17:37	5.919320e+01	7.209732e+00	9.096597e+00	5.476620e+00	4.838081e+00	9.096597e-05	1.642986e-02	1.451424e-03	9.096597e-07	1.806155e+04	1.595568e+03
17:17:37	5.915120e+01	7.204616e+00	9.095643e+00	5.472306e+00	4.831979e+00	9.095643e-05	1.641692e-02	1.449594e-03	9.095643e-07	1.804921e+04	1.593723e+03
17:17:37	5.911060e+01	7.199671e+00	9.100308e+00	5.469350e+00	4.822760e+00	9.100308e-05	1.640805e-02	1.446828e-03	9.100308e-07	1.803022e+04	1.589867e+03
17:17:38	5.906900e+01	7.194604e+00	9.103763e+00	5.464939e+00	4.815633e+00	9.103763e-05	1.639482e-02	1.444690e-03	9.103763e-07	1.800883e+04	1.586915e+03
17:17:38	5.902380e+01	7.189099e+00	9.107409e+00	5.461468e+00	4.810271e+00	9.107409e-05	1.638440e-02	1.443081e-03	9.107409e-07	1.799019e+04	1.584513e+03
17:17:38	5.897870e+01	7.183606e+00	9.112930e+00	5.456138e+00	4.806355e+00	9.112930e-05	1.636841e-02	1.441907e-03	9.112930e-07	1.796175e+04	1.582264e+03
17:17:38	5.892900e+01	7.177552e+00	9.139482e+00	5.450263e+00	4.804707e+00	9.139482e-05	1.635079e-02	1.441412e-03	9.139482e-07	1.789028e+04	1.577127e+03
17:17:39	5.887590e+01	7.171085e+00	9.143317e+00	5.446250e+00	4.799543e+00	9.143317e-05	1.633875e-02	1.439863e-03	9.143317e-07	1.786961e+04	1.574771e+03
17:17:39	5.883040e+01	7.165543e+00	9.139700e+00	5.443029e+00	4.790843e+00	9.139700e-05	1.632909e-02	1.437253e-03	9.139700e-07	1.786611e+04	1.572538e+03
17:17:39	5.878540e+01	7.160062e+00	9.130360e+00	5.439986e+00	4.784971e+00	9.130360e-05	1.631996e-02	1.435491e-03	9.130360e-07	1.787439e+04	1.572218e+03
17:17:40	5.874440e+01	7.155068e+00	9.128303e+00	5.437443e+00	4.780929e+00	9.128303e-05	1.631233e-02	1.434279e-03	9.128303e-07	1.787006e+04	1.571244e+03
17:17:40	5.870300e+01	7.150025e+00	9.126441e+00	5.433888e+00	4.777072e+00	9.126441e-05	1.630166e-02	1.433122e-03	9.126441e-07	1.786202e+04	1.570296e+03
17:17:40	5.865790e+01	7.144532e+00	9.124482e+00	5.430436e+00	4.768953e+00	9.124482e-05	1.629131e-02	1.430686e-03	9.124482e-07	1.785450e+04	1.567964e+03
17:17:40	5.861310e+01	7.139076e+00	9.120421e+00	5.427024e+00	4.761333e+00	9.120421e-05	1.628107e-02	1.428400e-03	9.120421e-07	1.785123e+04	1.566156e+03
17:17:41	5.856400e+01	7.133095e+00	9.119266e+00	5.423501e+00	4.754359e+00	9.119266e-05	1.627050e-02	1.426308e-03	9.119266e-07	1.784190e+04	1.564060e+03
17:17:41	5.851930e+01	7.127651e+00	9.101965e+00	5.420932e+00	4.740027e+00	9.101965e-05	1.626279e-02	1.422008e-03	9.101965e-07	1.786734e+04	1.562309e+03
17:17:41	5.847010e+01	7.121658e+00	9.083887e+00	5.418456e+00	4.730801e+00	9.083887e-05	1.625537e-02	1.419240e-03	9.083887e-07	1.789473e+04	1.562371e+03
17:17:41	5.842540e+01	7.116214e+00	9.078706e+00	5.413484e+00	4.722899e+00	9.078706e-05	1.624045e-02	1.416870e-03	9.078706e-07	1.788851e+04	1.560652e+03
17:17:42	5.838040e+01	7.110733e+00	9.080286e+00	5.409873e+00	4.716616e+00	9.080286e-05	1.622962e-02	1.414985e-03	9.080286e-07	1.787347e+04	1.558304e+03
17:17:42	5.833960e+01	7.105763e+00	9.080828e+00	5.406068e+00	4.708895e+00	9.080828e-05	1.621820e-02	1.412669e-03	9.080828e-07	1.785983e+04	1.555661e+03
17:17:42	5.829450e+01	7.100270e+00	9.081369e+00	5.402276e+00	4.701441e+00	9.081369e-05	1.620683e-02	1.410432e-03	9.081369e-07	1.784624e+04	1.553105e+03
17:17:43	5.825370e+01	7.095301e+00	9.090041e+00	5.398484e+00	4.693152e+00	9.090041e-05	1.619545e-02	1.407946e-03	9.090041e-07	1.781670e+04	1.548888e+03
17:17:43	5.820520e+01	7.089393e+00	9.092422e+00	5.394906e+00	4.685549e+00	9.092422e-05	1.618472e-02	1.405665e-03	9.092422e-07	1.780023e+04	1.545974e+03
17:17:43	5.816060e+01	7.083961e+00	9.091971e+00	5.391298e+00	4.680186e+00	9.091971e-05	1.617390e-02	1.404056e-03	9.091971e-07	1.778921e+04	1.544281e+03
17:17:43	5.811590e+01	7.078517e+00	9.093382e+00	5.385680e+00	4.673867e+00	9.093382e-05	1.615704e-02	1.402160e-03	9.093382e-07	1.776791e+04	1.541957e+03
17:17:44	5.806340e+01	7.072122e+00	9.101466e+00	5.380629e+00	4.669261e+00	9.101466e-05	1.614189e-02	1.400778e-03	9.101466e-07	1.773548e+04	1.539069e+03
17:17:44	5.801410e+01	7.066117e+00	9.116975e+00	5.375591e+00	4.666374e+00	9.116975e-05	1.612677e-02	1.399912e-03	9.116975e-07	1.768873e+04	1.535501e+03
17:17:44	5.796970e+01	7.060709e+00	9.132427e+00	5.371082e+00	4.665323e+00	9.132427e-05	1.611325e-02	1.399597e-03	9.132427e-07	1.764399e+04	1.532557e+03
17:17:45	5.792140e+01	7.054827e+00	9.131447e+00	5.367131e+00	4.659416e+00	9.131447e-05	1.610139e-02	1.397825e-03	9.131447e-07	1.763290e+04	1.530781e+03
17:17:45	5.787700e+01	7.049419e+00	9.135207e+00	5.363349e+00	4.652863e+00	9.135207e-05	1.609005e-02	1.395859e-03	9.135207e-07	1.761323e+04	1.527999e+03
17:17:45	5.783250e+01	7.043999e+00	9.132105e+00	5.360147e+00	4.646187e+00	9.132105e-05	1.608044e-02	1.393856e-03	9.132105e-07	1.760869e+04	1.526325e+03
17:17:45	5.777540e+01	7.037044e+00	9.131382e+00	5.355232e+00	4.641247e+00	9.131382e-05	1.606570e-02	1.392374e-03	9.131382e-07	1.759394e+04	1.524823e+03
17:17:46	5.773170e+01	7.031721e+00	9.134720e+00	5.351560e+00	4.636241e+00	9.134720e-05	1.605468e-02	1.390872e-03	9.134720e-07	1.757545e+04	1.522622e+03
17:17:46	5.768730e+01	7.026313e+00	9.126376e+00	5.347175e+00	4.634305e+00	9.126376e-05	1.604152e-02	1.390291e-03	9.126376e-07	1.757710e+04	1.523377e+03
17:17:46	5.765110e+01	7.021904e+00	9.129591e+00	5.344456e+00	4.629805e+00	9.129591e-05	1.603337e-02	1.388942e-03	9.129591e-07	1.756198e+04	1.521362e+03
17:17:46	5.760650e+01	7.016472e+00	9.133500e+00	5.339814e+00	4.623781e+00	9.133500e-05	1.601944e-02	1.387134e-03	9.133500e-07	1.753921e+04	1.518733e+03
17:17:47	5.755900e+01	7.010686e+00	9.125948e+00	5.335312e+00	4.616405e+00	9.125948e-05	1.600593e-02	1.384921e-03	9.125948e-07	1.753893e+04	1.517564e+03
17:17:47	5.751050e+01	7.004779e+00	9.127200e+00	5.331111e+00	4.610991e+00	9.127200e-05	1.599333e-02	1.383297e-03	9.127200e-07	1.752271e+04	1.515577e+03
17:17:47	5.745840e+01	6.998433e+00	9.118510e+00	5.327623e+00	4.602320e+00	9.118510e-05	1.598287e-02	1.380696e-03	9.118510e-07	1.752794e+04	1.514168e+03
17:17:48	5.741820e+01	6.993537e+00	9.111081e+00	5.324937e+00	4.593821e+00	9.111081e-05	1.597481e-02	1.378146e-03	9.111081e-07	1.753339e+04	1.512604e+03
17:17:48	5.737420e+01	6.988178e+00	9.097554e+00	5.321262e+00	4.584430e+00	9.097554e-05	1.596379e-02	1.375329e-03	9.097554e-07	1.754734e+04	1.511757e+03
17:17:48	5.733070e+01	6.982879e+00	9.087643e+00	5.318505e+00	4.576180e+00	9.087643e-05	1.595551e-02	1.372854e-03	9.087643e-07	1.755737e+04	1.510682e+03
17:17:48	5.729040e+01	6.977971e+00	9.087718e+00	5.315303e+00	4.570669e+00	9.087718e-05	1.594591e-02	1.371201e-03	9.087718e-07	1.754666e+04	1.508850e+03
17:17:49	5.724190e+01	6.972063e+00	9.089693e+00	5.309882e+00	4.565112e+00	9.089693e-05	1.592965e-02	1.369534e-03	9.089693e-07	1.752496e+04	1.506688e+03
17:17:49	5.719000e+01	6.965742e+00	9.096240e+00	5.305633e+00	4.560853e+00	9.096240e-05	1.591690e-02	1.368256e-03	9.096240e-07	1.749833e+04	1.504199e+03
17:17:49	5.714270e+01	6.959981e+00	9.091267e+00	5.301987e+00	4.553437e+00	9.091267e-05	1.590596e-02	1.366031e-03	9.091267e-07	1.749587e+04	1.502575e+03
17:17:50	5.709440e+01	6.954098e+00	9.099218e+00	5.298490e+00	4.547978e+00	9.099218e-05	1.589547e-02	1.364393e-03	9.099218e-07	1.746905e+04	1.499462e+03
17:17:50	5.705060e+01	6.948763e+00	9.097044e+00	5.294218e+00	4.541756e+00	9.097044e-05	1.588265e-02	1.362527e-03	9.097044e-07	1.745914e+04	1.497769e+03
17:17:50	5.700750e+01	6.943514e+00	9.089512e+00	5.289303e+00	4.532115e+00	9.089512e-05	1.586791e-02	1.359634e-03	9.089512e-07	1.745738e+04	1.495828e+03
17:17:51	5.695140e+01	6.936681e+00	9.089262e+00	5.285770e+00	4.524878e+00	9.089262e-05	1.585731e-02	1.357463e-03	9.089262e-07	1.744620e+04	1.493480e+03
17:17:51	5.690780e+01	6.931370e+00	9.093349e+00	5.281709e+00	4.518526e+00	9.093349e-05	1.584513e-02	1.355558e-03	9.093349e-07	1.742496e+04	1.490713e+03
17:17:51	5.686030e+01	6.925585e+00	9.096337e+00	5.277615e+00	4.510806e+00	9.096337e-05	1.583285e-02	1.353242e-03	9.096337e-07	1.740574e+04	1.487678e+03
17:17:51	5.681690e+01	6.920298e+00	9.093291e+00	5.273898e+00	4.505635e+00	9.093291e-05	1.582169e-02	1.351690e-03	9.093291e-07	1.739930e+04	1.486470e+03
17:17:52	5.677320e+01	6.914976e+00	9.105475e+00	5.269408e+00	4.497065e+00	9.105475e-05	1.580822e-02	1.349119e-03	9.105475e-07	1.736123e+04	1.481657e+03
17:17:52	5.671750e+01	6.908192e+00	9.106990e+00	5.265483e+00	4.492273e+00	9.106990e-05	1.579645e-02	1.347682e-03	9.106990e-07	1.734541e+04	1.479832e+03
17:17:52	5.667020e+01	6.902430e+00	9.103912e+00	5.261902e+00	4.486558e+00	9.103912e-05	1.578570e-02	1.345967e-03	9.103912e-07	1.733947e+04	1.478449e+03
17:17:53	5.662660e+01	6.897120e+00	9.098932e+00	5.257808e+00	4.481471e+00	9.098932e-05	1.577342e-02	1.344441e-03	9.098932e-07	1.733547e+04	1.477581e+03
17:17:53	5.658430e+01	6.891968e+00	9.103552e+00	5.255031e+00	4.474026e+00	9.103552e-05	1.576509e-02	1.342208e-03	9.103552e-07	1.731752e+04	1.474378e+03
17:17:53	5.653990e+01	6.886560e+00	9.100742e+00	5.250133e+00	4.468194e+00	9.100742e-05	1.575040e-02	1.340458e-03	9.100742e-07	1.730672e+04	1.472911e+03
17:17:53	5.649260e+01	6.880799e+00	9.098027e+00	5.246834e+00	4.462095e+00	9.098027e-05	1.574050e-02	1.338629e-03	9.098027e-07	1.730100e+04	1.471339e+03
17:17:54	5.644940e+01	6.875537e+00	9.103416e+00	5.242000e+00	4.455523e+00	9.103416e-05	1.572600e-02	1.336657e-03	9.103416e-07	1.727484e+04	1.468303e+03
17:17:54	5.639810e+01	6.869289e+00	9.104742e+00	5.238740e+00	4.449480e+00	9.104742e-05	1.571622e-02	1.334844e-03	9.104742e-07	1.726158e+04	1.466097e+03
17:17:54	5.635080e+01	6.863527e+00	9.115743e+00	5.234494e+00	4.444390e+00	9.115743e-05	1.570348e-02	1.333317e-03	9.115743e-07	1.722677e+04	1.462653e+03
17:17:55	5.630780e+01	6.858290e+00	9.107986e+00	5.229988e+00	4.437646e+00	9.107986e-05	1.568996e-02	1.331294e-03	9.107986e-07	1.722660e+04	1.461677e+03
17:17:55	5.626050e+01	6.852529e+00	9.106030e+00	5.225343e+00	4.431139e+00	9.106030e-05	1.567603e-02	1.329342e-03	9.106030e-07	1.721500e+04	1.459848e+03
17:17:55	5.621290e+01	6.846731e+00	9.102407e+00	5.221719e+00	4.421709e+00	9.102407e-05	1.566516e-02	1.326513e-03	9.102407e-07	1.720991e+04	1.457321e+03
17:17:55	5.615950e+01	6.840227e+00	9.102575e+00	5.217891e+00	4.416035e+00	9.102575e-05	1.565367e-02	1.324810e-03	9.102575e-07	1.719697e+04	1.455424e+03
17:17:56	5.611190e+01	6.834429e+00	9.104626e+00	5.214557e+00	4.408104e+00	9.104626e-05	1.564367e-02	1.322431e-03	9.104626e-07	1.718211e+04	1.452483e+03
17:17:56	5.606840e+01	6.829131e+00	9.109054e+00	5.210531e+00	4.402222e+00	9.109054e-05	1.563159e-02	1.320667e-03	9.109054e-07	1.716050e+04	1.449840e+03
17:17:56	5.602960e+01	6.824405e+00	9.107912e+00	5.206726e+00	4.396721e+00	9.107912e-05	1.562018e-02	1.319016e-03	9.107912e-07	1.715012e+04	1.448209e+03
17:17:57	5.598660e+01	6.819168e+00	9.111740e+00	5.202989e+00	4.390402e+00	9.111740e-05	1.560897e-02	1.317120e-03	9.111740e-07	1.713061e+04	1.445520e+03
17:17:57	5.594020e+01	6.813516e+00	9.114523e+00	5.199349e+00	4.384916e+00	9.114523e-05	1.559805e-02	1.315475e-03	9.114523e-07	1.711340e+04	1.443273e+03
17:17:57	5.589690e+01	6.808242e+00	9.111182e+00	5.194347e+00	4.377942e+00	9.111182e-05	1.558304e-02	1.313383e-03	9.111182e-07	1.710321e+04	1.441506e+03
17:17:57	5.584200e+01	6.801556e+00	9.115188e+00	5.190574e+00	4.373050e+00	9.115188e-05	1.557172e-02	1.311915e-03	9.115188e-07	1.708327e+04	1.439263e+03
17:17:58	5.579980e+01	6.796416e+00	9.111110e+00	5.187032e+00	4.366938e+00	9.111110e-05	1.556110e-02	1.310082e-03	9.111110e-07	1.707925e+04	1.437894e+03
17:17:58	5.575650e+01	6.791142e+00	9.111425e+00	5.183941e+00	4.361193e+00	9.111425e-05	1.555182e-02	1.308358e-03	9.111425e-07	1.706848e+04	1.435953e+03
17:17:58	5.571410e+01	6.785977e+00	9.107224e+00	5.180096e+00	4.355513e+00	9.107224e-05	1.554029e-02	1.306654e-03	9.107224e-07	1.706370e+04	1.434745e+03
17:17:59	5.567490e+01	6.781203e+00	9.109638e+00	5.176622e+00	4.350579e+00	9.109638e-05	1.552987e-02	1.305174e-03	9.109638e-07	1.704773e+04	1.432740e+03
17:17:59	5.562810e+01	6.775503e+00	9.110299e+00	5.172781e+00	4.343320e+00	9.110299e-05	1.551834e-02	1.302996e-03	9.110299e-07	1.703385e+04	1.430245e+03
17:17:59	5.558200e+01	6.769888e+00	9.116054e+00	5.168678e+00	4.338535e+00	9.116054e-05	1.550603e-02	1.301560e-03	9.116054e-07	1.700959e+04	1.427767e+03
17:17:59	5.553170e+01	6.763761e+00	9.111188e+00	5.165077e+00	4.334032e+00	9.111188e-05	1.549523e-02	1.300210e-03	9.111188e-07	1.700682e+04	1.427047e+03
17:18:00	5.548870e+01	6.758524e+00	9.115276e+00	5.161236e+00	4.328930e+00	9.115276e-05	1.548371e-02	1.298679e-03	9.115276e-07	1.698655e+04	1.424728e+03
17:18:00	5.544260e+01	6.752909e+00	9.116401e+00	5.157143e+00	4.322043e+00	9.116401e-05	1.547143e-02	1.296613e-03	9.116401e-07	1.697098e+04	1.422286e+03
17:18:00	5.539980e+01	6.747696e+00	9.122091e+00	5.153003e+00	4.317232e+00	9.122091e-05	1.545901e-02	1.295170e-03	9.122091e-07	1.694678e+04	1.419817e+03
17:18:01	5.535740e+01	6.742531e+00	9.127541e+00	5.147858e+00	4.311571e+00	9.127541e-05	1.544358e-02	1.293471e-03	9.127541e-07	1.691975e+04	1.417108e+03
17:18:01	5.530730e+01	6.736429e+00	9.122049e+00	5.144082e+00	4.307562e+00	9.122049e-05	1.543225e-02	1.292269e-03	9.122049e-07	1.691752e+04	1.416643e+03
17:18:01	5.526140e+01	6.730839e+00	9.126153e+00	5.139982e+00	4.301736e+00	9.126153e-05	1.541995e-02	1.290521e-03	9.126153e-07	1.689644e+04	1.414091e+03
17:18:01	5.521820e+01	6.725577e+00	9.130691e+00	5.136900e+00	4.296721e+00	9.130691e-05	1.541070e-02	1.289016e-03	9.130691e-07	1.687791e+04	1.411740e+03
17:18:02	5.517640e+01	6.720486e+00	9.135696e+00	5.132872e+00	4.292212e+00	9.135696e-05	1.539861e-02	1.287664e-03	9.135696e-07	1.685544e+04	1.409486e+03
17:18:02	5.513050e+01	6.714895e+00	9.134568e+00	5.128259e+00	4.286035e+00	9.134568e-05	1.538478e-02	1.285811e-03	9.134568e-07	1.684237e+04	1.407632e+03
17:18:02	5.507680e+01	6.708354e+00	9.140374e+00	5.124479e+00	4.282071e+00	9.140374e-05	1.537344e-02	1.284621e-03	9.140374e-07	1.681927e+04	1.405436e+03
17:18:03	5.503090e+01	6.702764e+00	9.147943e+00	5.120535e+00	4.277306e+00	9.147943e-05	1.536160e-02	1.283192e-03	9.147943e-07	1.679241e+04	1.402711e+03
17:18:03	5.498870e+01	6.697624e+00	9.150161e+00	5.117087e+00	4.272502e+00	9.150161e-05	1.535126e-02	1.281751e-03	9.150161e-07	1.677704e+04	1.400796e+03
17:18:03	5.495030e+01	6.692947e+00	9.156873e+00	5.113003e+00	4.267130e+00	9.156873e-05	1.533901e-02	1.280139e-03	9.156873e-07	1.675136e+04	1.398009e+03
17:18:04	5.490490e+01	6.687417e+00	9.150161e+00	5.108902e+00	4.262206e+00	9.150161e-05	1.532671e-02	1.278662e-03	9.150161e-07	1.675020e+04	1.397420e+03
17:18:04	5.485500e+01	6.681339e+00	9.153983e+00	5.105178e+00	4.255319e+00	9.153983e-05	1.531553e-02	1.276596e-03	9.153983e-07	1.673101e+04	1.394579e+03
17:18:04	5.481240e+01	6.676150e+00	9.155709e+00	5.101697e+00	4.248906e+00	9.155709e-05	1.530509e-02	1.274672e-03	9.155709e-07	1.671645e+04	1.392215e+03
17:18:04	5.475940e+01	6.669695e+00	9.149367e+00	5.098450e+00	4.243375e+00	9.149367e-05	1.529535e-02	1.273012e-03	9.149367e-07	1.671739e+04	1.391367e+03
17:18:05	5.471320e+01	6.664068e+00	9.155115e+00	5.094068e+00	4.237529e+00	9.155115e-05	1.528220e-02	1.271259e-03	9.155115e-07	1.669253e+04	1.388578e+03
17:18:05	5.467120e+01	6.658952e+00	9.160717e+00	5.091242e+00	4.232200e+00	9.160717e-05	1.527373e-02	1.269660e-03	9.160717e-07	1.667307e+04	1.385983e+03
17:18:05	5.462950e+01	6.653873e+00	9.158067e+00	5.087531e+00	4.227188e+00	9.158067e-05	1.526259e-02	1.268156e-03	9.158067e-07	1.666574e+04	1.384742e+03
17:18:06	5.459160e+01	6.649257e+00	9.162907e+00	5.083434e+00	4.221066e+00	9.162907e-05	1.525030e-02	1.266320e-03	9.162907e-07	1.664352e+04	1.382007e+03
17:18:06	5.454590e+01	6.643691e+00	9.155254e+00	5.079713e+00	4.215682e+00	9.155254e-05	1.523914e-02	1.264704e-03	9.155254e-07	1.664524e+04	1.381397e+03
17:18:06	5.450410e+01	6.638599e+00	9.154953e+00	5.076028e+00	4.208779e+00	9.154953e-05	1.522809e-02	1.262634e-03	9.154953e-07	1.663371e+04	1.379181e+03
17:18:06	5.445440e+01	6.632546e+00	9.154505e+00	5.073080e+00	4.203725e+00	9.154505e-05	1.521924e-02	1.261117e-03	9.154505e-07	1.662486e+04	1.377592e+03
17:18:07	5.440900e+01	6.627016e+00	9.152260e+00	5.069028e+00	4.198015e+00	9.152260e-05	1.520708e-02	1.259405e-03	9.152260e-07	1.661566e+04	1.376059e+03
17:18:07	5.436730e+01	6.621937e+00	9.155160e+00	5.065641e+00	4.193766e+00	9.155160e-05	1.519692e-02	1.258130e-03	9.155160e-07	1.659930e+04	1.374230e+03
17:18:07	5.432570e+01	6.616870e+00	9.156286e+00	5.062261e+00	4.188118e+00	9.156286e-05	1.518678e-02	1.256435e-03	9.156286e-07	1.658618e+04	1.372211e+03
17:18:08	5.428410e+01	6.611803e+00	9.157009e+00	5.057120e+00	4.183479e+00	9.157009e-05	1.517136e-02	1.255044e-03	9.157009e-07	1.656803e+04	1.370583e+03
17:18:08	5.423120e+01	6.605360e+00	9.166540e+00	5.053094e+00	4.178695e+00	9.166540e-05	1.515928e-02	1.253608e-03	9.166540e-07	1.653763e+04	1.367592e+03
17:18:08	5.418940e+01	6.600269e+00	9.161798e+00	5.049509e+00	4.174328e+00	9.161798e-05	1.514853e-02	1.252298e-03	9.161798e-07	1.653445e+04	1.366870e+03
17:18:08	5.414370e+01	6.594703e+00	9.162930e+00	5.044592e+00	4.169715e+00	9.162930e-05	1.513377e-02	1.250915e-03	9.162930e-07	1.651631e+04	1.365191e+03
17:18:09	5.409930e+01	6.589295e+00	9.166472e+00	5.041095e+00	4.166173e+00	9.166472e-05	1.512328e-02	1.249852e-03	9.166472e-07	1.649848e+04	1.363504e+03
17:18:09	5.405810e+01	6.584277e+00	9.166767e+00	5.036456e+00	4.162173e+00	9.166767e-05	1.510937e-02	1.248652e-03	9.166767e-07	1.648277e+04	1.362151e+03
17:18:09	5.401650e+01	6.579210e+00	9.165330e+00	5.033183e+00	4.154995e+00	9.165330e-05	1.509955e-02	1.246498e-03	9.165330e-07	1.647464e+04	1.360015e+03
17:18:10	5.396010e+01	6.572340e+00	9.170537e+00	5.028135e+00	4.148604e+00	9.170537e-05	1.508441e-02	1.244581e-03	9.170537e-07	1.644877e+04	1.357152e+03
17:18:10	5.392250e+01	6.567761e+00	9.169113e+00	5.024774e+00	4.143437e+00	9.169113e-05	1.507432e-02	1.243031e-03	9.169113e-07	1.644033e+04	1.355672e+03
17:18:10	5.387730e+01	6.562255e+00	9.162871e+00	5.020389e+00	4.138675e+00	9.162871e-05	1.506117e-02	1.241602e-03	9.162871e-07	1.643717e+04	1.355036e+03
17:18:11	5.383280e+01	6.556835e+00	9.170251e+00	5.016642e+00	4.133102e+00	9.170251e-05	1.504993e-02	1.239930e-03	9.170251e-07	1.641168e+04	1.352123e+03
17:18:11	5.379140e+01	6.551793e+00	9.155323e+00	5.013583e+00	4.127321e+00	9.155323e-05	1.504075e-02	1.238196e-03	9.155323e-07	1.642842e+04	1.352433e+03
17:18:11	5.375370e+01	6.547201e+00	9.149782e+00	5.010284e+00	4.120898e+00	9.149782e-05	1.503085e-02	1.236269e-03	9.149782e-07	1.642755e+04	1.351146e+03
17:18:11	5.370920e+01	6.541781e+00	9.140212e+00	5.007056e+00	4.113223e+00	9.140212e-05	1.502117e-02	1.233967e-03	9.140212e-07	1.643416e+04	1.350042e+03
17:18:12	5.366380e+01	6.536251e+00	9.129598e+00	5.004250e+00	4.105116e+00	9.129598e-05	1.501275e-02	1.231535e-03	9.129598e-07	1.644404e+04	1.348948e+03
17:18:12	5.362680e+01	6.531744e+00	9.127745e+00	5.000260e+00	4.101143e+00	9.127745e-05	1.500078e-02	1.230343e-03	9.127745e-07	1.643427e+04	1.347915e+03
17:18:12	5.358540e+01	6.526702e+00	9.131025e+00	4.997496e+00	4.095456e+00	9.131025e-05	1.499249e-02	1.228637e-03	9.131025e-07	1.641928e+04	1.345563e+03
17:18:12	5.354820e+01	6.522171e+00	9.132248e+00	4.994136e+00	4.092180e+00	9.132248e-05	1.498241e-02	1.227654e-03	9.132248e-07	1.640604e+04	1.344306e+03
17:18:13	5.350740e+01	6.517201e+00	9.136744e+00	4.990275e+00	4.085883e+00	9.136744e-05	1.497083e-02	1.225765e-03	9.136744e-07	1.638530e+04	1.341577e+03
17:18:13	5.346680e+01	6.512256e+00	9.138298e+00	4.987190e+00	4.078841e+00	9.138298e-05	1.496157e-02	1.223652e-03	9.138298e-07	1.637238e+04	1.339037e+03
17:18:13	5.342140e+01	6.506727e+00	9.142742e+00	4.983139e+00	4.072327e+00	9.142742e-05	1.494942e-02	1.221698e-03	9.142742e-07	1.635113e+04	1.336249e+03
17:18:14	5.338050e+01	6.501745e+00	9.143378e+00	4.979499e+00	4.064006e+00	9.143378e-05	1.493850e-02	1.219202e-03	9.143378e-07	1.633805e+04	1.333426e+03
17:18:14	5.332500e+01	6.494985e+00	9.151034e+00	4.975924e+00	4.057681e+00	9.151034e-05	1.492777e-02	1.217304e-03	9.151034e-07	1.631266e+04	1.330237e+03
17:18:14	5.328460e+01	6.490064e+00	9.142859e+00	4.972534e+00	4.054051e+00	9.142859e-05	1.491760e-02	1.216215e-03	9.142859e-07	1.631612e+04	1.330235e+03
17:18:14	5.324300e+01	6.484997e+00	9.155443e+00	4.968814e+00	4.047956e+00	9.155443e-05	1.490644e-02	1.214387e-03	9.155443e-07	1.628151e+04	1.326410e+03
17:18:15	5.320240e+01	6.480052e+00	9.146574e+00	4.964772e+00	4.042765e+00	9.146574e-05	1.489432e-02	1.212830e-03	9.146574e-07	1.628404e+04	1.325993e+03
17:18:15	5.316540e+01	6.475546e+00	9.155482e+00	4.962057e+00	4.038830e+00	9.155482e-05	1.488617e-02	1.211649e-03	9.155482e-07	1.625930e+04	1.323414e+03
17:18:15	5.312480e+01	6.470601e+00	9.162599e+00	4.958271e+00	4.036063e+00	9.162599e-05	1.487481e-02	1.210819e-03	9.162599e-07	1.623427e+04	1.321480e+03
17:18:16	5.308060e+01	6.465217e+00	9.184382e+00	4.952993e+00	4.032411e+00	9.184382e-05	1.485898e-02	1.209723e-03	9.184382e-07	1.617853e+04	1.317153e+03
17:18:16	5.303250e+01	6.459359e+00	9.191269e+00	4.949798e+00	4.027646e+00	9.191269e-05	1.484939e-02	1.208294e-03	9.191269e-07	1.615598e+04	1.314610e+03
17:18:16	5.298850e+01	6.453999e+00	9.190747e+00	4.946723e+00	4.022358e+00	9.190747e-05	1.484017e-02	1.206707e-03	9.190747e-07	1.614686e+04	1.312959e+03
17:18:16	5.294770e+01	6.449030e+00	9.185871e+00	4.942892e+00	4.015802e+00	9.185871e-05	1.482867e-02	1.204741e-03	9.185871e-07	1.614292e+04	1.311515e+03
17:18:17	5.290320e+01	6.443610e+00	9.185388e+00	4.940186e+00	4.010609e+00	9.185388e-05	1.482056e-02	1.203183e-03	9.185388e-07	1.613493e+04	1.309888e+03
17:18:17	5.286320e+01	6.438738e+00	9.184376e+00	4.936521e+00	4.004549e+00	9.184376e-05	1.480956e-02	1.201365e-03	9.184376e-07	1.612473e+04	1.308053e+03
17:18:17	5.281190e+01	6.432489e+00	9.189407e+00	4.931827e+00	3.998775e+00	9.189407e-05	1.479548e-02	1.199632e-03	9.189407e-07	1.610058e+04	1.305451e+03
17:18:18	5.276690e+01	6.427008e+00	9.182906e+00	4.928200e+00	3.992031e+00	9.182906e-05	1.478460e-02	1.197609e-03	9.182906e-07	1.610013e+04	1.304172e+03
17:18:18	5.272340e+01	6.421710e+00	9.183857e+00	4.924761e+00	3.985880e+00	9.183857e-05	1.477428e-02	1.195764e-03	9.183857e-07	1.608723e+04	1.302028e+03
17:18:18	5.267540e+01	6.415864e+00	9.184434e+00	4.920200e+00	3.979503e+00	9.184434e-05	1.476060e-02	1.193851e-03	9.184434e-07	1.607132e+04	1.299863e+03
17:18:19	5.262420e+01	6.409628e+00	9.193086e+00	4.916496e+00	3.974394e+00	9.193086e-05	1.474949e-02	1.192318e-03	9.193086e-07	1.604411e+04	1.296973e+03
17:18:19	5.258420e+01	6.404756e+00	9.195110e+00	4.912279e+00	3.969155e+00	9.195110e-05	1.473684e-02	1.190746e-03	9.195110e-07	1.602682e+04	1.294978e+03
17:18:19	5.254060e+01	6.399445e+00	9.193712e+00	4.909239e+00	3.964302e+00	9.193712e-05	1.472772e-02	1.189291e-03	9.193712e-07	1.601934e+04	1.293591e+03
17:18:20	5.249270e+01	6.393611e+00	9.192311e+00	4.905298e+00	3.958385e+00	9.192311e-05	1.471589e-02	1.187515e-03	9.192311e-07	1.600892e+04	1.291857e+03
17:18:20	5.244570e+01	6.387886e+00	9.193819e+00	4.901382e+00	3.953315e+00	9.193819e-05	1.470415e-02	1.185994e-03	9.193819e-07	1.599351e+04	1.289991e+03
17:18:20	5.240120e+01	6.382466e+00	9.196113e+00	4.897366e+00	3.948089e+00	9.196113e-05	1.469210e-02	1.184427e-03	9.196113e-07	1.597642e+04	1.287964e+03
17:18:20	5.235840e+01	6.377253e+00	9.194838e+00	4.892838e+00	3.942730e+00	9.194838e-05	1.467851e-02	1.182819e-03	9.194838e-07	1.596386e+04	1.286395e+03
17:18:21	5.231740e+01	6.372259e+00	9.192924e+00	4.890788e+00	3.937186e+00	9.192924e-05	1.467236e-02	1.181156e-03	9.192924e-07	1.596050e+04	1.284853e+03
17:18:21	5.227780e+01	6.367436e+00	9.190513e+00	4.886110e+00	3.930702e+00	9.190513e-05	1.465833e-02	1.179210e-03	9.190513e-07	1.594941e+04	1.283074e+03
17:18:21	5.222670e+01	6.361212e+00	9.194666e+00	4.882221e+00	3.924613e+00	9.194666e-05	1.464666e-02	1.177384e-03	9.194666e-07	1.592952e+04	1.280507e+03
17:18:22	5.218270e+01	6.355853e+00	9.191234e+00	4.878704e+00	3.920428e+00	9.191234e-05	1.463611e-02	1.176128e-03	9.191234e-07	1.592399e+04	1.279620e+03
17:18:22	5.214350e+01	6.351078e+00	9.192518e+00	4.875318e+00	3.914725e+00	9.192518e-05	1.462595e-02	1.174418e-03	9.192518e-07	1.591071e+04	1.277580e+03
17:18:22	5.210350e+01	6.346206e+00	9.196226e+00	4.871285e+00	3.910872e+00	9.196226e-05	1.461386e-02	1.173261e-03	9.196226e-07	1.589114e+04	1.275808e+03
17:18:22	5.205600e+01	6.340421e+00	9.193235e+00	4.866835e+00	3.905613e+00	9.193235e-05	1.460050e-02	1.171684e-03	9.193235e-07	1.588179e+04	1.274507e+03
17:18:23	5.200890e+01	6.334684e+00	9.190523e+00	4.862812e+00	3.900485e+00	9.190523e-05	1.458844e-02	1.170145e-03	9.190523e-07	1.587335e+04	1.273209e+03
17:18:23	5.196530e+01	6.329374e+00	9.194562e+00	4.859387e+00	3.893718e+00	9.194562e-05	1.457816e-02	1.168115e-03	9.194562e-07	1.585520e+04	1.270442e+03
17:18:23	5.191860e+01	6.323685e+00	9.188041e+00	4.856201e+00	3.888411e+00	9.188041e-05	1.456860e-02	1.166523e-03	9.188041e-07	1.585605e+04	1.269610e+03
17:18:24	5.188290e+01	6.319337e+00	9.181466e+00	4.853791e+00	3.883759e+00	9.181466e-05	1.456137e-02	1.165128e-03	9.181466e-07	1.585953e+04	1.269000e+03
17:18:24	5.184250e+01	6.314417e+00	9.179714e+00	4.849441e+00	3.878666e+00	9.179714e-05	1.454832e-02	1.163600e-03	9.179714e-07	1.584834e+04	1.267577e+03
17:18:24	5.179220e+01	6.308290e+00	9.176571e+00	4.845198e+00	3.872746e+00	9.176571e-05	1.453559e-02	1.161824e-03	9.176571e-07	1.583990e+04	1.266076e+03
17:18:25	5.174920e+01	6.303053e+00	9.179302e+00	4.842515e+00	3.868831e+00	9.179302e-05	1.452755e-02	1.160649e-03	9.179302e-07	1.582642e+04	1.264420e+03
17:18:25	5.170610e+01	6.297803e+00	9.181200e+00	4.838470e+00	3.863913e+00	9.181200e-05	1.451541e-02	1.159174e-03	9.181200e-07	1.580993e+04	1.262552e+03
17:18:25	5.166230e+01	6.292468e+00	9.187996e+00	4.833990e+00	3.860941e+00	9.187996e-05	1.450197e-02	1.158282e-03	9.187996e-07	1.578361e+04	1.260648e+03
17:18:26	5.160880e+01	6.285952e+00	9.186818e+00	4.829514e+00	3.855690e+00	9.186818e-05	1.448854e-02	1.156707e-03	9.186818e-07	1.577101e+04	1.259094e+03
17:18:26	5.156940e+01	6.281153e+00	9.184398e+00	4.826347e+00	3.850214e+00	9.184398e-05	1.447904e-02	1.155064e-03	9.184398e-07	1.576482e+04	1.257637e+03
17:18:26	5.152270e+01	6.275465e+00	9.190393e+00	4.821926e+00	3.844336e+00	9.190393e-05	1.446578e-02	1.153301e-03	9.190393e-07	1.574011e+04	1.254898e+03
17:18:26	5.148030e+01	6.270301e+00	9.181154e+00	4.817122e+00	3.837936e+00	9.181154e-05	1.445137e-02	1.151381e-03	9.181154e-07	1.574025e+04	1.254070e+03
17:18:27	5.143690e+01	6.265014e+00	9.184178e+00	4.814001e+00	3.832398e+00	9.184178e-05	1.444200e-02	1.149720e-03	9.184178e-07	1.572487e+04	1.251848e+03
17:18:27	5.139380e+01	6.259765e+00	9.185758e+00	4.811867e+00	3.827461e+00	9.185758e-05	1.443560e-02	1.148238e-03	9.185758e-07	1.571520e+04	1.250020e+03
17:18:27	5.134760e+01	6.254138e+00	9.189164e+00	4.807345e+00	3.821418e+00	9.189164e-05	1.442203e-02	1.146425e-03	9.189164e-07	1.569461e+04	1.247584e+03
17:18:28	5.130880e+01	6.249412e+00	9.185320e+00	4.803653e+00	3.816652e+00	9.185320e-05	1.441096e-02	1.144996e-03	9.185320e-07	1.568912e+04	1.246550e+03
17:18:28	5.126580e+01	6.244174e+00	9.184473e+00	4.799050e+00	3.810369e+00	9.184473e-05	1.439715e-02	1.143111e-03	9.184473e-07	1.567553e+04	1.244612e+03
17:18:28	5.121550e+01	6.238048e+00	9.183464e+00	4.795027e+00	3.805458e+00	9.183464e-05	1.438508e-02	1.141637e-03	9.183464e-07	1.566411e+04	1.243145e+03
17:18:29	5.117630e+01	6.233273e+00	9.187143e+00	4.791758e+00	3.799570e+00	9.187143e-05	1.437527e-02	1.139871e-03	9.187143e-07	1.564716e+04	1.240724e+03
17:18:29	5.113020e+01	6.227658e+00	9.187529e+00	4.788517e+00	3.792816e+00	9.187529e-05	1.436555e-02	1.137845e-03	9.187529e-07	1.563592e+04	1.238467e+03
17:18:29	5.109080e+01	6.222859e+00	9.186442e+00	4.784812e+00	3.787976e+00	9.186442e-05	1.435444e-02	1.136393e-03	9.186442e-07	1.562568e+04	1.237033e+03
17:18:29	5.104820e+01	6.217671e+00	9.173421e+00	4.780985e+00	3.781009e+00	9.173421e-05	1.434295e-02	1.134303e-03	9.173421e-07	1.563534e+04	1.236510e+03
17:18:30	5.100640e+01	6.212580e+00	9.177353e+00	4.777588e+00	3.775351e+00	9.177353e-05	1.433276e-02	1.132605e-03	9.177353e-07	1.561754e+04	1.234131e+03
17:18:30	5.096440e+01	6.207464e+00	9.170264e+00	4.774046e+00	3.770343e+00	9.170264e-05	1.432214e-02	1.131103e-03	9.170264e-07	1.561802e+04	1.233446e+03
17:18:30	5.092480e+01	6.202641e+00	9.175147e+00	4.771042e+00	3.764169e+00	9.175147e-05	1.431313e-02	1.129251e-03	9.175147e-07	1.559989e+04	1.230771e+03
17:18:31	5.087870e+01	6.197026e+00	9.169398e+00	4.767444e+00	3.758908e+00	9.169398e-05	1.430233e-02	1.127672e-03	9.169398e-07	1.559790e+04	1.229822e+03
17:18:31	5.083950e+01	6.192251e+00	9.163082e+00	4.763399e+00	3.752644e+00	9.163082e-05	1.429020e-02	1.125793e-03	9.163082e-07	1.559541e+04	1.228618e+03
17:18:31	5.079040e+01	6.186271e+00	9.160730e+00	4.759825e+00	3.746996e+00	9.160730e-05	1.427947e-02	1.124099e-03	9.160730e-07	1.558770e+04	1.227084e+03
17:18:32	5.074740e+01	6.181033e+00	9.163118e+00	4.756535e+00	3.740748e+00	9.163118e-05	1.426961e-02	1.122225e-03	9.163118e-07	1.557287e+04	1.224719e+03
17:18:32	5.070580e+01	6.175966e+00	9.160672e+00	4.752668e+00	3.735263e+00	9.160672e-05	1.425801e-02	1.120579e-03	9.160672e-07	1.556437e+04	1.223250e+03
17:18:32	5.066340e+01	6.170802e+00	9.162274e+00	4.748662e+00	3.730177e+00	9.162274e-05	1.424599e-02	1.119053e-03	9.162274e-07	1.554853e+04	1.221370e+03
17:18:32	5.061070e+01	6.164383e+00	9.160046e+00	4.744906e+00	3.723290e+00	9.160046e-05	1.423472e-02	1.116987e-03	9.160046e-07	1.554001e+04	1.219412e+03
17:18:33	5.056880e+01	6.159280e+00	9.163819e+00	4.740932e+00	3.719420e+00	9.163819e-05	1.422280e-02	1.115826e-03	9.163819e-07	1.552060e+04	1.217643e+03
17:18:33	5.052580e+01	6.154042e+00	9.165132e+00	4.737785e+00	3.713659e+00	9.165132e-05	1.421336e-02	1.114098e-03	9.165132e-07	1.550808e+04	1.215583e+03
17:18:33	5.048340e+01	6.148878e+00	9.168591e+00	4.733296e+00	3.709172e+00	9.168591e-05	1.419989e-02	1.112752e-03	9.168591e-07	1.548754e+04	1.213656e+03
17:18:34	5.043510e+01	6.142995e+00	9.162605e+00	4.729257e+00	3.703706e+00	9.162605e-05	1.418777e-02	1.111112e-03	9.162605e-07	1.548443e+04	1.212659e+03
17:18:34	5.039650e+01	6.138294e+00	9.167747e+00	4.725082e+00	3.699655e+00	9.167747e-05	1.417525e-02	1.109896e-03	9.167747e-07	1.546208e+04	1.210653e+03
17:18:34	5.035430e+01	6.133154e+00	9.164334e+00	4.722260e+00	3.693644e+00	9.164334e-05	1.416678e-02	1.108093e-03	9.164334e-07	1.545860e+04	1.209137e+03
17:18:35	5.030930e+01	6.127673e+00	9.159134e+00	4.719152e+00	3.688259e+00	9.159134e-05	1.415746e-02	1.106478e-03	9.159134e-07	1.545720e+04	1.208059e+03
17:18:35	5.026700e+01	6.122521e+00	9.164357e+00	4.714857e+00	3.682297e+00	9.164357e-05	1.414457e-02	1.104689e-03	9.164357e-07	1.543433e+04	1.205419e+03
17:18:35	5.022100e+01	6.116918e+00	9.159008e+00	4.710897e+00	3.677165e+00	9.159008e-05	1.413269e-02	1.103149e-03	9.159008e-07	1.543037e+04	1.204442e+03
17:18:36	5.017980e+01	6.111900e+00	9.161493e+00	4.707601e+00	3.672338e+00	9.161493e-05	1.412280e-02	1.101701e-03	9.161493e-07	1.541539e+04	1.202535e+03
17:18:36	5.014120e+01	6.107198e+00	9.161752e+00	4.703439e+00	3.667329e+00	9.161752e-05	1.411032e-02	1.100199e-03	9.161752e-07	1.540133e+04	1.200861e+03
17:18:36	5.009920e+01	6.102083e+00	9.158460e+00	4.700600e+00	3.663154e+00	9.158460e-05	1.410180e-02	1.098946e-03	9.158460e-07	1.539757e+04	1.199925e+03
17:18:36	5.006120e+01	6.097454e+00	9.163763e+00	4.695919e+00	3.657880e+00	9.163763e-05	1.408776e-02	1.097364e-03	9.163763e-07	1.537333e+04	1.197504e+03
17:18:37	5.000870e+01	6.091060e+00	9.163095e+00	4.692062e+00	3.652722e+00	9.163095e-05	1.407619e-02	1.095817e-03	9.163095e-07	1.536183e+04	1.195902e+03
17:18:37	4.996750e+01	6.086042e+00	9.159429e+00	4.689529e+00	3.648414e+00	9.159429e-05	1.406859e-02	1.094524e-03	9.159429e-07	1.535968e+04	1.194970e+03
17:18:37	4.992570e+01	6.080950e+00	9.152883e+00	4.686087e+00	3.641881e+00	9.152883e-05	1.405826e-02	1.092564e-03	9.152883e-07	1.535938e+04	1.193683e+03
17:18:38	4.988430e+01	6.075908e+00	9.156056e+00	4.682762e+00	3.636230e+00	9.156056e-05	1.404829e-02	1.090869e-03	9.156056e-07	1.534316e+04	1.191418e+03
17:18:38	4.983960e+01	6.070463e+00	9.152367e+00	4.678863e+00	3.628458e+00	9.152367e-05	1.403659e-02	1.088537e-03	9.152367e-07	1.533657e+04	1.189351e+03
17:18:38	4.980100e+01	6.065762e+00	9.154100e+00	4.675554e+00	3.624140e+00	9.154100e-05	1.402666e-02	1.087242e-03	9.154100e-07	1.532282e+04	1.187711e+03
17:18:38	4.976260e+01	6.061085e+00	9.150781e+00	4.672048e+00	3.618804e+00	9.150781e-05	1.401614e-02	1.085641e-03	9.150781e-07	1.531688e+04	1.186392e+03
17:18:39	4.972140e+01	6.056067e+00	9.148465e+00	4.669167e+00	3.612874e+00	9.148465e-05	1.400750e-02	1.083862e-03	9.148465e-07	1.531131e+04	1.184748e+03
17:18:39	4.966990e+01	6.049794e+00	9.154817e+00	4.664733e+00	3.607541e+00	9.154817e-05	1.399420e-02	1.082262e-03	9.154817e-07	1.528616e+04	1.182178e+03
17:18:39	4.963130e+01	6.045092e+00	9.154995e+00	4.662128e+00	3.603009e+00	9.154995e-05	1.398638e-02	1.080903e-03	9.154995e-07	1.527732e+04	1.180670e+03
17:18:40	4.958690e+01	6.039684e+00	9.155358e+00	4.657018e+00	3.595646e+00	9.155358e-05	1.397106e-02	1.078694e-03	9.155358e-07	1.525998e+04	1.178210e+03
17:18:40	4.954290e+01	6.034325e+00	9.155550e+00	4.653512e+00	3.591101e+00	9.155550e-05	1.396054e-02	1.077330e-03	9.155550e-07	1.524817e+04	1.176696e+03
17:18:40	4.950080e+01	6.029197e+00	9.154687e+00	4.650589e+00	3.585856e+00	9.154687e-05	1.395177e-02	1.075757e-03	9.154687e-07	1.524003e+04	1.175088e+03
17:18:41	4.945640e+01	6.023790e+00	9.156095e+00	4.645490e+00	3.580974e+00	9.156095e-05	1.393647e-02	1.074292e-03	9.156095e-07	1.522098e+04	1.173308e+03
17:18:41	4.941540e+01	6.018796e+00	9.156127e+00	4.641681e+00	3.575443e+00	9.156127e-05	1.392504e-02	1.072633e-03	9.156127e-07	1.520844e+04	1.171492e+03
17:18:41	4.937420e+01	6.013778e+00	9.150320e+00	4.637179e+00	3.570259e+00	9.150320e-05	1.391154e-02	1.071078e-03	9.150320e-07	1.520333e+04	1.170536e+03
17:18:42	4.932950e+01	6.008333e+00	9.146668e+00	4.633280e+00	3.566405e+00	9.146668e-05	1.389984e-02	1.069922e-03	9.146668e-07	1.519661e+04	1.169739e+03
17:18:42	4.928850e+01	6.003339e+00	9.157428e+00	4.629809e+00	3.562532e+00	9.157428e-05	1.388943e-02	1.068760e-03	9.157428e-07	1.516739e+04	1.167096e+03
17:18:42	4.924390e+01	5.997907e+00	9.152036e+00	4.625870e+00	3.557326e+00	9.152036e-05	1.387761e-02	1.067198e-03	9.152036e-07	1.516341e+04	1.166077e+03
17:18:43	4.920290e+01	5.992913e+00	9.149869e+00	4.621757e+00	3.553728e+00	9.149869e-05	1.386527e-02	1.066118e-03	9.149869e-07	1.515352e+04	1.165173e+03
17:18:43	4.916230e+01	5.987968e+00	9.149886e+00	4.617170e+00	3.548382e+00	9.149886e-05	1.385151e-02	1.064515e-03	9.149886e-07	1.513845e+04	1.163419e+03
17:18:43	4.911780e+01	5.982548e+00	9.155196e+00	4.613252e+00	3.544301e+00	9.155196e-05	1.383975e-02	1.063290e-03	9.155196e-07	1.511683e+04	1.161406e+03
17:18:43	4.907720e+01	5.977603e+00	9.153756e+00	4.609670e+00	3.539961e+00	9.153756e-05	1.382901e-02	1.061988e-03	9.153756e-07	1.510747e+04	1.160167e+03
17:18:44	4.903620e+01	5.972609e+00	9.153853e+00	4.606199e+00	3.536221e+00	9.153853e-05	1.381860e-02	1.060866e-03	9.153853e-07	1.509594e+04	1.158929e+03
17:18:44	4.899540e+01	5.967640e+00	9.148462e+00	4.602462e+00	3.532124e+00	9.148462e-05	1.380739e-02	1.059637e-03	9.148462e-07	1.509258e+04	1.158268e+03
17:18:44	4.895380e+01	5.962573e+00	9.149347e+00	4.597642e+00	3.528478e+00	9.149347e-05	1.379293e-02	1.058543e-03	9.149347e-07	1.507531e+04	1.156960e+03
17:18:45	4.890700e+01	5.956873e+00	9.145240e+00	4.594353e+00	3.523453e+00	9.145240e-05	1.378306e-02	1.057036e-03	9.145240e-07	1.507129e+04	1.155832e+03
17:18:45	4.886590e+01	5.951867e+00	9.144734e+00	4.591806e+00	3.519716e+00	9.144734e-05	1.377542e-02	1.055915e-03	9.144734e-07	1.506377e+04	1.154670e+03
17:18:45	4.882510e+01	5.946897e+00	9.144095e+00	4.588027e+00	3.514532e+00	9.144095e-05	1.376408e-02	1.054360e-03	9.144095e-07	1.505243e+04	1.153050e+03
17:18:46	4.878430e+01	5.941928e+00	9.140322e+00	4.584254e+00	3.511032e+00	9.140322e-05	1.375276e-02	1.053310e-03	9.140322e-07	1.504626e+04	1.152377e+03
17:18:46	4.874390e+01	5.937007e+00	9.140929e+00	4.579168e+00	3.505005e+00	9.140929e-05	1.373750e-02	1.051501e-03	9.140929e-07	1.502856e+04	1.150322e+03
17:18:46	4.869630e+01	5.931209e+00	9.142895e+00	4.576816e+00	3.500210e+00	9.142895e-05	1.373045e-02	1.050063e-03	9.142895e-07	1.501762e+04	1.148502e+03
17:18:46	4.865910e+01	5.926678e+00	9.162226e+00	4.572177e+00	3.498030e+00	9.162226e-05	1.371653e-02	1.049409e-03	9.162226e-07	1.497074e+04	1.145365e+03
17:18:47	4.861870e+01	5.921758e+00	9.176473e+00	4.567062e+00	3.498728e+00	9.176473e-05	1.370118e-02	1.049618e-03	9.176473e-07	1.493077e+04	1.143815e+03
17:18:47	4.857550e+01	5.916496e+00	9.184544e+00	4.563344e+00	3.495513e+00	9.184544e-05	1.369003e-02	1.048654e-03	9.184544e-07	1.490551e+04	1.141759e+03
17:18:47	4.853160e+01	5.911149e+00	9.184992e+00	4.559001e+00	3.489762e+00	9.184992e-05	1.367700e-02	1.046929e-03	9.184992e-07	1.489060e+04	1.139825e+03
17:18:48	4.849140e+01	5.906253e+00	9.188103e+00	4.555860e+00	3.484844e+00	9.188103e-05	1.366758e-02	1.045453e-03	9.188103e-07	1.487530e+04	1.137834e+03
17:18:48	4.844740e+01	5.900893e+00	9.183432e+00	4.552075e+00	3.479501e+00	9.183432e-05	1.365622e-02	1.043850e-03	9.183432e-07	1.487050e+04	1.136667e+03
17:18:48	4.840740e+01	5.896021e+00	9.193696e+00	4.547871e+00	3.471706e+00	9.193696e-05	1.364361e-02	1.041512e-03	9.193696e-07	1.484018e+04	1.132854e+03
17:18:49	4.836320e+01	5.890638e+00	9.196502e+00	4.543929e+00	3.466597e+00	9.196502e-05	1.363179e-02	1.039979e-03	9.196502e-07	1.482280e+04	1.130842e+03
17:18:49	4.832260e+01	5.885693e+00	9.201209e+00	4.539949e+00	3.460917e+00	9.201209e-05	1.361985e-02	1.038275e-03	9.201209e-07	1.480224e+04	1.128412e+03
17:18:49	4.827950e+01	5.880443e+00	9.202782e+00	4.536017e+00	3.458345e+00	9.202782e-05	1.360805e-02	1.037503e-03	9.202782e-07	1.478689e+04	1.127380e+03
17:18:50	4.824240e+01	5.875924e+00	9.180476e+00	4.532722e+00	3.449962e+00	9.180476e-05	1.359816e-02	1.034989e-03	9.180476e-07	1.481205e+04	1.127380e+03
17:18:50	4.820940e+01	5.871905e+00	9.168023e+00	4.530837e+00	3.444646e+00	9.168023e-05	1.359251e-02	1.033394e-03	9.168023e-07	1.482600e+04	1.127172e+03
17:18:50	4.817190e+01	5.867337e+00	9.161298e+00	4.527067e+00	3.438502e+00	9.161298e-05	1.358120e-02	1.031551e-03	9.161298e-07	1.482454e+04	1.125987e+03
17:18:50	4.813610e+01	5.862977e+00	9.156662e+00	4.523538e+00	3.431933e+00	9.156662e-05	1.357061e-02	1.029580e-03	9.156662e-07	1.482048e+04	1.124405e+03
17:18:51	4.809530e+01	5.858008e+00	9.149876e+00	4.520430e+00	3.429370e+00	9.149876e-05	1.356129e-02	1.028811e-03	9.149876e-07	1.482128e+04	1.124399e+03
17:18:51	4.805550e+01	5.853160e+00	9.148257e+00	4.516813e+00	3.425604e+00	9.148257e-05	1.355044e-02	1.027681e-03	9.148257e-07	1.481205e+04	1.123363e+03
17:18:51	4.801830e+01	5.848629e+00	9.144105e+00	4.514170e+00	3.420608e+00	9.144105e-05	1.354251e-02	1.026183e-03	9.144105e-07	1.481010e+04	1.122234e+03
17:18:51	4.798200e+01	5.844208e+00	9.167251e+00	4.510238e+00	3.419538e+00	9.167251e-05	1.353071e-02	1.025861e-03	9.167251e-07	1.475984e+04	1.119050e+03
17:18:52	4.794240e+01	5.839384e+00	9.185089e+00	4.505408e+00	3.419285e+00	9.185089e-05	1.351622e-02	1.025785e-03	9.185089e-07	1.471540e+04	1.116794e+03
17:18:52	4.790220e+01	5.834488e+00	9.186812e+00	4.501081e+00	3.416167e+00	9.186812e-05	1.350324e-02	1.024850e-03	9.186812e-07	1.469851e+04	1.115567e+03
17:18:52	4.786240e+01	5.829640e+00	9.198627e+00	4.495984e+00	3.407720e+00	9.198627e-05	1.348795e-02	1.022316e-03	9.198627e-07	1.466301e+04	1.111379e+03
17:18:53	4.781610e+01	5.824001e+00	9.204414e+00	4.491790e+00	3.402154e+00	9.204414e-05	1.347537e-02	1.020646e-03	9.204414e-07	1.464012e+04	1.108866e+03
17:18:53	4.777630e+01	5.819153e+00	9.180052e+00	4.487583e+00	3.392536e+00	9.180052e-05	1.346275e-02	1.017761e-03	9.180052e-07	1.466522e+04	1.108666e+03
17:18:53	4.773590e+01	5.814233e+00	9.166505e+00	4.485111e+00	3.383858e+00	9.166505e-05	1.345533e-02	1.015157e-03	9.166505e-07	1.467880e+04	1.107464e+03
17:18:54	4.769940e+01	5.809787e+00	9.160860e+00	4.482632e+00	3.377899e+00	9.160860e-05	1.344790e-02	1.013370e-03	9.160860e-07	1.467973e+04	1.106195e+03
17:18:54	4.766320e+01	5.805378e+00	9.159189e+00	4.478655e+00	3.374496e+00	9.159189e-05	1.343597e-02	1.012349e-03	9.159189e-07	1.466938e+04	1.105282e+03
17:18:54	4.762340e+01	5.800530e+00	9.148679e+00	4.475457e+00	3.370039e+00	9.148679e-05	1.342637e-02	1.011012e-03	9.148679e-07	1.467575e+04	1.105090e+03
17:18:54	4.758360e+01	5.795682e+00	9.171698e+00	4.471370e+00	3.368677e+00	9.171698e-05	1.341411e-02	1.010603e-03	9.171698e-07	1.462555e+04	1.101871e+03
17:18:55	4.754060e+01	5.790445e+00	9.190578e+00	4.466465e+00	3.369524e+00	9.190578e-05	1.339939e-02	1.010857e-03	9.190578e-07	1.457949e+04	1.099884e+03
17:18:55	4.750160e+01	5.785695e+00	9.195665e+00	4.462796e+00	3.364492e+00	9.195665e-05	1.338839e-02	1.009348e-03	9.195665e-07	1.455946e+04	1.097634e+03
17:18:55	4.746540e+01	5.781286e+00	9.202695e+00	4.458358e+00	3.357326e+00	9.202695e-05	1.337507e-02	1.007198e-03	9.202695e-07	1.453387e+04	1.094460e+03
17:18:56	4.741940e+01	5.775683e+00	9.195775e+00	4.454410e+00	3.352039e+00	9.195775e-05	1.336323e-02	1.005612e-03	9.195775e-07	1.453192e+04	1.093558e+03
17:18:56	4.738020e+01	5.770908e+00	9.169074e+00	4.451533e+00	3.342875e+00	9.169074e-05	1.335460e-02	1.002862e-03	9.169074e-07	1.456483e+04	1.093745e+03
17:18:56	4.735050e+01	5.767291e+00	9.167672e+00	4.449136e+00	3.337451e+00	9.167672e-05	1.334741e-02	1.001235e-03	9.167672e-07	1.455921e+04	1.092137e+03
17:18:56	4.731430e+01	5.762882e+00	9.153386e+00	4.446103e+00	3.335437e+00	9.153386e-05	1.333831e-02	1.000631e-03	9.153386e-07	1.457199e+04	1.093181e+03
17:18:57	4.728140e+01	5.758875e+00	9.148426e+00	4.443427e+00	3.331145e+00	9.148426e-05	1.333028e-02	9.993435e-04	9.148426e-07	1.457112e+04	1.092367e+03
17:18:57	4.725210e+01	5.755306e+00	9.162141e+00	4.440672e+00	3.330461e+00	9.162141e-05	1.332202e-02	9.991382e-04	9.162141e-07	1.454029e+04	1.090507e+03
17:18:57	4.721580e+01	5.750884e+00	9.187542e+00	4.436241e+00	3.331401e+00	9.187542e-05	1.330872e-02	9.994204e-04	9.187542e-07	1.448562e+04	1.087800e+03
17:18:58	4.717640e+01	5.746086e+00	9.198267e+00	4.431907e+00	3.328329e+00	9.198267e-05	1.329572e-02	9.984988e-04	9.198267e-07	1.445460e+04	1.085529e+03
17:18:58	4.713150e+01	5.740617e+00	9.199048e+00	4.427149e+00	3.320246e+00	9.199048e-05	1.328145e-02	9.960737e-04	9.199048e-07	1.443785e+04	1.082801e+03
17:18:58	4.709480e+01	5.736147e+00	9.208683e+00	4.422889e+00	3.316038e+00	9.208683e-05	1.326867e-02	9.948115e-04	9.208683e-07	1.440887e+04	1.080297e+03
17:18:58	4.705250e+01	5.730995e+00	9.180493e+00	4.420226e+00	3.307218e+00	9.180493e-05	1.326068e-02	9.921654e-04	9.180493e-07	1.444441e+04	1.080732e+03
17:18:59	4.702310e+01	5.727414e+00	9.168934e+00	4.417852e+00	3.300896e+00	9.168934e-05	1.325355e-02	9.902687e-04	9.168934e-07	1.445485e+04	1.080026e+03
17:18:59	4.698710e+01	5.723029e+00	9.165220e+00	4.414248e+00	3.294531e+00	9.165220e-05	1.324274e-02	9.883594e-04	9.165220e-07	1.444891e+04	1.078380e+03
17:18:59	4.694850e+01	5.718327e+00	9.156591e+00	4.409790e+00	3.291148e+00	9.156591e-05	1.322937e-02	9.873443e-04	9.156591e-07	1.444792e+04	1.078288e+03
17:19:00	4.690530e+01	5.713066e+00	9.158229e+00	4.407156e+00	3.287557e+00	9.158229e-05	1.322147e-02	9.862670e-04	9.158229e-07	1.443671e+04	1.076919e+03
17:19:00	4.686690e+01	5.708388e+00	9.165467e+00	4.404269e+00	3.284047e+00	9.165467e-05	1.321281e-02	9.852141e-04	9.165467e-07	1.441586e+04	1.074920e+03
17:19:00	4.683440e+01	5.704430e+00	9.190676e+00	4.399274e+00	3.284991e+00	9.190676e-05	1.319782e-02	9.854973e-04	9.190676e-07	1.436001e+04	1.072279e+03
17:19:00	4.679200e+01	5.699266e+00	9.198909e+00	4.394411e+00	3.282367e+00	9.198909e-05	1.318323e-02	9.847100e-04	9.198909e-07	1.433130e+04	1.070464e+03
17:19:01	4.674970e+01	5.694113e+00	9.201498e+00	4.389568e+00	3.273913e+00	9.201498e-05	1.316870e-02	9.821739e-04	9.201498e-07	1.431148e+04	1.067407e+03
17:19:01	4.670430e+01	5.688584e+00	9.211460e+00	4.385419e+00	3.269809e+00	9.211460e-05	1.315626e-02	9.809428e-04	9.211460e-07	1.428249e+04	1.064916e+03
17:19:01	4.666570e+01	5.683882e+00	9.188139e+00	4.381085e+00	3.261336e+00	9.188139e-05	1.314326e-02	9.784009e-04	9.188139e-07	1.430459e+04	1.064852e+03
17:19:02	4.663020e+01	5.679558e+00	9.170031e+00	4.378302e+00	3.253853e+00	9.170031e-05	1.313491e-02	9.761558e-04	9.170031e-07	1.432373e+04	1.064507e+03
17:19:02	4.659500e+01	5.675271e+00	9.169898e+00	4.374802e+00	3.247323e+00	9.169898e-05	1.312441e-02	9.741969e-04	9.169898e-07	1.431249e+04	1.062386e+03
17:19:02	4.655930e+01	5.670923e+00	9.159987e+00	4.371853e+00	3.245091e+00	9.159987e-05	1.311556e-02	9.735273e-04	9.159987e-07	1.431832e+04	1.062804e+03
17:19:02	4.653000e+01	5.667354e+00	9.157934e+00	4.368859e+00	3.241189e+00	9.157934e-05	1.310658e-02	9.723566e-04	9.157934e-07	1.431172e+04	1.061764e+03
17:19:03	4.649780e+01	5.663432e+00	9.155183e+00	4.366127e+00	3.236757e+00	9.155183e-05	1.309838e-02	9.710272e-04	9.155183e-07	1.430707e+04	1.060631e+03
17:19:03	4.645910e+01	5.658718e+00	9.184411e+00	4.362306e+00	3.237163e+00	9.184411e-05	1.308692e-02	9.711489e-04	9.184411e-07	1.424906e+04	1.057388e+03
17:19:03	4.642030e+01	5.653993e+00	9.199139e+00	4.357323e+00	3.234824e+00	9.199139e-05	1.307197e-02	9.704472e-04	9.199139e-07	1.420999e+04	1.054933e+03
17:19:04	4.637540e+01	5.648524e+00	9.203240e+00	4.353340e+00	3.229728e+00	9.203240e-05	1.306002e-02	9.689184e-04	9.203240e-07	1.419068e+04	1.052801e+03
17:19:04	4.633720e+01	5.643871e+00	9.213101e+00	4.348435e+00	3.222166e+00	9.213101e-05	1.304531e-02	9.666499e-04	9.213101e-07	1.415952e+04	1.049212e+03
17:19:04	4.629830e+01	5.639133e+00	9.215343e+00	4.344205e+00	3.218936e+00	9.215343e-05	1.303262e-02	9.656807e-04	9.215343e-07	1.414230e+04	1.047905e+03
17:19:05	4.626010e+01	5.634480e+00	9.189887e+00	4.341020e+00	3.208844e+00	9.189887e-05	1.302306e-02	9.626531e-04	9.189887e-07	1.417108e+04	1.047514e+03
17:19:05	4.622740e+01	5.630497e+00	9.179260e+00	4.337458e+00	3.201110e+00	9.179260e-05	1.301237e-02	9.603331e-04	9.179260e-07	1.417584e+04	1.046199e+03
17:19:05	4.618590e+01	5.625443e+00	9.180074e+00	4.333160e+00	3.194117e+00	9.180074e-05	1.299948e-02	9.582350e-04	9.180074e-07	1.416054e+04	1.043820e+03
17:19:05	4.614740e+01	5.620753e+00	9.172071e+00	4.329893e+00	3.191304e+00	9.172071e-05	1.298968e-02	9.573912e-04	9.172071e-07	1.416221e+04	1.043811e+03
17:19:06	4.611240e+01	5.616490e+00	9.167848e+00	4.326613e+00	3.187694e+00	9.167848e-05	1.297984e-02	9.563081e-04	9.167848e-07	1.415800e+04	1.043111e+03
17:19:06	4.608110e+01	5.612678e+00	9.168175e+00	4.324236e+00	3.184060e+00	9.168175e-05	1.297271e-02	9.552181e-04	9.168175e-07	1.414972e+04	1.041885e+03
17:19:06	4.604210e+01	5.607928e+00	9.189002e+00	4.319564e+00	3.181666e+00	9.189002e-05	1.295869e-02	9.544999e-04	9.189002e-07	1.410240e+04	1.038742e+03
17:19:07	4.600430e+01	5.603324e+00	9.208329e+00	4.313764e+00	3.182257e+00	9.208329e-05	1.294129e-02	9.546771e-04	9.208329e-07	1.405390e+04	1.036754e+03
17:19:07	4.596290e+01	5.598281e+00	9.219226e+00	4.308227e+00	3.178007e+00	9.219226e-05	1.292468e-02	9.534022e-04	9.219226e-07	1.401927e+04	1.034146e+03
17:19:07	4.592170e+01	5.593263e+00	9.226382e+00	4.303520e+00	3.172347e+00	9.226382e-05	1.291056e-02	9.517040e-04	9.226382e-07	1.399309e+04	1.031503e+03
17:19:07	4.588310e+01	5.588562e+00	9.235595e+00	4.299241e+00	3.167345e+00	9.235595e-05	1.289772e-02	9.502034e-04	9.235595e-07	1.396523e+04	1.028849e+03
17:19:08	4.584520e+01	5.583945e+00	9.224131e+00	4.294197e+00	3.161824e+00	9.224131e-05	1.288259e-02	9.485471e-04	9.224131e-07	1.396618e+04	1.028332e+03
17:19:08	4.580960e+01	5.579609e+00	9.202575e+00	4.292368e+00	3.151553e+00	9.202575e-05	1.287710e-02	9.454660e-04	9.202575e-07	1.399293e+04	1.027393e+03
17:19:08	4.577450e+01	5.575334e+00	9.195383e+00	4.287680e+00	3.144556e+00	9.195383e-05	1.286304e-02	9.433669e-04	9.195383e-07	1.398859e+04	1.025914e+03
17:19:09	4.573350e+01	5.570340e+00	9.184012e+00	4.284186e+00	3.142960e+00	9.184012e-05	1.285256e-02	9.428881e-04	9.184012e-07	1.399449e+04	1.026662e+03
17:19:09	4.569890e+01	5.566126e+00	9.184882e+00	4.280680e+00	3.139489e+00	9.184882e-05	1.284204e-02	9.418468e-04	9.184882e-07	1.398171e+04	1.025432e+03
17:19:09	4.566360e+01	5.561826e+00	9.188622e+00	4.278205e+00	3.134302e+00	9.188622e-05	1.283461e-02	9.402907e-04	9.188622e-07	1.396794e+04	1.023321e+03
17:19:09	4.563210e+01	5.557990e+00	9.214220e+00	4.273978e+00	3.134507e+00	9.214220e-05	1.282193e-02	9.403520e-04	9.214220e-07	1.391538e+04	1.020544e+03
17:19:10	4.559430e+01	5.553386e+00	9.228812e+00	4.269907e+00	3.132580e+00	9.228812e-05	1.280972e-02	9.397740e-04	9.228812e-07	1.388014e+04	1.018304e+03
17:19:10	4.555650e+01	5.548782e+00	9.230463e+00	4.265021e+00	3.126932e+00	9.230463e-05	1.279506e-02	9.380797e-04	9.230463e-07	1.386178e+04	1.016287e+03
17:19:10	4.551870e+01	5.544178e+00	9.234333e+00	4.260817e+00	3.117016e+00	9.234333e-05	1.278245e-02	9.351047e-04	9.234333e-07	1.384231e+04	1.012639e+03
17:19:11	4.547450e+01	5.538794e+00	9.243828e+00	4.256535e+00	3.110557e+00	9.243828e-05	1.276961e-02	9.331671e-04	9.243828e-07	1.381420e+04	1.009503e+03
17:19:11	4.543690e+01	5.534214e+00	9.217296e+00	4.252756e+00	3.101296e+00	9.217296e-05	1.275827e-02	9.303887e-04	9.217296e-07	1.384166e+04	1.009394e+03
17:19:11	4.540580e+01	5.530426e+00	9.200557e+00	4.250070e+00	3.091590e+00	9.200557e-05	1.275021e-02	9.274770e-04	9.200557e-07	1.385809e+04	1.008066e+03
17:19:11	4.536760e+01	5.525774e+00	9.195065e+00	4.247206e+00	3.085787e+00	9.195065e-05	1.274162e-02	9.257360e-04	9.195065e-07	1.385702e+04	1.006775e+03
17:19:12	4.533310e+01	5.521572e+00	9.192466e+00	4.243024e+00	3.081255e+00	9.192466e-05	1.272907e-02	9.243765e-04	9.192466e-07	1.384729e+04	1.005581e+03
17:19:12	4.529230e+01	5.516602e+00	9.186452e+00	4.239223e+00	3.075974e+00	9.186452e-05	1.271767e-02	9.227922e-04	9.186452e-07	1.384394e+04	1.004514e+03
17:19:12	4.525450e+01	5.511998e+00	9.207509e+00	4.235301e+00	3.072415e+00	9.207509e-05	1.270590e-02	9.217246e-04	9.207509e-07	1.379950e+04	1.001058e+03
17:19:13	4.521710e+01	5.507443e+00	9.232328e+00	4.229757e+00	3.071475e+00	9.232328e-05	1.268927e-02	9.214424e-04	9.232328e-07	1.374439e+04	9.980607e+02
17:19:13	4.517650e+01	5.502498e+00	9.237386e+00	4.224930e+00	3.063783e+00	9.237386e-05	1.267479e-02	9.191350e-04	9.237386e-07	1.372119e+04	9.950164e+02
17:19:13	4.513250e+01	5.497139e+00	9.243462e+00	4.220437e+00	3.055894e+00	9.243462e-05	1.266131e-02	9.167683e-04	9.243462e-07	1.369759e+04	9.918019e+02
17:19:14	4.509450e+01	5.492510e+00	9.221860e+00	4.216165e+00	3.045897e+00	9.221860e-05	1.264849e-02	9.137690e-04	9.221860e-07	1.371577e+04	9.908728e+02
17:19:14	4.506320e+01	5.488698e+00	9.205105e+00	4.213670e+00	3.037615e+00	9.205105e-05	1.264101e-02	9.112845e-04	9.205105e-07	1.373261e+04	9.899773e+02
17:19:14	4.502950e+01	5.484593e+00	9.196164e+00	4.210705e+00	3.031215e+00	9.196164e-05	1.263212e-02	9.093645e-04	9.196164e-07	1.373629e+04	9.888519e+02
17:19:14	4.499510e+01	5.480403e+00	9.192784e+00	4.207364e+00	3.027987e+00	9.192784e-05	1.262209e-02	9.083961e-04	9.192784e-07	1.373044e+04	9.881622e+02
17:19:15	4.496420e+01	5.476640e+00	9.189190e+00	4.203676e+00	3.021882e+00	9.189190e-05	1.261103e-02	9.065646e-04	9.189190e-07	1.372376e+04	9.865556e+02
17:19:15	4.492970e+01	5.472437e+00	9.223252e+00	4.199449e+00	3.021331e+00	9.223252e-05	1.259835e-02	9.063992e-04	9.223252e-07	1.365933e+04	9.827328e+02
17:19:15	4.488970e+01	5.467565e+00	9.228293e+00	4.193208e+00	3.017759e+00	9.228293e-05	1.257962e-02	9.053278e-04	9.228293e-07	1.363158e+04	9.810349e+02
17:19:16	4.484630e+01	5.462279e+00	9.236675e+00	4.188832e+00	3.008819e+00	9.236675e-05	1.256650e-02	9.026457e-04	9.236675e-07	1.360500e+04	9.772409e+02
17:19:16	4.480930e+01	5.457773e+00	9.236465e+00	4.184589e+00	3.002675e+00	9.236465e-05	1.255377e-02	9.008025e-04	9.236465e-07	1.359153e+04	9.752677e+02
17:19:16	4.477450e+01	5.453534e+00	9.226136e+00	4.180313e+00	2.994964e+00	9.226136e-05	1.254094e-02	8.984893e-04	9.226136e-07	1.359284e+04	9.738523e+02
17:19:16	4.473740e+01	5.449015e+00	9.211401e+00	4.177105e+00	2.984766e+00	9.211401e-05	1.253132e-02	8.954297e-04	9.211401e-07	1.360414e+04	9.720884e+02
17:19:17	4.470340e+01	5.444874e+00	9.208342e+00	4.172706e+00	2.975845e+00	9.208342e-05	1.251812e-02	8.927535e-04	9.208342e-07	1.359432e+04	9.695051e+02
17:19:17	4.466650e+01	5.440380e+00	9.202756e+00	4.169281e+00	2.973759e+00	9.202756e-05	1.250784e-02	8.921277e-04	9.202756e-07	1.359141e+04	9.694136e+02
17:19:17	4.462360e+01	5.435154e+00	9.206487e+00	4.164185e+00	2.967959e+00	9.206487e-05	1.249255e-02	8.903877e-04	9.206487e-07	1.356930e+04	9.671308e+02
17:19:18	4.458530e+01	5.430490e+00	9.231780e+00	4.158462e+00	2.967411e+00	9.231780e-05	1.247539e-02	8.902232e-04	9.231780e-07	1.351352e+04	9.643029e+02
17:19:18	4.454890e+01	5.426056e+00	9.240828e+00	4.154242e+00	2.960680e+00	9.240828e-05	1.246273e-02	8.882039e-04	9.240828e-07	1.348659e+04	9.611735e+02
17:19:18	4.450260e+01	5.420417e+00	9.245992e+00	4.149379e+00	2.951500e+00	9.245992e-05	1.244814e-02	8.854499e-04	9.245992e-07	1.346328e+04	9.576580e+02
17:19:19	4.446890e+01	5.416312e+00	9.220841e+00	4.145169e+00	2.939679e+00	9.220841e-05	1.243551e-02	8.819036e-04	9.220841e-07	1.348630e+04	9.564242e+02
17:19:19	4.443480e+01	5.412159e+00	9.205342e+00	4.141824e+00	2.930979e+00	9.205342e-05	1.242547e-02	8.792936e-04	9.205342e-07	1.349811e+04	9.551993e+02
17:19:19	4.440100e+01	5.408042e+00	9.201251e+00	4.137770e+00	2.924874e+00	9.201251e-05	1.241331e-02	8.774621e-04	9.201251e-07	1.349089e+04	9.536335e+02
17:19:19	4.436410e+01	5.403547e+00	9.196142e+00	4.133815e+00	2.919927e+00	9.196142e-05	1.240145e-02	8.759780e-04	9.196142e-07	1.348549e+04	9.525495e+02
17:19:20	4.432710e+01	5.399041e+00	9.226142e+00	4.128816e+00	2.917945e+00	9.226142e-05	1.238645e-02	8.753834e-04	9.226142e-07	1.342538e+04	9.488076e+02
17:19:20	4.428750e+01	5.394218e+00	9.241447e+00	4.123843e+00	2.914072e+00	9.241447e-05	1.237153e-02	8.742215e-04	9.241447e-07	1.338701e+04	9.459789e+02
17:19:20	4.424790e+01	5.389394e+00	9.247468e+00	4.119266e+00	2.905485e+00	9.247468e-05	1.235780e-02	8.716455e-04	9.247468e-07	1.336344e+04	9.425774e+02
17:19:21	4.421460e+01	5.385338e+00	9.250754e+00	4.113820e+00	2.898841e+00	9.250754e-05	1.234146e-02	8.696524e-04	9.250754e-07	1.334103e+04	9.400881e+02
17:19:21	4.417440e+01	5.380442e+00	9.217458e+00	4.110959e+00	2.886074e+00	9.217458e-05	1.233288e-02	8.658221e-04	9.217458e-07	1.337991e+04	9.393285e+02
17:19:21	4.414070e+01	5.376337e+00	9.202691e+00	4.106106e+00	2.876381e+00	9.202691e-05	1.231832e-02	8.629142e-04	9.202691e-07	1.338556e+04	9.376760e+02
17:19:22	4.410090e+01	5.371490e+00	9.197316e+00	4.102534e+00	2.872070e+00	9.197316e-05	1.230760e-02	8.616209e-04	9.197316e-07	1.338173e+04	9.368178e+02
17:19:22	4.406430e+01	5.367032e+00	9.204729e+00	4.098989e+00	2.866049e+00	9.204729e-05	1.229697e-02	8.598147e-04	9.204729e-07	1.335940e+04	9.341011e+02
17:19:22	4.403360e+01	5.363292e+00	9.232400e+00	4.093526e+00	2.865595e+00	9.232400e-05	1.228058e-02	8.596785e-04	9.232400e-07	1.330161e+04	9.311538e+02
17:19:22	4.399120e+01	5.358128e+00	9.242492e+00	4.088923e+00	2.857320e+00	9.242492e-05	1.226677e-02	8.571959e-04	9.242492e-07	1.327214e+04	9.274511e+02
17:19:23	4.395840e+01	5.354133e+00	9.249324e+00	4.083554e+00	2.849025e+00	9.249324e-05	1.225066e-02	8.547075e-04	9.249324e-07	1.324493e+04	9.240757e+02
17:19:23	4.391240e+01	5.348530e+00	9.224945e+00	4.079957e+00	2.836134e+00	9.224945e-05	1.223987e-02	8.508402e-04	9.224945e-07	1.326823e+04	9.223255e+02
17:19:23	4.387890e+01	5.344450e+00	9.209838e+00	4.075856e+00	2.826840e+00	9.209838e-05	1.222757e-02	8.480520e-04	9.209838e-07	1.327664e+04	9.208110e+02
17:19:24	4.384530e+01	5.340358e+00	9.202941e+00	4.072029e+00	2.822312e+00	9.202941e-05	1.221609e-02	8.466935e-04	9.202941e-07	1.327411e+04	9.200249e+02
17:19:24	4.381200e+01	5.336302e+00	9.213773e+00	4.068155e+00	2.816748e+00	9.213773e-05	1.220447e-02	8.450245e-04	9.213773e-07	1.324589e+04	9.171319e+02
17:19:24	4.377890e+01	5.332270e+00	9.238388e+00	4.063088e+00	2.813385e+00	9.238388e-05	1.218927e-02	8.440154e-04	9.238388e-07	1.319415e+04	9.135959e+02
17:19:25	4.374230e+01	5.327812e+00	9.245716e+00	4.058252e+00	2.803351e+00	9.245716e-05	1.217476e-02	8.410053e-04	9.245716e-07	1.316800e+04	9.096162e+02
17:19:25	4.370010e+01	5.322672e+00	9.244659e+00	4.052088e+00	2.791563e+00	9.244659e-05	1.215626e-02	8.374689e-04	9.244659e-07	1.314950e+04	9.058948e+02
17:19:25	4.366670e+01	5.318604e+00	9.213750e+00	4.049373e+00	2.778055e+00	9.213750e-05	1.214812e-02	8.334166e-04	9.213750e-07	1.318477e+04	9.045357e+02
17:19:25	4.363300e+01	5.314499e+00	9.208307e+00	4.045639e+00	2.770688e+00	9.208307e-05	1.213692e-02	8.312065e-04	9.208307e-07	1.318040e+04	9.026703e+02
17:19:26	4.360030e+01	5.310517e+00	9.203652e+00	4.041448e+00	2.763471e+00	9.203652e-05	1.212434e-02	8.290412e-04	9.203652e-07	1.317341e+04	9.007743e+02
17:19:26	4.356370e+01	5.306059e+00	9.235757e+00	4.036602e+00	2.761528e+00	9.235757e-05	1.210981e-02	8.284583e-04	9.235757e-07	1.311187e+04	8.970118e+02
17:19:26	4.352800e+01	5.301710e+00	9.252594e+00	4.030477e+00	2.752815e+00	9.252594e-05	1.209143e-02	8.258444e-04	9.252594e-07	1.306815e+04	8.925545e+02
17:19:27	4.348580e+01	5.296570e+00	9.256613e+00	4.025449e+00	2.742801e+00	9.256613e-05	1.207635e-02	8.228402e-04	9.256613e-07	1.304618e+04	8.889215e+02
17:19:27	4.344980e+01	5.292186e+00	9.226366e+00	4.022205e+00	2.726873e+00	9.226366e-05	1.206662e-02	8.180620e-04	9.226366e-07	1.307841e+04	8.866568e+02
17:19:27	4.341990e+01	5.288544e+00	9.216125e+00	4.018627e+00	2.718877e+00	9.216125e-05	1.205588e-02	8.156631e-04	9.216125e-07	1.308129e+04	8.850392e+02
17:19:27	4.338620e+01	5.284439e+00	9.207810e+00	4.014910e+00	2.710800e+00	9.207810e-05	1.204473e-02	8.132400e-04	9.207810e-07	1.308099e+04	8.832067e+02
17:19:28	4.335040e+01	5.280079e+00	9.238054e+00	4.008649e+00	2.706745e+00	9.238054e-05	1.202595e-02	8.120235e-04	9.238054e-07	1.301784e+04	8.789984e+02
17:19:28	4.330860e+01	5.274987e+00	9.247001e+00	4.003592e+00	2.694418e+00	9.247001e-05	1.201078e-02	8.083255e-04	9.247001e-07	1.298883e+04	8.741488e+02
17:19:28	4.326980e+01	5.270262e+00	9.235787e+00	3.999472e+00	2.681825e+00	9.235787e-05	1.199842e-02	8.045476e-04	9.235787e-07	1.299122e+04	8.711198e+02
17:19:29	4.323360e+01	5.265852e+00	9.217876e+00	3.996024e+00	2.667082e+00	9.217876e-05	1.198807e-02	8.001246e-04	9.217876e-07	1.300524e+04	8.680140e+02
17:19:29	4.319470e+01	5.261114e+00	9.211989e+00	3.991881e+00	2.661593e+00	9.211989e-05	1.197564e-02	7.984780e-04	9.211989e-07	1.300006e+04	8.667814e+02
17:19:29	4.316170e+01	5.257095e+00	9.238797e+00	3.986257e+00	2.658239e+00	9.238797e-05	1.195877e-02	7.974718e-04	9.238797e-07	1.294408e+04	8.631771e+02
17:19:30	4.312620e+01	5.252771e+00	9.256152e+00	3.982030e+00	2.648157e+00	9.256152e-05	1.194609e-02	7.944472e-04	9.256152e-07	1.290611e+04	8.582909e+02
17:19:30	4.309020e+01	5.248386e+00	9.241311e+00	3.976985e+00	2.634400e+00	9.241311e-05	1.193096e-02	7.903200e-04	9.241311e-07	1.291046e+04	8.552033e+02
17:19:30	4.306090e+01	5.244818e+00	9.223122e+00	3.973612e+00	2.621353e+00	9.223122e-05	1.192084e-02	7.864059e-04	9.223122e-07	1.292495e+04	8.526461e+02
17:19:30	4.302780e+01	5.240786e+00	9.212083e+00	3.969781e+00	2.614197e+00	9.212083e-05	1.190934e-02	7.842591e-04	9.212083e-07	1.292796e+04	8.513374e+02
17:19:31	4.299190e+01	5.236413e+00	9.244662e+00	3.963552e+00	2.607949e+00	9.244662e-05	1.189066e-02	7.823848e-04	9.244662e-07	1.286219e+04	8.463098e+02
17:19:31	4.295060e+01	5.231383e+00	9.253622e+00	3.958985e+00	2.597082e+00	9.253622e-05	1.187696e-02	7.791247e-04	9.253622e-07	1.283493e+04	8.419672e+02
17:19:31	4.291530e+01	5.227084e+00	9.237483e+00	3.954716e+00	2.581911e+00	9.237483e-05	1.186415e-02	7.745732e-04	9.237483e-07	1.284349e+04	8.385111e+02
17:19:32	4.287950e+01	5.222723e+00	9.220092e+00	3.951278e+00	2.568770e+00	9.220092e-05	1.185383e-02	7.706309e-04	9.220092e-07	1.285652e+04	8.358169e+02
17:19:32	4.284660e+01	5.218716e+00	9.212978e+00	3.947813e+00	2.561344e+00	9.212978e-05	1.184344e-02	7.684033e-04	9.212978e-07	1.285517e+04	8.340444e+02
17:19:32	4.281410e+01	5.214757e+00	9.246793e+00	3.941611e+00	2.555700e+00	9.246793e-05	1.182483e-02	7.667100e-04	9.246793e-07	1.278804e+04	8.291631e+02
17:19:33	4.277250e+01	5.209691e+00	9.261891e+00	3.936797e+00	2.543068e+00	9.261891e-05	1.181039e-02	7.629205e-04	9.261891e-07	1.275160e+04	8.237200e+02
17:19:33	4.273750e+01	5.205427e+00	9.242154e+00	3.932706e+00	2.527118e+00	9.242154e-05	1.179812e-02	7.581354e-04	9.242154e-07	1.276555e+04	8.203016e+02
17:19:33	4.270140e+01	5.201031e+00	9.225422e+00	3.929459e+00	2.514493e+00	9.225422e-05	1.178838e-02	7.543479e-04	9.225422e-07	1.277814e+04	8.176839e+02
17:19:33	4.266950e+01	5.197145e+00	9.218697e+00	3.926167e+00	2.505387e+00	9.218697e-05	1.177850e-02	7.516162e-04	9.218697e-07	1.277675e+04	8.153172e+02
17:19:34	4.262780e+01	5.192066e+00	9.251964e+00	3.920324e+00	2.498926e+00	9.251964e-05	1.176097e-02	7.496777e-04	9.251964e-07	1.271187e+04	8.102903e+02
17:19:34	4.259250e+01	5.187767e+00	9.257323e+00	3.915588e+00	2.484588e+00	9.257323e-05	1.174676e-02	7.453763e-04	9.257323e-07	1.268916e+04	8.051747e+02
17:19:34	4.255490e+01	5.183187e+00	9.224270e+00	3.913133e+00	2.465212e+00	9.224270e-05	1.173940e-02	7.395636e-04	9.224270e-07	1.272664e+04	8.017583e+02
17:19:35	4.252200e+01	5.179180e+00	9.211606e+00	3.908870e+00	2.453550e+00	9.211606e-05	1.172661e-02	7.360650e-04	9.211606e-07	1.273026e+04	7.990627e+02
17:19:35	4.248400e+01	5.174551e+00	9.241097e+00	3.904630e+00	2.446050e+00	9.241097e-05	1.171389e-02	7.338151e-04	9.241097e-07	1.267587e+04	7.940779e+02
17:19:35	4.244580e+01	5.169898e+00	9.259464e+00	3.899904e+00	2.433016e+00	9.259464e-05	1.169971e-02	7.299049e-04	9.259464e-07	1.263541e+04	7.882798e+02
17:19:36	4.240480e+01	5.164905e+00	9.223265e+00	3.895875e+00	2.410416e+00	9.223265e-05	1.168762e-02	7.231249e-04	9.223265e-07	1.267190e+04	7.840227e+02
17:19:36	4.236660e+01	5.160252e+00	9.206587e+00	3.892673e+00	2.400279e+00	9.206587e-05	1.167802e-02	7.200837e-04	9.206587e-07	1.268442e+04	7.821397e+02
17:19:36	4.233430e+01	5.156318e+00	9.234294e+00	3.889491e+00	2.392465e+00	9.234294e-05	1.166847e-02	7.177394e-04	9.234294e-07	1.263602e+04	7.772542e+02
17:19:36	4.230240e+01	5.152432e+00	9.246106e+00	3.885725e+00	2.381636e+00	9.246106e-05	1.165717e-02	7.144909e-04	9.246106e-07	1.260766e+04	7.727480e+02
17:19:37	4.226440e+01	5.147804e+00	9.233542e+00	3.881605e+00	2.362767e+00	9.233542e-05	1.164482e-02	7.088300e-04	9.233542e-07	1.261143e+04	7.676686e+02
17:19:37	4.223170e+01	5.143821e+00	9.210636e+00	3.878449e+00	2.345337e+00	9.210636e-05	1.163535e-02	7.036012e-04	9.210636e-07	1.263251e+04	7.639008e+02
17:19:37	4.219430e+01	5.139266e+00	9.216417e+00	3.875098e+00	2.334620e+00	9.216417e-05	1.162529e-02	7.003859e-04	9.216417e-07	1.261368e+04	7.599330e+02
17:19:38	4.215880e+01	5.134942e+00	9.247261e+00	3.871231e+00	2.328495e+00	9.247261e-05	1.161369e-02	6.985486e-04	9.247261e-07	1.255906e+04	7.554114e+02
17:19:38	4.212120e+01	5.130362e+00	9.251935e+00	3.866411e+00	2.312279e+00	9.251935e-05	1.159923e-02	6.936837e-04	9.251935e-07	1.253709e+04	7.497715e+02
17:19:38	4.208630e+01	5.126111e+00	9.221487e+00	3.863056e+00	2.292988e+00	9.221487e-05	1.158917e-02	6.878963e-04	9.221487e-07	1.256757e+04	7.459711e+02
17:19:39	4.205430e+01	5.122214e+00	9.215881e+00	3.859563e+00	2.280882e+00	9.215881e-05	1.157869e-02	6.842645e-04	9.215881e-07	1.256384e+04	7.424840e+02
17:19:39	4.201370e+01	5.117269e+00	9.246858e+00	3.854879e+00	2.274566e+00	9.246858e-05	1.156464e-02	6.823697e-04	9.246858e-07	1.250656e+04	7.379476e+02
17:19:39	4.197860e+01	5.112993e+00	9.256645e+00	3.850503e+00	2.258654e+00	9.256645e-05	1.155151e-02	6.775963e-04	9.256645e-07	1.247915e+04	7.320107e+02
17:19:40	4.193860e+01	5.108121e+00	9.220112e+00	3.847797e+00	2.237822e+00	9.220112e-05	1.154339e-02	6.713467e-04	9.220112e-07	1.251980e+04	7.281329e+02
17:19:40	4.190590e+01	5.104139e+00	9.206409e+00	3.845526e+00	2.228545e+00	9.206409e-05	1.153658e-02	6.685634e-04	9.206409e-07	1.253103e+04	7.261935e+02
17:19:40	4.187480e+01	5.100351e+00	9.241600e+00	3.840758e+00	2.219413e+00	9.241600e-05	1.152227e-02	6.658240e-04	9.241600e-07	1.246783e+04	7.204640e+02
17:19:41	4.183090e+01	5.095004e+00	9.258731e+00	3.837443e+00	2.204488e+00	9.258731e-05	1.151233e-02	6.613464e-04	9.258731e-07	1.243402e+04	7.142949e+02
17:19:41	4.179660e+01	5.090826e+00	9.226726e+00	3.835139e+00	2.184061e+00	9.226726e-05	1.150542e-02	6.552184e-04	9.226726e-07	1.246967e+04	7.101310e+02
17:19:41	4.176160e+01	5.086563e+00	9.215992e+00	3.832444e+00	2.171770e+00	9.215992e-05	1.149733e-02	6.515311e-04	9.215992e-07	1.247541e+04	7.069571e+02
17:19:41	4.172450e+01	5.082044e+00	9.247527e+00	3.828334e+00	2.165318e+00	9.247527e-05	1.148500e-02	6.495955e-04	9.247527e-07	1.241954e+04	7.024532e+02
17:19:42	4.169010e+01	5.077854e+00	9.264158e+00	3.825567e+00	2.150380e+00	9.264158e-05	1.147670e-02	6.451141e-04	9.264158e-07	1.238828e+04	6.963547e+02
17:19:42	4.165200e+01	5.073214e+00	9.232809e+00	3.823919e+00	2.131202e+00	9.232809e-05	1.147176e-02	6.393607e-04	9.232809e-07	1.242499e+04	6.924878e+02
17:19:42	4.162020e+01	5.069340e+00	9.221558e+00	3.820902e+00	2.119888e+00	9.221558e-05	1.146271e-02	6.359663e-04	9.221558e-07	1.243033e+04	6.896517e+02
17:19:43	4.158890e+01	5.065528e+00	9.238054e+00	3.818346e+00	2.109683e+00	9.238054e-05	1.145504e-02	6.329048e-04	9.238054e-07	1.239984e+04	6.851061e+02
17:19:43	4.155160e+01	5.060985e+00	9.258014e+00	3.815543e+00	2.097943e+00	9.258014e-05	1.144663e-02	6.293829e-04	9.258014e-07	1.236402e+04	6.798249e+02
17:19:43	4.151720e+01	5.056795e+00	9.234677e+00	3.814537e+00	2.079693e+00	9.234677e-05	1.144361e-02	6.239079e-04	9.234677e-07	1.239200e+04	6.756142e+02
17:19:43	4.148610e+01	5.053007e+00	9.211794e+00	3.812101e+00	2.066409e+00	9.211794e-05	1.143630e-02	6.199227e-04	9.211794e-07	1.241485e+04	6.729664e+02
17:19:44	4.145380e+01	5.049073e+00	9.230593e+00	3.809636e+00	2.057355e+00	9.230593e-05	1.142891e-02	6.172066e-04	9.230593e-07	1.238155e+04	6.686533e+02
17:19:44	4.141960e+01	5.044907e+00	9.258971e+00	3.806836e+00	2.045629e+00	9.258971e-05	1.142051e-02	6.136887e-04	9.258971e-07	1.233453e+04	6.628044e+02
17:19:44	4.138030e+01	5.040121e+00	9.251624e+00	3.805172e+00	2.029036e+00	9.251624e-05	1.141552e-02	6.087109e-04	9.251624e-07	1.233893e+04	6.579504e+02
17:19:45	4.134810e+01	5.036199e+00	9.224815e+00	3.803823e+00	2.014711e+00	9.224815e-05	1.141147e-02	6.044134e-04	9.224815e-07	1.237040e+04	6.552038e+02
17:19:45	4.131420e+01	5.032070e+00	9.239410e+00	3.801705e+00	2.006028e+00	9.239410e-05	1.140511e-02	6.018083e-04	9.239410e-07	1.234398e+04	6.513493e+02
17:19:45	4.127970e+01	5.027867e+00	9.258868e+00	3.799152e+00	1.997493e+00	9.258868e-05	1.139745e-02	5.992479e-04	9.258868e-07	1.230977e+04	6.472151e+02
17:19:46	4.123950e+01	5.022971e+00	9.246333e+00	3.797393e+00	1.977313e+00	9.246333e-05	1.139218e-02	5.931938e-04	9.246333e-07	1.232076e+04	6.415450e+02
17:19:46	4.120840e+01	5.019183e+00	9.228919e+00	3.797004e+00	1.962446e+00	9.228919e-05	1.139101e-02	5.887338e-04	9.228919e-07	1.234274e+04	6.379229e+02
17:19:46	4.117760e+01	5.015432e+00	9.218035e+00	3.796579e+00	1.952380e+00	9.218035e-05	1.138974e-02	5.857141e-04	9.218035e-07	1.235593e+04	6.354002e+02
17:19:46	4.114610e+01	5.011595e+00	9.253817e+00	3.794325e+00	1.945961e+00	9.253817e-05	1.138297e-02	5.837882e-04	9.253817e-07	1.230084e+04	6.308621e+02
17:19:47	4.111220e+01	5.007466e+00	9.267548e+00	3.792359e+00	1.932155e+00	9.267548e-05	1.137708e-02	5.796464e-04	9.267548e-07	1.227625e+04	6.254582e+02
17:19:47	4.107790e+01	5.003288e+00	9.234807e+00	3.791142e+00	1.912747e+00	9.234807e-05	1.137343e-02	5.738240e-04	9.234807e-07	1.231583e+04	6.213709e+02
17:19:47	4.103810e+01	4.998441e+00	9.225360e+00	3.790990e+00	1.903375e+00	9.225360e-05	1.137297e-02	5.710125e-04	9.225360e-07	1.232794e+04	6.189596e+02
17:19:48	4.100680e+01	4.994628e+00	9.246450e+00	3.789047e+00	1.895239e+00	9.246450e-05	1.136714e-02	5.685718e-04	9.246450e-07	1.229352e+04	6.149083e+02
17:19:48	4.097620e+01	4.990901e+00	9.256950e+00	3.788083e+00	1.888408e+00	9.256950e-05	1.136425e-02	5.665224e-04	9.256950e-07	1.227645e+04	6.119968e+02
17:19:48	4.094510e+01	4.987113e+00	9.273141e+00	3.786929e+00	1.876282e+00	9.273141e-05	1.136079e-02	5.628847e-04	9.273141e-07	1.225128e+04	6.070054e+02
17:19:49	4.091100e+01	4.982960e+00	9.237353e+00	3.787243e+00	1.857448e+00	9.237353e-05	1.136173e-02	5.572345e-04	9.237353e-07	1.229977e+04	6.032404e+02
17:19:49	4.087420e+01	4.978478e+00	9.223161e+00	3.785981e+00	1.849374e+00	9.223161e-05	1.135794e-02	5.548123e-04	9.223161e-07	1.231459e+04	6.015425e+02
17:19:49	4.084050e+01	4.974373e+00	9.249213e+00	3.784908e+00	1.843166e+00	9.249213e-05	1.135472e-02	5.529497e-04	9.249213e-07	1.227642e+04	5.978343e+02
17:19:49	4.080940e+01	4.970585e+00	9.268421e+00	3.784395e+00	1.833359e+00	9.268421e-05	1.135319e-02	5.500078e-04	9.268421e-07	1.224932e+04	5.934212e+02
17:19:50	4.077300e+01	4.966151e+00	9.266299e+00	3.783412e+00	1.818486e+00	9.266299e-05	1.135024e-02	5.455458e-04	9.266299e-07	1.224894e+04	5.887419e+02
17:19:50	4.073870e+01	4.961974e+00	9.229513e+00	3.783367e+00	1.800453e+00	9.229513e-05	1.135010e-02	5.401360e-04	9.229513e-07	1.229762e+04	5.852270e+02
17:19:50	4.070010e+01	4.957272e+00	9.224141e+00	3.783318e+00	1.793693e+00	9.224141e-05	1.134995e-02	5.381080e-04	9.224141e-07	1.230462e+04	5.833692e+02
17:19:51	4.066560e+01	4.953070e+00	9.251410e+00	3.783081e+00	1.789427e+00	9.251410e-05	1.134924e-02	5.368282e-04	9.251410e-07	1.226758e+04	5.802664e+02
17:19:51	4.063530e+01	4.949380e+00	9.273777e+00	3.782582e+00	1.778570e+00	9.273777e-05	1.134775e-02	5.335711e-04	9.273777e-07	1.223638e+04	5.753547e+02
17:19:51	4.059830e+01	4.944873e+00	9.249402e+00	3.781787e+00	1.765144e+00	9.249402e-05	1.134536e-02	5.295431e-04	9.249402e-07	1.226605e+04	5.725161e+02
17:19:52	4.056250e+01	4.940513e+00	9.235533e+00	3.782300e+00	1.753858e+00	9.235533e-05	1.134690e-02	5.261575e-04	9.235533e-07	1.228613e+04	5.697099e+02
17:19:52	4.053120e+01	4.936700e+00	9.230940e+00	3.782770e+00	1.748101e+00	9.230940e-05	1.134831e-02	5.244302e-04	9.230940e-07	1.229377e+04	5.681222e+02
17:19:52	4.050030e+01	4.932937e+00	9.257372e+00	3.781112e+00	1.745976e+00	9.257372e-05	1.134334e-02	5.237927e-04	9.257372e-07	1.225330e+04	5.658115e+02
17:19:52	4.046960e+01	4.929197e+00	9.273238e+00	3.781382e+00	1.737003e+00	9.273238e-05	1.134414e-02	5.211010e-04	9.273238e-07	1.223321e+04	5.619407e+02
17:19:53	4.043630e+01	4.925141e+00	9.241451e+00	3.781742e+00	1.724398e+00	9.241451e-05	1.134522e-02	5.173193e-04	9.241451e-07	1.227645e+04	5.597814e+02
17:19:53	4.039710e+01	4.920367e+00	9.225438e+00	3.783321e+00	1.716317e+00	9.225438e-05	1.134996e-02	5.148951e-04	9.225438e-07	1.230290e+04	5.581254e+02
17:19:53	4.036660e+01	4.916652e+00	9.227245e+00	3.783662e+00	1.711497e+00	9.227245e-05	1.135099e-02	5.134490e-04	9.227245e-07	1.230160e+04	5.564488e+02
17:19:54	4.033550e+01	4.912864e+00	9.263056e+00	3.782569e+00	1.712577e+00	9.263056e-05	1.134771e-02	5.137730e-04	9.263056e-07	1.225050e+04	5.546475e+02
17:19:54	4.030320e+01	4.908930e+00	9.279421e+00	3.781943e+00	1.703144e+00	9.279421e-05	1.134583e-02	5.109431e-04	9.279421e-07	1.222687e+04	5.506196e+02
17:19:54	4.026680e+01	4.904496e+00	9.254903e+00	3.782394e+00	1.692653e+00	9.254903e-05	1.134718e-02	5.077959e-04	9.254903e-07	1.226072e+04	5.486777e+02
17:19:54	4.023060e+01	4.900087e+00	9.239601e+00	3.783925e+00	1.684641e+00	9.239601e-05	1.135177e-02	5.053922e-04	9.239601e-07	1.228600e+04	5.469848e+02
17:19:55	4.020010e+01	4.896372e+00	9.232517e+00	3.783561e+00	1.683304e+00	9.232517e-05	1.135068e-02	5.049912e-04	9.232517e-07	1.229425e+04	5.469703e+02
17:19:55	4.016920e+01	4.892609e+00	9.258780e+00	3.783308e+00	1.682590e+00	9.258780e-05	1.134993e-02	5.047771e-04	9.258780e-07	1.225855e+04	5.451875e+02
17:19:55	4.013930e+01	4.888967e+00	9.270209e+00	3.782939e+00	1.676463e+00	9.270209e-05	1.134882e-02	5.029388e-04	9.270209e-07	1.224224e+04	5.425324e+02
17:19:56	4.010920e+01	4.885301e+00	9.268807e+00	3.782708e+00	1.669985e+00	9.268807e-05	1.134812e-02	5.009954e-04	9.268807e-07	1.224335e+04	5.405177e+02
17:19:56	4.007530e+01	4.881172e+00	9.240247e+00	3.784509e+00	1.659569e+00	9.240247e-05	1.135353e-02	4.978706e-04	9.240247e-07	1.228704e+04	5.388066e+02
17:19:56	4.004520e+01	4.877505e+00	9.232689e+00	3.785664e+00	1.657379e+00	9.232689e-05	1.135699e-02	4.972137e-04	9.232689e-07	1.230085e+04	5.385362e+02
17:19:56	4.001450e+01	4.873766e+00	9.241820e+00	3.785991e+00	1.655708e+00	9.241820e-05	1.135797e-02	4.967125e-04	9.241820e-07	1.228976e+04	5.374618e+02
17:19:57	3.997550e+01	4.869016e+00	9.266948e+00	3.785436e+00	1.657152e+00	9.266948e-05	1.135631e-02	4.971456e-04	9.266948e-07	1.225464e+04	5.364717e+02
17:19:57	3.994260e+01	4.865009e+00	9.282990e+00	3.785303e+00	1.650908e+00	9.282990e-05	1.135591e-02	4.952723e-04	9.282990e-07	1.223303e+04	5.335267e+02
17:19:57	3.990950e+01	4.860977e+00	9.265868e+00	3.784681e+00	1.645237e+00	9.265868e-05	1.135404e-02	4.935712e-04	9.265868e-07	1.225362e+04	5.326767e+02
17:19:58	3.987940e+01	4.857311e+00	9.239092e+00	3.786643e+00	1.636690e+00	9.239092e-05	1.135993e-02	4.910069e-04	9.239092e-07	1.229550e+04	5.314450e+02
17:19:58	3.984660e+01	4.853316e+00	9.231962e+00	3.787305e+00	1.635159e+00	9.231962e-05	1.136191e-02	4.905476e-04	9.231962e-07	1.230715e+04	5.313579e+02
17:19:58	3.981070e+01	4.848943e+00	9.224433e+00	3.787821e+00	1.632972e+00	9.224433e-05	1.136346e-02	4.898916e-04	9.224433e-07	1.231887e+04	5.310805e+02
17:19:59	3.977800e+01	4.844960e+00	9.258326e+00	3.786880e+00	1.635535e+00	9.258326e-05	1.136064e-02	4.906604e-04	9.258326e-07	1.227073e+04	5.299667e+02
17:19:59	3.974730e+01	4.841221e+00	9.267169e+00	3.787253e+00	1.634120e+00	9.267169e-05	1.136176e-02	4.902361e-04	9.267169e-07	1.226023e+04	5.290031e+02
17:19:59	3.971430e+01	4.837202e+00	9.279334e+00	3.787149e+00	1.628233e+00	9.279334e-05	1.136145e-02	4.884699e-04	9.279334e-07	1.224382e+04	5.264062e+02
17:19:59	3.968460e+01	4.833584e+00	9.258984e+00	3.787513e+00	1.624172e+00	9.258984e-05	1.136254e-02	4.872515e-04	9.258984e-07	1.227191e+04	5.262472e+02
17:20:00	3.965430e+01	4.829894e+00	9.242018e+00	3.788735e+00	1.618251e+00	9.242018e-05	1.136621e-02	4.854754e-04	9.242018e-07	1.229840e+04	5.252916e+02
17:20:00	3.962360e+01	4.826154e+00	9.233594e+00	3.789349e+00	1.619935e+00	9.233594e-05	1.136805e-02	4.859805e-04	9.233594e-07	1.231162e+04	5.263178e+02
17:20:00	3.959410e+01	4.822561e+00	9.227800e+00	3.789057e+00	1.618910e+00	9.227800e-05	1.136717e-02	4.856730e-04	9.227800e-07	1.231840e+04	5.263150e+02
17:20:00	3.956890e+01	4.819492e+00	9.258465e+00	3.788242e+00	1.621087e+00	9.258465e-05	1.136473e-02	4.863260e-04	9.258465e-07	1.227496e+04	5.252771e+02
17:20:01	3.953130e+01	4.814912e+00	9.266423e+00	3.788090e+00	1.619828e+00	9.266423e-05	1.136427e-02	4.859484e-04	9.266423e-07	1.226392e+04	5.244185e+02
17:20:01	3.949920e+01	4.811003e+00	9.273135e+00	3.789021e+00	1.615209e+00	9.273135e-05	1.136706e-02	4.845626e-04	9.273135e-07	1.225806e+04	5.225446e+02
17:20:01	3.946890e+01	4.807312e+00	9.245119e+00	3.789537e+00	1.610259e+00	9.245119e-05	1.136861e-02	4.830776e-04	9.245119e-07	1.229688e+04	5.225217e+02
17:20:02	3.943560e+01	4.803256e+00	9.235579e+00	3.789297e+00	1.606642e+00	9.235579e-05	1.136789e-02	4.819925e-04	9.235579e-07	1.230880e+04	5.218866e+02
17:20:02	3.940610e+01	4.799663e+00	9.235193e+00	3.789958e+00	1.610709e+00	9.235193e-05	1.136988e-02	4.832128e-04	9.235193e-07	1.231146e+04	5.232298e+02
17:20:02	3.937640e+01	4.796046e+00	9.243757e+00	3.790380e+00	1.610181e+00	9.243757e-05	1.137114e-02	4.830542e-04	9.243757e-07	1.230143e+04	5.225735e+02
17:20:02	3.934930e+01	4.792745e+00	9.267036e+00	3.789387e+00	1.614128e+00	9.267036e-05	1.136816e-02	4.842385e-04	9.267036e-07	1.226731e+04	5.225388e+02
17:20:03	3.931900e+01	4.789054e+00	9.270679e+00	3.788667e+00	1.611900e+00	9.270679e-05	1.136600e-02	4.835700e-04	9.270679e-07	1.226016e+04	5.216123e+02
17:20:03	3.928140e+01	4.784475e+00	9.279642e+00	3.788288e+00	1.608114e+00	9.279642e-05	1.136486e-02	4.824343e-04	9.279642e-07	1.224709e+04	5.198846e+02
17:20:03	3.925190e+01	4.780881e+00	9.249165e+00	3.789147e+00	1.603401e+00	9.249165e-05	1.136744e-02	4.810203e-04	9.249165e-07	1.229024e+04	5.200689e+02
17:20:04	3.922410e+01	4.777495e+00	9.248149e+00	3.789907e+00	1.601413e+00	9.248149e-05	1.136972e-02	4.804238e-04	9.248149e-07	1.229405e+04	5.194810e+02
17:20:04	3.919230e+01	4.773622e+00	9.239968e+00	3.789329e+00	1.604231e+00	9.239968e-05	1.136799e-02	4.812694e-04	9.239968e-07	1.230306e+04	5.208562e+02
17:20:04	3.916810e+01	4.770675e+00	9.238301e+00	3.789018e+00	1.606087e+00	9.238301e-05	1.136705e-02	4.818261e-04	9.238301e-07	1.230427e+04	5.215527e+02
17:20:04	3.914290e+01	4.767605e+00	9.261226e+00	3.788885e+00	1.607657e+00	9.261226e-05	1.136665e-02	4.822971e-04	9.261226e-07	1.227338e+04	5.207702e+02
17:20:05	3.911380e+01	4.764061e+00	9.278247e+00	3.787697e+00	1.611472e+00	9.278247e-05	1.136309e-02	4.834415e-04	9.278247e-07	1.224702e+04	5.210483e+02
17:20:05	3.908970e+01	4.761125e+00	9.288106e+00	3.787918e+00	1.611284e+00	9.288106e-05	1.136375e-02	4.833851e-04	9.288106e-07	1.223474e+04	5.204345e+02
17:20:05	3.905960e+01	4.757459e+00	9.292148e+00	3.788012e+00	1.607861e+00	9.292148e-05	1.136404e-02	4.823584e-04	9.292148e-07	1.222972e+04	5.191032e+02
17:20:05	3.903010e+01	4.753866e+00	9.281614e+00	3.787058e+00	1.606359e+00	9.281614e-05	1.136118e-02	4.819078e-04	9.281614e-07	1.224052e+04	5.192069e+02
17:20:06	3.900590e+01	4.750919e+00	9.255267e+00	3.787613e+00	1.603573e+00	9.255267e-05	1.136284e-02	4.810719e-04	9.255267e-07	1.227716e+04	5.197818e+02
17:20:06	3.898150e+01	4.747947e+00	9.259143e+00	3.787989e+00	1.602360e+00	9.259143e-05	1.136397e-02	4.807079e-04	9.259143e-07	1.227324e+04	5.191711e+02
17:20:06	3.895480e+01	4.744695e+00	9.254258e+00	3.788525e+00	1.606661e+00	9.254258e-05	1.136557e-02	4.819983e-04	9.254258e-07	1.228145e+04	5.208395e+02
17:20:06	3.892810e+01	4.741443e+00	9.254053e+00	3.789053e+00	1.607569e+00	9.254053e-05	1.136716e-02	4.822708e-04	9.254053e-07	1.228344e+04	5.211455e+02
17:20:07	3.889840e+01	4.737825e+00	9.281413e+00	3.788457e+00	1.611008e+00	9.281413e-05	1.136537e-02	4.833024e-04	9.281413e-07	1.224530e+04	5.207207e+02
17:20:07	3.887460e+01	4.734926e+00	9.288579e+00	3.788139e+00	1.612568e+00	9.288579e-05	1.136442e-02	4.837705e-04	9.288579e-07	1.223483e+04	5.208229e+02
17:20:07	3.884210e+01	4.730968e+00	9.292041e+00	3.787659e+00	1.609006e+00	9.292041e-05	1.136298e-02	4.827019e-04	9.292041e-07	1.222872e+04	5.194789e+02
17:20:07	3.881840e+01	4.728081e+00	9.295920e+00	3.787409e+00	1.606862e+00	9.295920e-05	1.136223e-02	4.820587e-04	9.295920e-07	1.222281e+04	5.185701e+02
17:20:08	3.878410e+01	4.723903e+00	9.257220e+00	3.788992e+00	1.602590e+00	9.257220e-05	1.136698e-02	4.807770e-04	9.257220e-07	1.227904e+04	5.193536e+02
17:20:08	3.875960e+01	4.720919e+00	9.257174e+00	3.789692e+00	1.600469e+00	9.257174e-05	1.136908e-02	4.801406e-04	9.257174e-07	1.228137e+04	5.186686e+02
17:20:08	3.873500e+01	4.717923e+00	9.254216e+00	3.790562e+00	1.603112e+00	9.254216e-05	1.137169e-02	4.809337e-04	9.254216e-07	1.228811e+04	5.196915e+02
17:20:08	3.871160e+01	4.715073e+00	9.248195e+00	3.790844e+00	1.603673e+00	9.248195e-05	1.137253e-02	4.811020e-04	9.248195e-07	1.229703e+04	5.202118e+02
17:20:09	3.868450e+01	4.711772e+00	9.273469e+00	3.790078e+00	1.606411e+00	9.273469e-05	1.137024e-02	4.819234e-04	9.273469e-07	1.226104e+04	5.196798e+02
17:20:09	3.866030e+01	4.708825e+00	9.290912e+00	3.790075e+00	1.608568e+00	9.290912e-05	1.137023e-02	4.825705e-04	9.290912e-07	1.223801e+04	5.194006e+02
17:20:09	3.863100e+01	4.705256e+00	9.293254e+00	3.789498e+00	1.604913e+00	9.293254e-05	1.136849e-02	4.814738e-04	9.293254e-07	1.223306e+04	5.180896e+02
17:20:09	3.860210e+01	4.701736e+00	9.290782e+00	3.789443e+00	1.603420e+00	9.290782e-05	1.136833e-02	4.810261e-04	9.290782e-07	1.223614e+04	5.177456e+02
17:20:10	3.856960e+01	4.697777e+00	9.257288e+00	3.790422e+00	1.598804e+00	9.257288e-05	1.137127e-02	4.796413e-04	9.257288e-07	1.228358e+04	5.181230e+02
17:20:10	3.854310e+01	4.694550e+00	9.254050e+00	3.791188e+00	1.596907e+00	9.254050e-05	1.137356e-02	4.790720e-04	9.254050e-07	1.229036e+04	5.176890e+02
17:20:10	3.851220e+01	4.690786e+00	9.245457e+00	3.791597e+00	1.600702e+00	9.245457e-05	1.137479e-02	4.802106e-04	9.245457e-07	1.230311e+04	5.194017e+02
17:20:10	3.848760e+01	4.687790e+00	9.261719e+00	3.791661e+00	1.601675e+00	9.261719e-05	1.137498e-02	4.805026e-04	9.261719e-07	1.228172e+04	5.188050e+02
17:20:11	3.846410e+01	4.684927e+00	9.282253e+00	3.790286e+00	1.604909e+00	9.282253e-05	1.137086e-02	4.814728e-04	9.282253e-07	1.225011e+04	5.187025e+02
17:20:11	3.843970e+01	4.681955e+00	9.288537e+00	3.789971e+00	1.605117e+00	9.288537e-05	1.136991e-02	4.815351e-04	9.288537e-07	1.224080e+04	5.184187e+02
17:20:11	3.841340e+01	4.678752e+00	9.296037e+00	3.789423e+00	1.603086e+00	9.296037e-05	1.136827e-02	4.809259e-04	9.296037e-07	1.222916e+04	5.173451e+02
17:20:11	3.838430e+01	4.675208e+00	9.267182e+00	3.790348e+00	1.599031e+00	9.267182e-05	1.137104e-02	4.797094e-04	9.267182e-07	1.227023e+04	5.176433e+02
17:20:12	3.835830e+01	4.672041e+00	9.253132e+00	3.790782e+00	1.596300e+00	9.253132e-05	1.137235e-02	4.788900e-04	9.253132e-07	1.229027e+04	5.175437e+02
17:20:12	3.833420e+01	4.669106e+00	9.246096e+00	3.790792e+00	1.599690e+00	9.246096e-05	1.137238e-02	4.799070e-04	9.246096e-07	1.229965e+04	5.190374e+02
17:20:12	3.830780e+01	4.665890e+00	9.251449e+00	3.791590e+00	1.600757e+00	9.251449e-05	1.137477e-02	4.802272e-04	9.251449e-07	1.229512e+04	5.190832e+02
17:20:12	3.828370e+01	4.662955e+00	9.275561e+00	3.791522e+00	1.603965e+00	9.275561e-05	1.137457e-02	4.811896e-04	9.275561e-07	1.226294e+04	5.187715e+02
17:20:13	3.826010e+01	4.660080e+00	9.293351e+00	3.790867e+00	1.605211e+00	9.293351e-05	1.137260e-02	4.815633e-04	9.293351e-07	1.223735e+04	5.181805e+02
17:20:13	3.823420e+01	4.656926e+00	9.298688e+00	3.790636e+00	1.602863e+00	9.298688e-05	1.137191e-02	4.808588e-04	9.298688e-07	1.222959e+04	5.171254e+02
17:20:13	3.820530e+01	4.653406e+00	9.277605e+00	3.790996e+00	1.599414e+00	9.277605e-05	1.137299e-02	4.798243e-04	9.277605e-07	1.225854e+04	5.171855e+02
17:20:13	3.817910e+01	4.650214e+00	9.260318e+00	3.791379e+00	1.596394e+00	9.260318e-05	1.137414e-02	4.789183e-04	9.260318e-07	1.228266e+04	5.171726e+02
17:20:14	3.815500e+01	4.647279e+00	9.254021e+00	3.791029e+00	1.599661e+00	9.254021e-05	1.137309e-02	4.798982e-04	9.254021e-07	1.228989e+04	5.185835e+02
17:20:14	3.813160e+01	4.644429e+00	9.248578e+00	3.790808e+00	1.599820e+00	9.248578e-05	1.137242e-02	4.799459e-04	9.248578e-07	1.229640e+04	5.189403e+02
17:20:14	3.810520e+01	4.641213e+00	9.277469e+00	3.790572e+00	1.604890e+00	9.277469e-05	1.137171e-02	4.814670e-04	9.277469e-07	1.225735e+04	5.189637e+02
17:20:14	3.808170e+01	4.638351e+00	9.284917e+00	3.789851e+00	1.604449e+00	9.284917e-05	1.136955e-02	4.813346e-04	9.284917e-07	1.224519e+04	5.184049e+02
17:20:14	3.805830e+01	4.635501e+00	9.295272e+00	3.789774e+00	1.602094e+00	9.295272e-05	1.136932e-02	4.806281e-04	9.295272e-07	1.223129e+04	5.170673e+02
17:20:15	3.802920e+01	4.631957e+00	9.264703e+00	3.790030e+00	1.598217e+00	9.264703e-05	1.137009e-02	4.794652e-04	9.264703e-07	1.227248e+04	5.175181e+02
17:20:15	3.800310e+01	4.628778e+00	9.258125e+00	3.790776e+00	1.596900e+00	9.258125e-05	1.137233e-02	4.790701e-04	9.258125e-07	1.228362e+04	5.174591e+02
17:20:15	3.797730e+01	4.625635e+00	9.249080e+00	3.790857e+00	1.600728e+00	9.249080e-05	1.137257e-02	4.802184e-04	9.249080e-07	1.229589e+04	5.192067e+02
17:20:15	3.795350e+01	4.622736e+00	9.267013e+00	3.791181e+00	1.602833e+00	9.267013e-05	1.137354e-02	4.808500e-04	9.267013e-07	1.227315e+04	5.188835e+02
17:20:16	3.792980e+01	4.619850e+00	9.289559e+00	3.789894e+00	1.606259e+00	9.289559e-05	1.136968e-02	4.818777e-04	9.289559e-07	1.223920e+04	5.187304e+02
17:20:16	3.790130e+01	4.616378e+00	9.299836e+00	3.790062e+00	1.602700e+00	9.299836e-05	1.137019e-02	4.808101e-04	9.299836e-07	1.222622e+04	5.170092e+02
17:20:16	3.786980e+01	4.612542e+00	9.265459e+00	3.790688e+00	1.597624e+00	9.265459e-05	1.137206e-02	4.792871e-04	9.265459e-07	1.227361e+04	5.172837e+02
17:20:16	3.784620e+01	4.609667e+00	9.252133e+00	3.791230e+00	1.596809e+00	9.252133e-05	1.137369e-02	4.790428e-04	9.252133e-07	1.229305e+04	5.177648e+02
17:20:17	3.782260e+01	4.606793e+00	9.244185e+00	3.792258e+00	1.599061e+00	9.244185e-05	1.137678e-02	4.797182e-04	9.244185e-07	1.230695e+04	5.189405e+02
17:20:17	3.779390e+01	4.603297e+00	9.281549e+00	3.791275e+00	1.603313e+00	9.281549e-05	1.137383e-02	4.809940e-04	9.281549e-07	1.225423e+04	5.182260e+02
17:20:17	3.777100e+01	4.600508e+00	9.294065e+00	3.790971e+00	1.602953e+00	9.294065e-05	1.137291e-02	4.808860e-04	9.294065e-07	1.223675e+04	5.174119e+02
17:20:17	3.774240e+01	4.597024e+00	9.293264e+00	3.789981e+00	1.601536e+00	9.293264e-05	1.136994e-02	4.804607e-04	9.293264e-07	1.223461e+04	5.169989e+02
17:20:18	3.771370e+01	4.593529e+00	9.258715e+00	3.790711e+00	1.597539e+00	9.258715e-05	1.137213e-02	4.792618e-04	9.258715e-07	1.228263e+04	5.176332e+02
17:20:18	3.769020e+01	4.590666e+00	9.253726e+00	3.791262e+00	1.600378e+00	9.253726e-05	1.137379e-02	4.801133e-04	9.253726e-07	1.229104e+04	5.188324e+02
17:20:18	3.766700e+01	4.587841e+00	9.257722e+00	3.791425e+00	1.602324e+00	9.257722e-05	1.137427e-02	4.806972e-04	9.257722e-07	1.228626e+04	5.192392e+02
17:20:18	3.764030e+01	4.584589e+00	9.283931e+00	3.790597e+00	1.607106e+00	9.283931e-05	1.137179e-02	4.821317e-04	9.283931e-07	1.224890e+04	5.193185e+02
17:20:19	3.761770e+01	4.581836e+00	9.291097e+00	3.790341e+00	1.604708e+00	9.291097e-05	1.137102e-02	4.814125e-04	9.291097e-07	1.223862e+04	5.181439e+02
17:20:19	3.758860e+01	4.578291e+00	9.275444e+00	3.790409e+00	1.601990e+00	9.275444e-05	1.137123e-02	4.805970e-04	9.275444e-07	1.225950e+04	5.181390e+02
17:20:19	3.756500e+01	4.575417e+00	9.253856e+00	3.791116e+00	1.599074e+00	9.253856e-05	1.137335e-02	4.797221e-04	9.253856e-07	1.229039e+04	5.184024e+02
17:20:19	3.753730e+01	4.572043e+00	9.244435e+00	3.791564e+00	1.602009e+00	9.244435e-05	1.137469e-02	4.806028e-04	9.244435e-07	1.230437e+04	5.198834e+02
17:20:20	3.751370e+01	4.569169e+00	9.278328e+00	3.790925e+00	1.607349e+00	9.278328e-05	1.137278e-02	4.822046e-04	9.278328e-07	1.225735e+04	5.197107e+02
17:20:20	3.748580e+01	4.565770e+00	9.293202e+00	3.790692e+00	1.608867e+00	9.293202e-05	1.137207e-02	4.826601e-04	9.293202e-07	1.223698e+04	5.193690e+02
17:20:20	3.746220e+01	4.562896e+00	9.294684e+00	3.789858e+00	1.606794e+00	9.294684e-05	1.136957e-02	4.820382e-04	9.294684e-07	1.223234e+04	5.186171e+02
17:20:20	3.743330e+01	4.559376e+00	9.269962e+00	3.790821e+00	1.603573e+00	9.269962e-05	1.137246e-02	4.810719e-04	9.269962e-07	1.226808e+04	5.189578e+02
17:20:21	3.741110e+01	4.556672e+00	9.254339e+00	3.791496e+00	1.603573e+00	9.254339e-05	1.137449e-02	4.810719e-04	9.254339e-07	1.229098e+04	5.198339e+02
17:20:21	3.738780e+01	4.553834e+00	9.253129e+00	3.791872e+00	1.605630e+00	9.253129e-05	1.137562e-02	4.816889e-04	9.253129e-07	1.229381e+04	5.205686e+02
17:20:21	3.735650e+01	4.550022e+00	9.280560e+00	3.790464e+00	1.610758e+00	9.280560e-05	1.137139e-02	4.832274e-04	9.280560e-07	1.225292e+04	5.206878e+02
17:20:21	3.733310e+01	4.547172e+00	9.289951e+00	3.790643e+00	1.608160e+00	9.289951e-05	1.137193e-02	4.824479e-04	9.289951e-07	1.224111e+04	5.193223e+02
17:20:22	3.730500e+01	4.543749e+00	9.285264e+00	3.790640e+00	1.605814e+00	9.285264e-05	1.137192e-02	4.817443e-04	9.285264e-07	1.224728e+04	5.188268e+02
17:20:22	3.728160e+01	4.540899e+00	9.261369e+00	3.790721e+00	1.601513e+00	9.261369e-05	1.137216e-02	4.804539e-04	9.261369e-07	1.227914e+04	5.187720e+02
17:20:22	3.725900e+01	4.538146e+00	9.251779e+00	3.790948e+00	1.605042e+00	9.251779e-05	1.137284e-02	4.815127e-04	9.251779e-07	1.229260e+04	5.204542e+02
17:20:22	3.723610e+01	4.535357e+00	9.259357e+00	3.791444e+00	1.605665e+00	9.259357e-05	1.137433e-02	4.816996e-04	9.259357e-07	1.228415e+04	5.202300e+02
17:20:22	3.721270e+01	4.532507e+00	9.281971e+00	3.790169e+00	1.609860e+00	9.281971e-05	1.137051e-02	4.829579e-04	9.281971e-07	1.225010e+04	5.203182e+02
17:20:23	3.718970e+01	4.529705e+00	9.288096e+00	3.790293e+00	1.606282e+00	9.288096e-05	1.137088e-02	4.818845e-04	9.288096e-07	1.224242e+04	5.188194e+02
17:20:23	3.716600e+01	4.526819e+00	9.286938e+00	3.790477e+00	1.605130e+00	9.286938e-05	1.137143e-02	4.815390e-04	9.286938e-07	1.224454e+04	5.185121e+02
17:20:23	3.714360e+01	4.524090e+00	9.259721e+00	3.790727e+00	1.599778e+00	9.259721e-05	1.137218e-02	4.799333e-04	9.259721e-07	1.228134e+04	5.183021e+02
17:20:23	3.711780e+01	4.520948e+00	9.250543e+00	3.790763e+00	1.601951e+00	9.250543e-05	1.137229e-02	4.805853e-04	9.250543e-07	1.229364e+04	5.195211e+02
17:20:24	3.709250e+01	4.517867e+00	9.252970e+00	3.791470e+00	1.603511e+00	9.252970e-05	1.137441e-02	4.810534e-04	9.252970e-07	1.229271e+04	5.198908e+02
17:20:24	3.707010e+01	4.515138e+00	9.278461e+00	3.790876e+00	1.608299e+00	9.278461e-05	1.137263e-02	4.824898e-04	9.278461e-07	1.225702e+04	5.200106e+02
17:20:24	3.704120e+01	4.511618e+00	9.291583e+00	3.789978e+00	1.605188e+00	9.291583e-05	1.136993e-02	4.815565e-04	9.291583e-07	1.223681e+04	5.182718e+02
17:20:24	3.701840e+01	4.508841e+00	9.276817e+00	3.790104e+00	1.602467e+00	9.276817e-05	1.137031e-02	4.807400e-04	9.276817e-07	1.225670e+04	5.182166e+02
17:20:25	3.699010e+01	4.505394e+00	9.260587e+00	3.790416e+00	1.598778e+00	9.260587e-05	1.137125e-02	4.796335e-04	9.260587e-07	1.227919e+04	5.179300e+02
17:20:25	3.696500e+01	4.502337e+00	9.250148e+00	3.790549e+00	1.602337e+00	9.250148e-05	1.137165e-02	4.807011e-04	9.250148e-07	1.229348e+04	5.196686e+02
17:20:25	3.693700e+01	4.498927e+00	9.272544e+00	3.790354e+00	1.606067e+00	9.272544e-05	1.137106e-02	4.818202e-04	9.272544e-07	1.226315e+04	5.196203e+02
17:20:25	3.691430e+01	4.496162e+00	9.290522e+00	3.789728e+00	1.608786e+00	9.290522e-05	1.136918e-02	4.826357e-04	9.290522e-07	1.223740e+04	5.194926e+02
17:20:26	3.689070e+01	4.493287e+00	9.293594e+00	3.789300e+00	1.605724e+00	9.293594e-05	1.136790e-02	4.817171e-04	9.293594e-07	1.223197e+04	5.183324e+02
17:20:26	3.686870e+01	4.490608e+00	9.270228e+00	3.789932e+00	1.602100e+00	9.270228e-05	1.136980e-02	4.806301e-04	9.270228e-07	1.226485e+04	5.184663e+02
17:20:26	3.684550e+01	4.487782e+00	9.248474e+00	3.790257e+00	1.599716e+00	9.248474e-05	1.137077e-02	4.799148e-04	9.248474e-07	1.229475e+04	5.189124e+02
17:20:26	3.682300e+01	4.485041e+00	9.243854e+00	3.790669e+00	1.603112e+00	9.243854e-05	1.137201e-02	4.809337e-04	9.243854e-07	1.230223e+04	5.202740e+02
17:20:27	3.679760e+01	4.481948e+00	9.266955e+00	3.790143e+00	1.606859e+00	9.266955e-05	1.137043e-02	4.820577e-04	9.266955e-07	1.226987e+04	5.201900e+02
17:20:27	3.677480e+01	4.479171e+00	9.288891e+00	3.789417e+00	1.609723e+00	9.288891e-05	1.136825e-02	4.829170e-04	9.288891e-07	1.223854e+04	5.198866e+02
17:20:27	3.674990e+01	4.476138e+00	9.296819e+00	3.788872e+00	1.608118e+00	9.296819e-05	1.136662e-02	4.824353e-04	9.296819e-07	1.222635e+04	5.189251e+02
17:20:27	3.672630e+01	4.473263e+00	9.265933e+00	3.789482e+00	1.603096e+00	9.265933e-05	1.136844e-02	4.809288e-04	9.265933e-07	1.226908e+04	5.190290e+02
17:20:27	3.670140e+01	4.470231e+00	9.254527e+00	3.789511e+00	1.604926e+00	9.254527e-05	1.136853e-02	4.814777e-04	9.254527e-07	1.228429e+04	5.202618e+02
17:20:28	3.667840e+01	4.467429e+00	9.252071e+00	3.789845e+00	1.606392e+00	9.252071e-05	1.136953e-02	4.819176e-04	9.252071e-07	1.228864e+04	5.208753e+02
17:20:28	3.665350e+01	4.464396e+00	9.284803e+00	3.789170e+00	1.611829e+00	9.284803e-05	1.136751e-02	4.835486e-04	9.284803e-07	1.224314e+04	5.207957e+02
17:20:28	3.663090e+01	4.461644e+00	9.292109e+00	3.788726e+00	1.609847e+00	9.292109e-05	1.136618e-02	4.829540e-04	9.292109e-07	1.223208e+04	5.197464e+02
17:20:28	3.660570e+01	4.458574e+00	9.273397e+00	3.788531e+00	1.607625e+00	9.273397e-05	1.136559e-02	4.822874e-04	9.273397e-07	1.225613e+04	5.200762e+02
17:20:29	3.658040e+01	4.455493e+00	9.256078e+00	3.788988e+00	1.605120e+00	9.256078e-05	1.136697e-02	4.815361e-04	9.256078e-07	1.228054e+04	5.202377e+02
17:20:29	3.655070e+01	4.451875e+00	9.248623e+00	3.788836e+00	1.608997e+00	9.248623e-05	1.136651e-02	4.826990e-04	9.248623e-07	1.228995e+04	5.219145e+02
17:20:29	3.652770e+01	4.449074e+00	9.276132e+00	3.787976e+00	1.614560e+00	9.276132e-05	1.136393e-02	4.843680e-04	9.276132e-07	1.225072e+04	5.221659e+02
17:20:29	3.650290e+01	4.446053e+00	9.293912e+00	3.787470e+00	1.616555e+00	9.293912e-05	1.136241e-02	4.849665e-04	9.293912e-07	1.222565e+04	5.218109e+02
17:20:30	3.648000e+01	4.443264e+00	9.293153e+00	3.786757e+00	1.614693e+00	9.293153e-05	1.136027e-02	4.844079e-04	9.293153e-07	1.222434e+04	5.212524e+02
17:20:30	3.645240e+01	4.439902e+00	9.256668e+00	3.788100e+00	1.610132e+00	9.256668e-05	1.136430e-02	4.830396e-04	9.256668e-07	1.227688e+04	5.218288e+02
17:20:30	3.642670e+01	4.436772e+00	9.246810e+00	3.787221e+00	1.612497e+00	9.246810e-05	1.136166e-02	4.837490e-04	9.246810e-07	1.228712e+04	5.231524e+02
17:20:30	3.640020e+01	4.433544e+00	9.260587e+00	3.788145e+00	1.615939e+00	9.260587e-05	1.136444e-02	4.847816e-04	9.260587e-07	1.227183e+04	5.234890e+02
17:20:31	3.637700e+01	4.430719e+00	9.284897e+00	3.786601e+00	1.622186e+00	9.284897e-05	1.135980e-02	4.866559e-04	9.284897e-07	1.223471e+04	5.241371e+02
17:20:31	3.634970e+01	4.427393e+00	9.298100e+00	3.785501e+00	1.620341e+00	9.298100e-05	1.135650e-02	4.861022e-04	9.298100e-07	1.221379e+04	5.227973e+02
17:20:31	3.631920e+01	4.423679e+00	9.274786e+00	3.785436e+00	1.618942e+00	9.274786e-05	1.135631e-02	4.856827e-04	9.274786e-07	1.224428e+04	5.236592e+02
17:20:31	3.629680e+01	4.420950e+00	9.248321e+00	3.785430e+00	1.617126e+00	9.248321e-05	1.135629e-02	4.851377e-04	9.248321e-07	1.227930e+04	5.245684e+02
17:20:32	3.627420e+01	4.418198e+00	9.247342e+00	3.785261e+00	1.621210e+00	9.247342e-05	1.135578e-02	4.863630e-04	9.247342e-07	1.228005e+04	5.259489e+02
17:20:32	3.625240e+01	4.415542e+00	9.262725e+00	3.784736e+00	1.626458e+00	9.262725e-05	1.135421e-02	4.879375e-04	9.262725e-07	1.225796e+04	5.267754e+02
17:20:32	3.622730e+01	4.412485e+00	9.280155e+00	3.784642e+00	1.630442e+00	9.280155e-05	1.135393e-02	4.891326e-04	9.280155e-07	1.223463e+04	5.270737e+02
17:20:32	3.619960e+01	4.409111e+00	9.285098e+00	3.783464e+00	1.627944e+00	9.285098e-05	1.135039e-02	4.883832e-04	9.285098e-07	1.222431e+04	5.259861e+02
17:20:33	3.617740e+01	4.406407e+00	9.262686e+00	3.783928e+00	1.626225e+00	9.262686e-05	1.135178e-02	4.878675e-04	9.262686e-07	1.225539e+04	5.267020e+02
17:20:33	3.615000e+01	4.403070e+00	9.246618e+00	3.784019e+00	1.625313e+00	9.246618e-05	1.135206e-02	4.875940e-04	9.246618e-07	1.227698e+04	5.273214e+02
17:20:33	3.612770e+01	4.400354e+00	9.241950e+00	3.783935e+00	1.630426e+00	9.241950e-05	1.135180e-02	4.891277e-04	9.241950e-07	1.228291e+04	5.292473e+02
17:20:33	3.610270e+01	4.397309e+00	9.261213e+00	3.783166e+00	1.635506e+00	9.261213e-05	1.134950e-02	4.906517e-04	9.261213e-07	1.225487e+04	5.297920e+02
17:20:34	3.608030e+01	4.394581e+00	9.273579e+00	3.781790e+00	1.638350e+00	9.273579e-05	1.134537e-02	4.915051e-04	9.273579e-07	1.223408e+04	5.300059e+02
17:20:34	3.605560e+01	4.391572e+00	9.275058e+00	3.780425e+00	1.637767e+00	9.275058e-05	1.134127e-02	4.913300e-04	9.275058e-07	1.222771e+04	5.297325e+02
17:20:34	3.602830e+01	4.388247e+00	9.245246e+00	3.780746e+00	1.635243e+00	9.245246e-05	1.134224e-02	4.905729e-04	9.245246e-07	1.226818e+04	5.306217e+02
17:20:34	3.600650e+01	4.385592e+00	9.232384e+00	3.780749e+00	1.636583e+00	9.232384e-05	1.134225e-02	4.909748e-04	9.232384e-07	1.228529e+04	5.317963e+02
17:20:35	3.597890e+01	4.382230e+00	9.227923e+00	3.779867e+00	1.640586e+00	9.227923e-05	1.133960e-02	4.921757e-04	9.227923e-07	1.228836e+04	5.333547e+02
17:20:35	3.595660e+01	4.379514e+00	9.266066e+00	3.778280e+00	1.649305e+00	9.266066e-05	1.133484e-02	4.947915e-04	9.266066e-07	1.223264e+04	5.339823e+02
17:20:35	3.592690e+01	4.375896e+00	9.274280e+00	3.777735e+00	1.649299e+00	9.274280e-05	1.133321e-02	4.947896e-04	9.274280e-07	1.222004e+04	5.335073e+02
17:20:35	3.589930e+01	4.372535e+00	9.265248e+00	3.775581e+00	1.649308e+00	9.265248e-05	1.132674e-02	4.947925e-04	9.265248e-07	1.222498e+04	5.340305e+02
17:20:36	3.587720e+01	4.369843e+00	9.240773e+00	3.775384e+00	1.648063e+00	9.240773e-05	1.132615e-02	4.944188e-04	9.240773e-07	1.225671e+04	5.350405e+02
17:20:36	3.585480e+01	4.367115e+00	9.228536e+00	3.774832e+00	1.652267e+00	9.228536e-05	1.132450e-02	4.956800e-04	9.228536e-07	1.227117e+04	5.371166e+02
17:20:36	3.582840e+01	4.363899e+00	9.233769e+00	3.773703e+00	1.656665e+00	9.233769e-05	1.132111e-02	4.969996e-04	9.233769e-07	1.226055e+04	5.382414e+02
17:20:36	3.580650e+01	4.361232e+00	9.261599e+00	3.770806e+00	1.666394e+00	9.261599e-05	1.131242e-02	4.999181e-04	9.261599e-07	1.221433e+04	5.397752e+02
17:20:37	3.577870e+01	4.357846e+00	9.274779e+00	3.769775e+00	1.666760e+00	9.274779e-05	1.130932e-02	5.000281e-04	9.274779e-07	1.219363e+04	5.391267e+02
17:20:37	3.574680e+01	4.353960e+00	9.252727e+00	3.767845e+00	1.668684e+00	9.252727e-05	1.130353e-02	5.006052e-04	9.252727e-07	1.221644e+04	5.410353e+02
17:20:37	3.572190e+01	4.350927e+00	9.235319e+00	3.766761e+00	1.669699e+00	9.235319e-05	1.130028e-02	5.009098e-04	9.235319e-07	1.223594e+04	5.423849e+02
17:20:37	3.569540e+01	4.347700e+00	9.230622e+00	3.764650e+00	1.674954e+00	9.230622e-05	1.129395e-02	5.024863e-04	9.230622e-07	1.223531e+04	5.443688e+02
17:20:38	3.567320e+01	4.344996e+00	9.250018e+00	3.762434e+00	1.682947e+00	9.250018e-05	1.128730e-02	5.048842e-04	9.250018e-07	1.220246e+04	5.458197e+02
17:20:38	3.564590e+01	4.341671e+00	9.266997e+00	3.760818e+00	1.689013e+00	9.266997e-05	1.128246e-02	5.067040e-04	9.266997e-07	1.217488e+04	5.467834e+02
17:20:38	3.561910e+01	4.338406e+00	9.270799e+00	3.759073e+00	1.689633e+00	9.270799e-05	1.127722e-02	5.068899e-04	9.270799e-07	1.216424e+04	5.467596e+02
17:20:39	3.559240e+01	4.335154e+00	9.248785e+00	3.757227e+00	1.690548e+00	9.248785e-05	1.127168e-02	5.071643e-04	9.248785e-07	1.218720e+04	5.483577e+02
17:20:39	3.556740e+01	4.332109e+00	9.236189e+00	3.756391e+00	1.692640e+00	9.236189e-05	1.126917e-02	5.077920e-04	9.236189e-07	1.220111e+04	5.497852e+02
17:20:39	3.554330e+01	4.329174e+00	9.229698e+00	3.754499e+00	1.699196e+00	9.229698e-05	1.126350e-02	5.097588e-04	9.229698e-07	1.220354e+04	5.523028e+02
17:20:39	3.552190e+01	4.326567e+00	9.239293e+00	3.753104e+00	1.703442e+00	9.239293e-05	1.125931e-02	5.110326e-04	9.239293e-07	1.218634e+04	5.531079e+02
17:20:39	3.549910e+01	4.323790e+00	9.267295e+00	3.750127e+00	1.712097e+00	9.267295e-05	1.125038e-02	5.136290e-04	9.267295e-07	1.213987e+04	5.542383e+02
17:20:40	3.547020e+01	4.320270e+00	9.274578e+00	3.747074e+00	1.716369e+00	9.274578e-05	1.124122e-02	5.149107e-04	9.274578e-07	1.212047e+04	5.551850e+02
17:20:40	3.544270e+01	4.316921e+00	9.273991e+00	3.744216e+00	1.718818e+00	9.273991e-05	1.123265e-02	5.156454e-04	9.273991e-07	1.211199e+04	5.560124e+02
17:20:40	3.541380e+01	4.313401e+00	9.237931e+00	3.742023e+00	1.719652e+00	9.237931e-05	1.122607e-02	5.158955e-04	9.237931e-07	1.215215e+04	5.584535e+02
17:20:41	3.538440e+01	4.309820e+00	9.228449e+00	3.740139e+00	1.725715e+00	9.228449e-05	1.122042e-02	5.177144e-04	9.228449e-07	1.215851e+04	5.609983e+02
17:20:41	3.536030e+01	4.306885e+00	9.225146e+00	3.738812e+00	1.730623e+00	9.225146e-05	1.121644e-02	5.191868e-04	9.225146e-07	1.215855e+04	5.627951e+02
17:20:41	3.533350e+01	4.303620e+00	9.254281e+00	3.735701e+00	1.738505e+00	9.254281e-05	1.120710e-02	5.215515e-04	9.254281e-07	1.211018e+04	5.635787e+02
17:20:41	3.530130e+01	4.299698e+00	9.267905e+00	3.733015e+00	1.747520e+00	9.267905e-05	1.119905e-02	5.242560e-04	9.267905e-07	1.208369e+04	5.656682e+02
17:20:42	3.527260e+01	4.296203e+00	9.271762e+00	3.728970e+00	1.749794e+00	9.271762e-05	1.118691e-02	5.249381e-04	9.271762e-07	1.206557e+04	5.661687e+02
17:20:42	3.524660e+01	4.293036e+00	9.252970e+00	3.726148e+00	1.752687e+00	9.252970e-05	1.117844e-02	5.258062e-04	9.252970e-07	1.208092e+04	5.682567e+02
17:20:42	3.522210e+01	4.290052e+00	9.238998e+00	3.725175e+00	1.753729e+00	9.238998e-05	1.117552e-02	5.261186e-04	9.238998e-07	1.209603e+04	5.694542e+02
17:20:42	3.520030e+01	4.287397e+00	9.230580e+00	3.722907e+00	1.758857e+00	9.230580e-05	1.116872e-02	5.276572e-04	9.230580e-07	1.209970e+04	5.716403e+02
17:20:43	3.517870e+01	4.284766e+00	9.228043e+00	3.720922e+00	1.765851e+00	9.228043e-05	1.116277e-02	5.297553e-04	9.228043e-07	1.209657e+04	5.740711e+02
17:20:43	3.515430e+01	4.281794e+00	9.225604e+00	3.718706e+00	1.769374e+00	9.225604e-05	1.115612e-02	5.308122e-04	9.225604e-07	1.209256e+04	5.753685e+02
17:20:43	3.513250e+01	4.279139e+00	9.262257e+00	3.715563e+00	1.777630e+00	9.262257e-05	1.114669e-02	5.332889e-04	9.262257e-07	1.203453e+04	5.757655e+02
17:20:43	3.510540e+01	4.275838e+00	9.266669e+00	3.711852e+00	1.785798e+00	9.266669e-05	1.113556e-02	5.357393e-04	9.266669e-07	1.201678e+04	5.781357e+02
17:20:44	3.507690e+01	4.272366e+00	9.272648e+00	3.708313e+00	1.788230e+00	9.272648e-05	1.112494e-02	5.364691e-04	9.272648e-07	1.199759e+04	5.785501e+02
17:20:44	3.504560e+01	4.268554e+00	9.269349e+00	3.704222e+00	1.793943e+00	9.269349e-05	1.111267e-02	5.381829e-04	9.269349e-07	1.198862e+04	5.806048e+02
17:20:44	3.501210e+01	4.264474e+00	9.242790e+00	3.701754e+00	1.796272e+00	9.242790e-05	1.110526e-02	5.388816e-04	9.242790e-07	1.201505e+04	5.830291e+02
17:20:45	3.499040e+01	4.261831e+00	9.233493e+00	3.699386e+00	1.800243e+00	9.233493e-05	1.109816e-02	5.400728e-04	9.233493e-07	1.201946e+04	5.849062e+02
17:20:45	3.496660e+01	4.258932e+00	9.227683e+00	3.696103e+00	1.808657e+00	9.227683e-05	1.108831e-02	5.425972e-04	9.227683e-07	1.201635e+04	5.880102e+02
17:20:45	3.494220e+01	4.255960e+00	9.225354e+00	3.693641e+00	1.812300e+00	9.225354e-05	1.108092e-02	5.436900e-04	9.225354e-07	1.201138e+04	5.893433e+02
17:20:45	3.491810e+01	4.253025e+00	9.248772e+00	3.690277e+00	1.820455e+00	9.248772e-05	1.107083e-02	5.461365e-04	9.248772e-07	1.197005e+04	5.904963e+02
17:20:46	3.489170e+01	4.249809e+00	9.267487e+00	3.685768e+00	1.828763e+00	9.267487e-05	1.105730e-02	5.486288e-04	9.267487e-07	1.193129e+04	5.919931e+02
17:20:46	3.486280e+01	4.246289e+00	9.270014e+00	3.681382e+00	1.833064e+00	9.270014e-05	1.104415e-02	5.499192e-04	9.270014e-07	1.191384e+04	5.932237e+02
17:20:46	3.483410e+01	4.242793e+00	9.278542e+00	3.677314e+00	1.838342e+00	9.278542e-05	1.103194e-02	5.515026e-04	9.278542e-07	1.188974e+04	5.943849e+02
17:20:47	3.480040e+01	4.238689e+00	9.252360e+00	3.673944e+00	1.840736e+00	9.252360e-05	1.102183e-02	5.522208e-04	9.252360e-07	1.191245e+04	5.968431e+02
17:20:47	3.477490e+01	4.235583e+00	9.241068e+00	3.670687e+00	1.842248e+00	9.241068e-05	1.101206e-02	5.526743e-04	9.241068e-07	1.191644e+04	5.980632e+02
17:20:47	3.475310e+01	4.232928e+00	9.235692e+00	3.667333e+00	1.845083e+00	9.235692e-05	1.100200e-02	5.535248e-04	9.235692e-07	1.191248e+04	5.993322e+02
17:20:47	3.472420e+01	4.229408e+00	9.226729e+00	3.663991e+00	1.851681e+00	9.226729e-05	1.099197e-02	5.555042e-04	9.226729e-07	1.191319e+04	6.020597e+02
17:20:48	3.470300e+01	4.226825e+00	9.223745e+00	3.661451e+00	1.856011e+00	9.223745e-05	1.098435e-02	5.568034e-04	9.223745e-07	1.190878e+04	6.036630e+02
17:20:48	3.467880e+01	4.223878e+00	9.234927e+00	3.658512e+00	1.861935e+00	9.234927e-05	1.097554e-02	5.585804e-04	9.234927e-07	1.188481e+04	6.048563e+02
17:20:48	3.465070e+01	4.220455e+00	9.261077e+00	3.653445e+00	1.870177e+00	9.261077e-05	1.096034e-02	5.610532e-04	9.261077e-07	1.183484e+04	6.058185e+02
17:20:48	3.462200e+01	4.216960e+00	9.267873e+00	3.649118e+00	1.875520e+00	9.267873e-05	1.094735e-02	5.626560e-04	9.267873e-07	1.181215e+04	6.071037e+02
17:20:49	3.459530e+01	4.213708e+00	9.273641e+00	3.644972e+00	1.878877e+00	9.273641e-05	1.093492e-02	5.636632e-04	9.273641e-07	1.179140e+04	6.078122e+02
17:20:49	3.456180e+01	4.209627e+00	9.273997e+00	3.639678e+00	1.882043e+00	9.273997e-05	1.091904e-02	5.646130e-04	9.273997e-07	1.177382e+04	6.088130e+02
17:20:49	3.453410e+01	4.206253e+00	9.270818e+00	3.635500e+00	1.885719e+00	9.270818e-05	1.090650e-02	5.657156e-04	9.270818e-07	1.176433e+04	6.102111e+02
17:20:50	3.450730e+01	4.202989e+00	9.242761e+00	3.631497e+00	1.884385e+00	9.242761e-05	1.089449e-02	5.653156e-04	9.242761e-07	1.178705e+04	6.116307e+02
17:20:50	3.448460e+01	4.200224e+00	9.240108e+00	3.628639e+00	1.886397e+00	9.240108e-05	1.088592e-02	5.659190e-04	9.240108e-07	1.178116e+04	6.124593e+02
17:20:50	3.446280e+01	4.197569e+00	9.234310e+00	3.625668e+00	1.888638e+00	9.234310e-05	1.087700e-02	5.665915e-04	9.234310e-07	1.177890e+04	6.135720e+02
17:20:50	3.444140e+01	4.194963e+00	9.228364e+00	3.622661e+00	1.894445e+00	9.228364e-05	1.086798e-02	5.683334e-04	9.228364e-07	1.177672e+04	6.158550e+02
17:20:51	3.442040e+01	4.192405e+00	9.225656e+00	3.619647e+00	1.898668e+00	9.225656e-05	1.085894e-02	5.696005e-04	9.225656e-07	1.177037e+04	6.174092e+02
17:20:51	3.439900e+01	4.189798e+00	9.235576e+00	3.616254e+00	1.902019e+00	9.235576e-05	1.084876e-02	5.706058e-04	9.235576e-07	1.174671e+04	6.178345e+02
17:20:51	3.436830e+01	4.186059e+00	9.266728e+00	3.610873e+00	1.911452e+00	9.266728e-05	1.083262e-02	5.734357e-04	9.266728e-07	1.168980e+04	6.188114e+02
17:20:51	3.434280e+01	4.182953e+00	9.268116e+00	3.606607e+00	1.915611e+00	9.268116e-05	1.081982e-02	5.746833e-04	9.268116e-07	1.167424e+04	6.200649e+02
17:20:52	3.431450e+01	4.179506e+00	9.276336e+00	3.601527e+00	1.919439e+00	9.276336e-05	1.080458e-02	5.758316e-04	9.276336e-07	1.164747e+04	6.207533e+02
17:20:52	3.428380e+01	4.175767e+00	9.273209e+00	3.597809e+00	1.920944e+00	9.273209e-05	1.079343e-02	5.762832e-04	9.273209e-07	1.163937e+04	6.214496e+02
17:20:52	3.425600e+01	4.172381e+00	9.279022e+00	3.592386e+00	1.924129e+00	9.279022e-05	1.077716e-02	5.772388e-04	9.279022e-07	1.161454e+04	6.220901e+02
17:20:53	3.422530e+01	4.168642e+00	9.254793e+00	3.589291e+00	1.922047e+00	9.254793e-05	1.076787e-02	5.766141e-04	9.254793e-07	1.163491e+04	6.230437e+02
17:20:53	3.420360e+01	4.165998e+00	9.242297e+00	3.585573e+00	1.922653e+00	9.242297e-05	1.075672e-02	5.767960e-04	9.242297e-07	1.163858e+04	6.240830e+02
17:20:53	3.418260e+01	4.163441e+00	9.238846e+00	3.582093e+00	1.923565e+00	9.238846e-05	1.074628e-02	5.770695e-04	9.238846e-07	1.163162e+04	6.246121e+02
17:20:53	3.416100e+01	4.160810e+00	9.236906e+00	3.579527e+00	1.925706e+00	9.236906e-05	1.073858e-02	5.777118e-04	9.236906e-07	1.162573e+04	6.254387e+02
17:20:53	3.414060e+01	4.158325e+00	9.228624e+00	3.575991e+00	1.929401e+00	9.228624e-05	1.072797e-02	5.788202e-04	9.228624e-07	1.162467e+04	6.272010e+02
17:20:54	3.411960e+01	4.155767e+00	9.228552e+00	3.572925e+00	1.931428e+00	9.228552e-05	1.071878e-02	5.794284e-04	9.228552e-07	1.161480e+04	6.278649e+02
17:20:54	3.409860e+01	4.153209e+00	9.235060e+00	3.570129e+00	1.933186e+00	9.235060e-05	1.071039e-02	5.799559e-04	9.235060e-07	1.159753e+04	6.279937e+02
17:20:54	3.407230e+01	4.150006e+00	9.253684e+00	3.565111e+00	1.937124e+00	9.253684e-05	1.069533e-02	5.811373e-04	9.253684e-07	1.155792e+04	6.280065e+02
17:20:55	3.404410e+01	4.146571e+00	9.268463e+00	3.559418e+00	1.942921e+00	9.268463e-05	1.067825e-02	5.828764e-04	9.268463e-07	1.152106e+04	6.288813e+02
17:20:55	3.401350e+01	4.142844e+00	9.274202e+00	3.555457e+00	1.945075e+00	9.274202e-05	1.066637e-02	5.835225e-04	9.274202e-07	1.150112e+04	6.291890e+02
17:20:55	3.398790e+01	4.139726e+00	9.283862e+00	3.550199e+00	1.945315e+00	9.283862e-05	1.065060e-02	5.835946e-04	9.283862e-07	1.147216e+04	6.286118e+02
17:20:55	3.395800e+01	4.136084e+00	9.279029e+00	3.545417e+00	1.945263e+00	9.279029e-05	1.063625e-02	5.835790e-04	9.279029e-07	1.146268e+04	6.289225e+02
17:20:56	3.393010e+01	4.132686e+00	9.279045e+00	3.541758e+00	1.946071e+00	9.279045e-05	1.062527e-02	5.838213e-04	9.279045e-07	1.145083e+04	6.291825e+02
17:20:56	3.390200e+01	4.129264e+00	9.252652e+00	3.537911e+00	1.943499e+00	9.252652e-05	1.061373e-02	5.830496e-04	9.252652e-07	1.147102e+04	6.301432e+02
17:20:56	3.388100e+01	4.126706e+00	9.245402e+00	3.534819e+00	1.941718e+00	9.245402e-05	1.060446e-02	5.825153e-04	9.245402e-07	1.146998e+04	6.300595e+02
17:20:56	3.386040e+01	4.124197e+00	9.238142e+00	3.530807e+00	1.941088e+00	9.238142e-05	1.059242e-02	5.823265e-04	9.238142e-07	1.146596e+04	6.303503e+02
17:20:57	3.383660e+01	4.121298e+00	9.233032e+00	3.527449e+00	1.943349e+00	9.233032e-05	1.058235e-02	5.830048e-04	9.233032e-07	1.146140e+04	6.314337e+02
17:20:57	3.381580e+01	4.118764e+00	9.232672e+00	3.524572e+00	1.945893e+00	9.232672e-05	1.057372e-02	5.837678e-04	9.232672e-07	1.145250e+04	6.322847e+02
17:20:57	3.379010e+01	4.115634e+00	9.235368e+00	3.520913e+00	1.945850e+00	9.235368e-05	1.056274e-02	5.837551e-04	9.235368e-07	1.143727e+04	6.320865e+02
17:20:58	3.376270e+01	4.112297e+00	9.259627e+00	3.515791e+00	1.950895e+00	9.259627e-05	1.054737e-02	5.852684e-04	9.259627e-07	1.139071e+04	6.320648e+02
17:20:58	3.373220e+01	4.108582e+00	9.274280e+00	3.510701e+00	1.953516e+00	9.274280e-05	1.053210e-02	5.860547e-04	9.274280e-07	1.135625e+04	6.319140e+02
17:20:58	3.370470e+01	4.105232e+00	9.277199e+00	3.505777e+00	1.954787e+00	9.277199e-05	1.051733e-02	5.864362e-04	9.277199e-07	1.133675e+04	6.321263e+02
17:20:58	3.367440e+01	4.101542e+00	9.279940e+00	3.501518e+00	1.953837e+00	9.279940e-05	1.050455e-02	5.861511e-04	9.279940e-07	1.131963e+04	6.316323e+02
17:20:59	3.364670e+01	4.098168e+00	9.283655e+00	3.497388e+00	1.952676e+00	9.283655e-05	1.049216e-02	5.858027e-04	9.283655e-07	1.130176e+04	6.310044e+02
17:20:59	3.361940e+01	4.094843e+00	9.262222e+00	3.493356e+00	1.950220e+00	9.262222e-05	1.048007e-02	5.850660e-04	9.262222e-07	1.131485e+04	6.316692e+02
17:20:59	3.359840e+01	4.092285e+00	9.246926e+00	3.491364e+00	1.946279e+00	9.246926e-05	1.047409e-02	5.838836e-04	9.246926e-07	1.132711e+04	6.314353e+02
17:20:59	3.357800e+01	4.089800e+00	9.245042e+00	3.487958e+00	1.946084e+00	9.245042e-05	1.046387e-02	5.838252e-04	9.245042e-07	1.131836e+04	6.315009e+02
17:21:00	3.355440e+01	4.086926e+00	9.243095e+00	3.484520e+00	1.946055e+00	9.243095e-05	1.045356e-02	5.838164e-04	9.243095e-07	1.130959e+04	6.316244e+02
17:21:00	3.353320e+01	4.084344e+00	9.240614e+00	3.481921e+00	1.948429e+00	9.240614e-05	1.044576e-02	5.845288e-04	9.240614e-07	1.130419e+04	6.325649e+02
17:21:00	3.350870e+01	4.081360e+00	9.236500e+00	3.477406e+00	1.949029e+00	9.236500e-05	1.043222e-02	5.847088e-04	9.236500e-07	1.129456e+04	6.330415e+02
17:21:00	3.348350e+01	4.078290e+00	9.254190e+00	3.472887e+00	1.950035e+00	9.254190e-05	1.041866e-02	5.850105e-04	9.254190e-07	1.125832e+04	6.321575e+02
17:21:01	3.345520e+01	4.074843e+00	9.277167e+00	3.467106e+00	1.954411e+00	9.277167e-05	1.040132e-02	5.863233e-04	9.277167e-07	1.121174e+04	6.320069e+02
17:21:01	3.343040e+01	4.071823e+00	9.281799e+00	3.461728e+00	1.953808e+00	9.281799e-05	1.038518e-02	5.861423e-04	9.281799e-07	1.118876e+04	6.314964e+02
17:21:01	3.339620e+01	4.067657e+00	9.290130e+00	3.457057e+00	1.951492e+00	9.290130e-05	1.037117e-02	5.854475e-04	9.290130e-07	1.116364e+04	6.301822e+02
17:21:02	3.336790e+01	4.064210e+00	9.284787e+00	3.452982e+00	1.951213e+00	9.284787e-05	1.035895e-02	5.853638e-04	9.284787e-07	1.115690e+04	6.304547e+02
17:21:02	3.334350e+01	4.061238e+00	9.258115e+00	3.450326e+00	1.945886e+00	9.258115e-05	1.035098e-02	5.837658e-04	9.258115e-07	1.118044e+04	6.305450e+02
17:21:02	3.332270e+01	4.058705e+00	9.258264e+00	3.447001e+00	1.943521e+00	9.258264e-05	1.034100e-02	5.830564e-04	9.258264e-07	1.116948e+04	6.297686e+02
17:21:02	3.330170e+01	4.056147e+00	9.258381e+00	3.443718e+00	1.945902e+00	9.258381e-05	1.033115e-02	5.837707e-04	9.258381e-07	1.115870e+04	6.305322e+02
17:21:03	3.328090e+01	4.053614e+00	9.230281e+00	3.440445e+00	1.946425e+00	9.230281e-05	1.032133e-02	5.839274e-04	9.230281e-07	1.118204e+04	6.326214e+02
17:21:03	3.325850e+01	4.050885e+00	9.259442e+00	3.437230e+00	1.946486e+00	9.259442e-05	1.031169e-02	5.839459e-04	9.259442e-07	1.113641e+04	6.306491e+02
17:21:03	3.323380e+01	4.047877e+00	9.287593e+00	3.432050e+00	1.951440e+00	9.287593e-05	1.029615e-02	5.854319e-04	9.287593e-07	1.108592e+04	6.303376e+02
17:21:04	3.320410e+01	4.044259e+00	9.291080e+00	3.426272e+00	1.951563e+00	9.291080e-05	1.027882e-02	5.854689e-04	9.291080e-07	1.106310e+04	6.301408e+02
17:21:04	3.317440e+01	4.040642e+00	9.299155e+00	3.421646e+00	1.947093e+00	9.299155e-05	1.026494e-02	5.841279e-04	9.299155e-07	1.103857e+04	6.281516e+02
17:21:04	3.314510e+01	4.037073e+00	9.300031e+00	3.417867e+00	1.945555e+00	9.300031e-05	1.025360e-02	5.836666e-04	9.300031e-07	1.102534e+04	6.275964e+02
17:21:04	3.311970e+01	4.033979e+00	9.271496e+00	3.414708e+00	1.939512e+00	9.271496e-05	1.024412e-02	5.818536e-04	9.271496e-07	1.104905e+04	6.275725e+02
17:21:05	3.309910e+01	4.031470e+00	9.263315e+00	3.412177e+00	1.938059e+00	9.263315e-05	1.023653e-02	5.814176e-04	9.263315e-07	1.105061e+04	6.276561e+02
17:21:05	3.307930e+01	4.029059e+00	9.264583e+00	3.409904e+00	1.936070e+00	9.264583e-05	1.022971e-02	5.808210e-04	9.264583e-07	1.104174e+04	6.269262e+02
17:21:05	3.305890e+01	4.026574e+00	9.261275e+00	3.406887e+00	1.937342e+00	9.261275e-05	1.022066e-02	5.812025e-04	9.261275e-07	1.103591e+04	6.275621e+02
17:21:05	3.303890e+01	4.024138e+00	9.260402e+00	3.403701e+00	1.935042e+00	9.260402e-05	1.021110e-02	5.805126e-04	9.260402e-07	1.102663e+04	6.268762e+02
17:21:06	3.301360e+01	4.021056e+00	9.261054e+00	3.400564e+00	1.933556e+00	9.261054e-05	1.020169e-02	5.800668e-04	9.261054e-07	1.101569e+04	6.263508e+02
17:21:06	3.298840e+01	4.017987e+00	9.290863e+00	3.396837e+00	1.935318e+00	9.290863e-05	1.019051e-02	5.805953e-04	9.290863e-07	1.096832e+04	6.249099e+02
17:21:06	3.295910e+01	4.014418e+00	9.293088e+00	3.392513e+00	1.934494e+00	9.293088e-05	1.017754e-02	5.803481e-04	9.293088e-07	1.095173e+04	6.244943e+02
17:21:07	3.293200e+01	4.011118e+00	9.300488e+00	3.387602e+00	1.928249e+00	9.300488e-05	1.016281e-02	5.784747e-04	9.300488e-07	1.092717e+04	6.219832e+02
17:21:07	3.290270e+01	4.007549e+00	9.305714e+00	3.383566e+00	1.926520e+00	9.305714e-05	1.015070e-02	5.779561e-04	9.305714e-07	1.090803e+04	6.210765e+02
17:21:07	3.287550e+01	4.004236e+00	9.279285e+00	3.381195e+00	1.920623e+00	9.279285e-05	1.014359e-02	5.761868e-04	9.279285e-07	1.093143e+04	6.209388e+02
17:21:07	3.285530e+01	4.001776e+00	9.270160e+00	3.378931e+00	1.917554e+00	9.270160e-05	1.013679e-02	5.752662e-04	9.270160e-07	1.093486e+04	6.205570e+02
17:21:08	3.283240e+01	3.998986e+00	9.270202e+00	3.375174e+00	1.914803e+00	9.270202e-05	1.012552e-02	5.744410e-04	9.270202e-07	1.092266e+04	6.196639e+02
17:21:08	3.280520e+01	3.995673e+00	9.266958e+00	3.372080e+00	1.914884e+00	9.266958e-05	1.011624e-02	5.744653e-04	9.266958e-07	1.091646e+04	6.199071e+02
17:21:08	3.278540e+01	3.993262e+00	9.262871e+00	3.369105e+00	1.912808e+00	9.262871e-05	1.010732e-02	5.738425e-04	9.262871e-07	1.091164e+04	6.195083e+02
17:21:08	3.276540e+01	3.990826e+00	9.272800e+00	3.365968e+00	1.911436e+00	9.272800e-05	1.009790e-02	5.734308e-04	9.272800e-07	1.088981e+04	6.184009e+02
17:21:09	3.274030e+01	3.987769e+00	9.293552e+00	3.361874e+00	1.913035e+00	9.293552e-05	1.008562e-02	5.739106e-04	9.293552e-07	1.085228e+04	6.175363e+02
17:21:09	3.271080e+01	3.984175e+00	9.297062e+00	3.358004e+00	1.911316e+00	9.297062e-05	1.007401e-02	5.733948e-04	9.297062e-07	1.083570e+04	6.167484e+02
17:21:09	3.268640e+01	3.981204e+00	9.308066e+00	3.354521e+00	1.907985e+00	9.308066e-05	1.006356e-02	5.723954e-04	9.308066e-07	1.081166e+04	6.149456e+02
17:21:10	3.266170e+01	3.978195e+00	9.308273e+00	3.349476e+00	1.904332e+00	9.308273e-05	1.004843e-02	5.712996e-04	9.308273e-07	1.079516e+04	6.137547e+02
17:21:10	3.263100e+01	3.974456e+00	9.283009e+00	3.346125e+00	1.899103e+00	9.283009e-05	1.003838e-02	5.697309e-04	9.283009e-07	1.081371e+04	6.137351e+02
17:21:10	3.260560e+01	3.971362e+00	9.276664e+00	3.342606e+00	1.894127e+00	9.276664e-05	1.002782e-02	5.682380e-04	9.276664e-07	1.080972e+04	6.125457e+02
17:21:10	3.258360e+01	3.968682e+00	9.270559e+00	3.340218e+00	1.892090e+00	9.270559e-05	1.002065e-02	5.676269e-04	9.270559e-07	1.080912e+04	6.122898e+02
17:21:11	3.256190e+01	3.966039e+00	9.263130e+00	3.337205e+00	1.890792e+00	9.263130e-05	1.001161e-02	5.672376e-04	9.263130e-07	1.080802e+04	6.123606e+02
17:21:11	3.253950e+01	3.963311e+00	9.263150e+00	3.335287e+00	1.888748e+00	9.263150e-05	1.000586e-02	5.666245e-04	9.263150e-07	1.080179e+04	6.116975e+02
17:21:11	3.251670e+01	3.960534e+00	9.278215e+00	3.331434e+00	1.886468e+00	9.278215e-05	9.994301e-03	5.659404e-04	9.278215e-07	1.077179e+04	6.099669e+02
17:21:11	3.248980e+01	3.957258e+00	9.297416e+00	3.327437e+00	1.887941e+00	9.297416e-05	9.982312e-03	5.663822e-04	9.297416e-07	1.073665e+04	6.091824e+02
17:21:12	3.246320e+01	3.954018e+00	9.303216e+00	3.323454e+00	1.886737e+00	9.303216e-05	9.970361e-03	5.660212e-04	9.303216e-07	1.071711e+04	6.084145e+02
17:21:12	3.243410e+01	3.950473e+00	9.308166e+00	3.319019e+00	1.881391e+00	9.308166e-05	9.957058e-03	5.644174e-04	9.308166e-07	1.069712e+04	6.063680e+02
17:21:12	3.240280e+01	3.946661e+00	9.312650e+00	3.314939e+00	1.878105e+00	9.312650e-05	9.944816e-03	5.634316e-04	9.312650e-07	1.067883e+04	6.050175e+02
17:21:13	3.237690e+01	3.943506e+00	9.302243e+00	3.310864e+00	1.875225e+00	9.302243e-05	9.932593e-03	5.625674e-04	9.302243e-07	1.067763e+04	6.047654e+02
17:21:13	3.235020e+01	3.940254e+00	9.280901e+00	3.308976e+00	1.868153e+00	9.280901e-05	9.926929e-03	5.604459e-04	9.280901e-07	1.069608e+04	6.038702e+02
17:21:13	3.233040e+01	3.937843e+00	9.276534e+00	3.305836e+00	1.866152e+00	9.276534e-05	9.917509e-03	5.598455e-04	9.276534e-07	1.069096e+04	6.035072e+02
17:21:13	3.231040e+01	3.935407e+00	9.275402e+00	3.302268e+00	1.862979e+00	9.275402e-05	9.906804e-03	5.588937e-04	9.275402e-07	1.068073e+04	6.025547e+02
17:21:14	3.228760e+01	3.932630e+00	9.269534e+00	3.299780e+00	1.861487e+00	9.269534e-05	9.899339e-03	5.584461e-04	9.269534e-07	1.067944e+04	6.024533e+02
17:21:14	3.226760e+01	3.930194e+00	9.265083e+00	3.297087e+00	1.860673e+00	9.265083e-05	9.891262e-03	5.582018e-04	9.265083e-07	1.067585e+04	6.024790e+02
17:21:14	3.224360e+01	3.927270e+00	9.266150e+00	3.294087e+00	1.856436e+00	9.266150e-05	9.882260e-03	5.569309e-04	9.266150e-07	1.066490e+04	6.010380e+02
17:21:14	3.221510e+01	3.923799e+00	9.283191e+00	3.290158e+00	1.855972e+00	9.283191e-05	9.870475e-03	5.567917e-04	9.283191e-07	1.063263e+04	5.997848e+02
17:21:15	3.218620e+01	3.920279e+00	9.301867e+00	3.285309e+00	1.856384e+00	9.301867e-05	9.855926e-03	5.569153e-04	9.301867e-07	1.059564e+04	5.987135e+02
17:21:15	3.215980e+01	3.917064e+00	9.311949e+00	3.282071e+00	1.854477e+00	9.311949e-05	9.846214e-03	5.563431e-04	9.311949e-07	1.057374e+04	5.974507e+02
17:21:15	3.213310e+01	3.913812e+00	9.312711e+00	3.279119e+00	1.851840e+00	9.312711e-05	9.837358e-03	5.555519e-04	9.312711e-07	1.056337e+04	5.965523e+02
17:21:16	3.210880e+01	3.910852e+00	9.316082e+00	3.274393e+00	1.846092e+00	9.316082e-05	9.823179e-03	5.538275e-04	9.316082e-07	1.054432e+04	5.944854e+02
17:21:16	3.208260e+01	3.907661e+00	9.317928e+00	3.270247e+00	1.844220e+00	9.317928e-05	9.810742e-03	5.532659e-04	9.317928e-07	1.052889e+04	5.937650e+02
17:21:16	3.205390e+01	3.904165e+00	9.295272e+00	3.267107e+00	1.839412e+00	9.295272e-05	9.801322e-03	5.518237e-04	9.295272e-07	1.054442e+04	5.936607e+02
17:21:17	3.202970e+01	3.901217e+00	9.279509e+00	3.264833e+00	1.834572e+00	9.279509e-05	9.794500e-03	5.503717e-04	9.279509e-07	1.055498e+04	5.931044e+02
17:21:17	3.200740e+01	3.898501e+00	9.277475e+00	3.262657e+00	1.830488e+00	9.277475e-05	9.787970e-03	5.491465e-04	9.277475e-07	1.055025e+04	5.919138e+02
17:21:17	3.198580e+01	3.895870e+00	9.275298e+00	3.259893e+00	1.829567e+00	9.275298e-05	9.779679e-03	5.488702e-04	9.275298e-07	1.054379e+04	5.917547e+02
17:21:17	3.196340e+01	3.893142e+00	9.273125e+00	3.257126e+00	1.829681e+00	9.273125e-05	9.771378e-03	5.489042e-04	9.273125e-07	1.053731e+04	5.919302e+02
17:21:17	3.194200e+01	3.890536e+00	9.269164e+00	3.254038e+00	1.827614e+00	9.269164e-05	9.762113e-03	5.482843e-04	9.269164e-07	1.053182e+04	5.915143e+02
17:21:18	3.192240e+01	3.888148e+00	9.264603e+00	3.251102e+00	1.826051e+00	9.264603e-05	9.753306e-03	5.478153e-04	9.264603e-07	1.052749e+04	5.912992e+02
17:21:18	3.189820e+01	3.885201e+00	9.282026e+00	3.248273e+00	1.824263e+00	9.282026e-05	9.744820e-03	5.472790e-04	9.282026e-07	1.049859e+04	5.896116e+02
17:21:18	3.187210e+01	3.882022e+00	9.301341e+00	3.244244e+00	1.824448e+00	9.301341e-05	9.732733e-03	5.473345e-04	9.301341e-07	1.046380e+04	5.884469e+02
17:21:19	3.184810e+01	3.879099e+00	9.313422e+00	3.241130e+00	1.821318e+00	9.313422e-05	9.723391e-03	5.463954e-04	9.313422e-07	1.044019e+04	5.866753e+02
17:21:19	3.182420e+01	3.876188e+00	9.310126e+00	3.237465e+00	1.819278e+00	9.310126e-05	9.712394e-03	5.457833e-04	9.310126e-07	1.043208e+04	5.862255e+02
17:21:19	3.179570e+01	3.872716e+00	9.311667e+00	3.234091e+00	1.815531e+00	9.311667e-05	9.702273e-03	5.446593e-04	9.311667e-07	1.041948e+04	5.849214e+02
17:21:19	3.176890e+01	3.869452e+00	9.312523e+00	3.230893e+00	1.810474e+00	9.312523e-05	9.692678e-03	5.431421e-04	9.312523e-07	1.040822e+04	5.832384e+02
17:21:20	3.174580e+01	3.866638e+00	9.316935e+00	3.228414e+00	1.807554e+00	9.316935e-05	9.685243e-03	5.422663e-04	9.316935e-07	1.039531e+04	5.820222e+02
17:21:20	3.171960e+01	3.863447e+00	9.322002e+00	3.225170e+00	1.803859e+00	9.322002e-05	9.675511e-03	5.411578e-04	9.322002e-07	1.037922e+04	5.805168e+02
17:21:20	3.169550e+01	3.860512e+00	9.315965e+00	3.220577e+00	1.802153e+00	9.315965e-05	9.661731e-03	5.406460e-04	9.315965e-07	1.037115e+04	5.803435e+02
17:21:21	3.166540e+01	3.856846e+00	9.305221e+00	3.217638e+00	1.796733e+00	9.305221e-05	9.652914e-03	5.390198e-04	9.305221e-07	1.037365e+04	5.792660e+02
17:21:21	3.164320e+01	3.854142e+00	9.290328e+00	3.214981e+00	1.790621e+00	9.290328e-05	9.644944e-03	5.371864e-04	9.290328e-07	1.038170e+04	5.782211e+02
17:21:21	3.162340e+01	3.851730e+00	9.284505e+00	3.212445e+00	1.787108e+00	9.284505e-05	9.637334e-03	5.361324e-04	9.284505e-07	1.038002e+04	5.774486e+02
17:21:21	3.160020e+01	3.848904e+00	9.279739e+00	3.209580e+00	1.783683e+00	9.279739e-05	9.628740e-03	5.351048e-04	9.279739e-07	1.037609e+04	5.766377e+02
17:21:22	3.158040e+01	3.846493e+00	9.278714e+00	3.207546e+00	1.781483e+00	9.278714e-05	9.622639e-03	5.344450e-04	9.278714e-07	1.037066e+04	5.759903e+02
17:21:22	3.155450e+01	3.843338e+00	9.278766e+00	3.203929e+00	1.778269e+00	9.278766e-05	9.611788e-03	5.334806e-04	9.278766e-07	1.035891e+04	5.749477e+02
17:21:22	3.153050e+01	3.840415e+00	9.282821e+00	3.200890e+00	1.774632e+00	9.282821e-05	9.602669e-03	5.323896e-04	9.282821e-07	1.034456e+04	5.735214e+02
17:21:22	3.150490e+01	3.837297e+00	9.279444e+00	3.197636e+00	1.771405e+00	9.279444e-05	9.592908e-03	5.314214e-04	9.279444e-07	1.033781e+04	5.726866e+02
17:21:23	3.147700e+01	3.833899e+00	9.278250e+00	3.194104e+00	1.767304e+00	9.278250e-05	9.582311e-03	5.301913e-04	9.278250e-07	1.032771e+04	5.714345e+02
17:21:23	3.144870e+01	3.830452e+00	9.280547e+00	3.190873e+00	1.766756e+00	9.280547e-05	9.572618e-03	5.300268e-04	9.280547e-07	1.031471e+04	5.711159e+02
17:21:23	3.142300e+01	3.827321e+00	9.281416e+00	3.187421e+00	1.764021e+00	9.281416e-05	9.562263e-03	5.292064e-04	9.281416e-07	1.030259e+04	5.701785e+02
17:21:24	3.140000e+01	3.824520e+00	9.275461e+00	3.183804e+00	1.761984e+00	9.275461e-05	9.551413e-03	5.285953e-04	9.275461e-07	1.029751e+04	5.698858e+02
17:21:24	3.137420e+01	3.821378e+00	9.279120e+00	3.180505e+00	1.758121e+00	9.279120e-05	9.541515e-03	5.274363e-04	9.279120e-07	1.028278e+04	5.684119e+02
17:21:24	3.134350e+01	3.817638e+00	9.272278e+00	3.177294e+00	1.755033e+00	9.272278e-05	9.531881e-03	5.265098e-04	9.272278e-07	1.027998e+04	5.678322e+02
17:21:25	3.131840e+01	3.814581e+00	9.266322e+00	3.173476e+00	1.751627e+00	9.266322e-05	9.520427e-03	5.254880e-04	9.266322e-07	1.027422e+04	5.670944e+02
17:21:25	3.129210e+01	3.811378e+00	9.269394e+00	3.170945e+00	1.748246e+00	9.269394e-05	9.512836e-03	5.244739e-04	9.269394e-07	1.026263e+04	5.658125e+02
17:21:25	3.126870e+01	3.808528e+00	9.273783e+00	3.167215e+00	1.745499e+00	9.273783e-05	9.501645e-03	5.236497e-04	9.273783e-07	1.024570e+04	5.646559e+02
17:21:26	3.123820e+01	3.804813e+00	9.270338e+00	3.164795e+00	1.742177e+00	9.270338e-05	9.494385e-03	5.226532e-04	9.270338e-07	1.024168e+04	5.637908e+02
17:21:26	3.121300e+01	3.801743e+00	9.269018e+00	3.160938e+00	1.739076e+00	9.269018e-05	9.482814e-03	5.217228e-04	9.269018e-07	1.023066e+04	5.628674e+02
17:21:26	3.118910e+01	3.798832e+00	9.271655e+00	3.157470e+00	1.735985e+00	9.271655e-05	9.472411e-03	5.207954e-04	9.271655e-07	1.021653e+04	5.617070e+02
17:21:26	3.116330e+01	3.795690e+00	9.277144e+00	3.153996e+00	1.733662e+00	9.277144e-05	9.461988e-03	5.200986e-04	9.277144e-07	1.019925e+04	5.606236e+02
17:21:27	3.113780e+01	3.792584e+00	9.277945e+00	3.150480e+00	1.730788e+00	9.277945e-05	9.451439e-03	5.192364e-04	9.277945e-07	1.018700e+04	5.596459e+02
17:21:27	3.110590e+01	3.788699e+00	9.279872e+00	3.147187e+00	1.727541e+00	9.279872e-05	9.441561e-03	5.182622e-04	9.279872e-07	1.017424e+04	5.584799e+02
17:21:27	3.108230e+01	3.785824e+00	9.272275e+00	3.144641e+00	1.723110e+00	9.272275e-05	9.433922e-03	5.169329e-04	9.272275e-07	1.017433e+04	5.575039e+02
17:21:28	3.106110e+01	3.783242e+00	9.276343e+00	3.142042e+00	1.721098e+00	9.276343e-05	9.426127e-03	5.163295e-04	9.276343e-07	1.016147e+04	5.566089e+02
17:21:28	3.103580e+01	3.780160e+00	9.274247e+00	3.139243e+00	1.717955e+00	9.274247e-05	9.417729e-03	5.153866e-04	9.274247e-07	1.015471e+04	5.557179e+02
17:21:28	3.101030e+01	3.777055e+00	9.276210e+00	3.135960e+00	1.714776e+00	9.276210e-05	9.407880e-03	5.144329e-04	9.276210e-07	1.014194e+04	5.545722e+02
17:21:28	3.098530e+01	3.774010e+00	9.273105e+00	3.132901e+00	1.711055e+00	9.273105e-05	9.398703e-03	5.133166e-04	9.273105e-07	1.013544e+04	5.535542e+02
17:21:29	3.096170e+01	3.771135e+00	9.278740e+00	3.129605e+00	1.708224e+00	9.278740e-05	9.388816e-03	5.124671e-04	9.278740e-07	1.011863e+04	5.523024e+02
17:21:29	3.093240e+01	3.767566e+00	9.279733e+00	3.126702e+00	1.705181e+00	9.279733e-05	9.380106e-03	5.115542e-04	9.279733e-07	1.010816e+04	5.512597e+02
17:21:29	3.090670e+01	3.764436e+00	9.283986e+00	3.123851e+00	1.702174e+00	9.283986e-05	9.371552e-03	5.106521e-04	9.283986e-07	1.009432e+04	5.500354e+02
17:21:30	3.087960e+01	3.761135e+00	9.286746e+00	3.120792e+00	1.699780e+00	9.286746e-05	9.362375e-03	5.099339e-04	9.286746e-07	1.008144e+04	5.490986e+02
17:21:30	3.085400e+01	3.758017e+00	9.289358e+00	3.118440e+00	1.696789e+00	9.289358e-05	9.355319e-03	5.090367e-04	9.289358e-07	1.007101e+04	5.479783e+02
17:21:30	3.082630e+01	3.754643e+00	9.301231e+00	3.114599e+00	1.693431e+00	9.301231e-05	9.343797e-03	5.080294e-04	9.301231e-07	1.004576e+04	5.461959e+02
17:21:31	3.080090e+01	3.751550e+00	9.299563e+00	3.111884e+00	1.691595e+00	9.299563e-05	9.335652e-03	5.074786e-04	9.299563e-07	1.003881e+04	5.457016e+02
17:21:31	3.077400e+01	3.748273e+00	9.296842e+00	3.109026e+00	1.687755e+00	9.296842e-05	9.327078e-03	5.063264e-04	9.296842e-07	1.003252e+04	5.446220e+02
17:21:31	3.075060e+01	3.745423e+00	9.299878e+00	3.105315e+00	1.684595e+00	9.299878e-05	9.315945e-03	5.053785e-04	9.299878e-07	1.001728e+04	5.434249e+02
17:21:32	3.072090e+01	3.741806e+00	9.302824e+00	3.102000e+00	1.681861e+00	9.302824e-05	9.305999e-03	5.045582e-04	9.302824e-07	1.000341e+04	5.423710e+02
17:21:32	3.069540e+01	3.738700e+00	9.300692e+00	3.099045e+00	1.679051e+00	9.300692e-05	9.297134e-03	5.037154e-04	9.300692e-07	9.996174e+03	5.415892e+02
17:21:32	3.066840e+01	3.735411e+00	9.296699e+00	3.095956e+00	1.674974e+00	9.296699e-05	9.287869e-03	5.024922e-04	9.296699e-07	9.990502e+03	5.405060e+02
17:21:33	3.064090e+01	3.732062e+00	9.300439e+00	3.092677e+00	1.672278e+00	9.300439e-05	9.278030e-03	5.016835e-04	9.300439e-07	9.975906e+03	5.394191e+02
17:21:33	3.061380e+01	3.728761e+00	9.300524e+00	3.088992e+00	1.668882e+00	9.300524e-05	9.266975e-03	5.006646e-04	9.300524e-07	9.963929e+03	5.383187e+02
17:21:33	3.058670e+01	3.725460e+00	9.299443e+00	3.085605e+00	1.665881e+00	9.299443e-05	9.256815e-03	4.997644e-04	9.299443e-07	9.954161e+03	5.374132e+02
17:21:33	3.056110e+01	3.722342e+00	9.297906e+00	3.082965e+00	1.662504e+00	9.297906e-05	9.248894e-03	4.987513e-04	9.297906e-07	9.947287e+03	5.364125e+02
17:21:34	3.053830e+01	3.719565e+00	9.299807e+00	3.078851e+00	1.660026e+00	9.299807e-05	9.236554e-03	4.980078e-04	9.299807e-07	9.931985e+03	5.355034e+02
17:21:34	3.050720e+01	3.715777e+00	9.301562e+00	3.075290e+00	1.657201e+00	9.301562e-05	9.225869e-03	4.971602e-04	9.301562e-07	9.918623e+03	5.344911e+02
17:21:34	3.048190e+01	3.712695e+00	9.298610e+00	3.072801e+00	1.654184e+00	9.298610e-05	9.218404e-03	4.962552e-04	9.298610e-07	9.913745e+03	5.336875e+02
17:21:35	3.045910e+01	3.709918e+00	9.298065e+00	3.069717e+00	1.653078e+00	9.298065e-05	9.209150e-03	4.959233e-04	9.298065e-07	9.904373e+03	5.333619e+02
17:21:35	3.043360e+01	3.706812e+00	9.305266e+00	3.066447e+00	1.650116e+00	9.305266e-05	9.199340e-03	4.950348e-04	9.305266e-07	9.886165e+03	5.319942e+02
17:21:35	3.040900e+01	3.703816e+00	9.299207e+00	3.062372e+00	1.647544e+00	9.299207e-05	9.187117e-03	4.942631e-04	9.299207e-07	9.879464e+03	5.315110e+02
17:21:36	3.038190e+01	3.700515e+00	9.301691e+00	3.058538e+00	1.646450e+00	9.301691e-05	9.175614e-03	4.939351e-04	9.301691e-07	9.864458e+03	5.310165e+02
17:21:36	3.035710e+01	3.697495e+00	9.301195e+00	3.055765e+00	1.643878e+00	9.301195e-05	9.167294e-03	4.931634e-04	9.301195e-07	9.856039e+03	5.302151e+02
17:21:36	3.033200e+01	3.694438e+00	9.305766e+00	3.052637e+00	1.641338e+00	9.305766e-05	9.157912e-03	4.924014e-04	9.305766e-07	9.841116e+03	5.291358e+02
17:21:36	3.030740e+01	3.691441e+00	9.309539e+00	3.049922e+00	1.638097e+00	9.309539e-05	9.149767e-03	4.914292e-04	9.309539e-07	9.828379e+03	5.278771e+02
17:21:37	3.028410e+01	3.688603e+00	9.305866e+00	3.046763e+00	1.634312e+00	9.305866e-05	9.140288e-03	4.902936e-04	9.305866e-07	9.822071e+03	5.268650e+02
17:21:37	3.025690e+01	3.685290e+00	9.310009e+00	3.043282e+00	1.630734e+00	9.310009e-05	9.129846e-03	4.892202e-04	9.310009e-07	9.806485e+03	5.254776e+02
17:21:37	3.023020e+01	3.682038e+00	9.309205e+00	3.040706e+00	1.627827e+00	9.309205e-05	9.122119e-03	4.883482e-04	9.309205e-07	9.799032e+03	5.245864e+02
17:21:38	3.020540e+01	3.679018e+00	9.310009e+00	3.037599e+00	1.625401e+00	9.310009e-05	9.112796e-03	4.876203e-04	9.310009e-07	9.788171e+03	5.237592e+02
17:21:38	3.018270e+01	3.676253e+00	9.309185e+00	3.035039e+00	1.623957e+00	9.309185e-05	9.105118e-03	4.871872e-04	9.309185e-07	9.780790e+03	5.233404e+02
17:21:38	3.015830e+01	3.673281e+00	9.303816e+00	3.031409e+00	1.618248e+00	9.303816e-05	9.094228e-03	4.854745e-04	9.303816e-07	9.774729e+03	5.218014e+02
17:21:39	3.013080e+01	3.669931e+00	9.280953e+00	3.029337e+00	1.614044e+00	9.280953e-05	9.088010e-03	4.842132e-04	9.280953e-07	9.792109e+03	5.217280e+02
17:21:39	3.011060e+01	3.667471e+00	9.283090e+00	3.027085e+00	1.610028e+00	9.283090e-05	9.081256e-03	4.830085e-04	9.283090e-07	9.782579e+03	5.203100e+02
17:21:39	3.008880e+01	3.664816e+00	9.276703e+00	3.024662e+00	1.607761e+00	9.276703e-05	9.073987e-03	4.823282e-04	9.276703e-07	9.781478e+03	5.199350e+02
17:21:39	3.006980e+01	3.662502e+00	9.277387e+00	3.021224e+00	1.604384e+00	9.277387e-05	9.063671e-03	4.813152e-04	9.277387e-07	9.769637e+03	5.188046e+02
17:21:40	3.004030e+01	3.658909e+00	9.274263e+00	3.018395e+00	1.602626e+00	9.274263e-05	9.055185e-03	4.807877e-04	9.274263e-07	9.763778e+03	5.184107e+02
17:21:40	3.001850e+01	3.656253e+00	9.261615e+00	3.016685e+00	1.600702e+00	9.261615e-05	9.050056e-03	4.802106e-04	9.261615e-07	9.771575e+03	5.184956e+02
17:21:40	2.999750e+01	3.653695e+00	9.258903e+00	3.014480e+00	1.598814e+00	9.258903e-05	9.043439e-03	4.796442e-04	9.258903e-07	9.767290e+03	5.180357e+02
17:21:40	2.997510e+01	3.650967e+00	9.264097e+00	3.011923e+00	1.594737e+00	9.264097e-05	9.035770e-03	4.784210e-04	9.264097e-07	9.753536e+03	5.164249e+02
17:21:41	2.994840e+01	3.647715e+00	9.287077e+00	3.008011e+00	1.595278e+00	9.287077e-05	9.024034e-03	4.785835e-04	9.287077e-07	9.716764e+03	5.153220e+02
17:21:41	2.991930e+01	3.644171e+00	9.300082e+00	3.004388e+00	1.595960e+00	9.300082e-05	9.013164e-03	4.787879e-04	9.300082e-07	9.691488e+03	5.148211e+02
17:21:41	2.989290e+01	3.640955e+00	9.304475e+00	3.001572e+00	1.593173e+00	9.304475e-05	9.004717e-03	4.779519e-04	9.304475e-07	9.677834e+03	5.136796e+02
17:21:42	2.986640e+01	3.637728e+00	9.309415e+00	2.997981e+00	1.589799e+00	9.309415e-05	8.993944e-03	4.769398e-04	9.309415e-07	9.661126e+03	5.123199e+02
17:21:42	2.983990e+01	3.634500e+00	9.315135e+00	2.995584e+00	1.584080e+00	9.315135e-05	8.986752e-03	4.752241e-04	9.315135e-07	9.647474e+03	5.101635e+02
17:21:42	2.981100e+01	3.630980e+00	9.316675e+00	2.991779e+00	1.581320e+00	9.316675e-05	8.975337e-03	4.743960e-04	9.316675e-07	9.633626e+03	5.091902e+02
17:21:43	2.978520e+01	3.627837e+00	9.293935e+00	2.987873e+00	1.576260e+00	9.293935e-05	8.963620e-03	4.728779e-04	9.293935e-07	9.644590e+03	5.088026e+02
17:21:43	2.976220e+01	3.625036e+00	9.279726e+00	2.986076e+00	1.570914e+00	9.279726e-05	8.958228e-03	4.712741e-04	9.279726e-07	9.653548e+03	5.078534e+02
17:21:43	2.973390e+01	3.621589e+00	9.274169e+00	2.982975e+00	1.567310e+00	9.274169e-05	8.948925e-03	4.701929e-04	9.274169e-07	9.649301e+03	5.069919e+02
17:21:44	2.970980e+01	3.618654e+00	9.274744e+00	2.980137e+00	1.565697e+00	9.274744e-05	8.940410e-03	4.697092e-04	9.274744e-07	9.639522e+03	5.064391e+02
17:21:44	2.968680e+01	3.615852e+00	9.268226e+00	2.978158e+00	1.564101e+00	9.268226e-05	8.934473e-03	4.692304e-04	9.268226e-07	9.639895e+03	5.062786e+02
17:21:44	2.966300e+01	3.612953e+00	9.275694e+00	2.974505e+00	1.560478e+00	9.275694e-05	8.923515e-03	4.681434e-04	9.275694e-07	9.620321e+03	5.046991e+02
17:21:45	2.963110e+01	3.609068e+00	9.297711e+00	2.970252e+00	1.561818e+00	9.297711e-05	8.910757e-03	4.685453e-04	9.297711e-07	9.583818e+03	5.039362e+02
17:21:45	2.960200e+01	3.605524e+00	9.308020e+00	2.966172e+00	1.559534e+00	9.308020e-05	8.898515e-03	4.678602e-04	9.308020e-07	9.560051e+03	5.026420e+02
17:21:45	2.957370e+01	3.602077e+00	9.312867e+00	2.964066e+00	1.553429e+00	9.312867e-05	8.892199e-03	4.660287e-04	9.312867e-07	9.548294e+03	5.004138e+02
17:21:46	2.954340e+01	3.598386e+00	9.299972e+00	2.959947e+00	1.546873e+00	9.299972e-05	8.879840e-03	4.640620e-04	9.299972e-07	9.548243e+03	4.989929e+02
17:21:46	2.951270e+01	3.594647e+00	9.280949e+00	2.958393e+00	1.539610e+00	9.280949e-05	8.875178e-03	4.618831e-04	9.280949e-07	9.562791e+03	4.976679e+02
17:21:46	2.948900e+01	3.591760e+00	9.274163e+00	2.955561e+00	1.536778e+00	9.274163e-05	8.866683e-03	4.610335e-04	9.274163e-07	9.560628e+03	4.971160e+02
17:21:47	2.946440e+01	3.588764e+00	9.272372e+00	2.952421e+00	1.536597e+00	9.272372e-05	8.857262e-03	4.609790e-04	9.272372e-07	9.552315e+03	4.971533e+02
17:21:47	2.944680e+01	3.586620e+00	9.274020e+00	2.950082e+00	1.533366e+00	9.274020e-05	8.850246e-03	4.600097e-04	9.274020e-07	9.543052e+03	4.960198e+02
17:21:47	2.941830e+01	3.583149e+00	9.312059e+00	2.945995e+00	1.535134e+00	9.312059e-05	8.837984e-03	4.605401e-04	9.312059e-07	9.490902e+03	4.945631e+02
17:21:48	2.938620e+01	3.579239e+00	9.311871e+00	2.942981e+00	1.531462e+00	9.311871e-05	8.828943e-03	4.594385e-04	9.311871e-07	9.481385e+03	4.933901e+02
17:21:48	2.935820e+01	3.575829e+00	9.322236e+00	2.939669e+00	1.527274e+00	9.322236e-05	8.819007e-03	4.581821e-04	9.322236e-07	9.460185e+03	4.914938e+02
17:21:48	2.933030e+01	3.572431e+00	9.286918e+00	2.937200e+00	1.519362e+00	9.286918e-05	8.811601e-03	4.558086e-04	9.286918e-07	9.488187e+03	4.908072e+02
17:21:49	2.930620e+01	3.569495e+00	9.280635e+00	2.935144e+00	1.515687e+00	9.280635e-05	8.805431e-03	4.547060e-04	9.280635e-07	9.487963e+03	4.899514e+02
17:21:49	2.928240e+01	3.566596e+00	9.266325e+00	2.931880e+00	1.514344e+00	9.266325e-05	8.795641e-03	4.543031e-04	9.266325e-07	9.492049e+03	4.902732e+02
17:21:49	2.926380e+01	3.564331e+00	9.276288e+00	2.930599e+00	1.513938e+00	9.276288e-05	8.791797e-03	4.541815e-04	9.276288e-07	9.477711e+03	4.896155e+02
17:21:49	2.924020e+01	3.561456e+00	9.308322e+00	2.926207e+00	1.515375e+00	9.308322e-05	8.778621e-03	4.546126e-04	9.308322e-07	9.430938e+03	4.883937e+02
17:21:50	2.920990e+01	3.557766e+00	9.313217e+00	2.923219e+00	1.513510e+00	9.313217e-05	8.769658e-03	4.540530e-04	9.313217e-07	9.416357e+03	4.875361e+02
17:21:50	2.918180e+01	3.554343e+00	9.317480e+00	2.919012e+00	1.508320e+00	9.317480e-05	8.757036e-03	4.524959e-04	9.317480e-07	9.398503e+03	4.856420e+02
17:21:51	2.915030e+01	3.550507e+00	9.283768e+00	2.916871e+00	1.500363e+00	9.283768e-05	8.750613e-03	4.501088e-04	9.283768e-07	9.425712e+03	4.848341e+02
17:21:51	2.912750e+01	3.547730e+00	9.279126e+00	2.914500e+00	1.498445e+00	9.279126e-05	8.743499e-03	4.495336e-04	9.279126e-07	9.422761e+03	4.844569e+02
17:21:51	2.910630e+01	3.545147e+00	9.274886e+00	2.912709e+00	1.496305e+00	9.274886e-05	8.738127e-03	4.488914e-04	9.274886e-07	9.421277e+03	4.839858e+02
17:21:51	2.908400e+01	3.542431e+00	9.300011e+00	2.909189e+00	1.498338e+00	9.300011e-05	8.727568e-03	4.495015e-04	9.300011e-07	9.384471e+03	4.833344e+02
17:21:52	2.905660e+01	3.539094e+00	9.309529e+00	2.905261e+00	1.497855e+00	9.309529e-05	8.715783e-03	4.493565e-04	9.309529e-07	9.362217e+03	4.826845e+02
17:21:52	2.902890e+01	3.535720e+00	9.326248e+00	2.902056e+00	1.492480e+00	9.326248e-05	8.706168e-03	4.477440e-04	9.326248e-07	9.335124e+03	4.800901e+02
17:21:52	2.900120e+01	3.532346e+00	9.294538e+00	2.900009e+00	1.485648e+00	9.294538e-05	8.700028e-03	4.456945e-04	9.294538e-07	9.360366e+03	4.795230e+02
17:21:53	2.897510e+01	3.529167e+00	9.286821e+00	2.898157e+00	1.480539e+00	9.286821e-05	8.694471e-03	4.441618e-04	9.286821e-07	9.362161e+03	4.782711e+02
17:21:53	2.895330e+01	3.526512e+00	9.275941e+00	2.895082e+00	1.479868e+00	9.275941e-05	8.685245e-03	4.439603e-04	9.275941e-07	9.363196e+03	4.786149e+02
17:21:53	2.893370e+01	3.524125e+00	9.272700e+00	2.892931e+00	1.478745e+00	9.272700e-05	8.678793e-03	4.436236e-04	9.272700e-07	9.359511e+03	4.784191e+02
17:21:53	2.891540e+01	3.521896e+00	9.304854e+00	2.890563e+00	1.479754e+00	9.304854e-05	8.671689e-03	4.439263e-04	9.304854e-07	9.319532e+03	4.770911e+02
17:21:54	2.888830e+01	3.518595e+00	9.318109e+00	2.886589e+00	1.478625e+00	9.318109e-05	8.659768e-03	4.435876e-04	9.318109e-07	9.293482e+03	4.760490e+02
17:21:54	2.885880e+01	3.515002e+00	9.319449e+00	2.883115e+00	1.473205e+00	9.319449e-05	8.649345e-03	4.419615e-04	9.319449e-07	9.280962e+03	4.742356e+02
17:21:55	2.883290e+01	3.511847e+00	9.291126e+00	2.880621e+00	1.465874e+00	9.291126e-05	8.641862e-03	4.397621e-04	9.291126e-07	9.301200e+03	4.733141e+02
17:21:55	2.880280e+01	3.508181e+00	9.281449e+00	2.878288e+00	1.461157e+00	9.281449e-05	8.634865e-03	4.383471e-04	9.281449e-07	9.303358e+03	4.722831e+02
17:21:55	2.878000e+01	3.505404e+00	9.279240e+00	2.875395e+00	1.460547e+00	9.279240e-05	8.626184e-03	4.381642e-04	9.279240e-07	9.296218e+03	4.721984e+02
17:21:55	2.875840e+01	3.502773e+00	9.283781e+00	2.873374e+00	1.458354e+00	9.283781e-05	8.620121e-03	4.375063e-04	9.283781e-07	9.285140e+03	4.712588e+02
17:21:56	2.873440e+01	3.499850e+00	9.313707e+00	2.869984e+00	1.461109e+00	9.313707e-05	8.609952e-03	4.383326e-04	9.313707e-07	9.244387e+03	4.706317e+02
17:21:56	2.870570e+01	3.496354e+00	9.324140e+00	2.867042e+00	1.459143e+00	9.324140e-05	8.601125e-03	4.377428e-04	9.324140e-07	9.224577e+03	4.694726e+02
17:21:57	2.867580e+01	3.492712e+00	9.329911e+00	2.863389e+00	1.453391e+00	9.329911e-05	8.590167e-03	4.360174e-04	9.329911e-07	9.207127e+03	4.673329e+02
17:21:57	2.864370e+01	3.488803e+00	9.302506e+00	2.860787e+00	1.446738e+00	9.302506e-05	8.582362e-03	4.340214e-04	9.302506e-07	9.225861e+03	4.665640e+02
17:21:57	2.862080e+01	3.486013e+00	9.290357e+00	2.857816e+00	1.442148e+00	9.290357e-05	8.573448e-03	4.326444e-04	9.290357e-07	9.228330e+03	4.656919e+02
17:21:58	2.859320e+01	3.482652e+00	9.285228e+00	2.854738e+00	1.439433e+00	9.285228e-05	8.564213e-03	4.318299e-04	9.285228e-07	9.223481e+03	4.650719e+02
17:21:58	2.856990e+01	3.479814e+00	9.274779e+00	2.853009e+00	1.437594e+00	9.274779e-05	8.559026e-03	4.312781e-04	9.274779e-07	9.228280e+03	4.650009e+02
17:21:58	2.854690e+01	3.477012e+00	9.305824e+00	2.850199e+00	1.439031e+00	9.305824e-05	8.550598e-03	4.317092e-04	9.305824e-07	9.188437e+03	4.639129e+02
17:21:59	2.851800e+01	3.473492e+00	9.316877e+00	2.847092e+00	1.438165e+00	9.316877e-05	8.541275e-03	4.314494e-04	9.316877e-07	9.167531e+03	4.630837e+02
17:21:59	2.848990e+01	3.470070e+00	9.331429e+00	2.843358e+00	1.434243e+00	9.331429e-05	8.530074e-03	4.302728e-04	9.331429e-07	9.141230e+03	4.611007e+02
17:21:59	2.846330e+01	3.466830e+00	9.318109e+00	2.839725e+00	1.429328e+00	9.318109e-05	8.519175e-03	4.287985e-04	9.318109e-07	9.142600e+03	4.601776e+02
17:22:00	2.843740e+01	3.463675e+00	9.298944e+00	2.837538e+00	1.423892e+00	9.298944e-05	8.512615e-03	4.271675e-04	9.298944e-07	9.154390e+03	4.593720e+02
17:22:00	2.841400e+01	3.460825e+00	9.296319e+00	2.835277e+00	1.422393e+00	9.296319e-05	8.505832e-03	4.267179e-04	9.296319e-07	9.149678e+03	4.590181e+02
17:22:00	2.839120e+01	3.458048e+00	9.293864e+00	2.832692e+00	1.421501e+00	9.293864e-05	8.498076e-03	4.264502e-04	9.293864e-07	9.143750e+03	4.588514e+02
17:22:00	2.836830e+01	3.455259e+00	9.319770e+00	2.829487e+00	1.422759e+00	9.319770e-05	8.488461e-03	4.268278e-04	9.319770e-07	9.108016e+03	4.579811e+02
17:22:01	2.833660e+01	3.451398e+00	9.332461e+00	2.824923e+00	1.422292e+00	9.332461e-05	8.474769e-03	4.266877e-04	9.332461e-07	9.080959e+03	4.572081e+02
17:22:01	2.830990e+01	3.448146e+00	9.341742e+00	2.822973e+00	1.417813e+00	9.341742e-05	8.468920e-03	4.253438e-04	9.341742e-07	9.065676e+03	4.553153e+02
17:22:02	2.828270e+01	3.444833e+00	9.331040e+00	2.819308e+00	1.414238e+00	9.331040e-05	8.457924e-03	4.242713e-04	9.331040e-07	9.064288e+03	4.546882e+02
17:22:02	2.825580e+01	3.441556e+00	9.306230e+00	2.816885e+00	1.405690e+00	9.306230e-05	8.450654e-03	4.217071e-04	9.306230e-07	9.080642e+03	4.531449e+02
17:22:02	2.822890e+01	3.438280e+00	9.299742e+00	2.813780e+00	1.404749e+00	9.299742e-05	8.441341e-03	4.214248e-04	9.299742e-07	9.076963e+03	4.531576e+02
17:22:02	2.820910e+01	3.435868e+00	9.299018e+00	2.812012e+00	1.403008e+00	9.299018e-05	8.436037e-03	4.209023e-04	9.299018e-07	9.071965e+03	4.526308e+02
17:22:03	2.818410e+01	3.432823e+00	9.328020e+00	2.809615e+00	1.404211e+00	9.328020e-05	8.428845e-03	4.212633e-04	9.328020e-07	9.036050e+03	4.516106e+02
17:22:03	2.815740e+01	3.429571e+00	9.343451e+00	2.806365e+00	1.402644e+00	9.343451e-05	8.419094e-03	4.207933e-04	9.343451e-07	9.010690e+03	4.503617e+02
17:22:03	2.812870e+01	3.426076e+00	9.347257e+00	2.803611e+00	1.398116e+00	9.347257e-05	8.410832e-03	4.194347e-04	9.347257e-07	8.998182e+03	4.487250e+02
17:22:04	2.810350e+01	3.423006e+00	9.319040e+00	2.801596e+00	1.389438e+00	9.319040e-05	8.404789e-03	4.168315e-04	9.319040e-07	9.018942e+03	4.472902e+02
17:22:04	2.807660e+01	3.419730e+00	9.308906e+00	2.799154e+00	1.386081e+00	9.308906e-05	8.397461e-03	4.158243e-04	9.308906e-07	9.020889e+03	4.466951e+02
17:22:04	2.805220e+01	3.416758e+00	9.300284e+00	2.797113e+00	1.384105e+00	9.300284e-05	8.391339e-03	4.152316e-04	9.300284e-07	9.022671e+03	4.464720e+02
17:22:05	2.803040e+01	3.414103e+00	9.327786e+00	2.794492e+00	1.385812e+00	9.327786e-05	8.383476e-03	4.157435e-04	9.327786e-07	8.987638e+03	4.457044e+02
17:22:05	2.800190e+01	3.410631e+00	9.344016e+00	2.791099e+00	1.382986e+00	9.344016e-05	8.373297e-03	4.148959e-04	9.344016e-07	8.961133e+03	4.440231e+02
17:22:05	2.797480e+01	3.407331e+00	9.349015e+00	2.787576e+00	1.378490e+00	9.349015e-05	8.362728e-03	4.135471e-04	9.349015e-07	8.945037e+03	4.423430e+02
17:22:06	2.794840e+01	3.404115e+00	9.310788e+00	2.785795e+00	1.370481e+00	9.310788e-05	8.357386e-03	4.111444e-04	9.310788e-07	8.976024e+03	4.415785e+02
17:22:06	2.792190e+01	3.400887e+00	9.306814e+00	2.783593e+00	1.366796e+00	9.306814e-05	8.350778e-03	4.100389e-04	9.306814e-07	8.972757e+03	4.405792e+02
17:22:06	2.789910e+01	3.398110e+00	9.299057e+00	2.781581e+00	1.365641e+00	9.299057e-05	8.344744e-03	4.096924e-04	9.299057e-07	8.973753e+03	4.405741e+02
17:22:07	2.787750e+01	3.395480e+00	9.321412e+00	2.778415e+00	1.366374e+00	9.321412e-05	8.335246e-03	4.099123e-04	9.321412e-07	8.942043e+03	4.397535e+02
17:22:07	2.785120e+01	3.392276e+00	9.337748e+00	2.775230e+00	1.364431e+00	9.337748e-05	8.325690e-03	4.093294e-04	9.337748e-07	8.916164e+03	4.383599e+02
17:22:07	2.782530e+01	3.389122e+00	9.350488e+00	2.772314e+00	1.360224e+00	9.350488e-05	8.316941e-03	4.080672e-04	9.350488e-07	8.894660e+03	4.364128e+02
17:22:08	2.779810e+01	3.385809e+00	9.316299e+00	2.769738e+00	1.352270e+00	9.316299e-05	8.309214e-03	4.056810e-04	9.316299e-07	8.919007e+03	4.354530e+02
17:22:08	2.777140e+01	3.382557e+00	9.308997e+00	2.767860e+00	1.349604e+00	9.308997e-05	8.303579e-03	4.048811e-04	9.308997e-07	8.919951e+03	4.349353e+02
17:22:08	2.774680e+01	3.379560e+00	9.304637e+00	2.765755e+00	1.347200e+00	9.304637e-05	8.297264e-03	4.041600e-04	9.304637e-07	8.917343e+03	4.343641e+02
17:22:09	2.772370e+01	3.376747e+00	9.342851e+00	2.762475e+00	1.348559e+00	9.342851e-05	8.287425e-03	4.045677e-04	9.342851e-07	8.870338e+03	4.330238e+02
17:22:09	2.769420e+01	3.373154e+00	9.345067e+00	2.758994e+00	1.344670e+00	9.345067e-05	8.276983e-03	4.034009e-04	9.345067e-07	8.857061e+03	4.316726e+02
17:22:09	2.766560e+01	3.369670e+00	9.343240e+00	2.755955e+00	1.341426e+00	9.343240e-05	8.267864e-03	4.024278e-04	9.343240e-07	8.849033e+03	4.307154e+02
17:22:10	2.763750e+01	3.366248e+00	9.313159e+00	2.754625e+00	1.332781e+00	9.313159e-05	8.263874e-03	3.998343e-04	9.313159e-07	8.873331e+03	4.293219e+02
17:22:10	2.761460e+01	3.363458e+00	9.307910e+00	2.751725e+00	1.331568e+00	9.307910e-05	8.255174e-03	3.994703e-04	9.307910e-07	8.868988e+03	4.291729e+02
17:22:10	2.759260e+01	3.360779e+00	9.303839e+00	2.749960e+00	1.328694e+00	9.303839e-05	8.249880e-03	3.986081e-04	9.303839e-07	8.867179e+03	4.284340e+02
17:22:11	2.756980e+01	3.358002e+00	9.339040e+00	2.746924e+00	1.331895e+00	9.339040e-05	8.240771e-03	3.995686e-04	9.339040e-07	8.824003e+03	4.278476e+02
17:22:11	2.753970e+01	3.354335e+00	9.347428e+00	2.743128e+00	1.328155e+00	9.347428e-05	8.229385e-03	3.984466e-04	9.347428e-07	8.803903e+03	4.262633e+02
17:22:11	2.751320e+01	3.351108e+00	9.354267e+00	2.741000e+00	1.324652e+00	9.354267e-05	8.223001e-03	3.973955e-04	9.354267e-07	8.790642e+03	4.248281e+02
17:22:12	2.748660e+01	3.347868e+00	9.317386e+00	2.738824e+00	1.316779e+00	9.317386e-05	8.216471e-03	3.950337e-04	9.317386e-07	8.818430e+03	4.239748e+02
17:22:12	2.746400e+01	3.345115e+00	9.316104e+00	2.735687e+00	1.314125e+00	9.316104e-05	8.207061e-03	3.942376e-04	9.316104e-07	8.809541e+03	4.231786e+02
17:22:12	2.744170e+01	3.342399e+00	9.311300e+00	2.734286e+00	1.313717e+00	9.311300e-05	8.202857e-03	3.941150e-04	9.311300e-07	8.809572e+03	4.232653e+02
17:22:13	2.742500e+01	3.340365e+00	9.305915e+00	2.732407e+00	1.311089e+00	9.305915e-05	8.197222e-03	3.933268e-04	9.305915e-07	8.808615e+03	4.226632e+02
17:22:13	2.740290e+01	3.337673e+00	9.328240e+00	2.729916e+00	1.311699e+00	9.328240e-05	8.189748e-03	3.935097e-04	9.328240e-07	8.779521e+03	4.218477e+02
17:22:13	2.737610e+01	3.334409e+00	9.343867e+00	2.726319e+00	1.311294e+00	9.343867e-05	8.178956e-03	3.933881e-04	9.343867e-07	8.753288e+03	4.210121e+02
17:22:14	2.735020e+01	3.331254e+00	9.353190e+00	2.724041e+00	1.306742e+00	9.353190e-05	8.172124e-03	3.920227e-04	9.353190e-07	8.737259e+03	4.191326e+02
17:22:14	2.732210e+01	3.327832e+00	9.358027e+00	2.721615e+00	1.304455e+00	9.358027e-05	8.164845e-03	3.913366e-04	9.358027e-07	8.724964e+03	4.181829e+02
17:22:14	2.729610e+01	3.324665e+00	9.320786e+00	2.719448e+00	1.296505e+00	9.320786e-05	8.158344e-03	3.889514e-04	9.320786e-07	8.752850e+03	4.172947e+02
17:22:15	2.727350e+01	3.321912e+00	9.317139e+00	2.716636e+00	1.293790e+00	9.317139e-05	8.149907e-03	3.881369e-04	9.317139e-07	8.747220e+03	4.165838e+02
17:22:15	2.725100e+01	3.319172e+00	9.309698e+00	2.714829e+00	1.293459e+00	9.309698e-05	8.144486e-03	3.880376e-04	9.309698e-07	8.748390e+03	4.168101e+02
17:22:15	2.723270e+01	3.316943e+00	9.303784e+00	2.712250e+00	1.292213e+00	9.303784e-05	8.136750e-03	3.876639e-04	9.303784e-07	8.745635e+03	4.166734e+02
17:22:15	2.721190e+01	3.314409e+00	9.329093e+00	2.711066e+00	1.293559e+00	9.329093e-05	8.133198e-03	3.880678e-04	9.329093e-07	8.718101e+03	4.159759e+02
17:22:16	2.718600e+01	3.311255e+00	9.345534e+00	2.707851e+00	1.293540e+00	9.345534e-05	8.123553e-03	3.880620e-04	9.345534e-07	8.692444e+03	4.152379e+02
17:22:16	2.716050e+01	3.308149e+00	9.356375e+00	2.704906e+00	1.290007e+00	9.356375e-05	8.114717e-03	3.870022e-04	9.356375e-07	8.672928e+03	4.136240e+02
17:22:17	2.713490e+01	3.305031e+00	9.357696e+00	2.702765e+00	1.285232e+00	9.357696e-05	8.108294e-03	3.855697e-04	9.357696e-07	8.664841e+03	4.120349e+02
17:22:17	2.710860e+01	3.301827e+00	9.325496e+00	2.700497e+00	1.279581e+00	9.325496e-05	8.101492e-03	3.838744e-04	9.325496e-07	8.687465e+03	4.116397e+02
17:22:17	2.708680e+01	3.299172e+00	9.310632e+00	2.698162e+00	1.272902e+00	9.310632e-05	8.094485e-03	3.818707e-04	9.310632e-07	8.693808e+03	4.101448e+02
17:22:18	2.706030e+01	3.295945e+00	9.307463e+00	2.696011e+00	1.272750e+00	9.307463e-05	8.088033e-03	3.818250e-04	9.307463e-07	8.689837e+03	4.102353e+02
17:22:18	2.703990e+01	3.293460e+00	9.303751e+00	2.694412e+00	1.271095e+00	9.303751e-05	8.083235e-03	3.813286e-04	9.303751e-07	8.688146e+03	4.098655e+02
17:22:18	2.701830e+01	3.290829e+00	9.317204e+00	2.692404e+00	1.268851e+00	9.317204e-05	8.077211e-03	3.806552e-04	9.317204e-07	8.669136e+03	4.085509e+02
17:22:18	2.699590e+01	3.288101e+00	9.342099e+00	2.689101e+00	1.271095e+00	9.342099e-05	8.067304e-03	3.813286e-04	9.342099e-07	8.635431e+03	4.081831e+02
17:22:19	2.696800e+01	3.284702e+00	9.359422e+00	2.685403e+00	1.268523e+00	9.359422e-05	8.056210e-03	3.805569e-04	9.359422e-07	8.607594e+03	4.066030e+02
17:22:19	2.694280e+01	3.281633e+00	9.360949e+00	2.683055e+00	1.264141e+00	9.360949e-05	8.049165e-03	3.792422e-04	9.360949e-07	8.598663e+03	4.051322e+02
17:22:19	2.691710e+01	3.278503e+00	9.345939e+00	2.681180e+00	1.259314e+00	9.345939e-05	8.043540e-03	3.777941e-04	9.345939e-07	8.606454e+03	4.042334e+02
17:22:20	2.689250e+01	3.275507e+00	9.324247e+00	2.680032e+00	1.252064e+00	9.324247e-05	8.040095e-03	3.756191e-04	9.324247e-07	8.622782e+03	4.028412e+02
17:22:20	2.687150e+01	3.272949e+00	9.312319e+00	2.677501e+00	1.249598e+00	9.312319e-05	8.032504e-03	3.748795e-04	9.312319e-07	8.625676e+03	4.025630e+02
17:22:20	2.684910e+01	3.270220e+00	9.307479e+00	2.674861e+00	1.248301e+00	9.307479e-05	8.024583e-03	3.744902e-04	9.307479e-07	8.621650e+03	4.023541e+02
17:22:21	2.682540e+01	3.267334e+00	9.317752e+00	2.672308e+00	1.247240e+00	9.317752e-05	8.016924e-03	3.741720e-04	9.317752e-07	8.603924e+03	4.015690e+02
17:22:21	2.680340e+01	3.264654e+00	9.347510e+00	2.670981e+00	1.248580e+00	9.347510e-05	8.012943e-03	3.745739e-04	9.347510e-07	8.572276e+03	4.007206e+02
17:22:21	2.677750e+01	3.261500e+00	9.351097e+00	2.668058e+00	1.247350e+00	9.351097e-05	8.004175e-03	3.742051e-04	9.351097e-07	8.559611e+03	4.001724e+02
17:22:22	2.675230e+01	3.258430e+00	9.362558e+00	2.665048e+00	1.242449e+00	9.362558e-05	7.995144e-03	3.727347e-04	9.362558e-07	8.539487e+03	3.981120e+02
17:22:22	2.672540e+01	3.255154e+00	9.331783e+00	2.663073e+00	1.235757e+00	9.331783e-05	7.989218e-03	3.707270e-04	9.331783e-07	8.561298e+03	3.972735e+02
17:22:22	2.669920e+01	3.251963e+00	9.323637e+00	2.660416e+00	1.231728e+00	9.323637e-05	7.981247e-03	3.695184e-04	9.323637e-07	8.560230e+03	3.963243e+02
17:22:23	2.667960e+01	3.249575e+00	9.321811e+00	2.658479e+00	1.229966e+00	9.321811e-05	7.975438e-03	3.689899e-04	9.321811e-07	8.555674e+03	3.958351e+02
17:22:23	2.665760e+01	3.246896e+00	9.311962e+00	2.656192e+00	1.229425e+00	9.311962e-05	7.968577e-03	3.688274e-04	9.311962e-07	8.557355e+03	3.960792e+02
17:22:23	2.663940e+01	3.244679e+00	9.307339e+00	2.654840e+00	1.226901e+00	9.307339e-05	7.964519e-03	3.680703e-04	9.307339e-07	8.557246e+03	3.954624e+02
17:22:24	2.661740e+01	3.241999e+00	9.339267e+00	2.651794e+00	1.228095e+00	9.339267e-05	7.955381e-03	3.684284e-04	9.339267e-07	8.518207e+03	3.944940e+02
17:22:24	2.659190e+01	3.238893e+00	9.348372e+00	2.649215e+00	1.226956e+00	9.348372e-05	7.947644e-03	3.680868e-04	9.348372e-07	8.501634e+03	3.937443e+02
17:22:24	2.656680e+01	3.235836e+00	9.355879e+00	2.647009e+00	1.223874e+00	9.355879e-05	7.941027e-03	3.671623e-04	9.355879e-07	8.487740e+03	3.924402e+02
17:22:25	2.653940e+01	3.232499e+00	9.360054e+00	2.643788e+00	1.219168e+00	9.360054e-05	7.931363e-03	3.657503e-04	9.360054e-07	8.473629e+03	3.907566e+02
17:22:25	2.651090e+01	3.229028e+00	9.335442e+00	2.641439e+00	1.214198e+00	9.335442e-05	7.924317e-03	3.642594e-04	9.335442e-07	8.488422e+03	3.901898e+02
17:22:25	2.648870e+01	3.226324e+00	9.325314e+00	2.640307e+00	1.209592e+00	9.325314e-05	7.920921e-03	3.628775e-04	9.325314e-07	8.493999e+03	3.891317e+02
17:22:26	2.646750e+01	3.223742e+00	9.322466e+00	2.637923e+00	1.206348e+00	9.322466e-05	7.913768e-03	3.619044e-04	9.322466e-07	8.488921e+03	3.882067e+02
17:22:26	2.644200e+01	3.220636e+00	9.318674e+00	2.635957e+00	1.206328e+00	9.318674e-05	7.907871e-03	3.618985e-04	9.318674e-07	8.486047e+03	3.883584e+02
17:22:26	2.642240e+01	3.218248e+00	9.311693e+00	2.634951e+00	1.204937e+00	9.311693e-05	7.904854e-03	3.614810e-04	9.311693e-07	8.489170e+03	3.882012e+02
17:22:26	2.640060e+01	3.215593e+00	9.331909e+00	2.631938e+00	1.204126e+00	9.331909e-05	7.895813e-03	3.612377e-04	9.331909e-07	8.461091e+03	3.870995e+02
17:22:27	2.637390e+01	3.212341e+00	9.346634e+00	2.629271e+00	1.204239e+00	9.346634e-05	7.887814e-03	3.612718e-04	9.346634e-07	8.439203e+03	3.865261e+02
17:22:27	2.634790e+01	3.209174e+00	9.347117e+00	2.626517e+00	1.201596e+00	9.347117e-05	7.879552e-03	3.604787e-04	9.347117e-07	8.429927e+03	3.856576e+02
17:22:28	2.632160e+01	3.205971e+00	9.355418e+00	2.623423e+00	1.196993e+00	9.355418e-05	7.870268e-03	3.590978e-04	9.355418e-07	8.412523e+03	3.838393e+02
17:22:28	2.629310e+01	3.202500e+00	9.354079e+00	2.621444e+00	1.194073e+00	9.354079e-05	7.864331e-03	3.582219e-04	9.354079e-07	8.407382e+03	3.829580e+02
17:22:28	2.626550e+01	3.199138e+00	9.340032e+00	2.618790e+00	1.189243e+00	9.340032e-05	7.856371e-03	3.567729e-04	9.340032e-07	8.411503e+03	3.819825e+02
17:22:29	2.624260e+01	3.196349e+00	9.322472e+00	2.617921e+00	1.183239e+00	9.322472e-05	7.853763e-03	3.549716e-04	9.322472e-07	8.424549e+03	3.807698e+02
17:22:29	2.621920e+01	3.193499e+00	9.318489e+00	2.615722e+00	1.180108e+00	9.318489e-05	7.847165e-03	3.540325e-04	9.318489e-07	8.421070e+03	3.799248e+02
17:22:29	2.619820e+01	3.190941e+00	9.314473e+00	2.614077e+00	1.177503e+00	9.314473e-05	7.842231e-03	3.532510e-04	9.314473e-07	8.419404e+03	3.792496e+02
17:22:30	2.617880e+01	3.188578e+00	9.311375e+00	2.611771e+00	1.173627e+00	9.311375e-05	7.835312e-03	3.520881e-04	9.311375e-07	8.414774e+03	3.781268e+02
17:22:30	2.615330e+01	3.185472e+00	9.309179e+00	2.610522e+00	1.172900e+00	9.309179e-05	7.831565e-03	3.518701e-04	9.309179e-07	8.412735e+03	3.779819e+02
17:22:30	2.613010e+01	3.182646e+00	9.301017e+00	2.608449e+00	1.171986e+00	9.301017e-05	7.825346e-03	3.515957e-04	9.301017e-07	8.413431e+03	3.780185e+02
17:22:30	2.611400e+01	3.180685e+00	9.288216e+00	2.606798e+00	1.168690e+00	9.288216e-05	7.820393e-03	3.506069e-04	9.288216e-07	8.419693e+03	3.774750e+02
17:22:31	2.609130e+01	3.177920e+00	9.298045e+00	2.604790e+00	1.166844e+00	9.298045e-05	7.814369e-03	3.500532e-04	9.298045e-07	8.404314e+03	3.764804e+02
17:22:31	2.606300e+01	3.174473e+00	9.297815e+00	2.602366e+00	1.163766e+00	9.297815e-05	7.807099e-03	3.491297e-04	9.297815e-07	8.396704e+03	3.754965e+02
17:22:32	2.603580e+01	3.171160e+00	9.320416e+00	2.598938e+00	1.164106e+00	9.320416e-05	7.796813e-03	3.492319e-04	9.320416e-07	8.365306e+03	3.746956e+02
17:22:32	2.601150e+01	3.168201e+00	9.328240e+00	2.596472e+00	1.163905e+00	9.328240e-05	7.789417e-03	3.491715e-04	9.328240e-07	8.350361e+03	3.743166e+02
17:22:32	2.598630e+01	3.165131e+00	9.338809e+00	2.593997e+00	1.161878e+00	9.338809e-05	7.781992e-03	3.485633e-04	9.338809e-07	8.332959e+03	3.732417e+02
17:22:33	2.595400e+01	3.161197e+00	9.340198e+00	2.590854e+00	1.160162e+00	9.340198e-05	7.772562e-03	3.480485e-04	9.340198e-07	8.321625e+03	3.726350e+02
17:22:33	2.592990e+01	3.158262e+00	9.338955e+00	2.588272e+00	1.158455e+00	9.338955e-05	7.764815e-03	3.475366e-04	9.338955e-07	8.314437e+03	3.721365e+02
17:22:33	2.589940e+01	3.154547e+00	9.342387e+00	2.585200e+00	1.154705e+00	9.342387e-05	7.755600e-03	3.464116e-04	9.342387e-07	8.301518e+03	3.707956e+02
17:22:34	2.587480e+01	3.151551e+00	9.344765e+00	2.582387e+00	1.151595e+00	9.344765e-05	7.747162e-03	3.454784e-04	9.344765e-07	8.290377e+03	3.697026e+02
17:22:34	2.584650e+01	3.148104e+00	9.346887e+00	2.580684e+00	1.149301e+00	9.346887e-05	7.742053e-03	3.447903e-04	9.346887e-07	8.283029e+03	3.688826e+02
17:22:35	2.582250e+01	3.145181e+00	9.341382e+00	2.576993e+00	1.146275e+00	9.341382e-05	7.730979e-03	3.438824e-04	9.341382e-07	8.276055e+03	3.681280e+02
17:22:35	2.579220e+01	3.141490e+00	9.340733e+00	2.574138e+00	1.144740e+00	9.340733e-05	7.722415e-03	3.434221e-04	9.340733e-07	8.267461e+03	3.676607e+02
17:22:35	2.576630e+01	3.138335e+00	9.329123e+00	2.572091e+00	1.140436e+00	9.329123e-05	7.716274e-03	3.421307e-04	9.329123e-07	8.271168e+03	3.667341e+02
17:22:36	2.574510e+01	3.135753e+00	9.315650e+00	2.571316e+00	1.136721e+00	9.315650e-05	7.713948e-03	3.410164e-04	9.315650e-07	8.280633e+03	3.660683e+02
17:22:36	2.572430e+01	3.133220e+00	9.309068e+00	2.569344e+00	1.133753e+00	9.309068e-05	7.708031e-03	3.401260e-04	9.309068e-07	8.280132e+03	3.653706e+02
17:22:36	2.570330e+01	3.130662e+00	9.309221e+00	2.567706e+00	1.133069e+00	9.309221e-05	7.703117e-03	3.399207e-04	9.309221e-07	8.274717e+03	3.651440e+02
17:22:37	2.568030e+01	3.127861e+00	9.310051e+00	2.565370e+00	1.129533e+00	9.310051e-05	7.696110e-03	3.388599e-04	9.310051e-07	8.266453e+03	3.639721e+02
17:22:37	2.565220e+01	3.124438e+00	9.307446e+00	2.562817e+00	1.128346e+00	9.307446e-05	7.688451e-03	3.385037e-04	9.307446e-07	8.260538e+03	3.636913e+02
17:22:37	2.562810e+01	3.121503e+00	9.308108e+00	2.560498e+00	1.126364e+00	9.308108e-05	7.681493e-03	3.379091e-04	9.308108e-07	8.252475e+03	3.630266e+02
17:22:38	2.559970e+01	3.118043e+00	9.305714e+00	2.558798e+00	1.125433e+00	9.305714e-05	7.676394e-03	3.376298e-04	9.305714e-07	8.249118e+03	3.628199e+02
17:22:38	2.557540e+01	3.115084e+00	9.296031e+00	2.555415e+00	1.123318e+00	9.296031e-05	7.666244e-03	3.369953e-04	9.296031e-07	8.246792e+03	3.625153e+02
17:22:38	2.554610e+01	3.111515e+00	9.300867e+00	2.553660e+00	1.120638e+00	9.300867e-05	7.660979e-03	3.361915e-04	9.300867e-07	8.236843e+03	3.614625e+02
17:22:39	2.552130e+01	3.108494e+00	9.306068e+00	2.551431e+00	1.119513e+00	9.306068e-05	7.654293e-03	3.358538e-04	9.306068e-07	8.225056e+03	3.608977e+02
17:22:39	2.549560e+01	3.105364e+00	9.327235e+00	2.548022e+00	1.120032e+00	9.327235e-05	7.644065e-03	3.360095e-04	9.327235e-07	8.195425e+03	3.602456e+02
17:22:40	2.547100e+01	3.102368e+00	9.338319e+00	2.545313e+00	1.119762e+00	9.338319e-05	7.635939e-03	3.359287e-04	9.338319e-07	8.176995e+03	3.597315e+02
17:22:40	2.544130e+01	3.098750e+00	9.340662e+00	2.542588e+00	1.117917e+00	9.340662e-05	7.627765e-03	3.353750e-04	9.340662e-07	8.166193e+03	3.590485e+02
17:22:40	2.541580e+01	3.095644e+00	9.340739e+00	2.540746e+00	1.115507e+00	9.340739e-05	7.622237e-03	3.346520e-04	9.340739e-07	8.160207e+03	3.582714e+02
17:22:41	2.539140e+01	3.092673e+00	9.339215e+00	2.537434e+00	1.114235e+00	9.339215e-05	7.612301e-03	3.342705e-04	9.339215e-07	8.150901e+03	3.579214e+02
17:22:41	2.536570e+01	3.089542e+00	9.343169e+00	2.535234e+00	1.111092e+00	9.343169e-05	7.605703e-03	3.333275e-04	9.343169e-07	8.140389e+03	3.567606e+02
17:22:41	2.533660e+01	3.085998e+00	9.345430e+00	2.533285e+00	1.107348e+00	9.345430e-05	7.599854e-03	3.322045e-04	9.345430e-07	8.132161e+03	3.554726e+02
17:22:42	2.531160e+01	3.082953e+00	9.351853e+00	2.530151e+00	1.105966e+00	9.351853e-05	7.590453e-03	3.317899e-04	9.351853e-07	8.116523e+03	3.547852e+02
17:22:42	2.528610e+01	3.079847e+00	9.352337e+00	2.527890e+00	1.103637e+00	9.352337e-05	7.583670e-03	3.310912e-04	9.352337e-07	8.108851e+03	3.540197e+02
17:22:43	2.526030e+01	3.076705e+00	9.350870e+00	2.525477e+00	1.101172e+00	9.350870e-05	7.576430e-03	3.303516e-04	9.350870e-07	8.102380e+03	3.532843e+02
17:22:43	2.523080e+01	3.073111e+00	9.338926e+00	2.523488e+00	1.098067e+00	9.338926e-05	7.570465e-03	3.294202e-04	9.338926e-07	8.106355e+03	3.527389e+02
17:22:43	2.520880e+01	3.070432e+00	9.328487e+00	2.521724e+00	1.094824e+00	9.328487e-05	7.565171e-03	3.284471e-04	9.328487e-07	8.109751e+03	3.520904e+02
17:22:44	2.518430e+01	3.067448e+00	9.311874e+00	2.520089e+00	1.089848e+00	9.311874e-05	7.560266e-03	3.269543e-04	9.311874e-07	8.118952e+03	3.511154e+02
17:22:44	2.516450e+01	3.065036e+00	9.308815e+00	2.517056e+00	1.087574e+00	9.308815e-05	7.551167e-03	3.262721e-04	9.308815e-07	8.111845e+03	3.504980e+02
17:22:44	2.514370e+01	3.062503e+00	9.312695e+00	2.516588e+00	1.085193e+00	9.312695e-05	7.549765e-03	3.255578e-04	9.312695e-07	8.106961e+03	3.495849e+02
17:22:45	2.512050e+01	3.059677e+00	9.307956e+00	2.514396e+00	1.082925e+00	9.307956e-05	7.543187e-03	3.248775e-04	9.307956e-07	8.104021e+03	3.490321e+02
17:22:45	2.509930e+01	3.057095e+00	9.310226e+00	2.511775e+00	1.080583e+00	9.310226e-05	7.535324e-03	3.241749e-04	9.310226e-07	8.093599e+03	3.481923e+02
17:22:45	2.507540e+01	3.054184e+00	9.311427e+00	2.508920e+00	1.078922e+00	9.311427e-05	7.526760e-03	3.236767e-04	9.311427e-07	8.083358e+03	3.476123e+02
17:22:46	2.505020e+01	3.051114e+00	9.309143e+00	2.506909e+00	1.077518e+00	9.309143e-05	7.520726e-03	3.232553e-04	9.309143e-07	8.078860e+03	3.472449e+02
17:22:46	2.502490e+01	3.048033e+00	9.309123e+00	2.504865e+00	1.075964e+00	9.309123e-05	7.514595e-03	3.227891e-04	9.309123e-07	8.072291e+03	3.467449e+02
17:22:46	2.499510e+01	3.044403e+00	9.306246e+00	2.502964e+00	1.073829e+00	9.306246e-05	7.508892e-03	3.221488e-04	9.306246e-07	8.068659e+03	3.461641e+02
17:22:47	2.497160e+01	3.041541e+00	9.306739e+00	2.500950e+00	1.073200e+00	9.306739e-05	7.502849e-03	3.219600e-04	9.306739e-07	8.061738e+03	3.459429e+02
17:22:47	2.494620e+01	3.038447e+00	9.312637e+00	2.498179e+00	1.071627e+00	9.312637e-05	7.494538e-03	3.214880e-04	9.312637e-07	8.047708e+03	3.452170e+02
17:22:47	2.491930e+01	3.035171e+00	9.308582e+00	2.495464e+00	1.069275e+00	9.308582e-05	7.486393e-03	3.207825e-04	9.308582e-07	8.042464e+03	3.446094e+02
17:22:48	2.489360e+01	3.032040e+00	9.310437e+00	2.492100e+00	1.067510e+00	9.310437e-05	7.476301e-03	3.202531e-04	9.310437e-07	8.030022e+03	3.439721e+02
17:22:48	2.486840e+01	3.028971e+00	9.307790e+00	2.489181e+00	1.065752e+00	9.307790e-05	7.467543e-03	3.197256e-04	9.307790e-07	8.022895e+03	3.435033e+02
17:22:49	2.484420e+01	3.026024e+00	9.311206e+00	2.486748e+00	1.064098e+00	9.311206e-05	7.460244e-03	3.192293e-04	9.311206e-07	8.012113e+03	3.428442e+02
17:22:49	2.481750e+01	3.022772e+00	9.309097e+00	2.485058e+00	1.061201e+00	9.309097e-05	7.455174e-03	3.183603e-04	9.309097e-07	8.008482e+03	3.419883e+02
17:22:49	2.479160e+01	3.019617e+00	9.307200e+00	2.482385e+00	1.059092e+00	9.307200e-05	7.447155e-03	3.177277e-04	9.307200e-07	8.001499e+03	3.413784e+02
17:22:50	2.476340e+01	3.016182e+00	9.306956e+00	2.480134e+00	1.057847e+00	9.306956e-05	7.440401e-03	3.173540e-04	9.306956e-07	7.994451e+03	3.409858e+02
17:22:50	2.473970e+01	3.013295e+00	9.310123e+00	2.478106e+00	1.056419e+00	9.310123e-05	7.434319e-03	3.169258e-04	9.310123e-07	7.985200e+03	3.404100e+02
17:22:50	2.471430e+01	3.010202e+00	9.311618e+00	2.475722e+00	1.054895e+00	9.311618e-05	7.427166e-03	3.164685e-04	9.311618e-07	7.976236e+03	3.398641e+02
17:22:51	2.469120e+01	3.007388e+00	9.321246e+00	2.473643e+00	1.052261e+00	9.321246e-05	7.420928e-03	3.156782e-04	9.321246e-07	7.961305e+03	3.386653e+02
17:22:51	2.466230e+01	3.003868e+00	9.323527e+00	2.471372e+00	1.052115e+00	9.323527e-05	7.414116e-03	3.156345e-04	9.323527e-07	7.952051e+03	3.385355e+02
17:22:52	2.463710e+01	3.000799e+00	9.322018e+00	2.468381e+00	1.050386e+00	9.322018e-05	7.405143e-03	3.151158e-04	9.322018e-07	7.943713e+03	3.380338e+02
17:22:52	2.461370e+01	2.997949e+00	9.328389e+00	2.465069e+00	1.050516e+00	9.328389e-05	7.395207e-03	3.151547e-04	9.328389e-07	7.927636e+03	3.378447e+02
17:22:52	2.458380e+01	2.994307e+00	9.342008e+00	2.462234e+00	1.051317e+00	9.342008e-05	7.386702e-03	3.153951e-04	9.342008e-07	7.906975e+03	3.376095e+02
17:22:53	2.456070e+01	2.991493e+00	9.353420e+00	2.459412e+00	1.050824e+00	9.353420e-05	7.378235e-03	3.152471e-04	9.353420e-07	7.888275e+03	3.370394e+02
17:22:53	2.453570e+01	2.988448e+00	9.359629e+00	2.457774e+00	1.048015e+00	9.359629e-05	7.373321e-03	3.144044e-04	9.359629e-07	7.877792e+03	3.359154e+02
17:22:53	2.451170e+01	2.985525e+00	9.357631e+00	2.455419e+00	1.046347e+00	9.357631e-05	7.366256e-03	3.139042e-04	9.357631e-07	7.871924e+03	3.354526e+02
17:22:54	2.448360e+01	2.982102e+00	9.351282e+00	2.452892e+00	1.044106e+00	9.351282e-05	7.358675e-03	3.132317e-04	9.351282e-07	7.869161e+03	3.349612e+02
17:22:54	2.446010e+01	2.979240e+00	9.349148e+00	2.450809e+00	1.042886e+00	9.349148e-05	7.352427e-03	3.128658e-04	9.349148e-07	7.864275e+03	3.346463e+02
17:22:55	2.443750e+01	2.976488e+00	9.345725e+00	2.448535e+00	1.042627e+00	9.345725e-05	7.345605e-03	3.127880e-04	9.345725e-07	7.859856e+03	3.346856e+02
17:22:55	2.441370e+01	2.973589e+00	9.344840e+00	2.446261e+00	1.040985e+00	9.344840e-05	7.338783e-03	3.122955e-04	9.344840e-07	7.853300e+03	3.341904e+02
17:22:55	2.439070e+01	2.970787e+00	9.346728e+00	2.444921e+00	1.038607e+00	9.346728e-05	7.334764e-03	3.115822e-04	9.346728e-07	7.847414e+03	3.333597e+02
17:22:56	2.436380e+01	2.967511e+00	9.346384e+00	2.442586e+00	1.036982e+00	9.346384e-05	7.327757e-03	3.110947e-04	9.346384e-07	7.840206e+03	3.328503e+02
17:22:56	2.433790e+01	2.964356e+00	9.339893e+00	2.440072e+00	1.034718e+00	9.339893e-05	7.320215e-03	3.104154e-04	9.339893e-07	7.837580e+03	3.323543e+02
17:22:56	2.431430e+01	2.961482e+00	9.334796e+00	2.437649e+00	1.031020e+00	9.334796e-05	7.312946e-03	3.093060e-04	9.334796e-07	7.834071e+03	3.313473e+02
17:22:57	2.429170e+01	2.958729e+00	9.314882e+00	2.436053e+00	1.027676e+00	9.314882e-05	7.308158e-03	3.083027e-04	9.314882e-07	7.845680e+03	3.309786e+02
17:22:57	2.426600e+01	2.955599e+00	9.307005e+00	2.432445e+00	1.026725e+00	9.307005e-05	7.297336e-03	3.080175e-04	9.307005e-07	7.840692e+03	3.309524e+02
17:22:57	2.424660e+01	2.953236e+00	9.316328e+00	2.430519e+00	1.025100e+00	9.316328e-05	7.291556e-03	3.075300e-04	9.316328e-07	7.826641e+03	3.300978e+02
17:22:58	2.422300e+01	2.950361e+00	9.318359e+00	2.427654e+00	1.024474e+00	9.318359e-05	7.282963e-03	3.073422e-04	9.318359e-07	7.815714e+03	3.298243e+02
17:22:58	2.419510e+01	2.946963e+00	9.320708e+00	2.425092e+00	1.021321e+00	9.320708e-05	7.275275e-03	3.063962e-04	9.320708e-07	7.805496e+03	3.287264e+02
17:22:59	2.417050e+01	2.943967e+00	9.326446e+00	2.422597e+00	1.019877e+00	9.326446e-05	7.267791e-03	3.059632e-04	9.326446e-07	7.792669e+03	3.280598e+02
17:22:59	2.414580e+01	2.940958e+00	9.333567e+00	2.420634e+00	1.018881e+00	9.333567e-05	7.261903e-03	3.056644e-04	9.333567e-07	7.780416e+03	3.274894e+02
17:22:59	2.411830e+01	2.937609e+00	9.338595e+00	2.417144e+00	1.018298e+00	9.338595e-05	7.251432e-03	3.054893e-04	9.338595e-07	7.765014e+03	3.271255e+02
17:23:00	2.409530e+01	2.934808e+00	9.344846e+00	2.414731e+00	1.017029e+00	9.344846e-05	7.244192e-03	3.051088e-04	9.344846e-07	7.752072e+03	3.264995e+02
17:23:00	2.406740e+01	2.931409e+00	9.348398e+00	2.412181e+00	1.018067e+00	9.348398e-05	7.236543e-03	3.054202e-04	9.348398e-07	7.740944e+03	3.267085e+02
17:23:00	2.404780e+01	2.929022e+00	9.358854e+00	2.409148e+00	1.017538e+00	9.358854e-05	7.227443e-03	3.052615e-04	9.358854e-07	7.722573e+03	3.261741e+02
17:23:01	2.402200e+01	2.925880e+00	9.369163e+00	2.407114e+00	1.015920e+00	9.369163e-05	7.221342e-03	3.047759e-04	9.369163e-07	7.707563e+03	3.252969e+02
17:23:01	2.399690e+01	2.922822e+00	9.378619e+00	2.404298e+00	1.014418e+00	9.378619e-05	7.212895e-03	3.043254e-04	9.378619e-07	7.690785e+03	3.244884e+02
17:23:02	2.397090e+01	2.919656e+00	9.380543e+00	2.401937e+00	1.011813e+00	9.380543e-05	7.205810e-03	3.035439e-04	9.380543e-07	7.681655e+03	3.235888e+02
17:23:02	2.394660e+01	2.916696e+00	9.379609e+00	2.399332e+00	1.009507e+00	9.379609e-05	7.197996e-03	3.028520e-04	9.379609e-07	7.674089e+03	3.228834e+02
17:23:02	2.392080e+01	2.913553e+00	9.375567e+00	2.396370e+00	1.007317e+00	9.375567e-05	7.189111e-03	3.021951e-04	9.375567e-07	7.667921e+03	3.223220e+02
17:23:03	2.389800e+01	2.910776e+00	9.377445e+00	2.394690e+00	1.005007e+00	9.377445e-05	7.184070e-03	3.015022e-04	9.377445e-07	7.661009e+03	3.215185e+02
17:23:03	2.387050e+01	2.907427e+00	9.372498e+00	2.392455e+00	1.002623e+00	9.372498e-05	7.177364e-03	3.007869e-04	9.372498e-07	7.657899e+03	3.209251e+02
17:23:03	2.384560e+01	2.904394e+00	9.375236e+00	2.390453e+00	1.000991e+00	9.375236e-05	7.171360e-03	3.002974e-04	9.375236e-07	7.649258e+03	3.203092e+02
17:23:04	2.382140e+01	2.901447e+00	9.373569e+00	2.387852e+00	9.998529e-01	9.373569e-05	7.163555e-03	2.999559e-04	9.373569e-07	7.642292e+03	3.200018e+02
17:23:04	2.379800e+01	2.898596e+00	9.371012e+00	2.386703e+00	9.988635e-01	9.371012e-05	7.160110e-03	2.996591e-04	9.371012e-07	7.640701e+03	3.197723e+02
17:23:05	2.377470e+01	2.895758e+00	9.370016e+00	2.382795e+00	9.973908e-01	9.370016e-05	7.148384e-03	2.992172e-04	9.370016e-07	7.628998e+03	3.193348e+02
17:23:05	2.374770e+01	2.892470e+00	9.377893e+00	2.381095e+00	9.956488e-01	9.377893e-05	7.143284e-03	2.986947e-04	9.377893e-07	7.617153e+03	3.185093e+02
17:23:05	2.372300e+01	2.889461e+00	9.375573e+00	2.378736e+00	9.935338e-01	9.375573e-05	7.136209e-03	2.980601e-04	9.375573e-07	7.611491e+03	3.179114e+02
17:23:06	2.369900e+01	2.886538e+00	9.374769e+00	2.376385e+00	9.914740e-01	9.374769e-05	7.129154e-03	2.974422e-04	9.374769e-07	7.604618e+03	3.172795e+02
17:23:06	2.367450e+01	2.883554e+00	9.377069e+00	2.372784e+00	9.895893e-01	9.377069e-05	7.118352e-03	2.968768e-04	9.377069e-07	7.591233e+03	3.165987e+02
17:23:07	2.365230e+01	2.880850e+00	9.380595e+00	2.370351e+00	9.870720e-01	9.380595e-05	7.111053e-03	2.961216e-04	9.380595e-07	7.580599e+03	3.156747e+02
17:23:07	2.362510e+01	2.877537e+00	9.379635e+00	2.368077e+00	9.850446e-01	9.379635e-05	7.104231e-03	2.955134e-04	9.379635e-07	7.574102e+03	3.150585e+02
17:23:07	2.360080e+01	2.874577e+00	9.379213e+00	2.366608e+00	9.826863e-01	9.379213e-05	7.099823e-03	2.948059e-04	9.379213e-07	7.569742e+03	3.143184e+02
17:23:08	2.357500e+01	2.871435e+00	9.378613e+00	2.363351e+00	9.805129e-01	9.378613e-05	7.090052e-03	2.941539e-04	9.378613e-07	7.559809e+03	3.136433e+02
17:23:08	2.355130e+01	2.868548e+00	9.377682e+00	2.360856e+00	9.791992e-01	9.377682e-05	7.082568e-03	2.937598e-04	9.377682e-07	7.552579e+03	3.132541e+02
17:23:08	2.352690e+01	2.865576e+00	9.379174e+00	2.357726e+00	9.772074e-01	9.379174e-05	7.073177e-03	2.931622e-04	9.379174e-07	7.541365e+03	3.125672e+02
17:23:09	2.350000e+01	2.862300e+00	9.374513e+00	2.355225e+00	9.748492e-01	9.374513e-05	7.065674e-03	2.924547e-04	9.374513e-07	7.537111e+03	3.119679e+02
17:23:09	2.347540e+01	2.859304e+00	9.368077e+00	2.352999e+00	9.725979e-01	9.368077e-05	7.058998e-03	2.917794e-04	9.368077e-07	7.535163e+03	3.114613e+02
17:23:10	2.345190e+01	2.856441e+00	9.353855e+00	2.351556e+00	9.683355e-01	9.353855e-05	7.054668e-03	2.905006e-04	9.353855e-07	7.541990e+03	3.105678e+02
17:23:10	2.343320e+01	2.854164e+00	9.340438e+00	2.349084e+00	9.660907e-01	9.340438e-05	7.047252e-03	2.898272e-04	9.340438e-07	7.544884e+03	3.102930e+02
17:23:10	2.341420e+01	2.851850e+00	9.343438e+00	2.348630e+00	9.646634e-01	9.343438e-05	7.045890e-03	2.893990e-04	9.343438e-07	7.541003e+03	3.097350e+02
17:23:11	2.339130e+01	2.849060e+00	9.344048e+00	2.345373e+00	9.629312e-01	9.344048e-05	7.036119e-03	2.888794e-04	9.344048e-07	7.530055e+03	3.091587e+02
17:23:11	2.336730e+01	2.846137e+00	9.340045e+00	2.342875e+00	9.602745e-01	9.340045e-05	7.028626e-03	2.880823e-04	9.340045e-07	7.525259e+03	3.084378e+02
17:23:11	2.334250e+01	2.843117e+00	9.340960e+00	2.340014e+00	9.578188e-01	9.340960e-05	7.020043e-03	2.873457e-04	9.340960e-07	7.515333e+03	3.076190e+02
17:23:12	2.331900e+01	2.840254e+00	9.332376e+00	2.338782e+00	9.583638e-01	9.332376e-05	7.016345e-03	2.875091e-04	9.332376e-07	7.518283e+03	3.080771e+02
17:23:12	2.330510e+01	2.838561e+00	9.331358e+00	2.336514e+00	9.576988e-01	9.331358e-05	7.009542e-03	2.873096e-04	9.331358e-07	7.511814e+03	3.078969e+02
17:23:12	2.328510e+01	2.836125e+00	9.324721e+00	2.335278e+00	9.573420e-01	9.324721e-05	7.005834e-03	2.872026e-04	9.324721e-07	7.513184e+03	3.080013e+02
17:23:12	2.326970e+01	2.834249e+00	9.334965e+00	2.332479e+00	9.556260e-01	9.334965e-05	6.997436e-03	2.866878e-04	9.334965e-07	7.495942e+03	3.071118e+02
17:23:13	2.324290e+01	2.830985e+00	9.340571e+00	2.329958e+00	9.547923e-01	9.340571e-05	6.989875e-03	2.864377e-04	9.340571e-07	7.483348e+03	3.066597e+02
17:23:13	2.321900e+01	2.828074e+00	9.362756e+00	2.327652e+00	9.541500e-01	9.362756e-05	6.982955e-03	2.862450e-04	9.362756e-07	7.458226e+03	3.057273e+02
17:23:14	2.319540e+01	2.825200e+00	9.374496e+00	2.324992e+00	9.554735e-01	9.374496e-05	6.974975e-03	2.866421e-04	9.374496e-07	7.440373e+03	3.057680e+02
17:23:14	2.317660e+01	2.822910e+00	9.375826e+00	2.322666e+00	9.560412e-01	9.375826e-05	6.967998e-03	2.868124e-04	9.375826e-07	7.431876e+03	3.059062e+02
17:23:14	2.315300e+01	2.820035e+00	9.376767e+00	2.318910e+00	9.538289e-01	9.376767e-05	6.956729e-03	2.861487e-04	9.376767e-07	7.419112e+03	3.051677e+02
17:23:15	2.313120e+01	2.817380e+00	9.382019e+00	2.316694e+00	9.513019e-01	9.382019e-05	6.950082e-03	2.853906e-04	9.382019e-07	7.407874e+03	3.041889e+02
17:23:15	2.310590e+01	2.814299e+00	9.382457e+00	2.314388e+00	9.475488e-01	9.382457e-05	6.943163e-03	2.842646e-04	9.382457e-07	7.400154e+03	3.029746e+02
17:23:15	2.308430e+01	2.811668e+00	9.375616e+00	2.311380e+00	9.469259e-01	9.375616e-05	6.934141e-03	2.840778e-04	9.375616e-07	7.395932e+03	3.029964e+02
17:23:16	2.306530e+01	2.809354e+00	9.359593e+00	2.309703e+00	9.420115e-01	9.359593e-05	6.929110e-03	2.826034e-04	9.359593e-07	7.403217e+03	3.019399e+02
17:23:16	2.304290e+01	2.806625e+00	9.345865e+00	2.308581e+00	9.372657e-01	9.345865e-05	6.925743e-03	2.811797e-04	9.345865e-07	7.410489e+03	3.008600e+02
17:23:16	2.302610e+01	2.804579e+00	9.339792e+00	2.306385e+00	9.349593e-01	9.339792e-05	6.919155e-03	2.804878e-04	9.339792e-07	7.408253e+03	3.003148e+02
17:23:17	2.300570e+01	2.802094e+00	9.336632e+00	2.304082e+00	9.336845e-01	9.336632e-05	6.912245e-03	2.801053e-04	9.336632e-07	7.403360e+03	3.000068e+02
17:23:17	2.298590e+01	2.799683e+00	9.338209e+00	2.301792e+00	9.343138e-01	9.338209e-05	6.905375e-03	2.802941e-04	9.338209e-07	7.394753e+03	3.001583e+02
17:23:17	2.296370e+01	2.796979e+00	9.334796e+00	2.300458e+00	9.319490e-01	9.334796e-05	6.901375e-03	2.795847e-04	9.334796e-07	7.393171e+03	2.995081e+02
17:23:18	2.293990e+01	2.794080e+00	9.365530e+00	2.298282e+00	9.325589e-01	9.365530e-05	6.894845e-03	2.797677e-04	9.365530e-07	7.361938e+03	2.987206e+02
17:23:18	2.291700e+01	2.791291e+00	9.372041e+00	2.295161e+00	9.334769e-01	9.372041e-05	6.885483e-03	2.800431e-04	9.372041e-07	7.346835e+03	2.988069e+02
17:23:18	2.289840e+01	2.789025e+00	9.376258e+00	2.293883e+00	9.316668e-01	9.376258e-05	6.881649e-03	2.795000e-04	9.376258e-07	7.339441e+03	2.980934e+02
17:23:19	2.287460e+01	2.786126e+00	9.382214e+00	2.290308e+00	9.281796e-01	9.382214e-05	6.870925e-03	2.784539e-04	9.382214e-07	7.323351e+03	2.967891e+02
17:23:19	2.285140e+01	2.783301e+00	9.376839e+00	2.286896e+00	9.256916e-01	9.376839e-05	6.860687e-03	2.777075e-04	9.376839e-07	7.316631e+03	2.961632e+02
17:23:19	2.282810e+01	2.780463e+00	9.344830e+00	2.285783e+00	9.202419e-01	9.344830e-05	6.857349e-03	2.760726e-04	9.344830e-07	7.338121e+03	2.954281e+02
17:23:20	2.280830e+01	2.778051e+00	9.349982e+00	2.283966e+00	9.177960e-01	9.349982e-05	6.851899e-03	2.753388e-04	9.349982e-07	7.328249e+03	2.944806e+02
17:23:20	2.278980e+01	2.775798e+00	9.338491e+00	2.281955e+00	9.157524e-01	9.338491e-05	6.845866e-03	2.747257e-04	9.338491e-07	7.330805e+03	2.941864e+02
17:23:20	2.276820e+01	2.773167e+00	9.337252e+00	2.279545e+00	9.152042e-01	9.337252e-05	6.838635e-03	2.745612e-04	9.337252e-07	7.324034e+03	2.940493e+02
17:23:21	2.274940e+01	2.770877e+00	9.339737e+00	2.277326e+00	9.127550e-01	9.339737e-05	6.831979e-03	2.738265e-04	9.339737e-07	7.314958e+03	2.931844e+02
17:23:21	2.272650e+01	2.768088e+00	9.353589e+00	2.275925e+00	9.127550e-01	9.353589e-05	6.827775e-03	2.738265e-04	9.353589e-07	7.299631e+03	2.927502e+02
17:23:21	2.270270e+01	2.765189e+00	9.373899e+00	2.273025e+00	9.143770e-01	9.373899e-05	6.819074e-03	2.743131e-04	9.373899e-07	7.274533e+03	2.926350e+02
17:23:22	2.267640e+01	2.761986e+00	9.383713e+00	2.269427e+00	9.131800e-01	9.383713e-05	6.808282e-03	2.739540e-04	9.383713e-07	7.255425e+03	2.919463e+02
17:23:22	2.265400e+01	2.759257e+00	9.384319e+00	2.266492e+00	9.084926e-01	9.384319e-05	6.799475e-03	2.725478e-04	9.384319e-07	7.245571e+03	2.904289e+02
17:23:23	2.262780e+01	2.756066e+00	9.391047e+00	2.263585e+00	9.068220e-01	9.391047e-05	6.790755e-03	2.720466e-04	9.391047e-07	7.231095e+03	2.896872e+02
17:23:23	2.260630e+01	2.753447e+00	9.386353e+00	2.261058e+00	9.041101e-01	9.386353e-05	6.783174e-03	2.712330e-04	9.386353e-07	7.226635e+03	2.889653e+02
17:23:23	2.258330e+01	2.750646e+00	9.352398e+00	2.259667e+00	8.981803e-01	9.352398e-05	6.779000e-03	2.694541e-04	9.352398e-07	7.248408e+03	2.881123e+02
17:23:24	2.256470e+01	2.748380e+00	9.345245e+00	2.257993e+00	8.957118e-01	9.345245e-05	6.773978e-03	2.687135e-04	9.345245e-07	7.248582e+03	2.875404e+02
17:23:24	2.254450e+01	2.745920e+00	9.338559e+00	2.255878e+00	8.934540e-01	9.338559e-05	6.767633e-03	2.680362e-04	9.338559e-07	7.246978e+03	2.870209e+02
17:23:24	2.252640e+01	2.743716e+00	9.336486e+00	2.253594e+00	8.924484e-01	9.336486e-05	6.760782e-03	2.677345e-04	9.336486e-07	7.241249e+03	2.867615e+02
17:23:25	2.250640e+01	2.741280e+00	9.339889e+00	2.252017e+00	8.923998e-01	9.339889e-05	6.756052e-03	2.677199e-04	9.339889e-07	7.233546e+03	2.866414e+02
17:23:25	2.248860e+01	2.739111e+00	9.367703e+00	2.249705e+00	8.943883e-01	9.367703e-05	6.749114e-03	2.683165e-04	9.367703e-07	7.204662e+03	2.864272e+02
17:23:25	2.246530e+01	2.736274e+00	9.383226e+00	2.245968e+00	8.942423e-01	9.383226e-05	6.737903e-03	2.682727e-04	9.383226e-07	7.180796e+03	2.859067e+02
17:23:26	2.244410e+01	2.733691e+00	9.388553e+00	2.242892e+00	8.899280e-01	9.388553e-05	6.728677e-03	2.669784e-04	9.388553e-07	7.166895e+03	2.843659e+02
17:23:26	2.241870e+01	2.730598e+00	9.367603e+00	2.241053e+00	8.861294e-01	9.367603e-05	6.723159e-03	2.658388e-04	9.367603e-07	7.177033e+03	2.837853e+02
17:23:26	2.239710e+01	2.727967e+00	9.348447e+00	2.239464e+00	8.802515e-01	9.348447e-05	6.718391e-03	2.640754e-04	9.348447e-07	7.186638e+03	2.824806e+02
17:23:27	2.237730e+01	2.725555e+00	9.335325e+00	2.237845e+00	8.776791e-01	9.335325e-05	6.713535e-03	2.633037e-04	9.335325e-07	7.191538e+03	2.820510e+02
17:23:27	2.235910e+01	2.723338e+00	9.323290e+00	2.235782e+00	8.770498e-01	9.323290e-05	6.707346e-03	2.631149e-04	9.323290e-07	7.194183e+03	2.822125e+02
17:23:27	2.234560e+01	2.721694e+00	9.333693e+00	2.235406e+00	8.752689e-01	9.333693e-05	6.706217e-03	2.625807e-04	9.333693e-07	7.184955e+03	2.813256e+02
17:23:28	2.232620e+01	2.719331e+00	9.365060e+00	2.232703e+00	8.770044e-01	9.365060e-05	6.698110e-03	2.631013e-04	9.365060e-07	7.152234e+03	2.809393e+02
17:23:28	2.229970e+01	2.716103e+00	9.367934e+00	2.229255e+00	8.741011e-01	9.367934e-05	6.687765e-03	2.622303e-04	9.367934e-07	7.138997e+03	2.799233e+02
17:23:28	2.227730e+01	2.713375e+00	9.368832e+00	2.226858e+00	8.705231e-01	9.368832e-05	6.680574e-03	2.611569e-04	9.368832e-07	7.130636e+03	2.787508e+02
17:23:29	2.225610e+01	2.710793e+00	9.335611e+00	2.225103e+00	8.639024e-01	9.335611e-05	6.675309e-03	2.591707e-04	9.335611e-07	7.150372e+03	2.776152e+02
17:23:29	2.223670e+01	2.708430e+00	9.326933e+00	2.224273e+00	8.601168e-01	9.326933e-05	6.672818e-03	2.580350e-04	9.326933e-07	7.154354e+03	2.766558e+02
17:23:29	2.221390e+01	2.705653e+00	9.324010e+00	2.221807e+00	8.612424e-01	9.324010e-05	6.665422e-03	2.583727e-04	9.324010e-07	7.148664e+03	2.771047e+02
17:23:30	2.220070e+01	2.704045e+00	9.336311e+00	2.219640e+00	8.600941e-01	9.336311e-05	6.658921e-03	2.580282e-04	9.336311e-07	7.132282e+03	2.763706e+02
17:23:30	2.218130e+01	2.701682e+00	9.357397e+00	2.216241e+00	8.623583e-01	9.357397e-05	6.648722e-03	2.587075e-04	9.357397e-07	7.105311e+03	2.764738e+02
17:23:30	2.216270e+01	2.699417e+00	9.367155e+00	2.213704e+00	8.599157e-01	9.367155e-05	6.641112e-03	2.579747e-04	9.367155e-07	7.089785e+03	2.754035e+02
17:23:31	2.214030e+01	2.696689e+00	9.345518e+00	2.210668e+00	8.559128e-01	9.345518e-05	6.632003e-03	2.567738e-04	9.345518e-07	7.096453e+03	2.747561e+02
17:23:31	2.212270e+01	2.694545e+00	9.327449e+00	2.209847e+00	8.507647e-01	9.327449e-05	6.629541e-03	2.552294e-04	9.327449e-07	7.107561e+03	2.736326e+02
17:23:31	2.210270e+01	2.692109e+00	9.323783e+00	2.208332e+00	8.507550e-01	9.323783e-05	6.624996e-03	2.552265e-04	9.323783e-07	7.105481e+03	2.737371e+02
17:23:31	2.208960e+01	2.690513e+00	9.324905e+00	2.206639e+00	8.505896e-01	9.324905e-05	6.619916e-03	2.551769e-04	9.324905e-07	7.099178e+03	2.736509e+02
17:23:32	2.207180e+01	2.688345e+00	9.356674e+00	2.204446e+00	8.530744e-01	9.356674e-05	6.613338e-03	2.559223e-04	9.356674e-07	7.068044e+03	2.735185e+02
17:23:32	2.204780e+01	2.685422e+00	9.364797e+00	2.200534e+00	8.510210e-01	9.364797e-05	6.601602e-03	2.553063e-04	9.364797e-07	7.049380e+03	2.726234e+02
17:23:32	2.202380e+01	2.682499e+00	9.379346e+00	2.198643e+00	8.481145e-01	9.379346e-05	6.595928e-03	2.544344e-04	9.379346e-07	7.032396e+03	2.712709e+02
17:23:33	2.200130e+01	2.679758e+00	9.340233e+00	2.196343e+00	8.410623e-01	9.340233e-05	6.589028e-03	2.523187e-04	9.340233e-07	7.054458e+03	2.701418e+02
17:23:33	2.197870e+01	2.677006e+00	9.337758e+00	2.193965e+00	8.385516e-01	9.337758e-05	6.581895e-03	2.515655e-04	9.337758e-07	7.048689e+03	2.694067e+02
17:23:34	2.196050e+01	2.674789e+00	9.325402e+00	2.191626e+00	8.383505e-01	9.325402e-05	6.574878e-03	2.515051e-04	9.325402e-07	7.050504e+03	2.696990e+02
17:23:34	2.194640e+01	2.673072e+00	9.322605e+00	2.190656e+00	8.361154e-01	9.322605e-05	6.571969e-03	2.508346e-04	9.322605e-07	7.049498e+03	2.690607e+02
17:23:34	2.192660e+01	2.670660e+00	9.353248e+00	2.188249e+00	8.373059e-01	9.353248e-05	6.564748e-03	2.511918e-04	9.353248e-07	7.018682e+03	2.685610e+02
17:23:34	2.190380e+01	2.667883e+00	9.360693e+00	2.185599e+00	8.373968e-01	9.360693e-05	6.556797e-03	2.512190e-04	9.360693e-07	7.004606e+03	2.683765e+02
17:23:35	2.187870e+01	2.664826e+00	9.372440e+00	2.182070e+00	8.323234e-01	9.372440e-05	6.546209e-03	2.496970e-04	9.372440e-07	6.984530e+03	2.664162e+02
17:23:35	2.185530e+01	2.661976e+00	9.369695e+00	2.179069e+00	8.299391e-01	9.369695e-05	6.537207e-03	2.489817e-04	9.369695e-07	6.976969e+03	2.657309e+02
17:23:36	2.183020e+01	2.658918e+00	9.337771e+00	2.177434e+00	8.234190e-01	9.337771e-05	6.532303e-03	2.470257e-04	9.337771e-07	6.995569e+03	2.645446e+02
17:23:36	2.181230e+01	2.656738e+00	9.337729e+00	2.175741e+00	8.216186e-01	9.337729e-05	6.527223e-03	2.464856e-04	9.337729e-07	6.990161e+03	2.639674e+02
17:23:36	2.179090e+01	2.654132e+00	9.333405e+00	2.172186e+00	8.186051e-01	9.333405e-05	6.516557e-03	2.455815e-04	9.333405e-07	6.981972e+03	2.631210e+02
17:23:37	2.177370e+01	2.652037e+00	9.328727e+00	2.170839e+00	8.181509e-01	9.328727e-05	6.512518e-03	2.454453e-04	9.328727e-07	6.981143e+03	2.631069e+02
17:23:37	2.175590e+01	2.649869e+00	9.326034e+00	2.169389e+00	8.167885e-01	9.326034e-05	6.508168e-03	2.450365e-04	9.326034e-07	6.978495e+03	2.627446e+02
17:23:37	2.173870e+01	2.647774e+00	9.344288e+00	2.166768e+00	8.174859e-01	9.344288e-05	6.500305e-03	2.452458e-04	9.344288e-07	6.956447e+03	2.624553e+02
17:23:38	2.171190e+01	2.644509e+00	9.364142e+00	2.163262e+00	8.171615e-01	9.364142e-05	6.489785e-03	2.451485e-04	9.364142e-07	6.930464e+03	2.617949e+02
17:23:38	2.168940e+01	2.641769e+00	9.367175e+00	2.161108e+00	8.141610e-01	9.367175e-05	6.483323e-03	2.442483e-04	9.367175e-07	6.921322e+03	2.607492e+02
17:23:38	2.166760e+01	2.639114e+00	9.368388e+00	2.158840e+00	8.104111e-01	9.368388e-05	6.476521e-03	2.431233e-04	9.368388e-07	6.913165e+03	2.595146e+02
17:23:39	2.164440e+01	2.636288e+00	9.375213e+00	2.156943e+00	8.074883e-01	9.375213e-05	6.470828e-03	2.422465e-04	9.375213e-07	6.902059e+03	2.583904e+02
17:23:39	2.162220e+01	2.633584e+00	9.368852e+00	2.152823e+00	8.055485e-01	9.368852e-05	6.458469e-03	2.416645e-04	9.368852e-07	6.893554e+03	2.579447e+02
17:23:40	2.159850e+01	2.630697e+00	9.355999e+00	2.152022e+00	7.999950e-01	9.355999e-05	6.456065e-03	2.399985e-04	9.355999e-07	6.900455e+03	2.565183e+02
17:23:40	2.157960e+01	2.628395e+00	9.342225e+00	2.150134e+00	7.959661e-01	9.342225e-05	6.450401e-03	2.387898e-04	9.342225e-07	6.904566e+03	2.556027e+02
17:23:40	2.155960e+01	2.625959e+00	9.338939e+00	2.147195e+00	7.935008e-01	9.338939e-05	6.441584e-03	2.380502e-04	9.338939e-07	6.897555e+03	2.549007e+02
17:23:41	2.154080e+01	2.623669e+00	9.334988e+00	2.145041e+00	7.895108e-01	9.334988e-05	6.435122e-03	2.368532e-04	9.334988e-07	6.893552e+03	2.537264e+02
17:23:41	2.151850e+01	2.620953e+00	9.332337e+00	2.141985e+00	7.886674e-01	9.332337e-05	6.425955e-03	2.366002e-04	9.332337e-07	6.885687e+03	2.535273e+02
17:23:41	2.149710e+01	2.618347e+00	9.326485e+00	2.139948e+00	7.866919e-01	9.326485e-05	6.419844e-03	2.360076e-04	9.326485e-07	6.883454e+03	2.530509e+02
17:23:42	2.147390e+01	2.615521e+00	9.324234e+00	2.136143e+00	7.838633e-01	9.324234e-05	6.408428e-03	2.351590e-04	9.324234e-07	6.872874e+03	2.522019e+02
17:23:42	2.145330e+01	2.613012e+00	9.328944e+00	2.134988e+00	7.800128e-01	9.328944e-05	6.404964e-03	2.340038e-04	9.328944e-07	6.865690e+03	2.508364e+02
17:23:42	2.142640e+01	2.609736e+00	9.352752e+00	2.133142e+00	7.806680e-01	9.352752e-05	6.399427e-03	2.342004e-04	9.352752e-07	6.842293e+03	2.504080e+02
17:23:43	2.140500e+01	2.607129e+00	9.363061e+00	2.130554e+00	7.784882e-01	9.363061e-05	6.391661e-03	2.335464e-04	9.363061e-07	6.826465e+03	2.494339e+02
17:23:43	2.138320e+01	2.604474e+00	9.369913e+00	2.127631e+00	7.756141e-01	9.369913e-05	6.382893e-03	2.326842e-04	9.369913e-07	6.812115e+03	2.483313e+02
17:23:44	2.136060e+01	2.601721e+00	9.368498e+00	2.125685e+00	7.726849e-01	9.368498e-05	6.377054e-03	2.318055e-04	9.368498e-07	6.806911e+03	2.474308e+02
17:23:44	2.133900e+01	2.599090e+00	9.375080e+00	2.122574e+00	7.677218e-01	9.375080e-05	6.367721e-03	2.303165e-04	9.375080e-07	6.792178e+03	2.456689e+02
17:23:44	2.131270e+01	2.595887e+00	9.381967e+00	2.120202e+00	7.658598e-01	9.381967e-05	6.360607e-03	2.297579e-04	9.381967e-07	6.779609e+03	2.448931e+02
17:23:45	2.129090e+01	2.593232e+00	9.384832e+00	2.117890e+00	7.637805e-01	9.384832e-05	6.353669e-03	2.291341e-04	9.384832e-07	6.770146e+03	2.441537e+02
17:23:45	2.127090e+01	2.590796e+00	9.364790e+00	2.114435e+00	7.599852e-01	9.364790e-05	6.343304e-03	2.279955e-04	9.364790e-07	6.773568e+03	2.434604e+02
17:23:46	2.125130e+01	2.588408e+00	9.351967e+00	2.114117e+00	7.550480e-01	9.351967e-05	6.342351e-03	2.265144e-04	9.351967e-07	6.781836e+03	2.422104e+02
17:23:46	2.122990e+01	2.585802e+00	9.348973e+00	2.112154e+00	7.517911e-01	9.348973e-05	6.336463e-03	2.255373e-04	9.348973e-07	6.777711e+03	2.412429e+02
17:23:46	2.121250e+01	2.583683e+00	9.343373e+00	2.110532e+00	7.490404e-01	9.343373e-05	6.331597e-03	2.247121e-04	9.343373e-07	6.776564e+03	2.405043e+02
17:23:46	2.119610e+01	2.581685e+00	9.338777e+00	2.107743e+00	7.460819e-01	9.338777e-05	6.323228e-03	2.238246e-04	9.338777e-07	6.770938e+03	2.396723e+02
17:23:47	2.117880e+01	2.579578e+00	9.342906e+00	2.104963e+00	7.441616e-01	9.342906e-05	6.314888e-03	2.232485e-04	9.342906e-07	6.759019e+03	2.389497e+02
17:23:47	2.115550e+01	2.576740e+00	9.329042e+00	2.103665e+00	7.424164e-01	9.329042e-05	6.310995e-03	2.227249e-04	9.329042e-07	6.764891e+03	2.387436e+02
17:23:47	2.113860e+01	2.574681e+00	9.330167e+00	2.100989e+00	7.406387e-01	9.330167e-05	6.302967e-03	2.221916e-04	9.330167e-07	6.755470e+03	2.381432e+02
17:23:48	2.111470e+01	2.571770e+00	9.327050e+00	2.098163e+00	7.375181e-01	9.327050e-05	6.294490e-03	2.212554e-04	9.327050e-07	6.748640e+03	2.372191e+02
17:23:48	2.109250e+01	2.569067e+00	9.333677e+00	2.095675e+00	7.345046e-01	9.333677e-05	6.287026e-03	2.203514e-04	9.333677e-07	6.735851e+03	2.360821e+02
17:23:49	2.107150e+01	2.566509e+00	9.355438e+00	2.094332e+00	7.335963e-01	9.355438e-05	6.282997e-03	2.200789e-04	9.355438e-07	6.715877e+03	2.352417e+02
17:23:49	2.104850e+01	2.563707e+00	9.372352e+00	2.091098e+00	7.340310e-01	9.372352e-05	6.273295e-03	2.202093e-04	9.372352e-07	6.693405e+03	2.349563e+02
17:23:49	2.102710e+01	2.561101e+00	9.376579e+00	2.090404e+00	7.300508e-01	9.376579e-05	6.271212e-03	2.190152e-04	9.376579e-07	6.688167e+03	2.335769e+02
17:23:50	2.100320e+01	2.558190e+00	9.373663e+00	2.086164e+00	7.274719e-01	9.373663e-05	6.258493e-03	2.182416e-04	9.373663e-07	6.676678e+03	2.328242e+02
17:23:50	2.098180e+01	2.555583e+00	9.379122e+00	2.082460e+00	7.248184e-01	9.379122e-05	6.247380e-03	2.174455e-04	9.379122e-07	6.660943e+03	2.318399e+02
17:23:51	2.096020e+01	2.552952e+00	9.379119e+00	2.081091e+00	7.203289e-01	9.379119e-05	6.243273e-03	2.160987e-04	9.379119e-07	6.656566e+03	2.304040e+02
17:23:51	2.093900e+01	2.550370e+00	9.380858e+00	2.078762e+00	7.167996e-01	9.380858e-05	6.236286e-03	2.150399e-04	9.380858e-07	6.647884e+03	2.292326e+02
17:23:51	2.091760e+01	2.547764e+00	9.381231e+00	2.076073e+00	7.128810e-01	9.381231e-05	6.228218e-03	2.138643e-04	9.381231e-07	6.639020e+03	2.279704e+02
17:23:52	2.089460e+01	2.544962e+00	9.380095e+00	2.073880e+00	7.096988e-01	9.380095e-05	6.221639e-03	2.129096e-04	9.380095e-07	6.632810e+03	2.269802e+02
17:23:52	2.087250e+01	2.542270e+00	9.368453e+00	2.071826e+00	7.049108e-01	9.368453e-05	6.215479e-03	2.114732e-04	9.368453e-07	6.634478e+03	2.257291e+02
17:23:52	2.085400e+01	2.540017e+00	9.348499e+00	2.070555e+00	7.007489e-01	9.348499e-05	6.211665e-03	2.102247e-04	9.348499e-07	6.644558e+03	2.248753e+02
17:23:53	2.083780e+01	2.538044e+00	9.346072e+00	2.068605e+00	6.960551e-01	9.346072e-05	6.205816e-03	2.088165e-04	9.346072e-07	6.640025e+03	2.234270e+02
17:23:53	2.081860e+01	2.535705e+00	9.342511e+00	2.068021e+00	6.933983e-01	9.342511e-05	6.204064e-03	2.080195e-04	9.342511e-07	6.640682e+03	2.226591e+02
17:23:53	2.079880e+01	2.533294e+00	9.342786e+00	2.064359e+00	6.904367e-01	9.342786e-05	6.193077e-03	2.071310e-04	9.342786e-07	6.628726e+03	2.217015e+02
17:23:54	2.077740e+01	2.530687e+00	9.344152e+00	2.061920e+00	6.858531e-01	9.344152e-05	6.185759e-03	2.057559e-04	9.344152e-07	6.619925e+03	2.201975e+02
17:23:54	2.075400e+01	2.527837e+00	9.337142e+00	2.060771e+00	6.841501e-01	9.337142e-05	6.182314e-03	2.052450e-04	9.337142e-07	6.621206e+03	2.198157e+02
17:23:54	2.073580e+01	2.525620e+00	9.340613e+00	2.057995e+00	6.824633e-01	9.340613e-05	6.173984e-03	2.047390e-04	9.340613e-07	6.609827e+03	2.191922e+02
17:23:55	2.071420e+01	2.522990e+00	9.339387e+00	2.055289e+00	6.802217e-01	9.339387e-05	6.165867e-03	2.040665e-04	9.339387e-07	6.602005e+03	2.185010e+02
17:23:55	2.069380e+01	2.520505e+00	9.339643e+00	2.052457e+00	6.759009e-01	9.339643e-05	6.157372e-03	2.027703e-04	9.339643e-07	6.592727e+03	2.171071e+02
17:23:56	2.066970e+01	2.517569e+00	9.340655e+00	2.051377e+00	6.730041e-01	9.340655e-05	6.154131e-03	2.019012e-04	9.340655e-07	6.588543e+03	2.161532e+02
17:23:56	2.064910e+01	2.515060e+00	9.367249e+00	2.048399e+00	6.717390e-01	9.367249e-05	6.145197e-03	2.015217e-04	9.367249e-07	6.560301e+03	2.151344e+02
17:23:56	2.062730e+01	2.512405e+00	9.379466e+00	2.045759e+00	6.711551e-01	9.379466e-05	6.137276e-03	2.013465e-04	9.379466e-07	6.543310e+03	2.146674e+02
17:23:57	2.060690e+01	2.509920e+00	9.381565e+00	2.043673e+00	6.676388e-01	9.381565e-05	6.131018e-03	2.002916e-04	9.381565e-07	6.535177e+03	2.134949e+02
17:23:57	2.058630e+01	2.507411e+00	9.390441e+00	2.040020e+00	6.649886e-01	9.390441e-05	6.120061e-03	1.994966e-04	9.390441e-07	6.517331e+03	2.124464e+02
17:23:58	2.056470e+01	2.504780e+00	9.392689e+00	2.038155e+00	6.613003e-01	9.392689e-05	6.114465e-03	1.983901e-04	9.392689e-07	6.509813e+03	2.112176e+02
17:23:58	2.054270e+01	2.502101e+00	9.397191e+00	2.035119e+00	6.568497e-01	9.397191e-05	6.105356e-03	1.970549e-04	9.397191e-07	6.497001e+03	2.096955e+02
17:23:58	2.052080e+01	2.499433e+00	9.402070e+00	2.034009e+00	6.530187e-01	9.402070e-05	6.102028e-03	1.959056e-04	9.402070e-07	6.490090e+03	2.083643e+02
17:23:59	2.050000e+01	2.496900e+00	9.408526e+00	2.031310e+00	6.488341e-01	9.408526e-05	6.093931e-03	1.946502e-04	9.408526e-07	6.477031e+03	2.068871e+02
17:23:59	2.047640e+01	2.494026e+00	9.412182e+00	2.029452e+00	6.445944e-01	9.412182e-05	6.088355e-03	1.933783e-04	9.412182e-07	6.468590e+03	2.054554e+02
17:23:59	2.045600e+01	2.491541e+00	9.399527e+00	2.027200e+00	6.403871e-01	9.399527e-05	6.081601e-03	1.921161e-04	9.399527e-07	6.470114e+03	2.043891e+02
17:24:00	2.043940e+01	2.489519e+00	9.379920e+00	2.026085e+00	6.355148e-01	9.379920e-05	6.078254e-03	1.906544e-04	9.379920e-07	6.480069e+03	2.032581e+02
17:24:00	2.042230e+01	2.487436e+00	9.368865e+00	2.024287e+00	6.293288e-01	9.368865e-05	6.072862e-03	1.887986e-04	9.368865e-07	6.481962e+03	2.015171e+02
17:24:00	2.040570e+01	2.485414e+00	9.363464e+00	2.023074e+00	6.252901e-01	9.363464e-05	6.069223e-03	1.875870e-04	9.363464e-07	6.481814e+03	2.003394e+02
17:24:01	2.038470e+01	2.482856e+00	9.365047e+00	2.020920e+00	6.201064e-01	9.365047e-05	6.062761e-03	1.860319e-04	9.365047e-07	6.473818e+03	1.986450e+02
17:24:01	2.036890e+01	2.480932e+00	9.361806e+00	2.019204e+00	6.171059e-01	9.361806e-05	6.057613e-03	1.851318e-04	9.361806e-07	6.470560e+03	1.977522e+02
17:24:01	2.035200e+01	2.478874e+00	9.360129e+00	2.019117e+00	6.149617e-01	9.360129e-05	6.057350e-03	1.844885e-04	9.360129e-07	6.471439e+03	1.971004e+02
17:24:02	2.033280e+01	2.476535e+00	9.359282e+00	2.017219e+00	6.124574e-01	9.359282e-05	6.051657e-03	1.837372e-04	9.359282e-07	6.465941e+03	1.963155e+02
17:24:02	2.030930e+01	2.473673e+00	9.354565e+00	2.014822e+00	6.076241e-01	9.354565e-05	6.044465e-03	1.822872e-04	9.354565e-07	6.461514e+03	1.948644e+02
17:24:02	2.028570e+01	2.470798e+00	9.360482e+00	2.013190e+00	6.031573e-01	9.360482e-05	6.039570e-03	1.809472e-04	9.360482e-07	6.452200e+03	1.933097e+02
17:24:03	2.026530e+01	2.468314e+00	9.374934e+00	2.010991e+00	5.999329e-01	9.374934e-05	6.032972e-03	1.799799e-04	9.374934e-07	6.435215e+03	1.919799e+02
17:24:03	2.024470e+01	2.465804e+00	9.391544e+00	2.009953e+00	5.981390e-01	9.391544e-05	6.029858e-03	1.794417e-04	9.391544e-07	6.420519e+03	1.910673e+02
17:24:04	2.022270e+01	2.463125e+00	9.395741e+00	2.006462e+00	5.941458e-01	9.395741e-05	6.019387e-03	1.782437e-04	9.395741e-07	6.406506e+03	1.897069e+02
17:24:04	2.020370e+01	2.460811e+00	9.401188e+00	2.003757e+00	5.897212e-01	9.401188e-05	6.011271e-03	1.769164e-04	9.401188e-07	6.394161e+03	1.881851e+02
17:24:04	2.018010e+01	2.457936e+00	9.395456e+00	2.002369e+00	5.862308e-01	9.395456e-05	6.007106e-03	1.758692e-04	9.395456e-07	6.393629e+03	1.871854e+02
17:24:05	2.015890e+01	2.455354e+00	9.395193e+00	2.000824e+00	5.820786e-01	9.395193e-05	6.002473e-03	1.746236e-04	9.395193e-07	6.388877e+03	1.858648e+02
17:24:05	2.013810e+01	2.452821e+00	9.404737e+00	1.997889e+00	5.765511e-01	9.404737e-05	5.993666e-03	1.729653e-04	9.404737e-07	6.373029e+03	1.839130e+02
17:24:06	2.011580e+01	2.450104e+00	9.406206e+00	1.996737e+00	5.713674e-01	9.406206e-05	5.990211e-03	1.714102e-04	9.406206e-07	6.368361e+03	1.822310e+02
17:24:06	2.009480e+01	2.447547e+00	9.413616e+00	1.995102e+00	5.666119e-01	9.413616e-05	5.985307e-03	1.699836e-04	9.413616e-07	6.358138e+03	1.805720e+02
17:24:06	2.007000e+01	2.444526e+00	9.414936e+00	1.992371e+00	5.627355e-01	9.414936e-05	5.977113e-03	1.688206e-04	9.414936e-07	6.348543e+03	1.793115e+02
17:24:07	2.004980e+01	2.442066e+00	9.392964e+00	1.992536e+00	5.558455e-01	9.392964e-05	5.977609e-03	1.667536e-04	9.392964e-07	6.363922e+03	1.775304e+02
17:24:07	2.003260e+01	2.439971e+00	9.378272e+00	1.991424e+00	5.507364e-01	9.378272e-05	5.974271e-03	1.652209e-04	9.378272e-07	6.370332e+03	1.761742e+02
17:24:07	2.001460e+01	2.437778e+00	9.377507e+00	1.990596e+00	5.460490e-01	9.377507e-05	5.971789e-03	1.638147e-04	9.377507e-07	6.368206e+03	1.746890e+02
17:24:08	1.999890e+01	2.435866e+00	9.371486e+00	1.989088e+00	5.433988e-01	9.371486e-05	5.967264e-03	1.630196e-04	9.371486e-07	6.367469e+03	1.739528e+02
17:24:08	1.997970e+01	2.433527e+00	9.371272e+00	1.987174e+00	5.376636e-01	9.371272e-05	5.961523e-03	1.612991e-04	9.371272e-07	6.361487e+03	1.721208e+02
17:24:08	1.996330e+01	2.431530e+00	9.368618e+00	1.985886e+00	5.361066e-01	9.368618e-05	5.957659e-03	1.608320e-04	9.368618e-07	6.359165e+03	1.716710e+02
17:24:09	1.994590e+01	2.429411e+00	9.358669e+00	1.985740e+00	5.342706e-01	9.358669e-05	5.957221e-03	1.602812e-04	9.358669e-07	6.365458e+03	1.712649e+02
17:24:09	1.992720e+01	2.427133e+00	9.360216e+00	1.983564e+00	5.300860e-01	9.360216e-05	5.950691e-03	1.590258e-04	9.360216e-07	6.357429e+03	1.698954e+02
17:24:09	1.990960e+01	2.424989e+00	9.358886e+00	1.982711e+00	5.262387e-01	9.358886e-05	5.948132e-03	1.578716e-04	9.358886e-07	6.355598e+03	1.686863e+02
17:24:10	1.989320e+01	2.422992e+00	9.392565e+00	1.982208e+00	5.250028e-01	9.392565e-05	5.946623e-03	1.575009e-04	9.392565e-07	6.331203e+03	1.676867e+02
17:24:10	1.987320e+01	2.420556e+00	9.403287e+00	1.980232e+00	5.246168e-01	9.403287e-05	5.940697e-03	1.573850e-04	9.403287e-07	6.317681e+03	1.673724e+02
17:24:10	1.985300e+01	2.418095e+00	9.406907e+00	1.979561e+00	5.207858e-01	9.406907e-05	5.938682e-03	1.562357e-04	9.406907e-07	6.313108e+03	1.660862e+02
17:24:11	1.982900e+01	2.415172e+00	9.403614e+00	1.976709e+00	5.152583e-01	9.403614e-05	5.930128e-03	1.545775e-04	9.403614e-07	6.306222e+03	1.643809e+02
17:24:11	1.980860e+01	2.412687e+00	9.413648e+00	1.975840e+00	5.118847e-01	9.413648e-05	5.927520e-03	1.535654e-04	9.413648e-07	6.296730e+03	1.631306e+02
17:24:12	1.978860e+01	2.410251e+00	9.393655e+00	1.975610e+00	5.057473e-01	9.393655e-05	5.926829e-03	1.517242e-04	9.393655e-07	6.309396e+03	1.615177e+02
17:24:12	1.977080e+01	2.408083e+00	9.372381e+00	1.975253e+00	5.009820e-01	9.372381e-05	5.925759e-03	1.502946e-04	9.372381e-07	6.322576e+03	1.603590e+02
17:24:12	1.975240e+01	2.405842e+00	9.370127e+00	1.974854e+00	4.977252e-01	9.370127e-05	5.924562e-03	1.493176e-04	9.370127e-07	6.322819e+03	1.593549e+02
17:24:13	1.973500e+01	2.403723e+00	9.365014e+00	1.974319e+00	4.969726e-01	9.365014e-05	5.922956e-03	1.490918e-04	9.365014e-07	6.324557e+03	1.592008e+02
17:24:13	1.971810e+01	2.401665e+00	9.363301e+00	1.974315e+00	4.940207e-01	9.363301e-05	5.922946e-03	1.482062e-04	9.363301e-07	6.325703e+03	1.582841e+02
17:24:13	1.969930e+01	2.399375e+00	9.366393e+00	1.973826e+00	4.910623e-01	9.366393e-05	5.921477e-03	1.473187e-04	9.366393e-07	6.322046e+03	1.572843e+02
17:24:14	1.968190e+01	2.397255e+00	9.395475e+00	1.972781e+00	4.902935e-01	9.395475e-05	5.918343e-03	1.470880e-04	9.395475e-07	6.299142e+03	1.565520e+02
17:24:14	1.966480e+01	2.395173e+00	9.403757e+00	1.970374e+00	4.877438e-01	9.403757e-05	5.911122e-03	1.463231e-04	9.403757e-07	6.285916e+03	1.556007e+02
17:24:14	1.964190e+01	2.392383e+00	9.403725e+00	1.970939e+00	4.829072e-01	9.403725e-05	5.912816e-03	1.448722e-04	9.403725e-07	6.287738e+03	1.540583e+02
17:24:15	1.962460e+01	2.390276e+00	9.411179e+00	1.969923e+00	4.781874e-01	9.411179e-05	5.909770e-03	1.434562e-04	9.411179e-07	6.279521e+03	1.524317e+02
17:24:15	1.960330e+01	2.387682e+00	9.415471e+00	1.970614e+00	4.748624e-01	9.415471e-05	5.911843e-03	1.424587e-04	9.415471e-07	6.278860e+03	1.513028e+02
17:24:15	1.957950e+01	2.384783e+00	9.377212e+00	1.968606e+00	4.674275e-01	9.377212e-05	5.905819e-03	1.402283e-04	9.377212e-07	6.298054e+03	1.495415e+02
17:24:16	1.956400e+01	2.382895e+00	9.371223e+00	1.970257e+00	4.638625e-01	9.371223e-05	5.910772e-03	1.391587e-04	9.371223e-07	6.307365e+03	1.484958e+02
17:24:16	1.954660e+01	2.380776e+00	9.368862e+00	1.968564e+00	4.624676e-01	9.368862e-05	5.905692e-03	1.387403e-04	9.368862e-07	6.303532e+03	1.480866e+02
17:24:16	1.952840e+01	2.378559e+00	9.357407e+00	1.969116e+00	4.621400e-01	9.357407e-05	5.907347e-03	1.386420e-04	9.357407e-07	6.313017e+03	1.481628e+02
17:24:17	1.951470e+01	2.376890e+00	9.371162e+00	1.968246e+00	4.611182e-01	9.371162e-05	5.904739e-03	1.383355e-04	9.371162e-07	6.300968e+03	1.476183e+02
17:24:17	1.949770e+01	2.374820e+00	9.395540e+00	1.968496e+00	4.626136e-01	9.395540e-05	5.905488e-03	1.387841e-04	9.395540e-07	6.285416e+03	1.477127e+02
17:24:17	1.948600e+01	2.373395e+00	9.406132e+00	1.967406e+00	4.618416e-01	9.406132e-05	5.902218e-03	1.385525e-04	9.406132e-07	6.274862e+03	1.473002e+02
17:24:18	1.946480e+01	2.370813e+00	9.411442e+00	1.967873e+00	4.578516e-01	9.411442e-05	5.903619e-03	1.373555e-04	9.411442e-07	6.272811e+03	1.459452e+02
17:24:18	1.944540e+01	2.368450e+00	9.417800e+00	1.967215e+00	4.542120e-01	9.417800e-05	5.901644e-03	1.362636e-04	9.417800e-07	6.266478e+03	1.446873e+02
17:24:18	1.942400e+01	2.365843e+00	9.387229e+00	1.966222e+00	4.494208e-01	9.387229e-05	5.898666e-03	1.348262e-04	9.387229e-07	6.283714e+03	1.436273e+02
17:24:19	1.940600e+01	2.363651e+00	9.375635e+00	1.967211e+00	4.463359e-01	9.375635e-05	5.901634e-03	1.339008e-04	9.375635e-07	6.294650e+03	1.428178e+02
17:24:19	1.938760e+01	2.361410e+00	9.367048e+00	1.967017e+00	4.442566e-01	9.367048e-05	5.901050e-03	1.332770e-04	9.367048e-07	6.299797e+03	1.422828e+02
17:24:19	1.937040e+01	2.359315e+00	9.362001e+00	1.966112e+00	4.461251e-01	9.362001e-05	5.898335e-03	1.338375e-04	9.362001e-07	6.300294e+03	1.429582e+02
17:24:20	1.935850e+01	2.357865e+00	9.365523e+00	1.966225e+00	4.452006e-01	9.365523e-05	5.898676e-03	1.335602e-04	9.365523e-07	6.298287e+03	1.426083e+02
17:24:20	1.934540e+01	2.356270e+00	9.383025e+00	1.967403e+00	4.446815e-01	9.383025e-05	5.902208e-03	1.334045e-04	9.383025e-07	6.290304e+03	1.421764e+02
17:24:20	1.932980e+01	2.354370e+00	9.405603e+00	1.966284e+00	4.467317e-01	9.405603e-05	5.898851e-03	1.340195e-04	9.405603e-07	6.271635e+03	1.424890e+02
17:24:20	1.931470e+01	2.352530e+00	9.411121e+00	1.966618e+00	4.456742e-01	9.411121e-05	5.899853e-03	1.337022e-04	9.411121e-07	6.269023e+03	1.420684e+02
17:24:21	1.929770e+01	2.350460e+00	9.418631e+00	1.967030e+00	4.425276e-01	9.418631e-05	5.901089e-03	1.327583e-04	9.418631e-07	6.265336e+03	1.409528e+02
17:24:21	1.927790e+01	2.348048e+00	9.398615e+00	1.967140e+00	4.395757e-01	9.398615e-05	5.901420e-03	1.318727e-04	9.398615e-07	6.279031e+03	1.403108e+02
17:24:22	1.925850e+01	2.345685e+00	9.378860e+00	1.967017e+00	4.354819e-01	9.378860e-05	5.901050e-03	1.306446e-04	9.378860e-07	6.291863e+03	1.392969e+02
17:24:22	1.924140e+01	2.343603e+00	9.371165e+00	1.966777e+00	4.361242e-01	9.371165e-05	5.900330e-03	1.308373e-04	9.371165e-07	6.296261e+03	1.396169e+02
17:24:22	1.922880e+01	2.342068e+00	9.366513e+00	1.967088e+00	4.369547e-01	9.366513e-05	5.901264e-03	1.310864e-04	9.366513e-07	6.300386e+03	1.399522e+02
17:24:22	1.921270e+01	2.340107e+00	9.370023e+00	1.966932e+00	4.362118e-01	9.370023e-05	5.900797e-03	1.308635e-04	9.370023e-07	6.297527e+03	1.396619e+02
17:24:23	1.920140e+01	2.338731e+00	9.394612e+00	1.968979e+00	4.395141e-01	9.394612e-05	5.906938e-03	1.318542e-04	9.394612e-07	6.287580e+03	1.403509e+02
17:24:23	1.918560e+01	2.336806e+00	9.406372e+00	1.967263e+00	4.396860e-01	9.406372e-05	5.901790e-03	1.319058e-04	9.406372e-07	6.274247e+03	1.402303e+02
17:24:23	1.917410e+01	2.335405e+00	9.406936e+00	1.966916e+00	4.392286e-01	9.406936e-05	5.900749e-03	1.317686e-04	9.406936e-07	6.272763e+03	1.400760e+02
17:24:23	1.916030e+01	2.333725e+00	9.416357e+00	1.966021e+00	4.373731e-01	9.416357e-05	5.898063e-03	1.312119e-04	9.416357e-07	6.263635e+03	1.393447e+02
17:24:24	1.914300e+01	2.331617e+00	9.409703e+00	1.965700e+00	4.358517e-01	9.409703e-05	5.897099e-03	1.307555e-04	9.409703e-07	6.267040e+03	1.389582e+02
17:24:24	1.912680e+01	2.329644e+00	9.375891e+00	1.965687e+00	4.329290e-01	9.375891e-05	5.897060e-03	1.298787e-04	9.375891e-07	6.289600e+03	1.385241e+02
17:24:24	1.911090e+01	2.327708e+00	9.365296e+00	1.966994e+00	4.301069e-01	9.365296e-05	5.900982e-03	1.290321e-04	9.365296e-07	6.300903e+03	1.377768e+02
17:24:25	1.909390e+01	2.325637e+00	9.361313e+00	1.967477e+00	4.302204e-01	9.361313e-05	5.902432e-03	1.290661e-04	9.361313e-07	6.305133e+03	1.378718e+02
17:24:25	1.908060e+01	2.324017e+00	9.360898e+00	1.968243e+00	4.313201e-01	9.360898e-05	5.904729e-03	1.293960e-04	9.360898e-07	6.307866e+03	1.382304e+02
17:24:25	1.906820e+01	2.322507e+00	9.354442e+00	1.967299e+00	4.316964e-01	9.354442e-05	5.901897e-03	1.295089e-04	9.354442e-07	6.309192e+03	1.384464e+02
17:24:25	1.905650e+01	2.321082e+00	9.370675e+00	1.968168e+00	4.327311e-01	9.370675e-05	5.904505e-03	1.298193e-04	9.370675e-07	6.301046e+03	1.385379e+02
17:24:26	1.904260e+01	2.319389e+00	9.385429e+00	1.966903e+00	4.338470e-01	9.385429e-05	5.900710e-03	1.301541e-04	9.385429e-07	6.287097e+03	1.386768e+02
17:24:26	1.903090e+01	2.317964e+00	9.393895e+00	1.965382e+00	4.353749e-01	9.393895e-05	5.896145e-03	1.306125e-04	9.393895e-07	6.276571e+03	1.390397e+02
17:24:26	1.901810e+01	2.316405e+00	9.396020e+00	1.966637e+00	4.333540e-01	9.396020e-05	5.899912e-03	1.300062e-04	9.396020e-07	6.279160e+03	1.383630e+02
17:24:26	1.900660e+01	2.315004e+00	9.393071e+00	1.967228e+00	4.308529e-01	9.393071e-05	5.901683e-03	1.292559e-04	9.393071e-07	6.283017e+03	1.376077e+02
17:24:27	1.899010e+01	2.312994e+00	9.393548e+00	1.966391e+00	4.304183e-01	9.393548e-05	5.899172e-03	1.291255e-04	9.393548e-07	6.280025e+03	1.374619e+02
17:24:27	1.897190e+01	2.310777e+00	9.358010e+00	1.967218e+00	4.270479e-01	9.358010e-05	5.901654e-03	1.281144e-04	9.358010e-07	6.306526e+03	1.369034e+02
17:24:27	1.895290e+01	2.308463e+00	9.351805e+00	1.968794e+00	4.252313e-01	9.351805e-05	5.906383e-03	1.275694e-04	9.351805e-07	6.315768e+03	1.364115e+02
17:24:28	1.893730e+01	2.306563e+00	9.348535e+00	1.968233e+00	4.280081e-01	9.348535e-05	5.904700e-03	1.284024e-04	9.348535e-07	6.316177e+03	1.373503e+02
17:24:28	1.892600e+01	2.305187e+00	9.347889e+00	1.967065e+00	4.291434e-01	9.347889e-05	5.901196e-03	1.287430e-04	9.347889e-07	6.312865e+03	1.377242e+02
17:24:28	1.891470e+01	2.303810e+00	9.349268e+00	1.967630e+00	4.294970e-01	9.349268e-05	5.902890e-03	1.288491e-04	9.349268e-07	6.313745e+03	1.378173e+02
17:24:28	1.890160e+01	2.302215e+00	9.370659e+00	1.967383e+00	4.316250e-01	9.370659e-05	5.902150e-03	1.294875e-04	9.370659e-07	6.298543e+03	1.381840e+02
17:24:29	1.889030e+01	2.300839e+00	9.383505e+00	1.965087e+00	4.339800e-01	9.383505e-05	5.895260e-03	1.301940e-04	9.383505e-07	6.282578e+03	1.387477e+02
17:24:29	1.887850e+01	2.299401e+00	9.386716e+00	1.966527e+00	4.339541e-01	9.386716e-05	5.899581e-03	1.301862e-04	9.386716e-07	6.285031e+03	1.386920e+02
17:24:29	1.886540e+01	2.297806e+00	9.384361e+00	1.965950e+00	4.333280e-01	9.384361e-05	5.897849e-03	1.299984e-04	9.384361e-07	6.284763e+03	1.385266e+02
17:24:29	1.885470e+01	2.296502e+00	9.392186e+00	1.966190e+00	4.318813e-01	9.392186e-05	5.898569e-03	1.295644e-04	9.392186e-07	6.280294e+03	1.379491e+02
17:24:30	1.884280e+01	2.295053e+00	9.400370e+00	1.965447e+00	4.310281e-01	9.400370e-05	5.896340e-03	1.293084e-04	9.400370e-07	6.272455e+03	1.375567e+02
17:24:30	1.883130e+01	2.293652e+00	9.390801e+00	1.965690e+00	4.316509e-01	9.390801e-05	5.897070e-03	1.294953e-04	9.390801e-07	6.279624e+03	1.378959e+02
17:24:30	1.881710e+01	2.291923e+00	9.363668e+00	1.965093e+00	4.300160e-01	9.363668e-05	5.895279e-03	1.290048e-04	9.363668e-07	6.295908e+03	1.377717e+02
17:24:30	1.880460e+01	2.290400e+00	9.361851e+00	1.966005e+00	4.295165e-01	9.361851e-05	5.898014e-03	1.288549e-04	9.361851e-07	6.300051e+03	1.376383e+02
17:24:31	1.879070e+01	2.288707e+00	9.351649e+00	1.965038e+00	4.306875e-01	9.351649e-05	5.895114e-03	1.292063e-04	9.351649e-07	6.303823e+03	1.381641e+02
17:24:31	1.877750e+01	2.287100e+00	9.347451e+00	1.965395e+00	4.334675e-01	9.347451e-05	5.896184e-03	1.300403e-04	9.347451e-07	6.307799e+03	1.391184e+02
17:24:31	1.876580e+01	2.285674e+00	9.347334e+00	1.965148e+00	4.330198e-01	9.347334e-05	5.895445e-03	1.299060e-04	9.347334e-07	6.307087e+03	1.389765e+02
17:24:31	1.875330e+01	2.284152e+00	9.353839e+00	1.965333e+00	4.337951e-01	9.353839e-05	5.896000e-03	1.301385e-04	9.353839e-07	6.303294e+03	1.391285e+02
17:24:32	1.874020e+01	2.282556e+00	9.379233e+00	1.962787e+00	4.379797e-01	9.379233e-05	5.888360e-03	1.313939e-04	9.379233e-07	6.278083e+03	1.400903e+02
17:24:32	1.872770e+01	2.281034e+00	9.386674e+00	1.962615e+00	4.393032e-01	9.386674e-05	5.887844e-03	1.317910e-04	9.386674e-07	6.272556e+03	1.404022e+02
17:24:32	1.871330e+01	2.279280e+00	9.395748e+00	1.963822e+00	4.385863e-01	9.395748e-05	5.891465e-03	1.315759e-04	9.395748e-07	6.270352e+03	1.400377e+02
17:24:32	1.870200e+01	2.277904e+00	9.395170e+00	1.963319e+00	4.400104e-01	9.395170e-05	5.889956e-03	1.320031e-04	9.395170e-07	6.269132e+03	1.405010e+02
17:24:33	1.868970e+01	2.276405e+00	9.395446e+00	1.964068e+00	4.376943e-01	9.395446e-05	5.892204e-03	1.313083e-04	9.395446e-07	6.271341e+03	1.397574e+02
17:24:33	1.867740e+01	2.274907e+00	9.393487e+00	1.962848e+00	4.382554e-01	9.393487e-05	5.888545e-03	1.314766e-04	9.393487e-07	6.268753e+03	1.399657e+02
17:24:33	1.866600e+01	2.273519e+00	9.394363e+00	1.962595e+00	4.384793e-01	9.394363e-05	5.887786e-03	1.315438e-04	9.394363e-07	6.267361e+03	1.400242e+02
17:24:33	1.865270e+01	2.271899e+00	9.372252e+00	1.962384e+00	4.378889e-01	9.372252e-05	5.887153e-03	1.313667e-04	9.372252e-07	6.281472e+03	1.401655e+02
17:24:34	1.864060e+01	2.270425e+00	9.360064e+00	1.963864e+00	4.371104e-01	9.360064e-05	5.891591e-03	1.311331e-04	9.360064e-07	6.294392e+03	1.400985e+02
17:24:34	1.862580e+01	2.268622e+00	9.359285e+00	1.962157e+00	4.371136e-01	9.359285e-05	5.886472e-03	1.311341e-04	9.359285e-07	6.289446e+03	1.401112e+02
17:24:34	1.861470e+01	2.267270e+00	9.359435e+00	1.963176e+00	4.379019e-01	9.359435e-05	5.889528e-03	1.313706e-04	9.359435e-07	6.292611e+03	1.403616e+02
17:24:34	1.859900e+01	2.265358e+00	9.354069e+00	1.962151e+00	4.390048e-01	9.354069e-05	5.886453e-03	1.317014e-04	9.354069e-07	6.292933e+03	1.407959e+02
17:24:35	1.858810e+01	2.264031e+00	9.349982e+00	1.961285e+00	4.413598e-01	9.349982e-05	5.883854e-03	1.324079e-04	9.349982e-07	6.292905e+03	1.416131e+02
17:24:35	1.857410e+01	2.262325e+00	9.347665e+00	1.960668e+00	4.429169e-01	9.347665e-05	5.882005e-03	1.328751e-04	9.347665e-07	6.292486e+03	1.421479e+02
17:24:35	1.856140e+01	2.260779e+00	9.344275e+00	1.960646e+00	4.429558e-01	9.344275e-05	5.881937e-03	1.328867e-04	9.344275e-07	6.294696e+03	1.422119e+02
17:24:35	1.854750e+01	2.259085e+00	9.350932e+00	1.961304e+00	4.439517e-01	9.350932e-05	5.883913e-03	1.331855e-04	9.350932e-07	6.292328e+03	1.424302e+02
17:24:36	1.853660e+01	2.257758e+00	9.373004e+00	1.960610e+00	4.470917e-01	9.373004e-05	5.881830e-03	1.341275e-04	9.373004e-07	6.275288e+03	1.430998e+02
17:24:36	1.852200e+01	2.255980e+00	9.383930e+00	1.957353e+00	4.495149e-01	9.383930e-05	5.872060e-03	1.348545e-04	9.383930e-07	6.257570e+03	1.437079e+02
17:24:36	1.850610e+01	2.254043e+00	9.386982e+00	1.958057e+00	4.516753e-01	9.386982e-05	5.874171e-03	1.355026e-04	9.386982e-07	6.257785e+03	1.443516e+02
17:24:36	1.849530e+01	2.252728e+00	9.385137e+00	1.957373e+00	4.527004e-01	9.385137e-05	5.872118e-03	1.358101e-04	9.385137e-07	6.256827e+03	1.447077e+02
17:24:37	1.847860e+01	2.250693e+00	9.389445e+00	1.958862e+00	4.519218e-01	9.389445e-05	5.876585e-03	1.355766e-04	9.389445e-07	6.258714e+03	1.443925e+02
17:24:37	1.846670e+01	2.249244e+00	9.389652e+00	1.957152e+00	4.528853e-01	9.389652e-05	5.871456e-03	1.358656e-04	9.389652e-07	6.253114e+03	1.446971e+02
17:24:37	1.845230e+01	2.247490e+00	9.397519e+00	1.955118e+00	4.532551e-01	9.397519e-05	5.865355e-03	1.359765e-04	9.397519e-07	6.241386e+03	1.446941e+02
17:24:38	1.843310e+01	2.245152e+00	9.373380e+00	1.954729e+00	4.540174e-01	9.373380e-05	5.864187e-03	1.362052e-04	9.373380e-07	6.256213e+03	1.453107e+02
17:24:38	1.842180e+01	2.243775e+00	9.360284e+00	1.953934e+00	4.528658e-01	9.360284e-05	5.861803e-03	1.358597e-04	9.360284e-07	6.262419e+03	1.451449e+02
17:24:38	1.840970e+01	2.242301e+00	9.356495e+00	1.954875e+00	4.536897e-01	9.356495e-05	5.864625e-03	1.361069e-04	9.356495e-07	6.267972e+03	1.454678e+02
17:24:38	1.839680e+01	2.240730e+00	9.358377e+00	1.953986e+00	4.540174e-01	9.358377e-05	5.861958e-03	1.362052e-04	9.358377e-07	6.263862e+03	1.455436e+02
17:24:39	1.838440e+01	2.239220e+00	9.357926e+00	1.954242e+00	4.563724e-01	9.357926e-05	5.862727e-03	1.369117e-04	9.357926e-07	6.264985e+03	1.463056e+02
17:24:39	1.837350e+01	2.237892e+00	9.354218e+00	1.952770e+00	4.589318e-01	9.354218e-05	5.858309e-03	1.376795e-04	9.354218e-07	6.262746e+03	1.471845e+02
17:24:39	1.836000e+01	2.236248e+00	9.348518e+00	1.951878e+00	4.599666e-01	9.348518e-05	5.855633e-03	1.379900e-04	9.348518e-07	6.263701e+03	1.476063e+02
17:24:39	1.834850e+01	2.234847e+00	9.345927e+00	1.951868e+00	4.614783e-01	9.345927e-05	5.855604e-03	1.384435e-04	9.345927e-07	6.265407e+03	1.481324e+02
17:24:40	1.833620e+01	2.233349e+00	9.374707e+00	1.950963e+00	4.648065e-01	9.374707e-05	5.852888e-03	1.394419e-04	9.374707e-07	6.243276e+03	1.487427e+02
17:24:40	1.832400e+01	2.231863e+00	9.386068e+00	1.950603e+00	4.657245e-01	9.386068e-05	5.851808e-03	1.397173e-04	9.386068e-07	6.234568e+03	1.488561e+02
17:24:40	1.830930e+01	2.230073e+00	9.381250e+00	1.948326e+00	4.675702e-01	9.381250e-05	5.844977e-03	1.402711e-04	9.381250e-07	6.230488e+03	1.495228e+02
17:24:40	1.829230e+01	2.228002e+00	9.394181e+00	1.948913e+00	4.665354e-01	9.394181e-05	5.846738e-03	1.399606e-04	9.394181e-07	6.223787e+03	1.489865e+02
17:24:41	1.827520e+01	2.225919e+00	9.396218e+00	1.947313e+00	4.681606e-01	9.396218e-05	5.841940e-03	1.404482e-04	9.396218e-07	6.217331e+03	1.494731e+02
17:24:41	1.826020e+01	2.224092e+00	9.376598e+00	1.946704e+00	4.688061e-01	9.376598e-05	5.840111e-03	1.406418e-04	9.376598e-07	6.228389e+03	1.499924e+02
17:24:41	1.824770e+01	2.222570e+00	9.363321e+00	1.944838e+00	4.685369e-01	9.363321e-05	5.834515e-03	1.405611e-04	9.363321e-07	6.231245e+03	1.501188e+02
17:24:42	1.823500e+01	2.221023e+00	9.360677e+00	1.941708e+00	4.685823e-01	9.360677e-05	5.825124e-03	1.405747e-04	9.360677e-07	6.222973e+03	1.501758e+02
17:24:42	1.822430e+01	2.219720e+00	9.357829e+00	1.941319e+00	4.695490e-01	9.357829e-05	5.823956e-03	1.408647e-04	9.357829e-07	6.223619e+03	1.505314e+02
17:24:42	1.821270e+01	2.218307e+00	9.349677e+00	1.940297e+00	4.711515e-01	9.349677e-05	5.820891e-03	1.413454e-04	9.349677e-07	6.225767e+03	1.511768e+02
17:24:42	1.820080e+01	2.216857e+00	9.350020e+00	1.940939e+00	4.728642e-01	9.350020e-05	5.822818e-03	1.418593e-04	9.350020e-07	6.227599e+03	1.517208e+02
17:24:42	1.818850e+01	2.215359e+00	9.345550e+00	1.939645e+00	4.756994e-01	9.345550e-05	5.818935e-03	1.427098e-04	9.345550e-07	6.226423e+03	1.527035e+02
17:24:43	1.817760e+01	2.214032e+00	9.355973e+00	1.937209e+00	4.772369e-01	9.355973e-05	5.811626e-03	1.431711e-04	9.355973e-07	6.211675e+03	1.530264e+02
17:24:43	1.816160e+01	2.212083e+00	9.387297e+00	1.937666e+00	4.826510e-01	9.387297e-05	5.812998e-03	1.447953e-04	9.387297e-07	6.192409e+03	1.542460e+02
17:24:43	1.814450e+01	2.210000e+00	9.389691e+00	1.935149e+00	4.861770e-01	9.389691e-05	5.805447e-03	1.458531e-04	9.389691e-07	6.182788e+03	1.553332e+02
17:24:44	1.812530e+01	2.207662e+00	9.395644e+00	1.933290e+00	4.867058e-01	9.395644e-05	5.799870e-03	1.460117e-04	9.395644e-07	6.172936e+03	1.554036e+02
17:24:44	1.811110e+01	2.205932e+00	9.400520e+00	1.932135e+00	4.877503e-01	9.400520e-05	5.796406e-03	1.463251e-04	9.400520e-07	6.166048e+03	1.556564e+02
17:24:44	1.809560e+01	2.204044e+00	9.377941e+00	1.930569e+00	4.890965e-01	9.377941e-05	5.791706e-03	1.467290e-04	9.377941e-07	6.175882e+03	1.564618e+02
17:24:45	1.808200e+01	2.202388e+00	9.363872e+00	1.930958e+00	4.873383e-01	9.363872e-05	5.792873e-03	1.462015e-04	9.363872e-07	6.186408e+03	1.561336e+02
17:24:45	1.806930e+01	2.200841e+00	9.353219e+00	1.928311e+00	4.886197e-01	9.353219e-05	5.784932e-03	1.465859e-04	9.353219e-07	6.184964e+03	1.567224e+02
17:24:45	1.805540e+01	2.199148e+00	9.351827e+00	1.928298e+00	4.896901e-01	9.351827e-05	5.784893e-03	1.469070e-04	9.351827e-07	6.185843e+03	1.570891e+02
17:24:45	1.804430e+01	2.197796e+00	9.348094e+00	1.925395e+00	4.938520e-01	9.348094e-05	5.776184e-03	1.481556e-04	9.348094e-07	6.178996e+03	1.584875e+02
17:24:46	1.803090e+01	2.196164e+00	9.347750e+00	1.924691e+00	4.956653e-01	9.347750e-05	5.774072e-03	1.486996e-04	9.347750e-07	6.176965e+03	1.590753e+02
17:24:46	1.802040e+01	2.194885e+00	9.353965e+00	1.924911e+00	4.974365e-01	9.353965e-05	5.774734e-03	1.492309e-04	9.353965e-07	6.173568e+03	1.595376e+02
17:24:46	1.800690e+01	2.193240e+00	9.377105e+00	1.922764e+00	4.995904e-01	9.377105e-05	5.768291e-03	1.498771e-04	9.377105e-07	6.151463e+03	1.598331e+02
17:24:46	1.799130e+01	2.191340e+00	9.388566e+00	1.917982e+00	5.029673e-01	9.388566e-05	5.753947e-03	1.508902e-04	9.388566e-07	6.128675e+03	1.607170e+02
17:24:47	1.797540e+01	2.189404e+00	9.394246e+00	1.915420e+00	5.054164e-01	9.394246e-05	5.746259e-03	1.516249e-04	9.394246e-07	6.116786e+03	1.614019e+02
17:24:47	1.795960e+01	2.187479e+00	9.395657e+00	1.916584e+00	5.046995e-01	9.395657e-05	5.749753e-03	1.514098e-04	9.395657e-07	6.119585e+03	1.611488e+02
17:24:47	1.794770e+01	2.186030e+00	9.394917e+00	1.916892e+00	5.059127e-01	9.394917e-05	5.750677e-03	1.517738e-04	9.394917e-07	6.121051e+03	1.615489e+02
17:24:48	1.793600e+01	2.184605e+00	9.392825e+00	1.912318e+00	5.088095e-01	9.392825e-05	5.736955e-03	1.526428e-04	9.392825e-07	6.107806e+03	1.625100e+02
17:24:48	1.791980e+01	2.182632e+00	9.378379e+00	1.916166e+00	5.074308e-01	9.378379e-05	5.748497e-03	1.522292e-04	9.378379e-07	6.129521e+03	1.623194e+02
17:24:48	1.790630e+01	2.180987e+00	9.368875e+00	1.912312e+00	5.062630e-01	9.368875e-05	5.736936e-03	1.518789e-04	9.368875e-07	6.123399e+03	1.621101e+02
17:24:49	1.789380e+01	2.179465e+00	9.354007e+00	1.908552e+00	5.080504e-01	9.354007e-05	5.725657e-03	1.524151e-04	9.354007e-07	6.121074e+03	1.629410e+02
17:24:49	1.788110e+01	2.177918e+00	9.363347e+00	1.907767e+00	5.072524e-01	9.363347e-05	5.723302e-03	1.521757e-04	9.363347e-07	6.112453e+03	1.625228e+02
17:24:49	1.787030e+01	2.176603e+00	9.356171e+00	1.908747e+00	5.089846e-01	9.356171e-05	5.726241e-03	1.526954e-04	9.356171e-07	6.120282e+03	1.632029e+02
17:24:49	1.785700e+01	2.174983e+00	9.350660e+00	1.900371e+00	5.105612e-01	9.350660e-05	5.701114e-03	1.531683e-04	9.350660e-07	6.097018e+03	1.638049e+02
17:24:50	1.784090e+01	2.173022e+00	9.350744e+00	1.901565e+00	5.122058e-01	9.350744e-05	5.704695e-03	1.536617e-04	9.350744e-07	6.100793e+03	1.643310e+02
17:24:50	1.783010e+01	2.171706e+00	9.348856e+00	1.902665e+00	5.139834e-01	9.348856e-05	5.707994e-03	1.541950e-04	9.348856e-07	6.105554e+03	1.649347e+02
17:24:50	1.781840e+01	2.170281e+00	9.350938e+00	1.900345e+00	5.147198e-01	9.350938e-05	5.701036e-03	1.544159e-04	9.350938e-07	6.096753e+03	1.651342e+02
17:24:50	1.780290e+01	2.168393e+00	9.353689e+00	1.896050e+00	5.171559e-01	9.353689e-05	5.688151e-03	1.551468e-04	9.353689e-07	6.081185e+03	1.658669e+02
17:24:51	1.778550e+01	2.166274e+00	9.351402e+00	1.900582e+00	5.172176e-01	9.351402e-05	5.701746e-03	1.551653e-04	9.351402e-07	6.097210e+03	1.659273e+02
17:24:51	1.777560e+01	2.165068e+00	9.369170e+00	1.893017e+00	5.205587e-01	9.369170e-05	5.679052e-03	1.561676e-04	9.369170e-07	6.061425e+03	1.666825e+02
17:24:51	1.775700e+01	2.162803e+00	9.383875e+00	1.889988e+00	5.233582e-01	9.383875e-05	5.669963e-03	1.570075e-04	9.383875e-07	6.042241e+03	1.673162e+02
17:24:52	1.774130e+01	2.160890e+00	9.389539e+00	1.887727e+00	5.243800e-01	9.389539e-05	5.663180e-03	1.573140e-04	9.389539e-07	6.031372e+03	1.675418e+02
17:24:52	1.772730e+01	2.159185e+00	9.385023e+00	1.886166e+00	5.267578e-01	9.385023e-05	5.658499e-03	1.580273e-04	9.385023e-07	6.029286e+03	1.683825e+02
17:24:52	1.770810e+01	2.156847e+00	9.384225e+00	1.885385e+00	5.282370e-01	9.384225e-05	5.656154e-03	1.584711e-04	9.384225e-07	6.027300e+03	1.688697e+02
17:24:53	1.769280e+01	2.154983e+00	9.386752e+00	1.881476e+00	5.290544e-01	9.386752e-05	5.644427e-03	1.587163e-04	9.386752e-07	6.013184e+03	1.690855e+02
17:24:53	1.767840e+01	2.153229e+00	9.397762e+00	1.883623e+00	5.277082e-01	9.397762e-05	5.650869e-03	1.583125e-04	9.397762e-07	6.012995e+03	1.684576e+02
17:24:53	1.766070e+01	2.151073e+00	9.399754e+00	1.877165e+00	5.291744e-01	9.399754e-05	5.631494e-03	1.587523e-04	9.399754e-07	5.991108e+03	1.688899e+02
17:24:54	1.764390e+01	2.149027e+00	9.402398e+00	1.874784e+00	5.308418e-01	9.402398e-05	5.624351e-03	1.592525e-04	9.402398e-07	5.981826e+03	1.693744e+02
17:24:54	1.762940e+01	2.147261e+00	9.405726e+00	1.871783e+00	5.335699e-01	9.405726e-05	5.615349e-03	1.600710e-04	9.405726e-07	5.970139e+03	1.701846e+02
17:24:54	1.761200e+01	2.145142e+00	9.391563e+00	1.868773e+00	5.344360e-01	9.391563e-05	5.606318e-03	1.603308e-04	9.391563e-07	5.969526e+03	1.707179e+02
17:24:55	1.759540e+01	2.143120e+00	9.377786e+00	1.867712e+00	5.328043e-01	9.377786e-05	5.603136e-03	1.598413e-04	9.377786e-07	5.974903e+03	1.704467e+02
17:24:55	1.758450e+01	2.141792e+00	9.379541e+00	1.865957e+00	5.323437e-01	9.379541e-05	5.597871e-03	1.597031e-04	9.379541e-07	5.968172e+03	1.702675e+02
17:24:55	1.756940e+01	2.139953e+00	9.371622e+00	1.864750e+00	5.330022e-01	9.371622e-05	5.594251e-03	1.599007e-04	9.371622e-07	5.969352e+03	1.706222e+02
17:24:55	1.755840e+01	2.138613e+00	9.370889e+00	1.863670e+00	5.335569e-01	9.370889e-05	5.591010e-03	1.600671e-04	9.370889e-07	5.966360e+03	1.708131e+02
17:24:56	1.754190e+01	2.136603e+00	9.370276e+00	1.860316e+00	5.347669e-01	9.370276e-05	5.580948e-03	1.604301e-04	9.370276e-07	5.956012e+03	1.712117e+02
17:24:56	1.752650e+01	2.134728e+00	9.372310e+00	1.858110e+00	5.352405e-01	9.372310e-05	5.574330e-03	1.605721e-04	9.372310e-07	5.947659e+03	1.713261e+02
17:24:56	1.751140e+01	2.132889e+00	9.379859e+00	1.855220e+00	5.365153e-01	9.379859e-05	5.565659e-03	1.609546e-04	9.379859e-07	5.933628e+03	1.715960e+02
17:24:57	1.749340e+01	2.130696e+00	9.373595e+00	1.854178e+00	5.384000e-01	9.373595e-05	5.562535e-03	1.615200e-04	9.373595e-07	5.934261e+03	1.723138e+02
17:24:57	1.748210e+01	2.129320e+00	9.375097e+00	1.851256e+00	5.394186e-01	9.375097e-05	5.553767e-03	1.618256e-04	9.375097e-07	5.923957e+03	1.726122e+02
17:24:57	1.746670e+01	2.127444e+00	9.373137e+00	1.850370e+00	5.402003e-01	9.373137e-05	5.551111e-03	1.620601e-04	9.373137e-07	5.922361e+03	1.728985e+02
17:24:58	1.744800e+01	2.125166e+00	9.372602e+00	1.848479e+00	5.408296e-01	9.372602e-05	5.545437e-03	1.622489e-04	9.372602e-07	5.916646e+03	1.731098e+02
17:24:58	1.743300e+01	2.123339e+00	9.361816e+00	1.846121e+00	5.402133e-01	9.361816e-05	5.538362e-03	1.620640e-04	9.361816e-07	5.915906e+03	1.731117e+02
17:24:58	1.741740e+01	2.121439e+00	9.360800e+00	1.843934e+00	5.409626e-01	9.360800e-05	5.531803e-03	1.622888e-04	9.360800e-07	5.909541e+03	1.733706e+02
17:24:59	1.740090e+01	2.119430e+00	9.365105e+00	1.841784e+00	5.407194e-01	9.365105e-05	5.525351e-03	1.622158e-04	9.365105e-07	5.899935e+03	1.732130e+02
17:24:59	1.738470e+01	2.117456e+00	9.367071e+00	1.839545e+00	5.416276e-01	9.367071e-05	5.518636e-03	1.624883e-04	9.367071e-07	5.891528e+03	1.734676e+02
17:24:59	1.736960e+01	2.115617e+00	9.387768e+00	1.837203e+00	5.426170e-01	9.387768e-05	5.511610e-03	1.627851e-04	9.387768e-07	5.871055e+03	1.734013e+02
17:25:00	1.735220e+01	2.113498e+00	9.397221e+00	1.836298e+00	5.450434e-01	9.397221e-05	5.508895e-03	1.635130e-04	9.397221e-07	5.862260e+03	1.740015e+02
17:25:00	1.733680e+01	2.111622e+00	9.402606e+00	1.831092e+00	5.467984e-01	9.402606e-05	5.493275e-03	1.640395e-04	9.402606e-07	5.842291e+03	1.744618e+02
17:25:00	1.731870e+01	2.109418e+00	9.412506e+00	1.830420e+00	5.475023e-01	9.412506e-05	5.491261e-03	1.642507e-04	9.412506e-07	5.834005e+03	1.745026e+02
17:25:01	1.730450e+01	2.107688e+00	9.417742e+00	1.827731e+00	5.475736e-01	9.417742e-05	5.483193e-03	1.642721e-04	9.417742e-07	5.822195e+03	1.744283e+02
17:25:01	1.729000e+01	2.105922e+00	9.413136e+00	1.824997e+00	5.468503e-01	9.413136e-05	5.474990e-03	1.640551e-04	9.413136e-07	5.816329e+03	1.742831e+02
17:25:01	1.727240e+01	2.103778e+00	9.411935e+00	1.822946e+00	5.460912e-01	9.411935e-05	5.468839e-03	1.638274e-04	9.411935e-07	5.810536e+03	1.740634e+02
17:25:02	1.725710e+01	2.101915e+00	9.420694e+00	1.820945e+00	5.463150e-01	9.420694e-05	5.462835e-03	1.638945e-04	9.420694e-07	5.798761e+03	1.739729e+02
17:25:02	1.724230e+01	2.100112e+00	9.412746e+00	1.819372e+00	5.458674e-01	9.412746e-05	5.458115e-03	1.637602e-04	9.412746e-07	5.798643e+03	1.739771e+02
17:25:02	1.722820e+01	2.098395e+00	9.387450e+00	1.816838e+00	5.438562e-01	9.387450e-05	5.450515e-03	1.631569e-04	9.387450e-07	5.806172e+03	1.738032e+02
17:25:03	1.721710e+01	2.097043e+00	9.376524e+00	1.816449e+00	5.433826e-01	9.376524e-05	5.449347e-03	1.630148e-04	9.376524e-07	5.811692e+03	1.738542e+02
17:25:03	1.720490e+01	2.095557e+00	9.380530e+00	1.813941e+00	5.426073e-01	9.380530e-05	5.441824e-03	1.627822e-04	9.380530e-07	5.801191e+03	1.735320e+02
17:25:03	1.719480e+01	2.094327e+00	9.381072e+00	1.813082e+00	5.433339e-01	9.381072e-05	5.439245e-03	1.630002e-04	9.381072e-07	5.798107e+03	1.737543e+02
17:25:03	1.717970e+01	2.092487e+00	9.378911e+00	1.811765e+00	5.439859e-01	9.378911e-05	5.435294e-03	1.631958e-04	9.378911e-07	5.795229e+03	1.740029e+02
17:25:04	1.716470e+01	2.090660e+00	9.372268e+00	1.809776e+00	5.458544e-01	9.372268e-05	5.429329e-03	1.637563e-04	9.372268e-07	5.792972e+03	1.747243e+02
17:25:04	1.714840e+01	2.088675e+00	9.367220e+00	1.806049e+00	5.452737e-01	9.367220e-05	5.418147e-03	1.635821e-04	9.367220e-07	5.784157e+03	1.746325e+02
17:25:04	1.713240e+01	2.086726e+00	9.380923e+00	1.804593e+00	5.453321e-01	9.380923e-05	5.413778e-03	1.635996e-04	9.380923e-07	5.771050e+03	1.743961e+02
17:25:05	1.711890e+01	2.085082e+00	9.397908e+00	1.800609e+00	5.483359e-01	9.397908e-05	5.401827e-03	1.645008e-04	9.397908e-07	5.747904e+03	1.750398e+02
17:25:05	1.710150e+01	2.082963e+00	9.403147e+00	1.799655e+00	5.492118e-01	9.403147e-05	5.398966e-03	1.647635e-04	9.403147e-07	5.741659e+03	1.752217e+02
17:25:05	1.708640e+01	2.081124e+00	9.405415e+00	1.798189e+00	5.483003e-01	9.405415e-05	5.394568e-03	1.644901e-04	9.405415e-07	5.735598e+03	1.748887e+02
17:25:06	1.706920e+01	2.079029e+00	9.418086e+00	1.795591e+00	5.475477e-01	9.418086e-05	5.386773e-03	1.642643e-04	9.418086e-07	5.719604e+03	1.744137e+02
17:25:06	1.705400e+01	2.077177e+00	9.417463e+00	1.793187e+00	5.465680e-01	9.417463e-05	5.379561e-03	1.639704e-04	9.417463e-07	5.712325e+03	1.741131e+02
17:25:06	1.703910e+01	2.075362e+00	9.408231e+00	1.791169e+00	5.454781e-01	9.408231e-05	5.373508e-03	1.636434e-04	9.408231e-07	5.711497e+03	1.739365e+02
17:25:07	1.702330e+01	2.073438e+00	9.384079e+00	1.789155e+00	5.437264e-01	9.384079e-05	5.367465e-03	1.631179e-04	9.384079e-07	5.719757e+03	1.738241e+02
17:25:07	1.701340e+01	2.072232e+00	9.383816e+00	1.787731e+00	5.430128e-01	9.383816e-05	5.363193e-03	1.629038e-04	9.383816e-07	5.715364e+03	1.736008e+02
17:25:07	1.700010e+01	2.070612e+00	9.383336e+00	1.784519e+00	5.437524e-01	9.383336e-05	5.353558e-03	1.631257e-04	9.383336e-07	5.705389e+03	1.738462e+02
17:25:08	1.698540e+01	2.068822e+00	9.372527e+00	1.783556e+00	5.440313e-01	9.372527e-05	5.350668e-03	1.632094e-04	9.372527e-07	5.708885e+03	1.741360e+02
17:25:08	1.697380e+01	2.067409e+00	9.371447e+00	1.781921e+00	5.448034e-01	9.371447e-05	5.345763e-03	1.634410e-04	9.371447e-07	5.704310e+03	1.744032e+02
17:25:08	1.695970e+01	2.065691e+00	9.374409e+00	1.779381e+00	5.448715e-01	9.374409e-05	5.338144e-03	1.634615e-04	9.374409e-07	5.694379e+03	1.743699e+02
17:25:09	1.694170e+01	2.063499e+00	9.407283e+00	1.778262e+00	5.484235e-01	9.407283e-05	5.334786e-03	1.645271e-04	9.407283e-07	5.670910e+03	1.748933e+02
17:25:09	1.692640e+01	2.061636e+00	9.410018e+00	1.775232e+00	5.493448e-01	9.410018e-05	5.325697e-03	1.648034e-04	9.410018e-07	5.659603e+03	1.751362e+02
17:25:09	1.691200e+01	2.059882e+00	9.417976e+00	1.773341e+00	5.492734e-01	9.417976e-05	5.320023e-03	1.647820e-04	9.417976e-07	5.648797e+03	1.749654e+02
17:25:10	1.689340e+01	2.057616e+00	9.422345e+00	1.770227e+00	5.484787e-01	9.422345e-05	5.310681e-03	1.645436e-04	9.422345e-07	5.636262e+03	1.746313e+02
17:25:10	1.687830e+01	2.055777e+00	9.422618e+00	1.769156e+00	5.487414e-01	9.422618e-05	5.307469e-03	1.646224e-04	9.422618e-07	5.632691e+03	1.747099e+02
17:25:10	1.686360e+01	2.053986e+00	9.405194e+00	1.766532e+00	5.458998e-01	9.405194e-05	5.299597e-03	1.637699e-04	9.405194e-07	5.634755e+03	1.741271e+02
17:25:11	1.685200e+01	2.052574e+00	9.390012e+00	1.766052e+00	5.438043e-01	9.390012e-05	5.298156e-03	1.631413e-04	9.390012e-07	5.642332e+03	1.737392e+02
17:25:11	1.684090e+01	2.051222e+00	9.379716e+00	1.764693e+00	5.431490e-01	9.379716e-05	5.294079e-03	1.629447e-04	9.379716e-07	5.644178e+03	1.737203e+02
17:25:11	1.682860e+01	2.049723e+00	9.380777e+00	1.762701e+00	5.433339e-01	9.380777e-05	5.288104e-03	1.630002e-04	9.380777e-07	5.637170e+03	1.737598e+02
17:25:11	1.681810e+01	2.048445e+00	9.380099e+00	1.761666e+00	5.433599e-01	9.380099e-05	5.284999e-03	1.630080e-04	9.380099e-07	5.634268e+03	1.737806e+02
17:25:12	1.680560e+01	2.046922e+00	9.375217e+00	1.759642e+00	5.436356e-01	9.375217e-05	5.278927e-03	1.630907e-04	9.375217e-07	5.630725e+03	1.739594e+02
17:25:12	1.679140e+01	2.045193e+00	9.373510e+00	1.757517e+00	5.438756e-01	9.373510e-05	5.272552e-03	1.631627e-04	9.373510e-07	5.624950e+03	1.740679e+02
17:25:12	1.677550e+01	2.043256e+00	9.374639e+00	1.755990e+00	5.434896e-01	9.374639e-05	5.267969e-03	1.630469e-04	9.374639e-07	5.619383e+03	1.739234e+02
17:25:13	1.676030e+01	2.041405e+00	9.385396e+00	1.753424e+00	5.436810e-01	9.385396e-05	5.260271e-03	1.631043e-04	9.385396e-07	5.604741e+03	1.737852e+02
17:25:13	1.674620e+01	2.039687e+00	9.401837e+00	1.750631e+00	5.463053e-01	9.401837e-05	5.251892e-03	1.638916e-04	9.401837e-07	5.586028e+03	1.743187e+02
17:25:13	1.673040e+01	2.037763e+00	9.411968e+00	1.748665e+00	5.463442e-01	9.411968e-05	5.245995e-03	1.639033e-04	9.411968e-07	5.573749e+03	1.741435e+02
17:25:14	1.671570e+01	2.035972e+00	9.412633e+00	1.747792e+00	5.462307e-01	9.412633e-05	5.243377e-03	1.638692e-04	9.412633e-07	5.570574e+03	1.740950e+02
17:25:14	1.670110e+01	2.034194e+00	9.416324e+00	1.744636e+00	5.462891e-01	9.416324e-05	5.233908e-03	1.638867e-04	9.416324e-07	5.558335e+03	1.740453e+02
17:25:14	1.668660e+01	2.032428e+00	9.417723e+00	1.742975e+00	5.437232e-01	9.417723e-05	5.228926e-03	1.631170e-04	9.417723e-07	5.552219e+03	1.732021e+02
17:25:14	1.667170e+01	2.030613e+00	9.416986e+00	1.741113e+00	5.426008e-01	9.416986e-05	5.223340e-03	1.627802e-04	9.416986e-07	5.546721e+03	1.728581e+02
17:25:15	1.665670e+01	2.028786e+00	9.421148e+00	1.739251e+00	5.426657e-01	9.421148e-05	5.217754e-03	1.627997e-04	9.421148e-07	5.538342e+03	1.728024e+02
17:25:15	1.664180e+01	2.026971e+00	9.429939e+00	1.737315e+00	5.425067e-01	9.429939e-05	5.211944e-03	1.627520e-04	9.429939e-07	5.527017e+03	1.725907e+02
17:25:15	1.662720e+01	2.025193e+00	9.414917e+00	1.735323e+00	5.425554e-01	9.414917e-05	5.205969e-03	1.627666e-04	9.414917e-07	5.529490e+03	1.728816e+02
17:25:16	1.661630e+01	2.023865e+00	9.400137e+00	1.733931e+00	5.402068e-01	9.400137e-05	5.201794e-03	1.620620e-04	9.400137e-07	5.533743e+03	1.724039e+02
17:25:16	1.660380e+01	2.022343e+00	9.392676e+00	1.732364e+00	5.376571e-01	9.392676e-05	5.197093e-03	1.612971e-04	9.392676e-07	5.533134e+03	1.717265e+02
17:25:16	1.659390e+01	2.021137e+00	9.386629e+00	1.729948e+00	5.367262e-01	9.386629e-05	5.189843e-03	1.610178e-04	9.386629e-07	5.528975e+03	1.715396e+02
17:25:16	1.658160e+01	2.019639e+00	9.385870e+00	1.728767e+00	5.361358e-01	9.385870e-05	5.186301e-03	1.608407e-04	9.385870e-07	5.525648e+03	1.713648e+02
17:25:17	1.656680e+01	2.017836e+00	9.383109e+00	1.726574e+00	5.353832e-01	9.383109e-05	5.179722e-03	1.606150e-04	9.383109e-07	5.520262e+03	1.711746e+02
17:25:17	1.655130e+01	2.015948e+00	9.376560e+00	1.724631e+00	5.357368e-01	9.376560e-05	5.173893e-03	1.607210e-04	9.376560e-07	5.517902e+03	1.714073e+02
17:25:17	1.653670e+01	2.014170e+00	9.370046e+00	1.723201e+00	5.356622e-01	9.370046e-05	5.169602e-03	1.606987e-04	9.370046e-07	5.517157e+03	1.715025e+02
17:25:18	1.652240e+01	2.012428e+00	9.375473e+00	1.720417e+00	5.353962e-01	9.375473e-05	5.161252e-03	1.606189e-04	9.375473e-07	5.505058e+03	1.713181e+02
17:25:18	1.650800e+01	2.010674e+00	9.371187e+00	1.719399e+00	5.355908e-01	9.371187e-05	5.158196e-03	1.606772e-04	9.371187e-07	5.504314e+03	1.714588e+02
17:25:18	1.649310e+01	2.008860e+00	9.368709e+00	1.717118e+00	5.336412e-01	9.368709e-05	5.151355e-03	1.600924e-04	9.368709e-07	5.498468e+03	1.708799e+02
17:25:19	1.647770e+01	2.006984e+00	9.371943e+00	1.715253e+00	5.343549e-01	9.371943e-05	5.145759e-03	1.603065e-04	9.371943e-07	5.490600e+03	1.710493e+02
17:25:19	1.646320e+01	2.005218e+00	9.372634e+00	1.713826e+00	5.330898e-01	9.372634e-05	5.141477e-03	1.599269e-04	9.372634e-07	5.485627e+03	1.706318e+02
17:25:19	1.644880e+01	2.003464e+00	9.385951e+00	1.711691e+00	5.330346e-01	9.385951e-05	5.135074e-03	1.599104e-04	9.385951e-07	5.471021e+03	1.703721e+02
17:25:20	1.643430e+01	2.001698e+00	9.397532e+00	1.709615e+00	5.336250e-01	9.397532e-05	5.128846e-03	1.600875e-04	9.397532e-07	5.457652e+03	1.703506e+02
17:25:20	1.641970e+01	1.999919e+00	9.413077e+00	1.706871e+00	5.355097e-01	9.413077e-05	5.120613e-03	1.606529e-04	9.413077e-07	5.439892e+03	1.706699e+02
17:25:20	1.640220e+01	1.997788e+00	9.416970e+00	1.705249e+00	5.349583e-01	9.416970e-05	5.115747e-03	1.604875e-04	9.416970e-07	5.432476e+03	1.704237e+02
17:25:21	1.638860e+01	1.996131e+00	9.414725e+00	1.703157e+00	5.357498e-01	9.414725e-05	5.109470e-03	1.607249e-04	9.414725e-07	5.427105e+03	1.707165e+02
17:25:21	1.637310e+01	1.994244e+00	9.410177e+00	1.701869e+00	5.347150e-01	9.410177e-05	5.105606e-03	1.604145e-04	9.410177e-07	5.425622e+03	1.704692e+02
17:25:22	1.635670e+01	1.992246e+00	9.414290e+00	1.699935e+00	5.336056e-01	9.414290e-05	5.099806e-03	1.600817e-04	9.414290e-07	5.417091e+03	1.700411e+02
17:25:22	1.634320e+01	1.990602e+00	9.413518e+00	1.697710e+00	5.326843e-01	9.413518e-05	5.093130e-03	1.598053e-04	9.413518e-07	5.410443e+03	1.697615e+02
17:25:22	1.632860e+01	1.988823e+00	9.420146e+00	1.696286e+00	5.328497e-01	9.420146e-05	5.088858e-03	1.598549e-04	9.420146e-07	5.402101e+03	1.696947e+02
17:25:23	1.631170e+01	1.986765e+00	9.414193e+00	1.694768e+00	5.323372e-01	9.414193e-05	5.084304e-03	1.597012e-04	9.414193e-07	5.400679e+03	1.696387e+02
17:25:23	1.629730e+01	1.985011e+00	9.413505e+00	1.693058e+00	5.305401e-01	9.413505e-05	5.079175e-03	1.591620e-04	9.413505e-07	5.395626e+03	1.690784e+02
17:25:23	1.628480e+01	1.983489e+00	9.417898e+00	1.691213e+00	5.293172e-01	9.417898e-05	5.073638e-03	1.587952e-04	9.417898e-07	5.387230e+03	1.686100e+02
17:25:24	1.626700e+01	1.981321e+00	9.415964e+00	1.689688e+00	5.287463e-01	9.415964e-05	5.069064e-03	1.586239e-04	9.415964e-07	5.383478e+03	1.684627e+02
17:25:24	1.625270e+01	1.979579e+00	9.409278e+00	1.687025e+00	5.271049e-01	9.409278e-05	5.061074e-03	1.581315e-04	9.409278e-07	5.378813e+03	1.680591e+02
17:25:24	1.623650e+01	1.977606e+00	9.408779e+00	1.686162e+00	5.258917e-01	9.408779e-05	5.058486e-03	1.577675e-04	9.408779e-07	5.376347e+03	1.676812e+02
17:25:25	1.622260e+01	1.975913e+00	9.405551e+00	1.683963e+00	5.254764e-01	9.405551e-05	5.051888e-03	1.576429e-04	9.405551e-07	5.371177e+03	1.676063e+02
17:25:25	1.620870e+01	1.974220e+00	9.401684e+00	1.681906e+00	5.251326e-01	9.401684e-05	5.045718e-03	1.575398e-04	9.401684e-07	5.366823e+03	1.675655e+02
17:25:25	1.619250e+01	1.972247e+00	9.399452e+00	1.680797e+00	5.231182e-01	9.399452e-05	5.042390e-03	1.569354e-04	9.399452e-07	5.364557e+03	1.669623e+02
17:25:26	1.617860e+01	1.970553e+00	9.398865e+00	1.678279e+00	5.238448e-01	9.398865e-05	5.034838e-03	1.571534e-04	9.398865e-07	5.356857e+03	1.672047e+02
17:25:26	1.616460e+01	1.968848e+00	9.406599e+00	1.676706e+00	5.222553e-01	9.406599e-05	5.030118e-03	1.566766e-04	9.406599e-07	5.347436e+03	1.665603e+02
17:25:26	1.614790e+01	1.966814e+00	9.405541e+00	1.674805e+00	5.218206e-01	9.405541e-05	5.024415e-03	1.565462e-04	9.405541e-07	5.341974e+03	1.664404e+02
17:25:27	1.613410e+01	1.965133e+00	9.405074e+00	1.672843e+00	5.221742e-01	9.405074e-05	5.018528e-03	1.566523e-04	9.405074e-07	5.335979e+03	1.665614e+02
17:25:27	1.612000e+01	1.963416e+00	9.404701e+00	1.670685e+00	5.210615e-01	9.404701e-05	5.012056e-03	1.563185e-04	9.404701e-07	5.329309e+03	1.662131e+02
17:25:27	1.610460e+01	1.961540e+00	9.401162e+00	1.669738e+00	5.219017e-01	9.401162e-05	5.009215e-03	1.565705e-04	9.401162e-07	5.328293e+03	1.665438e+02
17:25:28	1.609170e+01	1.959969e+00	9.398074e+00	1.666945e+00	5.206593e-01	9.398074e-05	5.000836e-03	1.561978e-04	9.398074e-07	5.321128e+03	1.662019e+02
17:25:28	1.607740e+01	1.958227e+00	9.401486e+00	1.665781e+00	5.203836e-01	9.401486e-05	4.997342e-03	1.561151e-04	9.401486e-07	5.315481e+03	1.660536e+02
17:25:28	1.606140e+01	1.956279e+00	9.392666e+00	1.663176e+00	5.190309e-01	9.392666e-05	4.989528e-03	1.557093e-04	9.392666e-07	5.312153e+03	1.657775e+02
17:25:29	1.604710e+01	1.954537e+00	9.401370e+00	1.661784e+00	5.182913e-01	9.401370e-05	4.985353e-03	1.554874e-04	9.401370e-07	5.302794e+03	1.653880e+02
17:25:29	1.603490e+01	1.953051e+00	9.394862e+00	1.659536e+00	5.179896e-01	9.394862e-05	4.978609e-03	1.553969e-04	9.394862e-07	5.299289e+03	1.654062e+02
17:25:29	1.601960e+01	1.951187e+00	9.391943e+00	1.658028e+00	5.169191e-01	9.391943e-05	4.974084e-03	1.550757e-04	9.391943e-07	5.296118e+03	1.651157e+02
17:25:30	1.600460e+01	1.949360e+00	9.385909e+00	1.656357e+00	5.146257e-01	9.385909e-05	4.969072e-03	1.543877e-04	9.385909e-07	5.294183e+03	1.644888e+02
17:25:30	1.598910e+01	1.947472e+00	9.384332e+00	1.655183e+00	5.137077e-01	9.384332e-05	4.965549e-03	1.541123e-04	9.384332e-07	5.291318e+03	1.642230e+02
17:25:30	1.597570e+01	1.945840e+00	9.370308e+00	1.653496e+00	5.122966e-01	9.370308e-05	4.960488e-03	1.536890e-04	9.370308e-07	5.293837e+03	1.640170e+02
17:25:30	1.596580e+01	1.944634e+00	9.362545e+00	1.652283e+00	5.108207e-01	9.362545e-05	4.956849e-03	1.532462e-04	9.362545e-07	5.294339e+03	1.636801e+02
17:25:31	1.595290e+01	1.943063e+00	9.360074e+00	1.650145e+00	5.100292e-01	9.360074e-05	4.950436e-03	1.530087e-04	9.360074e-07	5.288885e+03	1.634696e+02
17:25:31	1.593920e+01	1.941395e+00	9.357816e+00	1.648744e+00	5.101005e-01	9.357816e-05	4.946232e-03	1.530302e-04	9.357816e-07	5.285669e+03	1.635319e+02
17:25:31	1.592630e+01	1.939823e+00	9.358565e+00	1.646921e+00	5.088906e-01	9.358565e-05	4.940762e-03	1.526672e-04	9.358565e-07	5.279402e+03	1.631310e+02
17:25:32	1.591150e+01	1.938021e+00	9.361121e+00	1.645636e+00	5.085759e-01	9.361121e-05	4.936909e-03	1.525728e-04	9.361121e-07	5.273843e+03	1.629856e+02
17:25:32	1.589740e+01	1.936303e+00	9.363927e+00	1.643758e+00	5.076871e-01	9.363927e-05	4.931274e-03	1.523061e-04	9.363927e-07	5.266246e+03	1.626520e+02
17:25:32	1.588360e+01	1.934622e+00	9.366604e+00	1.641374e+00	5.065615e-01	9.366604e-05	4.924121e-03	1.519684e-04	9.366604e-07	5.257104e+03	1.622450e+02
17:25:33	1.586950e+01	1.932905e+00	9.365673e+00	1.639739e+00	5.049525e-01	9.365673e-05	4.919217e-03	1.514858e-04	9.365673e-07	5.252390e+03	1.617457e+02
17:25:33	1.585470e+01	1.931102e+00	9.371285e+00	1.637523e+00	5.040053e-01	9.371285e-05	4.912570e-03	1.512016e-04	9.371285e-07	5.242152e+03	1.613456e+02
17:25:33	1.584140e+01	1.929483e+00	9.373150e+00	1.636404e+00	5.028635e-01	9.373150e-05	4.909213e-03	1.508590e-04	9.373150e-07	5.237527e+03	1.609481e+02
17:25:34	1.582750e+01	1.927790e+00	9.373108e+00	1.633965e+00	5.018384e-01	9.373108e-05	4.901894e-03	1.505515e-04	9.373108e-07	5.229743e+03	1.606207e+02
17:25:34	1.581230e+01	1.925938e+00	9.378963e+00	1.632606e+00	5.014232e-01	9.378963e-05	4.897817e-03	1.504270e-04	9.378963e-07	5.222130e+03	1.603876e+02
17:25:34	1.579860e+01	1.924269e+00	9.374539e+00	1.631996e+00	5.017443e-01	9.374539e-05	4.895987e-03	1.505233e-04	9.374539e-07	5.222643e+03	1.605661e+02
17:25:35	1.578910e+01	1.923112e+00	9.384790e+00	1.629527e+00	5.019617e-01	9.384790e-05	4.888581e-03	1.505885e-04	9.384790e-07	5.209048e+03	1.604602e+02
17:25:35	1.577410e+01	1.921285e+00	9.404150e+00	1.627762e+00	5.046346e-01	9.404150e-05	4.883287e-03	1.513904e-04	9.404150e-07	5.192694e+03	1.609825e+02
17:25:35	1.576040e+01	1.919617e+00	9.409590e+00	1.625936e+00	5.028505e-01	9.409590e-05	4.877809e-03	1.508551e-04	9.409590e-07	5.183869e+03	1.603206e+02
17:25:36	1.574710e+01	1.917997e+00	9.405765e+00	1.624564e+00	5.023931e-01	9.405765e-05	4.873692e-03	1.507179e-04	9.405765e-07	5.181601e+03	1.602399e+02
17:25:36	1.573130e+01	1.916072e+00	9.405113e+00	1.622533e+00	5.023672e-01	9.405113e-05	4.867600e-03	1.507101e-04	9.405113e-07	5.175483e+03	1.602428e+02
17:25:36	1.571640e+01	1.914258e+00	9.401061e+00	1.620191e+00	5.028148e-01	9.401061e-05	4.860574e-03	1.508444e-04	9.401061e-07	5.170239e+03	1.604547e+02
17:25:37	1.570160e+01	1.912455e+00	9.386051e+00	1.620013e+00	4.997494e-01	9.386051e-05	4.860039e-03	1.499248e-04	9.386051e-07	5.177937e+03	1.597315e+02
17:25:37	1.569130e+01	1.911200e+00	9.369004e+00	1.619549e+00	4.971510e-01	9.369004e-05	4.858647e-03	1.491453e-04	9.369004e-07	5.185873e+03	1.591901e+02
17:25:37	1.568180e+01	1.910043e+00	9.366675e+00	1.617943e+00	4.971964e-01	9.366675e-05	4.853830e-03	1.491589e-04	9.366675e-07	5.182020e+03	1.592443e+02
17:25:37	1.567090e+01	1.908716e+00	9.364550e+00	1.617045e+00	4.962006e-01	9.364550e-05	4.851134e-03	1.488602e-04	9.364550e-07	5.180317e+03	1.589614e+02
17:25:38	1.566000e+01	1.907388e+00	9.369277e+00	1.615718e+00	4.943613e-01	9.369277e-05	4.847154e-03	1.483084e-04	9.369277e-07	5.173456e+03	1.582923e+02
17:25:38	1.565150e+01	1.906353e+00	9.367879e+00	1.614518e+00	4.918246e-01	9.367879e-05	4.843553e-03	1.475474e-04	9.367879e-07	5.170384e+03	1.575035e+02
17:25:38	1.563920e+01	1.904855e+00	9.370996e+00	1.613963e+00	4.909682e-01	9.370996e-05	4.841889e-03	1.472905e-04	9.370996e-07	5.166888e+03	1.571770e+02
17:25:38	1.562450e+01	1.903064e+00	9.385344e+00	1.611443e+00	4.923598e-01	9.385344e-05	4.834328e-03	1.477080e-04	9.385344e-07	5.150933e+03	1.573815e+02
17:25:39	1.561050e+01	1.901359e+00	9.412422e+00	1.609607e+00	4.931027e-01	9.412422e-05	4.828820e-03	1.479308e-04	9.412422e-07	5.130263e+03	1.571655e+02
17:25:39	1.559600e+01	1.899593e+00	9.413788e+00	1.606233e+00	4.934011e-01	9.413788e-05	4.818699e-03	1.480203e-04	9.413788e-07	5.118767e+03	1.572378e+02
17:25:39	1.558260e+01	1.897961e+00	9.408474e+00	1.605454e+00	4.934855e-01	9.408474e-05	4.816363e-03	1.480456e-04	9.408474e-07	5.119176e+03	1.573535e+02
17:25:40	1.557310e+01	1.896804e+00	9.407741e+00	1.604857e+00	4.928756e-01	9.407741e-05	4.814572e-03	1.478627e-04	9.407741e-07	5.117671e+03	1.571713e+02
17:25:40	1.555980e+01	1.895184e+00	9.391660e+00	1.602811e+00	4.900437e-01	9.391660e-05	4.808432e-03	1.470131e-04	9.391660e-07	5.119895e+03	1.565358e+02
17:25:40	1.554790e+01	1.893734e+00	9.372261e+00	1.602402e+00	4.873351e-01	9.372261e-05	4.807206e-03	1.462005e-04	9.372261e-07	5.129184e+03	1.559928e+02
17:25:40	1.553880e+01	1.892626e+00	9.360872e+00	1.601095e+00	4.867512e-01	9.360872e-05	4.803284e-03	1.460254e-04	9.360872e-07	5.131236e+03	1.559955e+02
17:25:41	1.552750e+01	1.891250e+00	9.366983e+00	1.599687e+00	4.839809e-01	9.366983e-05	4.799060e-03	1.451943e-04	9.366983e-07	5.123379e+03	1.550064e+02
17:25:41	1.551800e+01	1.890092e+00	9.371690e+00	1.598976e+00	4.835917e-01	9.371690e-05	4.796929e-03	1.450775e-04	9.371690e-07	5.118531e+03	1.548040e+02
17:25:41	1.550490e+01	1.888497e+00	9.378126e+00	1.597406e+00	4.841010e-01	9.378126e-05	4.792219e-03	1.452303e-04	9.378126e-07	5.109996e+03	1.548607e+02
17:25:42	1.549190e+01	1.886913e+00	9.391709e+00	1.596329e+00	4.860862e-01	9.391709e-05	4.788988e-03	1.458259e-04	9.391709e-07	5.099166e+03	1.552708e+02
17:25:42	1.547840e+01	1.885269e+00	9.417872e+00	1.593838e+00	4.868615e-01	9.417872e-05	4.781514e-03	1.460584e-04	9.417872e-07	5.077064e+03	1.550865e+02
17:25:42	1.546490e+01	1.883625e+00	9.417729e+00	1.592255e+00	4.860667e-01	9.417729e-05	4.776765e-03	1.458200e-04	9.417729e-07	5.072099e+03	1.548357e+02
17:25:43	1.545110e+01	1.881944e+00	9.409100e+00	1.590701e+00	4.875816e-01	9.409100e-05	4.772104e-03	1.462745e-04	9.409100e-07	5.071796e+03	1.554607e+02
17:25:43	1.543700e+01	1.880227e+00	9.399754e+00	1.589277e+00	4.867350e-01	9.399754e-05	4.767832e-03	1.460205e-04	9.399754e-07	5.072294e+03	1.553450e+02
17:25:43	1.542790e+01	1.879118e+00	9.382571e+00	1.588388e+00	4.833808e-01	9.382571e-05	4.765165e-03	1.450142e-04	9.382571e-07	5.078741e+03	1.545571e+02
17:25:43	1.541780e+01	1.877888e+00	9.362704e+00	1.586611e+00	4.815188e-01	9.362704e-05	4.759832e-03	1.444557e-04	9.362704e-07	5.083822e+03	1.542884e+02
17:25:44	1.540810e+01	1.876707e+00	9.364284e+00	1.586468e+00	4.794914e-01	9.364284e-05	4.759404e-03	1.438474e-04	9.364284e-07	5.082507e+03	1.536128e+02
17:25:44	1.539740e+01	1.875403e+00	9.371940e+00	1.584551e+00	4.787097e-01	9.371940e-05	4.753653e-03	1.436129e-04	9.371940e-07	5.072218e+03	1.532371e+02
17:25:44	1.538890e+01	1.874368e+00	9.376751e+00	1.585164e+00	4.774835e-01	9.376751e-05	4.755492e-03	1.432450e-04	9.376751e-07	5.071577e+03	1.527662e+02
17:25:44	1.537480e+01	1.872651e+00	9.379632e+00	1.581839e+00	4.772532e-01	9.379632e-05	4.745517e-03	1.431759e-04	9.379632e-07	5.059385e+03	1.526456e+02
17:25:45	1.536120e+01	1.870994e+00	9.397065e+00	1.580635e+00	4.790795e-01	9.397065e-05	4.741906e-03	1.437238e-04	9.397065e-07	5.046157e+03	1.529455e+02
17:25:45	1.534830e+01	1.869423e+00	9.415316e+00	1.579075e+00	4.797736e-01	9.415316e-05	4.737226e-03	1.439321e-04	9.415316e-07	5.031404e+03	1.528702e+02
17:25:45	1.533520e+01	1.867827e+00	9.411173e+00	1.576720e+00	4.788751e-01	9.411173e-05	4.730160e-03	1.436625e-04	9.411173e-07	5.026111e+03	1.526510e+02
17:25:46	1.532120e+01	1.866122e+00	9.405603e+00	1.575835e+00	4.793909e-01	9.405603e-05	4.727504e-03	1.438173e-04	9.405603e-07	5.026263e+03	1.529059e+02
17:25:46	1.531160e+01	1.864953e+00	9.404328e+00	1.574878e+00	4.786545e-01	9.404328e-05	4.724633e-03	1.435964e-04	9.404328e-07	5.023892e+03	1.526918e+02
17:25:46	1.529580e+01	1.863028e+00	9.385779e+00	1.573583e+00	4.756345e-01	9.385779e-05	4.720750e-03	1.426903e-04	9.385779e-07	5.029684e+03	1.520282e+02
17:25:46	1.528670e+01	1.861920e+00	9.369559e+00	1.572117e+00	4.734741e-01	9.369559e-05	4.716351e-03	1.420422e-04	9.369559e-07	5.033696e+03	1.515997e+02
17:25:47	1.527640e+01	1.860666e+00	9.367162e+00	1.571971e+00	4.715861e-01	9.367162e-05	4.715913e-03	1.414758e-04	9.367162e-07	5.034517e+03	1.510338e+02
17:25:47	1.526650e+01	1.859460e+00	9.371428e+00	1.570145e+00	4.717029e-01	9.371428e-05	4.710434e-03	1.415109e-04	9.371428e-07	5.026379e+03	1.510025e+02
17:25:47	1.525600e+01	1.858181e+00	9.372634e+00	1.568614e+00	4.700875e-01	9.372634e-05	4.705841e-03	1.410262e-04	9.372634e-07	5.020831e+03	1.504660e+02
17:25:48	1.524230e+01	1.856512e+00	9.379761e+00	1.567822e+00	4.685434e-01	9.379761e-05	4.703467e-03	1.405630e-04	9.379761e-07	5.014484e+03	1.498578e+02
17:25:48	1.522910e+01	1.854904e+00	9.375453e+00	1.566346e+00	4.679076e-01	9.375453e-05	4.699039e-03	1.403723e-04	9.375453e-07	5.012066e+03	1.497232e+02
17:25:48	1.521380e+01	1.853041e+00	9.396585e+00	1.563745e+00	4.692538e-01	9.396585e-05	4.691234e-03	1.407761e-04	9.396585e-07	4.992488e+03	1.498163e+02
17:25:49	1.520040e+01	1.851409e+00	9.416944e+00	1.562434e+00	4.699285e-01	9.416944e-05	4.687302e-03	1.409786e-04	9.416944e-07	4.977520e+03	1.497073e+02
17:25:49	1.518730e+01	1.849813e+00	9.412908e+00	1.560916e+00	4.689781e-01	9.412908e-05	4.682748e-03	1.406934e-04	9.412908e-07	4.974815e+03	1.494686e+02
17:25:49	1.517240e+01	1.847998e+00	9.412993e+00	1.559086e+00	4.687575e-01	9.412993e-05	4.677259e-03	1.406272e-04	9.412993e-07	4.968940e+03	1.493970e+02
17:25:50	1.515920e+01	1.846391e+00	9.411747e+00	1.557938e+00	4.689002e-01	9.411747e-05	4.673814e-03	1.406701e-04	9.411747e-07	4.965937e+03	1.494622e+02
17:25:50	1.514630e+01	1.844819e+00	9.408107e+00	1.555953e+00	4.678297e-01	9.408107e-05	4.667859e-03	1.403489e-04	9.408107e-07	4.961528e+03	1.491787e+02
17:25:50	1.513040e+01	1.842883e+00	9.396964e+00	1.554993e+00	4.653482e-01	9.396964e-05	4.664978e-03	1.396045e-04	9.396964e-07	4.964346e+03	1.485634e+02
17:25:50	1.512090e+01	1.841726e+00	9.380251e+00	1.553899e+00	4.632429e-01	9.380251e-05	4.661698e-03	1.389729e-04	9.380251e-07	4.969695e+03	1.481547e+02
17:25:51	1.511200e+01	1.840642e+00	9.367045e+00	1.553209e+00	4.622568e-01	9.367045e-05	4.659626e-03	1.386770e-04	9.367045e-07	4.974488e+03	1.480478e+02
17:25:51	1.510170e+01	1.839387e+00	9.368664e+00	1.551768e+00	4.612804e-01	9.368664e-05	4.655305e-03	1.383841e-04	9.368664e-07	4.969017e+03	1.477096e+02
17:25:51	1.509240e+01	1.838254e+00	9.372479e+00	1.550837e+00	4.608587e-01	9.372479e-05	4.652512e-03	1.382576e-04	9.372479e-07	4.964014e+03	1.475145e+02
17:25:51	1.508230e+01	1.837024e+00	9.371687e+00	1.549183e+00	4.587048e-01	9.371687e-05	4.647549e-03	1.376114e-04	9.371687e-07	4.959138e+03	1.468374e+02
17:25:52	1.506980e+01	1.835502e+00	9.376024e+00	1.547713e+00	4.578646e-01	9.376024e-05	4.643140e-03	1.373594e-04	9.376024e-07	4.952142e+03	1.465007e+02
17:25:52	1.505680e+01	1.833918e+00	9.380978e+00	1.546195e+00	4.573586e-01	9.380978e-05	4.638586e-03	1.372076e-04	9.380978e-07	4.944672e+03	1.462615e+02
17:25:52	1.504310e+01	1.832250e+00	9.394019e+00	1.544431e+00	4.585653e-01	9.394019e-05	4.633292e-03	1.375696e-04	9.394019e-07	4.932172e+03	1.464438e+02
17:25:53	1.503000e+01	1.830654e+00	9.417207e+00	1.542319e+00	4.612609e-01	9.417207e-05	4.626957e-03	1.383783e-04	9.417207e-07	4.913300e+03	1.469420e+02
17:25:53	1.501720e+01	1.829095e+00	9.422696e+00	1.541693e+00	4.607419e-01	9.422696e-05	4.625078e-03	1.382226e-04	9.422696e-07	4.908445e+03	1.466911e+02
17:25:53	1.500410e+01	1.827499e+00	9.426624e+00	1.540389e+00	4.602294e-01	9.426624e-05	4.621166e-03	1.380688e-04	9.426624e-07	4.902249e+03	1.464669e+02
17:25:54	1.499100e+01	1.825904e+00	9.434582e+00	1.538832e+00	4.600607e-01	9.434582e-05	4.616495e-03	1.380182e-04	9.434582e-07	4.893164e+03	1.462897e+02
17:25:54	1.497780e+01	1.824296e+00	9.427604e+00	1.536931e+00	4.609171e-01	9.427604e-05	4.610792e-03	1.382751e-04	9.427604e-07	4.890736e+03	1.466705e+02
17:25:54	1.496470e+01	1.822700e+00	9.430128e+00	1.535591e+00	4.602651e-01	9.430128e-05	4.606773e-03	1.380795e-04	9.430128e-07	4.885165e+03	1.464238e+02
17:25:55	1.495080e+01	1.821007e+00	9.425424e+00	1.534141e+00	4.593438e-01	9.425424e-05	4.602423e-03	1.378031e-04	9.425424e-07	4.882988e+03	1.462037e+02
17:25:55	1.493800e+01	1.819448e+00	9.415114e+00	1.532597e+00	4.564957e-01	9.415114e-05	4.597791e-03	1.369487e-04	9.415114e-07	4.883415e+03	1.454562e+02
17:25:55	1.492850e+01	1.818291e+00	9.392478e+00	1.531368e+00	4.536054e-01	9.392478e-05	4.594103e-03	1.360816e-04	9.392478e-07	4.891257e+03	1.448836e+02
17:25:55	1.491820e+01	1.817037e+00	9.385198e+00	1.530839e+00	4.525966e-01	9.385198e-05	4.592516e-03	1.357790e-04	9.385198e-07	4.893361e+03	1.446735e+02
17:25:56	1.490750e+01	1.815734e+00	9.382175e+00	1.529940e+00	4.509519e-01	9.382175e-05	4.589821e-03	1.352856e-04	9.382175e-07	4.892065e+03	1.441943e+02
17:25:56	1.489680e+01	1.814430e+00	9.381140e+00	1.528468e+00	4.512309e-01	9.381140e-05	4.585403e-03	1.353693e-04	9.381140e-07	4.887895e+03	1.442994e+02
17:25:56	1.488810e+01	1.813371e+00	9.389247e+00	1.527929e+00	4.495863e-01	9.389247e-05	4.583787e-03	1.348759e-04	9.389247e-07	4.881954e+03	1.436493e+02
17:25:57	1.487480e+01	1.811751e+00	9.393091e+00	1.526735e+00	4.472409e-01	9.393091e-05	4.580206e-03	1.341723e-04	9.393091e-07	4.876143e+03	1.428415e+02
17:25:57	1.486090e+01	1.810058e+00	9.397701e+00	1.524831e+00	4.455995e-01	9.397701e-05	4.574493e-03	1.336799e-04	9.397701e-07	4.867673e+03	1.422474e+02
17:25:57	1.484770e+01	1.808450e+00	9.402391e+00	1.523404e+00	4.446621e-01	9.402391e-05	4.570212e-03	1.333986e-04	9.402391e-07	4.860691e+03	1.418773e+02
17:25:58	1.483540e+01	1.806952e+00	9.415620e+00	1.521136e+00	4.465078e-01	9.415620e-05	4.563409e-03	1.339523e-04	9.415620e-07	4.846637e+03	1.422661e+02
17:25:58	1.482150e+01	1.805259e+00	9.437680e+00	1.520014e+00	4.464916e-01	9.437680e-05	4.560042e-03	1.339475e-04	9.437680e-07	4.831741e+03	1.419284e+02
17:25:58	1.480800e+01	1.803614e+00	9.438961e+00	1.518194e+00	4.450708e-01	9.438961e-05	4.554583e-03	1.335212e-04	9.438961e-07	4.825301e+03	1.414576e+02
17:25:59	1.479240e+01	1.801714e+00	9.432729e+00	1.517273e+00	4.453173e-01	9.432729e-05	4.551819e-03	1.335952e-04	9.432729e-07	4.825559e+03	1.416294e+02
17:25:59	1.478350e+01	1.800630e+00	9.433472e+00	1.515891e+00	4.453595e-01	9.433472e-05	4.547673e-03	1.336079e-04	9.433472e-07	4.820784e+03	1.416317e+02
17:25:59	1.476940e+01	1.798913e+00	9.423812e+00	1.514915e+00	4.437441e-01	9.423812e-05	4.544744e-03	1.331232e-04	9.423812e-07	4.822618e+03	1.412626e+02
17:25:59	1.476030e+01	1.797805e+00	9.424136e+00	1.513773e+00	4.432867e-01	9.424136e-05	4.541318e-03	1.329860e-04	9.424136e-07	4.818817e+03	1.411121e+02
17:26:00	1.474510e+01	1.795953e+00	9.404669e+00	1.513419e+00	4.393000e-01	9.404669e-05	4.540258e-03	1.317900e-04	9.404669e-07	4.827663e+03	1.401325e+02
17:26:00	1.473620e+01	1.794869e+00	9.390139e+00	1.512462e+00	4.373536e-01	9.390139e-05	4.537387e-03	1.312061e-04	9.390139e-07	4.832076e+03	1.397275e+02
17:26:00	1.472690e+01	1.793736e+00	9.389464e+00	1.510863e+00	4.367276e-01	9.389464e-05	4.532589e-03	1.310183e-04	9.389464e-07	4.827314e+03	1.395375e+02
17:26:01	1.471600e+01	1.792409e+00	9.391602e+00	1.509702e+00	4.353879e-01	9.391602e-05	4.529105e-03	1.306164e-04	9.391602e-07	4.822505e+03	1.390778e+02
17:26:01	1.470610e+01	1.791203e+00	9.390684e+00	1.508090e+00	4.349240e-01	9.390684e-05	4.524269e-03	1.304772e-04	9.390684e-07	4.817826e+03	1.389432e+02
17:26:01	1.469180e+01	1.789461e+00	9.398525e+00	1.506519e+00	4.323711e-01	9.398525e-05	4.519558e-03	1.297113e-04	9.398525e-07	4.808796e+03	1.380124e+02
17:26:01	1.467910e+01	1.787914e+00	9.397620e+00	1.504739e+00	4.313817e-01	9.397620e-05	4.514216e-03	1.294145e-04	9.397620e-07	4.803574e+03	1.377099e+02
17:26:02	1.466390e+01	1.786063e+00	9.401555e+00	1.503217e+00	4.304085e-01	9.401555e-05	4.509652e-03	1.291226e-04	9.401555e-07	4.796709e+03	1.373417e+02
17:26:02	1.465100e+01	1.784492e+00	9.416438e+00	1.501735e+00	4.322056e-01	9.416438e-05	4.505204e-03	1.296617e-04	9.416438e-07	4.784404e+03	1.376972e+02
17:26:03	1.463730e+01	1.782823e+00	9.437644e+00	1.499600e+00	4.324100e-01	9.437644e-05	4.498801e-03	1.297230e-04	9.437644e-07	4.766869e+03	1.374527e+02
17:26:03	1.462370e+01	1.781167e+00	9.440872e+00	1.498569e+00	4.313849e-01	9.440872e-05	4.495706e-03	1.294155e-04	9.440872e-07	4.761961e+03	1.370800e+02
17:26:03	1.461040e+01	1.779547e+00	9.438546e+00	1.496334e+00	4.314693e-01	9.438546e-05	4.489001e-03	1.294408e-04	9.438546e-07	4.756030e+03	1.371406e+02
17:26:03	1.459810e+01	1.778049e+00	9.431672e+00	1.496197e+00	4.313655e-01	9.431672e-05	4.488592e-03	1.294096e-04	9.431672e-07	4.759063e+03	1.372075e+02
17:26:04	1.458920e+01	1.776965e+00	9.432784e+00	1.494524e+00	4.305642e-01	9.432784e-05	4.483571e-03	1.291693e-04	9.432784e-07	4.753179e+03	1.369365e+02
17:26:04	1.457300e+01	1.774991e+00	9.430614e+00	1.493421e+00	4.295424e-01	9.430614e-05	4.480262e-03	1.288627e-04	9.430614e-07	4.750764e+03	1.366430e+02
17:26:04	1.456030e+01	1.773445e+00	9.415007e+00	1.492662e+00	4.269798e-01	9.415007e-05	4.477985e-03	1.280939e-04	9.415007e-07	4.756220e+03	1.360529e+02
17:26:05	1.454550e+01	1.771642e+00	9.391884e+00	1.490994e+00	4.238689e-01	9.391884e-05	4.472983e-03	1.271607e-04	9.391884e-07	4.762604e+03	1.353942e+02
17:26:05	1.453300e+01	1.770119e+00	9.386090e+00	1.489129e+00	4.224157e-01	9.386090e-05	4.467387e-03	1.267247e-04	9.386090e-07	4.759583e+03	1.350133e+02
17:26:05	1.451970e+01	1.768499e+00	9.386979e+00	1.487744e+00	4.206445e-01	9.386979e-05	4.463232e-03	1.261934e-04	9.386979e-07	4.754705e+03	1.344345e+02
17:26:06	1.450680e+01	1.766928e+00	9.394262e+00	1.486534e+00	4.189642e-01	9.394262e-05	4.459602e-03	1.256893e-04	9.394262e-07	4.747155e+03	1.337936e+02
17:26:06	1.448880e+01	1.764736e+00	9.397642e+00	1.484335e+00	4.175758e-01	9.397642e-05	4.453004e-03	1.252727e-04	9.397642e-07	4.738427e+03	1.333023e+02
17:26:07	1.447280e+01	1.762787e+00	9.410317e+00	1.482148e+00	4.183349e-01	9.410317e-05	4.446445e-03	1.255005e-04	9.410317e-07	4.725075e+03	1.333648e+02
17:26:07	1.445850e+01	1.761045e+00	9.438805e+00	1.481214e+00	4.193729e-01	9.438805e-05	4.443642e-03	1.258119e-04	9.438805e-07	4.707844e+03	1.332922e+02
17:26:07	1.444210e+01	1.759048e+00	9.442276e+00	1.478960e+00	4.186949e-01	9.442276e-05	4.436879e-03	1.256085e-04	9.442276e-07	4.698950e+03	1.330278e+02
17:26:08	1.442660e+01	1.757160e+00	9.433884e+00	1.477808e+00	4.183933e-01	9.433884e-05	4.433424e-03	1.255180e-04	9.433884e-07	4.699468e+03	1.330502e+02
17:26:08	1.441810e+01	1.756125e+00	9.436693e+00	1.476497e+00	4.187501e-01	9.436693e-05	4.429492e-03	1.256250e-04	9.436693e-07	4.693903e+03	1.331240e+02
17:26:08	1.440560e+01	1.754602e+00	9.431724e+00	1.475193e+00	4.177185e-01	9.431724e-05	4.425580e-03	1.253156e-04	9.431724e-07	4.692228e+03	1.328660e+02
17:26:09	1.438900e+01	1.752580e+00	9.434617e+00	1.472952e+00	4.157917e-01	9.434617e-05	4.418856e-03	1.247375e-04	9.434617e-07	4.683662e+03	1.322126e+02
17:26:09	1.437300e+01	1.750631e+00	9.402369e+00	1.470629e+00	4.130701e-01	9.402369e-05	4.411888e-03	1.239210e-04	9.402369e-07	4.692315e+03	1.317977e+02
17:26:10	1.435990e+01	1.749036e+00	9.392150e+00	1.469789e+00	4.104491e-01	9.392150e-05	4.409367e-03	1.231347e-04	9.392150e-07	4.694737e+03	1.311039e+02
17:26:10	1.434740e+01	1.747513e+00	9.395177e+00	1.469134e+00	4.082497e-01	9.395177e-05	4.407402e-03	1.224749e-04	9.395177e-07	4.691132e+03	1.303593e+02
17:26:10	1.433430e+01	1.745918e+00	9.396734e+00	1.467230e+00	4.067186e-01	9.396734e-05	4.401689e-03	1.220156e-04	9.396734e-07	4.684276e+03	1.298489e+02
17:26:11	1.432150e+01	1.744359e+00	9.399426e+00	1.466325e+00	4.043928e-01	9.399426e-05	4.398974e-03	1.213178e-04	9.399426e-07	4.680045e+03	1.290694e+02
17:26:11	1.430620e+01	1.742495e+00	9.403705e+00	1.464304e+00	4.029006e-01	9.403705e-05	4.392911e-03	1.208702e-04	9.403705e-07	4.671468e+03	1.285346e+02
17:26:11	1.428960e+01	1.740473e+00	9.404860e+00	1.463305e+00	4.019793e-01	9.404860e-05	4.389914e-03	1.205938e-04	9.404860e-07	4.667708e+03	1.282250e+02
17:26:12	1.427390e+01	1.738561e+00	9.431960e+00	1.460661e+00	4.038445e-01	9.431960e-05	4.381983e-03	1.211534e-04	9.431960e-07	4.645887e+03	1.284498e+02
17:26:12	1.426070e+01	1.736953e+00	9.437076e+00	1.459065e+00	4.032185e-01	9.437076e-05	4.377195e-03	1.209655e-04	9.437076e-07	4.638295e+03	1.281812e+02
17:26:13	1.424500e+01	1.735041e+00	9.437433e+00	1.457154e+00	4.008926e-01	9.437433e-05	4.371463e-03	1.202678e-04	9.437433e-07	4.632046e+03	1.274370e+02
17:26:13	1.422660e+01	1.732800e+00	9.433998e+00	1.455292e+00	4.012332e-01	9.433998e-05	4.365877e-03	1.203700e-04	9.433998e-07	4.627812e+03	1.275917e+02
17:26:13	1.421200e+01	1.731022e+00	9.437962e+00	1.453618e+00	4.000784e-01	9.437962e-05	4.360855e-03	1.200235e-04	9.437962e-07	4.620548e+03	1.271710e+02
17:26:14	1.419550e+01	1.729012e+00	9.438075e+00	1.452571e+00	3.988198e-01	9.438075e-05	4.357712e-03	1.196459e-04	9.438075e-07	4.617162e+03	1.267694e+02
17:26:14	1.418050e+01	1.727185e+00	9.432428e+00	1.450443e+00	3.966205e-01	9.432428e-05	4.351328e-03	1.189861e-04	9.432428e-07	4.613158e+03	1.261458e+02
17:26:15	1.416520e+01	1.725321e+00	9.425946e+00	1.449275e+00	3.941584e-01	9.425946e-05	4.347825e-03	1.182475e-04	9.425946e-07	4.612613e+03	1.254490e+02
17:26:15	1.414960e+01	1.723421e+00	9.403676e+00	1.447147e+00	3.906485e-01	9.403676e-05	4.341441e-03	1.171946e-04	9.403676e-07	4.616748e+03	1.246263e+02
17:26:15	1.413670e+01	1.721850e+00	9.393513e+00	1.446025e+00	3.885822e-01	9.393513e-05	4.338074e-03	1.165747e-04	9.393513e-07	4.618159e+03	1.241012e+02
17:26:16	1.412420e+01	1.720328e+00	9.393831e+00	1.444308e+00	3.878880e-01	9.393831e-05	4.332925e-03	1.163664e-04	9.393831e-07	4.612522e+03	1.238753e+02
17:26:16	1.410920e+01	1.718501e+00	9.390522e+00	1.442868e+00	3.864737e-01	9.390522e-05	4.328605e-03	1.159421e-04	9.390522e-07	4.609546e+03	1.234672e+02
17:26:17	1.409230e+01	1.716442e+00	9.397756e+00	1.440750e+00	3.831584e-01	9.397756e-05	4.322250e-03	1.149475e-04	9.397756e-07	4.599236e+03	1.223138e+02
17:26:17	1.407590e+01	1.714445e+00	9.402732e+00	1.439180e+00	3.800638e-01	9.402732e-05	4.317540e-03	1.140191e-04	9.402732e-07	4.591793e+03	1.212617e+02
17:26:17	1.405990e+01	1.712496e+00	9.405353e+00	1.437026e+00	3.791198e-01	9.405353e-05	4.311078e-03	1.137359e-04	9.405353e-07	4.583643e+03	1.209268e+02
17:26:18	1.404070e+01	1.710157e+00	9.404737e+00	1.435855e+00	3.778742e-01	9.404737e-05	4.307565e-03	1.133623e-04	9.404737e-07	4.580208e+03	1.205374e+02
17:26:18	1.402400e+01	1.708123e+00	9.406421e+00	1.433179e+00	3.765442e-01	9.406421e-05	4.299536e-03	1.129633e-04	9.406421e-07	4.570853e+03	1.200917e+02
17:26:19	1.400640e+01	1.705980e+00	9.419231e+00	1.431485e+00	3.759992e-01	9.419231e-05	4.294456e-03	1.127998e-04	9.419231e-07	4.559243e+03	1.197548e+02
17:26:19	1.399190e+01	1.704213e+00	9.425362e+00	1.430421e+00	3.759376e-01	9.425362e-05	4.291264e-03	1.127813e-04	9.425362e-07	4.552891e+03	1.196572e+02
17:26:20	1.397630e+01	1.702313e+00	9.438098e+00	1.428738e+00	3.757365e-01	9.438098e-05	4.286214e-03	1.127209e-04	9.438098e-07	4.541396e+03	1.194318e+02
17:26:20	1.396090e+01	1.700438e+00	9.448940e+00	1.427054e+00	3.738680e-01	9.448940e-05	4.281163e-03	1.121604e-04	9.448940e-07	4.530840e+03	1.187016e+02
17:26:20	1.394440e+01	1.698428e+00	9.448206e+00	1.425465e+00	3.725251e-01	9.448206e-05	4.276395e-03	1.117575e-04	9.448206e-07	4.526144e+03	1.182844e+02
17:26:21	1.392740e+01	1.696357e+00	9.443048e+00	1.424025e+00	3.703127e-01	9.443048e-05	4.272074e-03	1.110938e-04	9.443048e-07	4.524041e+03	1.176461e+02
17:26:21	1.391350e+01	1.694664e+00	9.436522e+00	1.421900e+00	3.675911e-01	9.436522e-05	4.265699e-03	1.102773e-04	9.436522e-07	4.520415e+03	1.168623e+02
17:26:22	1.389570e+01	1.692496e+00	9.438118e+00	1.421118e+00	3.662417e-01	9.438118e-05	4.263354e-03	1.098725e-04	9.438118e-07	4.517166e+03	1.164136e+02
17:26:22	1.388060e+01	1.690657e+00	9.436810e+00	1.418056e+00	3.640780e-01	9.436810e-05	4.254168e-03	1.092234e-04	9.436810e-07	4.508057e+03	1.157419e+02
17:26:23	1.386440e+01	1.688684e+00	9.433076e+00	1.417186e+00	3.617781e-01	9.433076e-05	4.251559e-03	1.085334e-04	9.433076e-07	4.507076e+03	1.150563e+02
17:26:23	1.384960e+01	1.686881e+00	9.426241e+00	1.415256e+00	3.599648e-01	9.426241e-05	4.245769e-03	1.079894e-04	9.426241e-07	4.504202e+03	1.145626e+02
17:26:23	1.383410e+01	1.684993e+00	9.420714e+00	1.414679e+00	3.589365e-01	9.420714e-05	4.244037e-03	1.076810e-04	9.420714e-07	4.505006e+03	1.143023e+02
17:26:24	1.382200e+01	1.683520e+00	9.415582e+00	1.412905e+00	3.575773e-01	9.415582e-05	4.238714e-03	1.072732e-04	9.415582e-07	4.501808e+03	1.139316e+02
17:26:24	1.380460e+01	1.681400e+00	9.425914e+00	1.410770e+00	3.556083e-01	9.425914e-05	4.232310e-03	1.066825e-04	9.425914e-07	4.490080e+03	1.131800e+02
17:26:25	1.378640e+01	1.679184e+00	9.414968e+00	1.409142e+00	3.541324e-01	9.414968e-05	4.227425e-03	1.062397e-04	9.414968e-07	4.490111e+03	1.128413e+02
17:26:25	1.377370e+01	1.677637e+00	9.417512e+00	1.407289e+00	3.529743e-01	9.417512e-05	4.221868e-03	1.058923e-04	9.417512e-07	4.482998e+03	1.124419e+02
17:26:25	1.375790e+01	1.675712e+00	9.420934e+00	1.404792e+00	3.517092e-01	9.420934e-05	4.214375e-03	1.055128e-04	9.420934e-07	4.473415e+03	1.119982e+02
17:26:26	1.374340e+01	1.673946e+00	9.421388e+00	1.403883e+00	3.495650e-01	9.421388e-05	4.211650e-03	1.048695e-04	9.421388e-07	4.470307e+03	1.113100e+02
17:26:26	1.372760e+01	1.672022e+00	9.413463e+00	1.403322e+00	3.471548e-01	9.413463e-05	4.209967e-03	1.041464e-04	9.413463e-07	4.472282e+03	1.106356e+02
17:26:27	1.371490e+01	1.670475e+00	9.395235e+00	1.401126e+00	3.441899e-01	9.395235e-05	4.203378e-03	1.032570e-04	9.395235e-07	4.473947e+03	1.099036e+02
17:26:27	1.370320e+01	1.669050e+00	9.379619e+00	1.400532e+00	3.411991e-01	9.379619e-05	4.201597e-03	1.023597e-04	9.379619e-07	4.479497e+03	1.091299e+02
17:26:27	1.369050e+01	1.667503e+00	9.383424e+00	1.399164e+00	3.401708e-01	9.383424e-05	4.197491e-03	1.020512e-04	9.383424e-07	4.473304e+03	1.087569e+02
17:26:28	1.367790e+01	1.665968e+00	9.377176e+00	1.397512e+00	3.393274e-01	9.377176e-05	4.192537e-03	1.017982e-04	9.377176e-07	4.471002e+03	1.085596e+02
17:26:28	1.366560e+01	1.664470e+00	9.382360e+00	1.396312e+00	3.376276e-01	9.382360e-05	4.188936e-03	1.012883e-04	9.382360e-07	4.464694e+03	1.079561e+02
17:26:28	1.364950e+01	1.662509e+00	9.384770e+00	1.394599e+00	3.344421e-01	9.384770e-05	4.183798e-03	1.003326e-04	9.384770e-07	4.458072e+03	1.069101e+02
17:26:29	1.363350e+01	1.660560e+00	9.387557e+00	1.392248e+00	3.318632e-01	9.387557e-05	4.176743e-03	9.955897e-05	9.387557e-07	4.449233e+03	1.060542e+02
17:26:29	1.361830e+01	1.658709e+00	9.389441e+00	1.391910e+00	3.306046e-01	9.389441e-05	4.175731e-03	9.918139e-05	9.389441e-07	4.447262e+03	1.056308e+02
17:26:30	1.360100e+01	1.656602e+00	9.402599e+00	1.388780e+00	3.302381e-01	9.402599e-05	4.166340e-03	9.907142e-05	9.402599e-07	4.431051e+03	1.053660e+02
17:26:30	1.358540e+01	1.654702e+00	9.431055e+00	1.386632e+00	3.300078e-01	9.431055e-05	4.159897e-03	9.900233e-05	9.431055e-07	4.410850e+03	1.049748e+02
17:26:31	1.356700e+01	1.652461e+00	9.425518e+00	1.385530e+00	3.278538e-01	9.425518e-05	4.156589e-03	9.835615e-05	9.425518e-07	4.409931e+03	1.043509e+02
17:26:31	1.355150e+01	1.650573e+00	9.423104e+00	1.384777e+00	3.272180e-01	9.423104e-05	4.154331e-03	9.816541e-05	9.423104e-07	4.408665e+03	1.041752e+02
17:26:31	1.353590e+01	1.648673e+00	9.422955e+00	1.382467e+00	3.252522e-01	9.422955e-05	4.147402e-03	9.757567e-05	9.422955e-07	4.401381e+03	1.035510e+02
17:26:32	1.351900e+01	1.646614e+00	9.405830e+00	1.381536e+00	3.218624e-01	9.405830e-05	4.144609e-03	9.655872e-05	9.405830e-07	4.406426e+03	1.026584e+02
17:26:32	1.350760e+01	1.645226e+00	9.385481e+00	1.380187e+00	3.186607e-01	9.385481e-05	4.140561e-03	9.559822e-05	9.385481e-07	4.411666e+03	1.018576e+02
17:26:33	1.349650e+01	1.643874e+00	9.382175e+00	1.379470e+00	3.167663e-01	9.382175e-05	4.138410e-03	9.502989e-05	9.382175e-07	4.410928e+03	1.012877e+02
17:26:33	1.348280e+01	1.642205e+00	9.386866e+00	1.378328e+00	3.130034e-01	9.386866e-05	4.134984e-03	9.390103e-05	9.386866e-07	4.405075e+03	1.000345e+02
17:26:33	1.346910e+01	1.640536e+00	9.392520e+00	1.377323e+00	3.116864e-01	9.392520e-05	4.131968e-03	9.350593e-05	9.392520e-07	4.399211e+03	9.955361e+01
17:26:34	1.345370e+01	1.638661e+00	9.415247e+00	1.374705e+00	3.121373e-01	9.415247e-05	4.124114e-03	9.364119e-05	9.415247e-07	4.380250e+03	9.945697e+01
17:26:34	1.343920e+01	1.636895e+00	9.432879e+00	1.372411e+00	3.110506e-01	9.432879e-05	4.117234e-03	9.331519e-05	9.432879e-07	4.364769e+03	9.892546e+01
17:26:35	1.342340e+01	1.634970e+00	9.424561e+00	1.371428e+00	3.107100e-01	9.424561e-05	4.114285e-03	9.321300e-05	9.424561e-07	4.365493e+03	9.890435e+01
17:26:35	1.341070e+01	1.633423e+00	9.417985e+00	1.370582e+00	3.086794e-01	9.417985e-05	4.111745e-03	9.260381e-05	9.417985e-07	4.365844e+03	9.832656e+01
17:26:35	1.339610e+01	1.631645e+00	9.388478e+00	1.369278e+00	3.037682e-01	9.388478e-05	4.107833e-03	9.113045e-05	9.388478e-07	4.375398e+03	9.706626e+01
17:26:36	1.338460e+01	1.630244e+00	9.385360e+00	1.369132e+00	3.016142e-01	9.385360e-05	4.107395e-03	9.048427e-05	9.385360e-07	4.376385e+03	9.641001e+01
17:26:36	1.337210e+01	1.628722e+00	9.390580e+00	1.368133e+00	2.993792e-01	9.390580e-05	4.104398e-03	8.981376e-05	9.390580e-07	4.370761e+03	9.564240e+01
17:26:36	1.336040e+01	1.627297e+00	9.391209e+00	1.366615e+00	2.973064e-01	9.391209e-05	4.099844e-03	8.919191e-05	9.391209e-07	4.365618e+03	9.497383e+01
17:26:37	1.334770e+01	1.625750e+00	9.402661e+00	1.364804e+00	2.968879e-01	9.402661e-05	4.094413e-03	8.906638e-05	9.402661e-07	4.354526e+03	9.472465e+01
17:26:37	1.333250e+01	1.623898e+00	9.431951e+00	1.362628e+00	2.964532e-01	9.431951e-05	4.087883e-03	8.893597e-05	9.431951e-07	4.334081e+03	9.429224e+01
17:26:37	1.331840e+01	1.622181e+00	9.429644e+00	1.362352e+00	2.948832e-01	9.429644e-05	4.087056e-03	8.846496e-05	9.429644e-07	4.334263e+03	9.381580e+01
17:26:38	1.330670e+01	1.620756e+00	9.419072e+00	1.360902e+00	2.937803e-01	9.419072e-05	4.082706e-03	8.813409e-05	9.419072e-07	4.334510e+03	9.356982e+01
17:26:38	1.329190e+01	1.618953e+00	9.395284e+00	1.360707e+00	2.885804e-01	9.395284e-05	4.082122e-03	8.657412e-05	9.395284e-07	4.344863e+03	9.214636e+01
17:26:39	1.328040e+01	1.617553e+00	9.378756e+00	1.359871e+00	2.858945e-01	9.378756e-05	4.079612e-03	8.576834e-05	9.378756e-07	4.349843e+03	9.144960e+01
17:26:39	1.326690e+01	1.615908e+00	9.389672e+00	1.358229e+00	2.823781e-01	9.389672e-05	4.074687e-03	8.471344e-05	9.389672e-07	4.339542e+03	9.021981e+01
17:26:39	1.325510e+01	1.614471e+00	9.395952e+00	1.357084e+00	2.817715e-01	9.395952e-05	4.071252e-03	8.453146e-05	9.395952e-07	4.332985e+03	8.996582e+01
17:26:40	1.324120e+01	1.612778e+00	9.413119e+00	1.355871e+00	2.821673e-01	9.413119e-05	4.067612e-03	8.465018e-05	9.413119e-07	4.321216e+03	8.992788e+01
17:26:40	1.322690e+01	1.611036e+00	9.432681e+00	1.355504e+00	2.816937e-01	9.432681e-05	4.066513e-03	8.450810e-05	9.432681e-07	4.311089e+03	8.959076e+01
17:26:40	1.321250e+01	1.609283e+00	9.426942e+00	1.354684e+00	2.806654e-01	9.426942e-05	4.064051e-03	8.419961e-05	9.426942e-07	4.311102e+03	8.931805e+01
17:26:41	1.319840e+01	1.607565e+00	9.417045e+00	1.353247e+00	2.801788e-01	9.417045e-05	4.059740e-03	8.405364e-05	9.417045e-07	4.311055e+03	8.925692e+01
17:26:41	1.318200e+01	1.605568e+00	9.405707e+00	1.351621e+00	2.763737e-01	9.405707e-05	4.054864e-03	8.291212e-05	9.405707e-07	4.311068e+03	8.815087e+01
17:26:42	1.316930e+01	1.604021e+00	9.386947e+00	1.351702e+00	2.734348e-01	9.386947e-05	4.055107e-03	8.203044e-05	9.386947e-07	4.319943e+03	8.738778e+01
17:26:42	1.315900e+01	1.602766e+00	9.384796e+00	1.349886e+00	2.721405e-01	9.384796e-05	4.049658e-03	8.164215e-05	9.384796e-07	4.315126e+03	8.699406e+01
17:26:42	1.314670e+01	1.601268e+00	9.389815e+00	1.349185e+00	2.684879e-01	9.389815e-05	4.047556e-03	8.054637e-05	9.389815e-07	4.310581e+03	8.578058e+01
17:26:43	1.312930e+01	1.599149e+00	9.398035e+00	1.347644e+00	2.659285e-01	9.398035e-05	4.042933e-03	7.977855e-05	9.398035e-07	4.301892e+03	8.488855e+01
17:26:43	1.311210e+01	1.597054e+00	9.431941e+00	1.344569e+00	2.672974e-01	9.431941e-05	4.033708e-03	8.018922e-05	9.431941e-07	4.276646e+03	8.501879e+01
17:26:44	1.310080e+01	1.595677e+00	9.438809e+00	1.344842e+00	2.660907e-01	9.438809e-05	4.034525e-03	7.982721e-05	9.438809e-07	4.274401e+03	8.457340e+01
17:26:44	1.308490e+01	1.593741e+00	9.427539e+00	1.343739e+00	2.650981e-01	9.427539e-05	4.031216e-03	7.952942e-05	9.427539e-07	4.276001e+03	8.435863e+01
17:26:44	1.307390e+01	1.592401e+00	9.427104e+00	1.342772e+00	2.638005e-01	9.427104e-05	4.028316e-03	7.914016e-05	9.427104e-07	4.273122e+03	8.394960e+01
17:26:45	1.305820e+01	1.590489e+00	9.410248e+00	1.342182e+00	2.601512e-01	9.410248e-05	4.026545e-03	7.804536e-05	9.410248e-07	4.278893e+03	8.293655e+01
17:26:45	1.304470e+01	1.588844e+00	9.386960e+00	1.342662e+00	2.579227e-01	9.386960e-05	4.027985e-03	7.737680e-05	9.386960e-07	4.291044e+03	8.243009e+01
17:26:45	1.303350e+01	1.587480e+00	9.382983e+00	1.340670e+00	2.562975e-01	9.382983e-05	4.022010e-03	7.688924e-05	9.382983e-07	4.286494e+03	8.194542e+01
17:26:46	1.302280e+01	1.586177e+00	9.388111e+00	1.340037e+00	2.537219e-01	9.388111e-05	4.020112e-03	7.611656e-05	9.388111e-07	4.282131e+03	8.107760e+01
17:26:46	1.300850e+01	1.584435e+00	9.394184e+00	1.339853e+00	2.517820e-01	9.394184e-05	4.019558e-03	7.553461e-05	9.394184e-07	4.278773e+03	8.040571e+01
17:26:46	1.299760e+01	1.583108e+00	9.400007e+00	1.338331e+00	2.499655e-01	9.400007e-05	4.014994e-03	7.498964e-05	9.400007e-07	4.271267e+03	7.977615e+01
17:26:47	1.298260e+01	1.581281e+00	9.402713e+00	1.337339e+00	2.498779e-01	9.402713e-05	4.012016e-03	7.496336e-05	9.402713e-07	4.266871e+03	7.972525e+01
17:26:47	1.296650e+01	1.579320e+00	9.433511e+00	1.336531e+00	2.498779e-01	9.433511e-05	4.009593e-03	7.496336e-05	9.433511e-07	4.250371e+03	7.946497e+01
17:26:48	1.295210e+01	1.577566e+00	9.435415e+00	1.335451e+00	2.490020e-01	9.435415e-05	4.006352e-03	7.470061e-05	9.435415e-07	4.246079e+03	7.917045e+01
17:26:48	1.293560e+01	1.575556e+00	9.427743e+00	1.334481e+00	2.484149e-01	9.427743e-05	4.003442e-03	7.452447e-05	9.427743e-07	4.246448e+03	7.904805e+01
17:26:49	1.292320e+01	1.574046e+00	9.423996e+00	1.334338e+00	2.485025e-01	9.423996e-05	4.003014e-03	7.455074e-05	9.423996e-07	4.247682e+03	7.910736e+01
17:26:49	1.291420e+01	1.572950e+00	9.425816e+00	1.333595e+00	2.465172e-01	9.425816e-05	4.000785e-03	7.395517e-05	9.425816e-07	4.244498e+03	7.846023e+01
17:26:49	1.289780e+01	1.570952e+00	9.418446e+00	1.333920e+00	2.452424e-01	9.418446e-05	4.001759e-03	7.357272e-05	9.418446e-07	4.248852e+03	7.811556e+01
17:26:50	1.288670e+01	1.569600e+00	9.412175e+00	1.333021e+00	2.431793e-01	9.412175e-05	3.999063e-03	7.295379e-05	9.412175e-07	4.248819e+03	7.751002e+01
17:26:50	1.287480e+01	1.568151e+00	9.399180e+00	1.333180e+00	2.418461e-01	9.399180e-05	3.999540e-03	7.255382e-05	9.399180e-07	4.255201e+03	7.719165e+01
17:26:50	1.286310e+01	1.566726e+00	9.395624e+00	1.332625e+00	2.405420e-01	9.395624e-05	3.997876e-03	7.216261e-05	9.395624e-07	4.255040e+03	7.680449e+01
17:26:51	1.285050e+01	1.565191e+00	9.391527e+00	1.331049e+00	2.393353e-01	9.391527e-05	3.993146e-03	7.180060e-05	9.391527e-07	4.251860e+03	7.645253e+01
17:26:51	1.283920e+01	1.563815e+00	9.393376e+00	1.330053e+00	2.400165e-01	9.393376e-05	3.990159e-03	7.200496e-05	9.393376e-07	4.247843e+03	7.665504e+01
17:26:51	1.282910e+01	1.562584e+00	9.392877e+00	1.329784e+00	2.394489e-01	9.392877e-05	3.989351e-03	7.183466e-05	9.392877e-07	4.247209e+03	7.647780e+01
17:26:52	1.282060e+01	1.561549e+00	9.395699e+00	1.329359e+00	2.388942e-01	9.395699e-05	3.988076e-03	7.166825e-05	9.395699e-07	4.244576e+03	7.627772e+01
17:26:52	1.280870e+01	1.560100e+00	9.398210e+00	1.328772e+00	2.374052e-01	9.398210e-05	3.986315e-03	7.122157e-05	9.398210e-07	4.241568e+03	7.578206e+01
17:26:52	1.279400e+01	1.558309e+00	9.399537e+00	1.328240e+00	2.366299e-01	9.399537e-05	3.984719e-03	7.098898e-05	9.399537e-07	4.239271e+03	7.552392e+01
17:26:53	1.277900e+01	1.556482e+00	9.404335e+00	1.327581e+00	2.363088e-01	9.404335e-05	3.982743e-03	7.089264e-05	9.404335e-07	4.235008e+03	7.538294e+01
17:26:53	1.276450e+01	1.554716e+00	9.406265e+00	1.327357e+00	2.354492e-01	9.406265e-05	3.982072e-03	7.063475e-05	9.406265e-07	4.233425e+03	7.509331e+01
17:26:54	1.274910e+01	1.552840e+00	9.406495e+00	1.326455e+00	2.348264e-01	9.406495e-05	3.979366e-03	7.044791e-05	9.406495e-07	4.230445e+03	7.489283e+01
17:26:54	1.273440e+01	1.551050e+00	9.404192e+00	1.327043e+00	2.337332e-01	9.404192e-05	3.981128e-03	7.011995e-05	9.404192e-07	4.233354e+03	7.456244e+01
17:26:54	1.272250e+01	1.549601e+00	9.404445e+00	1.325875e+00	2.322053e-01	9.404445e-05	3.977624e-03	6.966160e-05	9.404445e-07	4.229515e+03	7.407305e+01
17:26:55	1.270850e+01	1.547895e+00	9.408873e+00	1.325706e+00	2.318615e-01	9.408873e-05	3.977118e-03	6.955844e-05	9.408873e-07	4.226987e+03	7.392856e+01
17:26:55	1.269480e+01	1.546227e+00	9.406472e+00	1.325038e+00	2.320821e-01	9.406472e-05	3.975113e-03	6.962462e-05	9.406472e-07	4.225934e+03	7.401778e+01
17:26:56	1.268170e+01	1.544631e+00	9.406794e+00	1.324801e+00	2.317058e-01	9.406794e-05	3.974403e-03	6.951173e-05	9.406794e-07	4.225035e+03	7.389524e+01
17:26:56	1.266530e+01	1.542634e+00	9.402044e+00	1.325177e+00	2.304050e-01	9.402044e-05	3.975532e-03	6.912149e-05	9.402044e-07	4.228370e+03	7.351751e+01
17:26:57	1.265140e+01	1.540941e+00	9.408886e+00	1.323458e+00	2.310505e-01	9.408886e-05	3.970374e-03	6.931515e-05	9.408886e-07	4.219813e+03	7.366988e+01
17:26:57	1.264020e+01	1.539576e+00	9.418433e+00	1.323370e+00	2.310083e-01	9.418433e-05	3.970111e-03	6.930250e-05	9.418433e-07	4.215257e+03	7.358177e+01
17:26:57	1.262730e+01	1.538005e+00	9.433615e+00	1.323711e+00	2.323189e-01	9.433615e-05	3.971133e-03	6.969566e-05	9.433615e-07	4.209556e+03	7.388012e+01
17:26:58	1.261580e+01	1.536604e+00	9.439029e+00	1.321778e+00	2.331525e-01	9.439029e-05	3.965333e-03	6.994576e-05	9.439029e-07	4.200997e+03	7.410270e+01
17:26:58	1.260470e+01	1.535252e+00	9.441537e+00	1.321431e+00	2.335645e-01	9.441537e-05	3.964292e-03	7.006935e-05	9.441537e-07	4.198778e+03	7.421392e+01
17:26:58	1.259280e+01	1.533803e+00	9.445329e+00	1.320665e+00	2.322118e-01	9.445329e-05	3.961995e-03	6.966354e-05	9.445329e-07	4.194661e+03	7.375449e+01
17:26:59	1.258060e+01	1.532317e+00	9.453390e+00	1.319559e+00	2.337883e-01	9.453390e-05	3.958677e-03	7.013650e-05	9.453390e-07	4.187574e+03	7.419190e+01
17:26:59	1.256710e+01	1.530673e+00	9.449929e+00	1.319393e+00	2.325751e-01	9.449929e-05	3.958180e-03	6.977254e-05	9.449929e-07	4.188582e+03	7.383393e+01
17:26:59	1.256020e+01	1.529832e+00	9.453955e+00	1.319640e+00	2.321307e-01	9.453955e-05	3.958920e-03	6.963921e-05	9.453955e-07	4.187581e+03	7.366146e+01
17:26:59	1.255160e+01	1.528785e+00	9.452862e+00	1.318602e+00	2.313133e-01	9.452862e-05	3.955806e-03	6.939398e-05	9.452862e-07	4.184771e+03	7.341055e+01
17:27:00	1.253720e+01	1.527031e+00	9.458373e+00	1.318735e+00	2.307488e-01	9.458373e-05	3.956205e-03	6.922465e-05	9.458373e-07	4.182754e+03	7.318875e+01
17:27:00	1.252190e+01	1.525167e+00	9.457319e+00	1.317807e+00	2.314560e-01	9.457319e-05	3.953422e-03	6.943680e-05	9.457319e-07	4.180278e+03	7.342123e+01
17:27:01	1.251140e+01	1.523889e+00	9.448404e+00	1.317006e+00	2.313360e-01	9.448404e-05	3.951018e-03	6.940079e-05	9.448404e-07	4.181678e+03	7.345239e+01
17:27:01	1.250370e+01	1.522951e+00	9.437965e+00	1.317019e+00	2.310992e-01	9.437965e-05	3.951057e-03	6.932975e-05	9.437965e-07	4.186344e+03	7.345837e+01
17:27:01	1.249540e+01	1.521940e+00	9.429219e+00	1.317168e+00	2.306904e-01	9.429219e-05	3.951505e-03	6.920713e-05	9.429219e-07	4.190702e+03	7.339646e+01
17:27:01	1.248690e+01	1.520904e+00	9.425807e+00	1.315777e+00	2.295421e-01	9.425807e-05	3.947330e-03	6.886263e-05	9.425807e-07	4.187790e+03	7.305755e+01
17:27:02	1.247540e+01	1.519504e+00	9.422501e+00	1.316493e+00	2.293832e-01	9.422501e-05	3.949480e-03	6.881495e-05	9.422501e-07	4.191542e+03	7.303257e+01
17:27:02	1.246470e+01	1.518200e+00	9.425035e+00	1.314709e+00	2.303369e-01	9.425035e-05	3.944128e-03	6.910106e-05	9.425035e-07	4.184736e+03	7.331650e+01
17:27:02	1.245560e+01	1.517092e+00	9.420681e+00	1.314258e+00	2.301584e-01	9.420681e-05	3.942775e-03	6.904753e-05	9.420681e-07	4.185234e+03	7.329357e+01
17:27:02	1.244810e+01	1.516179e+00	9.415157e+00	1.315069e+00	2.302687e-01	9.415157e-05	3.945208e-03	6.908062e-05	9.415157e-07	4.190274e+03	7.337172e+01
17:27:03	1.244130e+01	1.515350e+00	9.417677e+00	1.314790e+00	2.306093e-01	9.417677e-05	3.944371e-03	6.918280e-05	9.417677e-07	4.188263e+03	7.346058e+01
17:27:03	1.243320e+01	1.514364e+00	9.408970e+00	1.313911e+00	2.305153e-01	9.408970e-05	3.941734e-03	6.915458e-05	9.408970e-07	4.189336e+03	7.349856e+01
17:27:03	1.242570e+01	1.513450e+00	9.408698e+00	1.314051e+00	2.311543e-01	9.408698e-05	3.942152e-03	6.934629e-05	9.408698e-07	4.189902e+03	7.370445e+01
17:27:03	1.241860e+01	1.512585e+00	9.408325e+00	1.313214e+00	2.318420e-01	9.408325e-05	3.939642e-03	6.955260e-05	9.408325e-07	4.187400e+03	7.392666e+01
17:27:04	1.240930e+01	1.511453e+00	9.404996e+00	1.313551e+00	2.327892e-01	9.404996e-05	3.940654e-03	6.983676e-05	9.404996e-07	4.189958e+03	7.425496e+01
17:27:04	1.240150e+01	1.510503e+00	9.405227e+00	1.312705e+00	2.340868e-01	9.405227e-05	3.938114e-03	7.022603e-05	9.405227e-07	4.187155e+03	7.466702e+01
17:27:04	1.239260e+01	1.509419e+00	9.408270e+00	1.311855e+00	2.344209e-01	9.408270e-05	3.935564e-03	7.032626e-05	9.408270e-07	4.183090e+03	7.474941e+01
17:27:04	1.238410e+01	1.508383e+00	9.407841e+00	1.311290e+00	2.348491e-01	9.407841e-05	3.933871e-03	7.045472e-05	9.407841e-07	4.181481e+03	7.488936e+01
17:27:05	1.237480e+01	1.507251e+00	9.405006e+00	1.309844e+00	2.357054e-01	9.405006e-05	3.929531e-03	7.071163e-05	9.405006e-07	4.178127e+03	7.518510e+01
17:27:05	1.236470e+01	1.506020e+00	9.405713e+00	1.309042e+00	2.366072e-01	9.405713e-05	3.927127e-03	7.098217e-05	9.405713e-07	4.175257e+03	7.546708e+01
17:27:05	1.235340e+01	1.504644e+00	9.404857e+00	1.308598e+00	2.374961e-01	9.404857e-05	3.925794e-03	7.124882e-05	9.404857e-07	4.174219e+03	7.575747e+01
17:27:06	1.234250e+01	1.503316e+00	9.402473e+00	1.307670e+00	2.383297e-01	9.402473e-05	3.923010e-03	7.149892e-05	9.402473e-07	4.172318e+03	7.604268e+01
17:27:06	1.233080e+01	1.501891e+00	9.404636e+00	1.308179e+00	2.390109e-01	9.404636e-05	3.924538e-03	7.170328e-05	9.404636e-07	4.172983e+03	7.624248e+01
17:27:06	1.232370e+01	1.501027e+00	9.399407e+00	1.306720e+00	2.395202e-01	9.399407e-05	3.920159e-03	7.185607e-05	9.399407e-07	4.170645e+03	7.644745e+01
17:27:07	1.231300e+01	1.499723e+00	9.404263e+00	1.305325e+00	2.403928e-01	9.404263e-05	3.915974e-03	7.211785e-05	9.404263e-07	4.164042e+03	7.668633e+01
17:27:07	1.229970e+01	1.498103e+00	9.403524e+00	1.305020e+00	2.407821e-01	9.403524e-05	3.915060e-03	7.223463e-05	9.403524e-07	4.163396e+03	7.681655e+01
17:27:07	1.228940e+01	1.496849e+00	9.406278e+00	1.303450e+00	2.421510e-01	9.406278e-05	3.910350e-03	7.264530e-05	9.406278e-07	4.157170e+03	7.723066e+01
17:27:08	1.227680e+01	1.495314e+00	9.400734e+00	1.303625e+00	2.417001e-01	9.400734e-05	3.910875e-03	7.251003e-05	9.400734e-07	4.160181e+03	7.713231e+01
17:27:08	1.226900e+01	1.494364e+00	9.408312e+00	1.303145e+00	2.432215e-01	9.408312e-05	3.909435e-03	7.296644e-05	9.408312e-07	4.155299e+03	7.755530e+01
17:27:08	1.225820e+01	1.493049e+00	9.406589e+00	1.301630e+00	2.433350e-01	9.406589e-05	3.904890e-03	7.300050e-05	9.406589e-07	4.151229e+03	7.760571e+01
17:27:09	1.224770e+01	1.491770e+00	9.406456e+00	1.300560e+00	2.447201e-01	9.406456e-05	3.901679e-03	7.341604e-05	9.406456e-07	4.147873e+03	7.804857e+01
17:27:09	1.223340e+01	1.490028e+00	9.404189e+00	1.299687e+00	2.449959e-01	9.404189e-05	3.899061e-03	7.349876e-05	9.404189e-07	4.146090e+03	7.815534e+01
17:27:09	1.222290e+01	1.488749e+00	9.404870e+00	1.298406e+00	2.449569e-01	9.404870e-05	3.895217e-03	7.348708e-05	9.404870e-07	4.141702e+03	7.813727e+01
17:27:10	1.221100e+01	1.487300e+00	9.407193e+00	1.297322e+00	2.441460e-01	9.407193e-05	3.891967e-03	7.324379e-05	9.407193e-07	4.137224e+03	7.785935e+01
17:27:10	1.220050e+01	1.486021e+00	9.406729e+00	1.296401e+00	2.446261e-01	9.406729e-05	3.889203e-03	7.338782e-05	9.406729e-07	4.134490e+03	7.801630e+01
17:27:10	1.218880e+01	1.484596e+00	9.409055e+00	1.295240e+00	2.456511e-01	9.409055e-05	3.885719e-03	7.369534e-05	9.409055e-07	4.129765e+03	7.832385e+01
17:27:11	1.217830e+01	1.483317e+00	9.408935e+00	1.294117e+00	2.458912e-01	9.408935e-05	3.882352e-03	7.376735e-05	9.408935e-07	4.126239e+03	7.840139e+01
17:27:11	1.216730e+01	1.481977e+00	9.414268e+00	1.292969e+00	2.468935e-01	9.414268e-05	3.878907e-03	7.406806e-05	9.414268e-07	4.120243e+03	7.867639e+01
17:27:11	1.215560e+01	1.480552e+00	9.415286e+00	1.291214e+00	2.474936e-01	9.415286e-05	3.873642e-03	7.424809e-05	9.415286e-07	4.114205e+03	7.885909e+01
17:27:12	1.214390e+01	1.479127e+00	9.415183e+00	1.290254e+00	2.489696e-01	9.415183e-05	3.870761e-03	7.469088e-05	9.415183e-07	4.111191e+03	7.933025e+01
17:27:12	1.213140e+01	1.477605e+00	9.421018e+00	1.289339e+00	2.495665e-01	9.421018e-05	3.868017e-03	7.486994e-05	9.421018e-07	4.105731e+03	7.947117e+01
17:27:12	1.212110e+01	1.476350e+00	9.433741e+00	1.287951e+00	2.515777e-01	9.433741e-05	3.863852e-03	7.547330e-05	9.433741e-07	4.095779e+03	8.000357e+01
17:27:13	1.211080e+01	1.475095e+00	9.452446e+00	1.287188e+00	2.539976e-01	9.452446e-05	3.861565e-03	7.619927e-05	9.452446e-07	4.085255e+03	8.061328e+01
17:27:13	1.209910e+01	1.473670e+00	9.454811e+00	1.286222e+00	2.541728e-01	9.454811e-05	3.858665e-03	7.625183e-05	9.454811e-07	4.081166e+03	8.064870e+01
17:27:13	1.208740e+01	1.472245e+00	9.450526e+00	1.285343e+00	2.549188e-01	9.450526e-05	3.856028e-03	7.647565e-05	9.450526e-07	4.080226e+03	8.092211e+01
17:27:14	1.207480e+01	1.470711e+00	9.447279e+00	1.283870e+00	2.566705e-01	9.447279e-05	3.851610e-03	7.700116e-05	9.447279e-07	4.076951e+03	8.150618e+01
17:27:14	1.206350e+01	1.469334e+00	9.443558e+00	1.282446e+00	2.584579e-01	9.443558e-05	3.847337e-03	7.753737e-05	9.443558e-07	4.074034e+03	8.210610e+01
17:27:15	1.205180e+01	1.467909e+00	9.444479e+00	1.280892e+00	2.589607e-01	9.444479e-05	3.842676e-03	7.768821e-05	9.444479e-07	4.068701e+03	8.225780e+01
17:27:15	1.204030e+01	1.466509e+00	9.440755e+00	1.279530e+00	2.600896e-01	9.440755e-05	3.838589e-03	7.802687e-05	9.440755e-07	4.065976e+03	8.264897e+01
17:27:15	1.203020e+01	1.465278e+00	9.423714e+00	1.279760e+00	2.585487e-01	9.423714e-05	3.839280e-03	7.756462e-05	9.423714e-07	4.074062e+03	8.230790e+01
17:27:15	1.202250e+01	1.464341e+00	9.411008e+00	1.278449e+00	2.574393e-01	9.411008e-05	3.835348e-03	7.723180e-05	9.411008e-07	4.075385e+03	8.206539e+01
17:27:16	1.201360e+01	1.463256e+00	9.405694e+00	1.277791e+00	2.575561e-01	9.405694e-05	3.833373e-03	7.726683e-05	9.405694e-07	4.075587e+03	8.214899e+01
17:27:16	1.200610e+01	1.462343e+00	9.400383e+00	1.276428e+00	2.583930e-01	9.400383e-05	3.829285e-03	7.751790e-05	9.400383e-07	4.073542e+03	8.246249e+01
17:27:16	1.199690e+01	1.461222e+00	9.402936e+00	1.275579e+00	2.586039e-01	9.402936e-05	3.826736e-03	7.758116e-05	9.402936e-07	4.069724e+03	8.250737e+01
17:27:17	1.198960e+01	1.460333e+00	9.409960e+00	1.274635e+00	2.578416e-01	9.409960e-05	3.823904e-03	7.735247e-05	9.409960e-07	4.063677e+03	8.220276e+01
17:27:17	1.197870e+01	1.459006e+00	9.416649e+00	1.273713e+00	2.587044e-01	9.416649e-05	3.821140e-03	7.761133e-05	9.416649e-07	4.057855e+03	8.241927e+01
17:27:17	1.196740e+01	1.457629e+00	9.420461e+00	1.272769e+00	2.591196e-01	9.420461e-05	3.818308e-03	7.773589e-05	9.420461e-07	4.053207e+03	8.251814e+01
17:27:18	1.195850e+01	1.456545e+00	9.434614e+00	1.270664e+00	2.618607e-01	9.434614e-05	3.811992e-03	7.855821e-05	9.434614e-07	4.040433e+03	8.326595e+01
17:27:18	1.194510e+01	1.454913e+00	9.452579e+00	1.269370e+00	2.640211e-01	9.452579e-05	3.808109e-03	7.920633e-05	9.452579e-07	4.028646e+03	8.379336e+01
17:27:18	1.193300e+01	1.453439e+00	9.456154e+00	1.267981e+00	2.641152e-01	9.456154e-05	3.803944e-03	7.923456e-05	9.456154e-07	4.022718e+03	8.379152e+01
17:27:19	1.192230e+01	1.452136e+00	9.449274e+00	1.266655e+00	2.647769e-01	9.449274e-05	3.799964e-03	7.943308e-05	9.449274e-07	4.021435e+03	8.406263e+01
17:27:19	1.191160e+01	1.450833e+00	9.444632e+00	1.265928e+00	2.660128e-01	9.444632e-05	3.797784e-03	7.980385e-05	9.444632e-07	4.021103e+03	8.449652e+01
17:27:19	1.190130e+01	1.449578e+00	9.437371e+00	1.265461e+00	2.665838e-01	9.437371e-05	3.796383e-03	7.997513e-05	9.437371e-07	4.022712e+03	8.474301e+01
17:27:19	1.189440e+01	1.448738e+00	9.435013e+00	1.263742e+00	2.663048e-01	9.435013e-05	3.791225e-03	7.989144e-05	9.435013e-07	4.018251e+03	8.467549e+01
17:27:20	1.188130e+01	1.447142e+00	9.433758e+00	1.262253e+00	2.658571e-01	9.433758e-05	3.786758e-03	7.975714e-05	9.433758e-07	4.014051e+03	8.454440e+01
17:27:20	1.187040e+01	1.445815e+00	9.401282e+00	1.262006e+00	2.638459e-01	9.401282e-05	3.786019e-03	7.915378e-05	9.401282e-07	4.027130e+03	8.419467e+01
17:27:20	1.186230e+01	1.444828e+00	9.399822e+00	1.260339e+00	2.642352e-01	9.399822e-05	3.781016e-03	7.927056e-05	9.399822e-07	4.022434e+03	8.433198e+01
17:27:21	1.185280e+01	1.443671e+00	9.398567e+00	1.260024e+00	2.639789e-01	9.398567e-05	3.780073e-03	7.919368e-05	9.398567e-07	4.021967e+03	8.426145e+01
17:27:21	1.184600e+01	1.442843e+00	9.397324e+00	1.258438e+00	2.642676e-01	9.397324e-05	3.775314e-03	7.928029e-05	9.397324e-07	4.017435e+03	8.436475e+01
17:27:21	1.183730e+01	1.441783e+00	9.397295e+00	1.257241e+00	2.640081e-01	9.397295e-05	3.771723e-03	7.920244e-05	9.397295e-07	4.013626e+03	8.428217e+01
17:27:22	1.182640e+01	1.440456e+00	9.402969e+00	1.256871e+00	2.634405e-01	9.402969e-05	3.770613e-03	7.903214e-05	9.402969e-07	4.010024e+03	8.405020e+01
17:27:22	1.181610e+01	1.439201e+00	9.398794e+00	1.255619e+00	2.638232e-01	9.398794e-05	3.766857e-03	7.914697e-05	9.398794e-07	4.007809e+03	8.420971e+01
17:27:22	1.180520e+01	1.437873e+00	9.422923e+00	1.254231e+00	2.666746e-01	9.422923e-05	3.762692e-03	8.000238e-05	9.422923e-07	3.993126e+03	8.490187e+01
17:27:23	1.179380e+01	1.436485e+00	9.434299e+00	1.251804e+00	2.678618e-01	9.434299e-05	3.755413e-03	8.035855e-05	9.434299e-07	3.980595e+03	8.517702e+01
17:27:23	1.178410e+01	1.435303e+00	9.436878e+00	1.250001e+00	2.701423e-01	9.436878e-05	3.750002e-03	8.104268e-05	9.436878e-07	3.973774e+03	8.587870e+01
17:27:23	1.177320e+01	1.433976e+00	9.431042e+00	1.249083e+00	2.718680e-01	9.431042e-05	3.747248e-03	8.156040e-05	9.431042e-07	3.973312e+03	8.648079e+01
17:27:24	1.176210e+01	1.432624e+00	9.429456e+00	1.247548e+00	2.715890e-01	9.429456e-05	3.742645e-03	8.147671e-05	9.429456e-07	3.969099e+03	8.640659e+01
17:27:24	1.175200e+01	1.431394e+00	9.403439e+00	1.246536e+00	2.695843e-01	9.403439e-05	3.739608e-03	8.087530e-05	9.403439e-07	3.976852e+03	8.600609e+01
17:27:24	1.174270e+01	1.430261e+00	9.389295e+00	1.245780e+00	2.696298e-01	9.389295e-05	3.737341e-03	8.088893e-05	9.389295e-07	3.980428e+03	8.615015e+01
17:27:24	1.173550e+01	1.429384e+00	9.391891e+00	1.245041e+00	2.696298e-01	9.391891e-05	3.735122e-03	8.088893e-05	9.391891e-07	3.976965e+03	8.612635e+01
17:27:25	1.172680e+01	1.428324e+00	9.393204e+00	1.244301e+00	2.687344e-01	9.393204e-05	3.732903e-03	8.062033e-05	9.393204e-07	3.974047e+03	8.582836e+01
17:27:25	1.171910e+01	1.427386e+00	9.396659e+00	1.242624e+00	2.687831e-01	9.396659e-05	3.727872e-03	8.063493e-05	9.396659e-07	3.967231e+03	8.581234e+01
17:27:25	1.170640e+01	1.425840e+00	9.401681e+00	1.241090e+00	2.698471e-01	9.401681e-05	3.723269e-03	8.095413e-05	9.401681e-07	3.960216e+03	8.610601e+01
17:27:26	1.169550e+01	1.424512e+00	9.431458e+00	1.238508e+00	2.726206e-01	9.431458e-05	3.715523e-03	8.178618e-05	9.431458e-07	3.939500e+03	8.671637e+01
17:27:26	1.168420e+01	1.423136e+00	9.442104e+00	1.236821e+00	2.736976e-01	9.442104e-05	3.710462e-03	8.210927e-05	9.442104e-07	3.929698e+03	8.696077e+01
17:27:26	1.167430e+01	1.421930e+00	9.435250e+00	1.236178e+00	2.748881e-01	9.435250e-05	3.708535e-03	8.246642e-05	9.435250e-07	3.930511e+03	8.740247e+01
17:27:27	1.166680e+01	1.421016e+00	9.433618e+00	1.235552e+00	2.753454e-01	9.433618e-05	3.706657e-03	8.260363e-05	9.433618e-07	3.929200e+03	8.756304e+01
17:27:27	1.165430e+01	1.419494e+00	9.424061e+00	1.233866e+00	2.763413e-01	9.424061e-05	3.701597e-03	8.290239e-05	9.424061e-07	3.927815e+03	8.796886e+01
17:27:27	1.164380e+01	1.418215e+00	9.394953e+00	1.232480e+00	2.732402e-01	9.394953e-05	3.697441e-03	8.197205e-05	9.394953e-07	3.935561e+03	8.725116e+01
17:27:28	1.163650e+01	1.417326e+00	9.386700e+00	1.231790e+00	2.729482e-01	9.386700e-05	3.695369e-03	8.188447e-05	9.386700e-07	3.936813e+03	8.723456e+01
17:27:28	1.162940e+01	1.416461e+00	9.389905e+00	1.231264e+00	2.729612e-01	9.389905e-05	3.693792e-03	8.188836e-05	9.389905e-07	3.933791e+03	8.720893e+01
17:27:28	1.162150e+01	1.415499e+00	9.393253e+00	1.230155e+00	2.722151e-01	9.393253e-05	3.690464e-03	8.166453e-05	9.393253e-07	3.928845e+03	8.693956e+01
17:27:28	1.161470e+01	1.414670e+00	9.401032e+00	1.228760e+00	2.718745e-01	9.401032e-05	3.686279e-03	8.156235e-05	9.401032e-07	3.921143e+03	8.675893e+01
17:27:29	1.160360e+01	1.413318e+00	9.403595e+00	1.227216e+00	2.721016e-01	9.403595e-05	3.681647e-03	8.163047e-05	9.403595e-07	3.915148e+03	8.680773e+01
17:27:29	1.159350e+01	1.412088e+00	9.423513e+00	1.225999e+00	2.752416e-01	9.423513e-05	3.677998e-03	8.257249e-05	9.423513e-07	3.903000e+03	8.762389e+01
17:27:29	1.158300e+01	1.410809e+00	9.441884e+00	1.224569e+00	2.766073e-01	9.441884e-05	3.673706e-03	8.298219e-05	9.441884e-07	3.890861e+03	8.788732e+01
17:27:30	1.157200e+01	1.409470e+00	9.442468e+00	1.223190e+00	2.771425e-01	9.442468e-05	3.669570e-03	8.314276e-05	9.442468e-07	3.886240e+03	8.805194e+01
17:27:30	1.156170e+01	1.408215e+00	9.437112e+00	1.221993e+00	2.785342e-01	9.437112e-05	3.665979e-03	8.356025e-05	9.437112e-07	3.884641e+03	8.854430e+01
17:27:30	1.155160e+01	1.406985e+00	9.427448e+00	1.220176e+00	2.780508e-01	9.427448e-05	3.660529e-03	8.341524e-05	9.427448e-07	3.882842e+03	8.848126e+01
17:27:31	1.153830e+01	1.405365e+00	9.421645e+00	1.220167e+00	2.773177e-01	9.421645e-05	3.660500e-03	8.319531e-05	9.421645e-07	3.885203e+03	8.830232e+01
17:27:31	1.153100e+01	1.404476e+00	9.398152e+00	1.219430e+00	2.753779e-01	9.398152e-05	3.658291e-03	8.261336e-05	9.398152e-07	3.892565e+03	8.790384e+01
17:27:31	1.152380e+01	1.403599e+00	9.392773e+00	1.219301e+00	2.753454e-01	9.392773e-05	3.657902e-03	8.260363e-05	9.392773e-07	3.894379e+03	8.794382e+01
17:27:31	1.151690e+01	1.402758e+00	9.393133e+00	1.217643e+00	2.743106e-01	9.393133e-05	3.652929e-03	8.229319e-05	9.393133e-07	3.888936e+03	8.760995e+01
17:27:32	1.151020e+01	1.401942e+00	9.397337e+00	1.216238e+00	2.745831e-01	9.397337e-05	3.648715e-03	8.237494e-05	9.397337e-07	3.882712e+03	8.765774e+01
17:27:32	1.149990e+01	1.400688e+00	9.397970e+00	1.215314e+00	2.738046e-01	9.397970e-05	3.645942e-03	8.214138e-05	9.397970e-07	3.879499e+03	8.740332e+01
17:27:32	1.148880e+01	1.399336e+00	9.397720e+00	1.213695e+00	2.740803e-01	9.397720e-05	3.641086e-03	8.222410e-05	9.397720e-07	3.874435e+03	8.749367e+01
17:27:33	1.147730e+01	1.397935e+00	9.401580e+00	1.211418e+00	2.738208e-01	9.401580e-05	3.634254e-03	8.214625e-05	9.401580e-07	3.865578e+03	8.737493e+01
17:27:33	1.146700e+01	1.396681e+00	9.416675e+00	1.209699e+00	2.759683e-01	9.416675e-05	3.629096e-03	8.279048e-05	9.416675e-07	3.853904e+03	8.791901e+01
17:27:33	1.145610e+01	1.395353e+00	9.439337e+00	1.208262e+00	2.776032e-01	9.439337e-05	3.624785e-03	8.328095e-05	9.439337e-07	3.840084e+03	8.822754e+01
17:27:34	1.144600e+01	1.394123e+00	9.432820e+00	1.207120e+00	2.773047e-01	9.432820e-05	3.621360e-03	8.319142e-05	9.432820e-07	3.839106e+03	8.819358e+01
17:27:34	1.143550e+01	1.392844e+00	9.439607e+00	1.205884e+00	2.771360e-01	9.439607e-05	3.617652e-03	8.314081e-05	9.439607e-07	3.832418e+03	8.807657e+01
17:27:34	1.142480e+01	1.391541e+00	9.434497e+00	1.204732e+00	2.779016e-01	9.434497e-05	3.614197e-03	8.337048e-05	9.434497e-07	3.830832e+03	8.836770e+01
17:27:35	1.141370e+01	1.390189e+00	9.432969e+00	1.203020e+00	2.779535e-01	9.432969e-05	3.609059e-03	8.338605e-05	9.432969e-07	3.826005e+03	8.839852e+01
17:27:35	1.140280e+01	1.388861e+00	9.432684e+00	1.201738e+00	2.775058e-01	9.432684e-05	3.605215e-03	8.325175e-05	9.432684e-07	3.822046e+03	8.825882e+01
17:27:36	1.139210e+01	1.387558e+00	9.432752e+00	1.200295e+00	2.772755e-01	9.432752e-05	3.600884e-03	8.318266e-05	9.432752e-07	3.817427e+03	8.818493e+01
17:27:36	1.138130e+01	1.386242e+00	9.433829e+00	1.199471e+00	2.776745e-01	9.433829e-05	3.598413e-03	8.330236e-05	9.433829e-07	3.814371e+03	8.830175e+01
17:27:36	1.137080e+01	1.384963e+00	9.419821e+00	1.198316e+00	2.761434e-01	9.419821e-05	3.594948e-03	8.284303e-05	9.419821e-07	3.816365e+03	8.794543e+01
17:27:36	1.136340e+01	1.384062e+00	9.401029e+00	1.197917e+00	2.748686e-01	9.401029e-05	3.593751e-03	8.246058e-05	9.401029e-07	3.822721e+03	8.771442e+01
17:27:37	1.135650e+01	1.383222e+00	9.396705e+00	1.197275e+00	2.739765e-01	9.396705e-05	3.591824e-03	8.219296e-05	9.396705e-07	3.822430e+03	8.746998e+01
17:27:37	1.134960e+01	1.382381e+00	9.391119e+00	1.197006e+00	2.731331e-01	9.391119e-05	3.591017e-03	8.193994e-05	9.391119e-07	3.823843e+03	8.725258e+01
17:27:37	1.134200e+01	1.381456e+00	9.389286e+00	1.195877e+00	2.742133e-01	9.389286e-05	3.587630e-03	8.226400e-05	9.389286e-07	3.820983e+03	8.761476e+01
17:27:37	1.133570e+01	1.380688e+00	9.391651e+00	1.195121e+00	2.740155e-01	9.391651e-05	3.585362e-03	8.220464e-05	9.391651e-07	3.817606e+03	8.752949e+01
17:27:38	1.132920e+01	1.379897e+00	9.391855e+00	1.193846e+00	2.739116e-01	9.391855e-05	3.581538e-03	8.217349e-05	9.391855e-07	3.813451e+03	8.749442e+01
17:27:38	1.131910e+01	1.378666e+00	9.395780e+00	1.192208e+00	2.742912e-01	9.395780e-05	3.576623e-03	8.228735e-05	9.395780e-07	3.806627e+03	8.757905e+01
17:27:38	1.130800e+01	1.377314e+00	9.400880e+00	1.190622e+00	2.736813e-01	9.400880e-05	3.571865e-03	8.210440e-05	9.400880e-07	3.799500e+03	8.733693e+01
17:27:39	1.129650e+01	1.375914e+00	9.400695e+00	1.189191e+00	2.728477e-01	9.400695e-05	3.567573e-03	8.185430e-05	9.400695e-07	3.795010e+03	8.707260e+01
17:27:39	1.128780e+01	1.374854e+00	9.408714e+00	1.187767e+00	2.731331e-01	9.408714e-05	3.563301e-03	8.193994e-05	9.408714e-07	3.787235e+03	8.708941e+01
17:27:39	1.127650e+01	1.373478e+00	9.408120e+00	1.186651e+00	2.730618e-01	9.408120e-05	3.559953e-03	8.191853e-05	9.408120e-07	3.783915e+03	8.707215e+01
17:27:40	1.126680e+01	1.372296e+00	9.402911e+00	1.184942e+00	2.728671e-01	9.402911e-05	3.554825e-03	8.186014e-05	9.402911e-07	3.780558e+03	8.705830e+01
17:27:40	1.125630e+01	1.371017e+00	9.402927e+00	1.184380e+00	2.727536e-01	9.402927e-05	3.553141e-03	8.182608e-05	9.402927e-07	3.778761e+03	8.702192e+01
17:27:40	1.124600e+01	1.369763e+00	9.402187e+00	1.182992e+00	2.727536e-01	9.402187e-05	3.548976e-03	8.182608e-05	9.402187e-07	3.774628e+03	8.702877e+01
17:27:41	1.123530e+01	1.368460e+00	9.404717e+00	1.181474e+00	2.723384e-01	9.404717e-05	3.544422e-03	8.170151e-05	9.404717e-07	3.768770e+03	8.687291e+01
17:27:41	1.122300e+01	1.366961e+00	9.402489e+00	1.180076e+00	2.714982e-01	9.402489e-05	3.540227e-03	8.144946e-05	9.402489e-07	3.765202e+03	8.662543e+01
17:27:41	1.121350e+01	1.365804e+00	9.401853e+00	1.179330e+00	2.713555e-01	9.401853e-05	3.537989e-03	8.140665e-05	9.401853e-07	3.763076e+03	8.658575e+01
17:27:42	1.120220e+01	1.364428e+00	9.409583e+00	1.176712e+00	2.718226e-01	9.409583e-05	3.530136e-03	8.154678e-05	9.409583e-07	3.751639e+03	8.666354e+01
17:27:42	1.119270e+01	1.363271e+00	9.414767e+00	1.176053e+00	2.723416e-01	9.414767e-05	3.528160e-03	8.170249e-05	9.414767e-07	3.747475e+03	8.678121e+01
17:27:42	1.118300e+01	1.362089e+00	9.414128e+00	1.174136e+00	2.727503e-01	9.414128e-05	3.522409e-03	8.182510e-05	9.414128e-07	3.741620e+03	8.691735e+01
17:27:43	1.117170e+01	1.360713e+00	9.423169e+00	1.172761e+00	2.741874e-01	9.423169e-05	3.518282e-03	8.225621e-05	9.423169e-07	3.733651e+03	8.729145e+01
17:27:43	1.116200e+01	1.359532e+00	9.437975e+00	1.171986e+00	2.744923e-01	9.437975e-05	3.515957e-03	8.234769e-05	9.437975e-07	3.725330e+03	8.725144e+01
17:27:43	1.115150e+01	1.358253e+00	9.439542e+00	1.170883e+00	2.744404e-01	9.439542e-05	3.512648e-03	8.233212e-05	9.439542e-07	3.721206e+03	8.722046e+01
17:27:44	1.114120e+01	1.356998e+00	9.445825e+00	1.169069e+00	2.739344e-01	9.445825e-05	3.507208e-03	8.218031e-05	9.445825e-07	3.712971e+03	8.700172e+01
17:27:44	1.112880e+01	1.355488e+00	9.447188e+00	1.167567e+00	2.733861e-01	9.447188e-05	3.502702e-03	8.201584e-05	9.447188e-07	3.707666e+03	8.681509e+01
17:27:45	1.111930e+01	1.354331e+00	9.444473e+00	1.166364e+00	2.736262e-01	9.444473e-05	3.499092e-03	8.208786e-05	9.444473e-07	3.704910e+03	8.691630e+01
17:27:45	1.110900e+01	1.353076e+00	9.441981e+00	1.165615e+00	2.728055e-01	9.441981e-05	3.496844e-03	8.184165e-05	9.441981e-07	3.703506e+03	8.667847e+01
17:27:45	1.109870e+01	1.351822e+00	9.441131e+00	1.164298e+00	2.724000e-01	9.441131e-05	3.492893e-03	8.172000e-05	9.441131e-07	3.699655e+03	8.655743e+01
17:27:46	1.108860e+01	1.350591e+00	9.434380e+00	1.162108e+00	2.719491e-01	9.434380e-05	3.486324e-03	8.158473e-05	9.434380e-07	3.695339e+03	8.647598e+01
17:27:46	1.107570e+01	1.349020e+00	9.436674e+00	1.161469e+00	2.726173e-01	9.436674e-05	3.484407e-03	8.178520e-05	9.436674e-07	3.692410e+03	8.666740e+01
17:27:46	1.106480e+01	1.347693e+00	9.433021e+00	1.160097e+00	2.727536e-01	9.433021e-05	3.480290e-03	8.182608e-05	9.433021e-07	3.689476e+03	8.674429e+01
17:27:47	1.105610e+01	1.346633e+00	9.432243e+00	1.158459e+00	2.733861e-01	9.432243e-05	3.475376e-03	8.201584e-05	9.432243e-07	3.684570e+03	8.695264e+01
17:27:47	1.104580e+01	1.345378e+00	9.436745e+00	1.158167e+00	2.727406e-01	9.436745e-05	3.474500e-03	8.182218e-05	9.436745e-07	3.681884e+03	8.670594e+01
17:27:47	1.103650e+01	1.344246e+00	9.436064e+00	1.156357e+00	2.723805e-01	9.436064e-05	3.469070e-03	8.171416e-05	9.436064e-07	3.676395e+03	8.659772e+01
17:27:48	1.102480e+01	1.342821e+00	9.430047e+00	1.155403e+00	2.713458e-01	9.430047e-05	3.466209e-03	8.140373e-05	9.430047e-07	3.675707e+03	8.632378e+01
17:27:48	1.101570e+01	1.341712e+00	9.418975e+00	1.154018e+00	2.697692e-01	9.418975e-05	3.462053e-03	8.093077e-05	9.418975e-07	3.675616e+03	8.592312e+01
17:27:48	1.100400e+01	1.340287e+00	9.399050e+00	1.153268e+00	2.678813e-01	9.399050e-05	3.459805e-03	8.036439e-05	9.399050e-07	3.681016e+03	8.550267e+01
17:27:49	1.099690e+01	1.339422e+00	9.399310e+00	1.152308e+00	2.675861e-01	9.399310e-05	3.456925e-03	8.027584e-05	9.399310e-07	3.677850e+03	8.540610e+01
17:27:49	1.099010e+01	1.338594e+00	9.402323e+00	1.151932e+00	2.672747e-01	9.402323e-05	3.455796e-03	8.018241e-05	9.402323e-07	3.675470e+03	8.527936e+01
17:27:49	1.098100e+01	1.337486e+00	9.404182e+00	1.149976e+00	2.674629e-01	9.404182e-05	3.449928e-03	8.023886e-05	9.404182e-07	3.668504e+03	8.532252e+01
17:27:50	1.096910e+01	1.336036e+00	9.406541e+00	1.148004e+00	2.672585e-01	9.406541e-05	3.444011e-03	8.017755e-05	9.406541e-07	3.661294e+03	8.523595e+01
17:27:50	1.095880e+01	1.334782e+00	9.412655e+00	1.147014e+00	2.659285e-01	9.412655e-05	3.441043e-03	7.977855e-05	9.412655e-07	3.655762e+03	8.475669e+01
17:27:50	1.094910e+01	1.333600e+00	9.417677e+00	1.145305e+00	2.657631e-01	9.417677e-05	3.435914e-03	7.972892e-05	9.417677e-07	3.648367e+03	8.465880e+01
17:27:51	1.093920e+01	1.332395e+00	9.416594e+00	1.144293e+00	2.664216e-01	9.416594e-05	3.432878e-03	7.992647e-05	9.416594e-07	3.645562e+03	8.487833e+01
17:27:51	1.092830e+01	1.331067e+00	9.433096e+00	1.142885e+00	2.667135e-01	9.433096e-05	3.428654e-03	8.001406e-05	9.433096e-07	3.634707e+03	8.482269e+01
17:27:51	1.091730e+01	1.329727e+00	9.449189e+00	1.141234e+00	2.682835e-01	9.449189e-05	3.423701e-03	8.048506e-05	9.449189e-07	3.623275e+03	8.517669e+01
17:27:52	1.090790e+01	1.328582e+00	9.467846e+00	1.139638e+00	2.688772e-01	9.467846e-05	3.418913e-03	8.066315e-05	9.467846e-07	3.611078e+03	8.519695e+01
17:27:52	1.089780e+01	1.327352e+00	9.458941e+00	1.138674e+00	2.687117e-01	9.458941e-05	3.416023e-03	8.061352e-05	9.458941e-07	3.611422e+03	8.522468e+01
17:27:52	1.088990e+01	1.326390e+00	9.462571e+00	1.137873e+00	2.674239e-01	9.462571e-05	3.413619e-03	8.022718e-05	9.462571e-07	3.607496e+03	8.478370e+01
17:27:53	1.087900e+01	1.325062e+00	9.455272e+00	1.137176e+00	2.667168e-01	9.455272e-05	3.411527e-03	8.001503e-05	9.455272e-07	3.608068e+03	8.462478e+01
17:27:53	1.087290e+01	1.324319e+00	9.460796e+00	1.136066e+00	2.675634e-01	9.460796e-05	3.408199e-03	8.026902e-05	9.460796e-07	3.602444e+03	8.484383e+01
17:27:53	1.086140e+01	1.322919e+00	9.459330e+00	1.135440e+00	2.665805e-01	9.459330e-05	3.406320e-03	7.997416e-05	9.459330e-07	3.601016e+03	8.454526e+01
17:27:54	1.085290e+01	1.321883e+00	9.453322e+00	1.134425e+00	2.662756e-01	9.453322e-05	3.403274e-03	7.988268e-05	9.453322e-07	3.600083e+03	8.450223e+01
17:27:54	1.084080e+01	1.320409e+00	9.446153e+00	1.133302e+00	2.636091e-01	9.446153e-05	3.399907e-03	7.908274e-05	9.446153e-07	3.599251e+03	8.371952e+01
17:27:54	1.083190e+01	1.319325e+00	9.421956e+00	1.131856e+00	2.614390e-01	9.421956e-05	3.395567e-03	7.843170e-05	9.421956e-07	3.603887e+03	8.324354e+01
17:27:55	1.082520e+01	1.318509e+00	9.414787e+00	1.131317e+00	2.613774e-01	9.414787e-05	3.393951e-03	7.841321e-05	9.414787e-07	3.604916e+03	8.328729e+01
17:27:55	1.081780e+01	1.317608e+00	9.418011e+00	1.130286e+00	2.605210e-01	9.418011e-05	3.390857e-03	7.815630e-05	9.418011e-07	3.600396e+03	8.298599e+01
17:27:55	1.081190e+01	1.316889e+00	9.409895e+00	1.129254e+00	2.607448e-01	9.409895e-05	3.387762e-03	7.822344e-05	9.409895e-07	3.600213e+03	8.312893e+01
17:27:55	1.080400e+01	1.315927e+00	9.412328e+00	1.128278e+00	2.593045e-01	9.412328e-05	3.384833e-03	7.779136e-05	9.412328e-07	3.596170e+03	8.264838e+01
17:27:56	1.079470e+01	1.314794e+00	9.420775e+00	1.127892e+00	2.583508e-01	9.420775e-05	3.383675e-03	7.750525e-05	9.420775e-07	3.591716e+03	8.227057e+01
17:27:56	1.078460e+01	1.313564e+00	9.418475e+00	1.126435e+00	2.581724e-01	9.418475e-05	3.379305e-03	7.745173e-05	9.418475e-07	3.587954e+03	8.223383e+01
17:27:56	1.077410e+01	1.312285e+00	9.422975e+00	1.125206e+00	2.569041e-01	9.422975e-05	3.375617e-03	7.707122e-05	9.422975e-07	3.582326e+03	8.179076e+01
17:27:57	1.076340e+01	1.310982e+00	9.426258e+00	1.123827e+00	2.571603e-01	9.426258e-05	3.371481e-03	7.714810e-05	9.426258e-07	3.576691e+03	8.184383e+01
17:27:57	1.075350e+01	1.309776e+00	9.439811e+00	1.121527e+00	2.580881e-01	9.439811e-05	3.364581e-03	7.742643e-05	9.439811e-07	3.564247e+03	8.202116e+01
17:27:57	1.074300e+01	1.308497e+00	9.454234e+00	1.120006e+00	2.584125e-01	9.454234e-05	3.360017e-03	7.752374e-05	9.454234e-07	3.553982e+03	8.199897e+01
17:27:58	1.073310e+01	1.307292e+00	9.463658e+00	1.120252e+00	2.592559e-01	9.463658e-05	3.360757e-03	7.777676e-05	9.463658e-07	3.551224e+03	8.218468e+01
17:27:58	1.072400e+01	1.306183e+00	9.466366e+00	1.118867e+00	2.583865e-01	9.466366e-05	3.356602e-03	7.751596e-05	9.466366e-07	3.545818e+03	8.188565e+01
17:27:58	1.071270e+01	1.304807e+00	9.468258e+00	1.117411e+00	2.575593e-01	9.468258e-05	3.352232e-03	7.726780e-05	9.468258e-07	3.540495e+03	8.160720e+01
17:27:59	1.070340e+01	1.303674e+00	9.463927e+00	1.115565e+00	2.567938e-01	9.463927e-05	3.346695e-03	7.703814e-05	9.463927e-07	3.536264e+03	8.140187e+01
17:27:59	1.069290e+01	1.302395e+00	9.460560e+00	1.114621e+00	2.563624e-01	9.460560e-05	3.343863e-03	7.690871e-05	9.460560e-07	3.534530e+03	8.129404e+01
17:27:59	1.068240e+01	1.301116e+00	9.453020e+00	1.113862e+00	2.563526e-01	9.453020e-05	3.341586e-03	7.690579e-05	9.453020e-07	3.534940e+03	8.135578e+01
17:28:00	1.067590e+01	1.300325e+00	9.454201e+00	1.112885e+00	2.557071e-01	9.454201e-05	3.338656e-03	7.671213e-05	9.454201e-07	3.531400e+03	8.114078e+01
17:28:00	1.066500e+01	1.298997e+00	9.458675e+00	1.111860e+00	2.551524e-01	9.458675e-05	3.335581e-03	7.654572e-05	9.458675e-07	3.526478e+03	8.092647e+01
17:28:00	1.065330e+01	1.297572e+00	9.455625e+00	1.110190e+00	2.545588e-01	9.455625e-05	3.330569e-03	7.636763e-05	9.455625e-07	3.522315e+03	8.076423e+01
17:28:01	1.064400e+01	1.296439e+00	9.456459e+00	1.108986e+00	2.542701e-01	9.456459e-05	3.326959e-03	7.628102e-05	9.456459e-07	3.518187e+03	8.066552e+01
17:28:01	1.063410e+01	1.295233e+00	9.454779e+00	1.108393e+00	2.536472e-01	9.454779e-05	3.325178e-03	7.609417e-05	9.454779e-07	3.516929e+03	8.048224e+01
17:28:02	1.062340e+01	1.293930e+00	9.454526e+00	1.107069e+00	2.519312e-01	9.454526e-05	3.321208e-03	7.557937e-05	9.454526e-07	3.512823e+03	7.993989e+01
17:28:02	1.061330e+01	1.292700e+00	9.439165e+00	1.106258e+00	2.499363e-01	9.439165e-05	3.318775e-03	7.498088e-05	9.439165e-07	3.515962e+03	7.943592e+01
17:28:02	1.060670e+01	1.291896e+00	9.435058e+00	1.105548e+00	2.495632e-01	9.435058e-05	3.316644e-03	7.486897e-05	9.435058e-07	3.515234e+03	7.935188e+01
17:28:02	1.059780e+01	1.290812e+00	9.423513e+00	1.104854e+00	2.485576e-01	9.423513e-05	3.314561e-03	7.456729e-05	9.423513e-07	3.517330e+03	7.912897e+01
17:28:03	1.059190e+01	1.290093e+00	9.418186e+00	1.103825e+00	2.473866e-01	9.418186e-05	3.311476e-03	7.421598e-05	9.418186e-07	3.516044e+03	7.880071e+01
17:28:03	1.058420e+01	1.289156e+00	9.412808e+00	1.102956e+00	2.471141e-01	9.412808e-05	3.308868e-03	7.413423e-05	9.412808e-07	3.515283e+03	7.875889e+01
17:28:03	1.057560e+01	1.288108e+00	9.412506e+00	1.101791e+00	2.460663e-01	9.412506e-05	3.305374e-03	7.381990e-05	9.412506e-07	3.511684e+03	7.842747e+01
17:28:04	1.056570e+01	1.286902e+00	9.417126e+00	1.101120e+00	2.458458e-01	9.417126e-05	3.303360e-03	7.375373e-05	9.417126e-07	3.507822e+03	7.831872e+01
17:28:04	1.055560e+01	1.285672e+00	9.414527e+00	1.099248e+00	2.451613e-01	9.414527e-05	3.297745e-03	7.354839e-05	9.414527e-07	3.502826e+03	7.812224e+01
17:28:04	1.054570e+01	1.284466e+00	9.418112e+00	1.098301e+00	2.445807e-01	9.418112e-05	3.294903e-03	7.337420e-05	9.418112e-07	3.498475e+03	7.790754e+01
17:28:05	1.053450e+01	1.283102e+00	9.419121e+00	1.097707e+00	2.444866e-01	9.419121e-05	3.293122e-03	7.334597e-05	9.419121e-07	3.496210e+03	7.786924e+01
17:28:05	1.052630e+01	1.282103e+00	9.416652e+00	1.097023e+00	2.438638e-01	9.416652e-05	3.291069e-03	7.315913e-05	9.416652e-07	3.494946e+03	7.769123e+01
17:28:05	1.051620e+01	1.280873e+00	9.419403e+00	1.095803e+00	2.430366e-01	9.419403e-05	3.287410e-03	7.291097e-05	9.419403e-07	3.490041e+03	7.740509e+01
17:28:06	1.050550e+01	1.279570e+00	9.416195e+00	1.094976e+00	2.425370e-01	9.416195e-05	3.284928e-03	7.276111e-05	9.416195e-07	3.488594e+03	7.727230e+01
17:28:06	1.049640e+01	1.278462e+00	9.415231e+00	1.093552e+00	2.419921e-01	9.415231e-05	3.280656e-03	7.259762e-05	9.415231e-07	3.484414e+03	7.710657e+01
17:28:06	1.048530e+01	1.277110e+00	9.415215e+00	1.091687e+00	2.412168e-01	9.415215e-05	3.275060e-03	7.236503e-05	9.415215e-07	3.478476e+03	7.685967e+01
17:28:07	1.047560e+01	1.275928e+00	9.425135e+00	1.090483e+00	2.400101e-01	9.425135e-05	3.271450e-03	7.200302e-05	9.425135e-07	3.470985e+03	7.639468e+01
17:28:07	1.046610e+01	1.274771e+00	9.419059e+00	1.089296e+00	2.390693e-01	9.419059e-05	3.267888e-03	7.172080e-05	9.419059e-07	3.469442e+03	7.614434e+01
17:28:07	1.045680e+01	1.273638e+00	9.417113e+00	1.088255e+00	2.386638e-01	9.417113e-05	3.264764e-03	7.159915e-05	9.417113e-07	3.466842e+03	7.603090e+01
17:28:08	1.044690e+01	1.272432e+00	9.417907e+00	1.087554e+00	2.384627e-01	9.417907e-05	3.262662e-03	7.153882e-05	9.417907e-07	3.464318e+03	7.596042e+01
17:28:08	1.043780e+01	1.271324e+00	9.416860e+00	1.085896e+00	2.373760e-01	9.416860e-05	3.257689e-03	7.121281e-05	9.416860e-07	3.459422e+03	7.562267e+01
17:28:09	1.042810e+01	1.270143e+00	9.420529e+00	1.084940e+00	2.361109e-01	9.420529e-05	3.254819e-03	7.083328e-05	9.420529e-07	3.455028e+03	7.519034e+01
17:28:09	1.041640e+01	1.268718e+00	9.420950e+00	1.083564e+00	2.357995e-01	9.420950e-05	3.250692e-03	7.073986e-05	9.420950e-07	3.450493e+03	7.508781e+01
17:28:09	1.040670e+01	1.267536e+00	9.433252e+00	1.082565e+00	2.356795e-01	9.433252e-05	3.247695e-03	7.070385e-05	9.433252e-07	3.442816e+03	7.495173e+01
17:28:10	1.039780e+01	1.266452e+00	9.443966e+00	1.081735e+00	2.355887e-01	9.443966e-05	3.245204e-03	7.067660e-05	9.443966e-07	3.436272e+03	7.483783e+01
17:28:10	1.038850e+01	1.265319e+00	9.447318e+00	1.080723e+00	2.358125e-01	9.447318e-05	3.242168e-03	7.074375e-05	9.447318e-07	3.431839e+03	7.488237e+01
17:28:10	1.037860e+01	1.264113e+00	9.443087e+00	1.079749e+00	2.342068e-01	9.443087e-05	3.239248e-03	7.026204e-05	9.443087e-07	3.430285e+03	7.440579e+01
17:28:11	1.036990e+01	1.263054e+00	9.443366e+00	1.078611e+00	2.338564e-01	9.443366e-05	3.235832e-03	7.015693e-05	9.443366e-07	3.426567e+03	7.429229e+01
17:28:11	1.036000e+01	1.261848e+00	9.452557e+00	1.077492e+00	2.342684e-01	9.452557e-05	3.232475e-03	7.028053e-05	9.452557e-07	3.419683e+03	7.435081e+01
17:28:11	1.034870e+01	1.260472e+00	9.461598e+00	1.076094e+00	2.338532e-01	9.461598e-05	3.228281e-03	7.015596e-05	9.461598e-07	3.411983e+03	7.414811e+01
17:28:12	1.033880e+01	1.259266e+00	9.455249e+00	1.075078e+00	2.331460e-01	9.455249e-05	3.225235e-03	6.994381e-05	9.455249e-07	3.411052e+03	7.397353e+01
17:28:12	1.032930e+01	1.258109e+00	9.457783e+00	1.073748e+00	2.323383e-01	9.457783e-05	3.221245e-03	6.970150e-05	9.457783e-07	3.405919e+03	7.369750e+01
17:28:12	1.031960e+01	1.256927e+00	9.459129e+00	1.072373e+00	2.320853e-01	9.459129e-05	3.217118e-03	6.962559e-05	9.459129e-07	3.401073e+03	7.360677e+01
17:28:13	1.030930e+01	1.255673e+00	9.456534e+00	1.070589e+00	2.309143e-01	9.456534e-05	3.211766e-03	6.927428e-05	9.456534e-07	3.396346e+03	7.325547e+01
17:28:13	1.029980e+01	1.254516e+00	9.457575e+00	1.070235e+00	2.298697e-01	9.457575e-05	3.210705e-03	6.896092e-05	9.457575e-07	3.394850e+03	7.291607e+01
17:28:14	1.028710e+01	1.252969e+00	9.460829e+00	1.068908e+00	2.282932e-01	9.460829e-05	3.206725e-03	6.848797e-05	9.460829e-07	3.389476e+03	7.239109e+01
17:28:14	1.027560e+01	1.251568e+00	9.455719e+00	1.067127e+00	2.285268e-01	9.455719e-05	3.201382e-03	6.855803e-05	9.455719e-07	3.385657e+03	7.250430e+01
17:28:14	1.026530e+01	1.250314e+00	9.464913e+00	1.065476e+00	2.268594e-01	9.464913e-05	3.196429e-03	6.805783e-05	9.464913e-07	3.377135e+03	7.190540e+01
17:28:15	1.025130e+01	1.248608e+00	9.457348e+00	1.064338e+00	2.255165e-01	9.457348e-05	3.193013e-03	6.765494e-05	9.457348e-07	3.376225e+03	7.153691e+01
17:28:15	1.023840e+01	1.247037e+00	9.465309e+00	1.062979e+00	2.235247e-01	9.465309e-05	3.188936e-03	6.705742e-05	9.465309e-07	3.369077e+03	7.084547e+01
17:28:16	1.022490e+01	1.245393e+00	9.462613e+00	1.061516e+00	2.224964e-01	9.462613e-05	3.184547e-03	6.674893e-05	9.462613e-07	3.365399e+03	7.053964e+01
17:28:16	1.021230e+01	1.243858e+00	9.468968e+00	1.060789e+00	2.208356e-01	9.468968e-05	3.182367e-03	6.625068e-05	9.468968e-07	3.360838e+03	6.996610e+01
17:28:17	1.019880e+01	1.242214e+00	9.468462e+00	1.059962e+00	2.195056e-01	9.468462e-05	3.179885e-03	6.585168e-05	9.468462e-07	3.358397e+03	6.954845e+01
17:28:17	1.018670e+01	1.240740e+00	9.469867e+00	1.059002e+00	2.184416e-01	9.469867e-05	3.177005e-03	6.553249e-05	9.469867e-07	3.354857e+03	6.920107e+01
17:28:18	1.017420e+01	1.239218e+00	9.466499e+00	1.057253e+00	2.170954e-01	9.466499e-05	3.171759e-03	6.512862e-05	9.466499e-07	3.350509e+03	6.879906e+01
17:28:18	1.016060e+01	1.237561e+00	9.464410e+00	1.055819e+00	2.157135e-01	9.464410e-05	3.167458e-03	6.471406e-05	9.464410e-07	3.346704e+03	6.837622e+01
17:28:19	1.014790e+01	1.236014e+00	9.461254e+00	1.054230e+00	2.137153e-01	9.461254e-05	3.162690e-03	6.411459e-05	9.461254e-07	3.342781e+03	6.776543e+01
17:28:19	1.013440e+01	1.234370e+00	9.461309e+00	1.052653e+00	2.126059e-01	9.461309e-05	3.157960e-03	6.378177e-05	9.461309e-07	3.337762e+03	6.741327e+01
17:28:20	1.012040e+01	1.232665e+00	9.454240e+00	1.051453e+00	2.105785e-01	9.454240e-05	3.154359e-03	6.317355e-05	9.454240e-07	3.336449e+03	6.682033e+01
17:28:20	1.010710e+01	1.231045e+00	9.452096e+00	1.050120e+00	2.096475e-01	9.452096e-05	3.150360e-03	6.289425e-05	9.452096e-07	3.332975e+03	6.654001e+01
17:28:21	1.009460e+01	1.229522e+00	9.447973e+00	1.049542e+00	2.079510e-01	9.447973e-05	3.148627e-03	6.238529e-05	9.447973e-07	3.332596e+03	6.603035e+01
17:28:21	1.008160e+01	1.227939e+00	9.450328e+00	1.047950e+00	2.065561e-01	9.450328e-05	3.143849e-03	6.196683e-05	9.450328e-07	3.326709e+03	6.557109e+01
17:28:22	1.006710e+01	1.226173e+00	9.449806e+00	1.046020e+00	2.058262e-01	9.449806e-05	3.138059e-03	6.174787e-05	9.449806e-07	3.320765e+03	6.534301e+01
17:28:22	1.005500e+01	1.224699e+00	9.453724e+00	1.044755e+00	2.046422e-01	9.453724e-05	3.134264e-03	6.139267e-05	9.453724e-07	3.315374e+03	6.494019e+01
17:28:23	1.004150e+01	1.223055e+00	9.445394e+00	1.043632e+00	2.034712e-01	9.445394e-05	3.130896e-03	6.104136e-05	9.445394e-07	3.314734e+03	6.462553e+01
17:28:23	1.002830e+01	1.221447e+00	9.447973e+00	1.041949e+00	2.023229e-01	9.447973e-05	3.125846e-03	6.069686e-05	9.447973e-07	3.308483e+03	6.424326e+01
17:28:24	1.001480e+01	1.219803e+00	9.451830e+00	1.040570e+00	2.016157e-01	9.451830e-05	3.121710e-03	6.048471e-05	9.451830e-07	3.302757e+03	6.399260e+01
17:28:24	1.000190e+01	1.218231e+00	9.453926e+00	1.038821e+00	2.010091e-01	9.453926e-05	3.116464e-03	6.030273e-05	9.453926e-07	3.296477e+03	6.378592e+01
17:28:25	9.988100e+00	1.216551e+00	9.448975e+00	1.037371e+00	2.008307e-01	9.448975e-05	3.112114e-03	6.024921e-05	9.448975e-07	3.293600e+03	6.376269e+01
17:28:25	9.974600e+00	1.214906e+00	9.447262e+00	1.036823e+00	1.992380e-01	9.447262e-05	3.110470e-03	5.977139e-05	9.447262e-07	3.292456e+03	6.326847e+01
17:28:26	9.961500e+00	1.213311e+00	9.444687e+00	1.035487e+00	1.983167e-01	9.444687e-05	3.106460e-03	5.949501e-05	9.444687e-07	3.289109e+03	6.299310e+01
17:28:26	9.948700e+00	1.211752e+00	9.440992e+00	1.033965e+00	1.966818e-01	9.440992e-05	3.101896e-03	5.900454e-05	9.440992e-07	3.285562e+03	6.249824e+01
17:28:27	9.935200e+00	1.210107e+00	9.428827e+00	1.032970e+00	1.944111e-01	9.428827e-05	3.098909e-03	5.832333e-05	9.428827e-07	3.286632e+03	6.185640e+01
17:28:27	9.925100e+00	1.208877e+00	9.413061e+00	1.032554e+00	1.912937e-01	9.413061e-05	3.097663e-03	5.738812e-05	9.413061e-07	3.290814e+03	6.096648e+01
17:28:27	9.915600e+00	1.207720e+00	9.398933e+00	1.031140e+00	1.905509e-01	9.398933e-05	3.093420e-03	5.716527e-05	9.398933e-07	3.291246e+03	6.082102e+01
17:28:28	9.906700e+00	1.206636e+00	9.402291e+00	1.029826e+00	1.889679e-01	9.402291e-05	3.089479e-03	5.669037e-05	9.402291e-07	3.285879e+03	6.029421e+01
17:28:28	9.897200e+00	1.205479e+00	9.404932e+00	1.029924e+00	1.880272e-01	9.404932e-05	3.089771e-03	5.640815e-05	9.404932e-07	3.285266e+03	5.997721e+01
17:28:28	9.886500e+00	1.204176e+00	9.400364e+00	1.029064e+00	1.872973e-01	9.400364e-05	3.087192e-03	5.618919e-05	9.400364e-07	3.284119e+03	5.977342e+01
17:28:29	9.875200e+00	1.202799e+00	9.403511e+00	1.028221e+00	1.866712e-01	9.403511e-05	3.084662e-03	5.600137e-05	9.403511e-07	3.280330e+03	5.955369e+01
17:28:29	9.863100e+00	1.201326e+00	9.413531e+00	1.026391e+00	1.849001e-01	9.413531e-05	3.079173e-03	5.547003e-05	9.413531e-07	3.271007e+03	5.892584e+01
17:28:30	9.851000e+00	1.199852e+00	9.416042e+00	1.025707e+00	1.838718e-01	9.416042e-05	3.077120e-03	5.516154e-05	9.416042e-07	3.267954e+03	5.858251e+01
17:28:30	9.839600e+00	1.198463e+00	9.413596e+00	1.024279e+00	1.820520e-01	9.413596e-05	3.072838e-03	5.461560e-05	9.413596e-07	3.264255e+03	5.801778e+01
17:28:31	9.828300e+00	1.197087e+00	9.427828e+00	1.022784e+00	1.828175e-01	9.427828e-05	3.068351e-03	5.484526e-05	9.427828e-07	3.254569e+03	5.817381e+01
17:28:31	9.819200e+00	1.195979e+00	9.453322e+00	1.022735e+00	1.839788e-01	9.453322e-05	3.068205e-03	5.519365e-05	9.453322e-07	3.245637e+03	5.838545e+01
17:28:31	9.810000e+00	1.194858e+00	9.453760e+00	1.021827e+00	1.831419e-01	9.453760e-05	3.065481e-03	5.494258e-05	9.453760e-07	3.242605e+03	5.811717e+01
17:28:32	9.800500e+00	1.193701e+00	9.449549e+00	1.020546e+00	1.817081e-01	9.449549e-05	3.061637e-03	5.451244e-05	9.449549e-07	3.239982e+03	5.768787e+01
17:28:32	9.789100e+00	1.192312e+00	9.444135e+00	1.019851e+00	1.821720e-01	9.444135e-05	3.059554e-03	5.465160e-05	9.444135e-07	3.239634e+03	5.786830e+01
17:28:33	9.779700e+00	1.191167e+00	9.439049e+00	1.019027e+00	1.817308e-01	9.439049e-05	3.057082e-03	5.451925e-05	9.439049e-07	3.238761e+03	5.775927e+01
17:28:33	9.769600e+00	1.189937e+00	9.440035e+00	1.017931e+00	1.800635e-01	9.440035e-05	3.053793e-03	5.401905e-05	9.440035e-07	3.234938e+03	5.722336e+01
17:28:33	9.758400e+00	1.188573e+00	9.428616e+00	1.017678e+00	1.775884e-01	9.428616e-05	3.053034e-03	5.327653e-05	9.428616e-07	3.238051e+03	5.650514e+01
17:28:34	9.750400e+00	1.187599e+00	9.409178e+00	1.016377e+00	1.754540e-01	9.409178e-05	3.049131e-03	5.263619e-05	9.409178e-07	3.240593e+03	5.594133e+01
17:28:34	9.739000e+00	1.186210e+00	9.405587e+00	1.016121e+00	1.737055e-01	9.405587e-05	3.048363e-03	5.211166e-05	9.405587e-07	3.241013e+03	5.540501e+01
17:28:34	9.730600e+00	1.185187e+00	9.403926e+00	1.014995e+00	1.736504e-01	9.403926e-05	3.044986e-03	5.209512e-05	9.403926e-07	3.237994e+03	5.539720e+01
17:28:35	9.721900e+00	1.184127e+00	9.414868e+00	1.014509e+00	1.716327e-01	9.414868e-05	3.043526e-03	5.148981e-05	9.414868e-07	3.232681e+03	5.468989e+01
17:28:35	9.710000e+00	1.182678e+00	9.418183e+00	1.014016e+00	1.706563e-01	9.418183e-05	3.042047e-03	5.119689e-05	9.418183e-07	3.229972e+03	5.435962e+01
17:28:36	9.698700e+00	1.181302e+00	9.412655e+00	1.012903e+00	1.704617e-01	9.412655e-05	3.038709e-03	5.113850e-05	9.412655e-07	3.228323e+03	5.432952e+01
17:28:36	9.687500e+00	1.179938e+00	9.421502e+00	1.011836e+00	1.695437e-01	9.421502e-05	3.035507e-03	5.086310e-05	9.421502e-07	3.221893e+03	5.398619e+01
17:28:37	9.675600e+00	1.178488e+00	9.437981e+00	1.010360e+00	1.702865e-01	9.437981e-05	3.031079e-03	5.108595e-05	9.437981e-07	3.211576e+03	5.412805e+01
17:28:37	9.666900e+00	1.177428e+00	9.453686e+00	1.009854e+00	1.710910e-01	9.453686e-05	3.029561e-03	5.132729e-05	9.453686e-07	3.204635e+03	5.429342e+01
17:28:37	9.656400e+00	1.176150e+00	9.458701e+00	1.009166e+00	1.709288e-01	9.458701e-05	3.027498e-03	5.127864e-05	9.458701e-07	3.200755e+03	5.421319e+01
17:28:38	9.648100e+00	1.175139e+00	9.457987e+00	1.008958e+00	1.704325e-01	9.457987e-05	3.026875e-03	5.112974e-05	9.457987e-07	3.200338e+03	5.405986e+01
17:28:38	9.638700e+00	1.173994e+00	9.450013e+00	1.007671e+00	1.699102e-01	9.450013e-05	3.023012e-03	5.097306e-05	9.450013e-07	3.198950e+03	5.393967e+01
17:28:38	9.627300e+00	1.172605e+00	9.452803e+00	1.007226e+00	1.690441e-01	9.452803e-05	3.021679e-03	5.071323e-05	9.452803e-07	3.196595e+03	5.364888e+01
17:28:39	9.614800e+00	1.171083e+00	9.454883e+00	1.005857e+00	1.685835e-01	9.454883e-05	3.017572e-03	5.057504e-05	9.454883e-07	3.191549e+03	5.349093e+01
17:28:39	9.600900e+00	1.169390e+00	9.453673e+00	1.005056e+00	1.682299e-01	9.453673e-05	3.015168e-03	5.046897e-05	9.453673e-07	3.189415e+03	5.338557e+01
17:28:40	9.589200e+00	1.167965e+00	9.447668e+00	1.004573e+00	1.681683e-01	9.447668e-05	3.013718e-03	5.045048e-05	9.447668e-07	3.189907e+03	5.339993e+01
17:28:40	9.583500e+00	1.167270e+00	9.450458e+00	1.004524e+00	1.678504e-01	9.450458e-05	3.013572e-03	5.035511e-05	9.450458e-07	3.188811e+03	5.328325e+01
17:28:41	9.571800e+00	1.165845e+00	9.449270e+00	1.004044e+00	1.676525e-01	9.449270e-05	3.012132e-03	5.029575e-05	9.449270e-07	3.187687e+03	5.322712e+01
17:28:41	9.560700e+00	1.164493e+00	9.448800e+00	1.001764e+00	1.680937e-01	9.448800e-05	3.005291e-03	5.042810e-05	9.448800e-07	3.180606e+03	5.336984e+01
17:28:41	9.551600e+00	1.163385e+00	9.441242e+00	1.001196e+00	1.668448e-01	9.441242e-05	3.003588e-03	5.005343e-05	9.441242e-07	3.181348e+03	5.301573e+01
17:28:42	9.543300e+00	1.162374e+00	9.440995e+00	1.000891e+00	1.665301e-01	9.440995e-05	3.002673e-03	4.995903e-05	9.440995e-07	3.180462e+03	5.291713e+01
17:28:42	9.531800e+00	1.160973e+00	9.443123e+00	1.000443e+00	1.655505e-01	9.443123e-05	3.001330e-03	4.966514e-05	9.443123e-07	3.178323e+03	5.259398e+01
17:28:43	9.520700e+00	1.159621e+00	9.428077e+00	1.000177e+00	1.640583e-01	9.428077e-05	3.000532e-03	4.921749e-05	9.428077e-07	3.182549e+03	5.220310e+01
17:28:43	9.510800e+00	1.158415e+00	9.422371e+00	9.993728e-01	1.643178e-01	9.422371e-05	2.998118e-03	4.929534e-05	9.422371e-07	3.181915e+03	5.231734e+01
17:28:43	9.505900e+00	1.157819e+00	9.422819e+00	9.989738e-01	1.629489e-01	9.422819e-05	2.996921e-03	4.888467e-05	9.422819e-07	3.180493e+03	5.187903e+01
17:28:43	9.496800e+00	1.156710e+00	9.411244e+00	9.985424e-01	1.616968e-01	9.411244e-05	2.995627e-03	4.850903e-05	9.411244e-07	3.183030e+03	5.154369e+01
17:28:44	9.487800e+00	1.155614e+00	9.409807e+00	9.977444e-01	1.618460e-01	9.409807e-05	2.993233e-03	4.855379e-05	9.409807e-07	3.180972e+03	5.159914e+01
17:28:44	9.481300e+00	1.154822e+00	9.407841e+00	9.968101e-01	1.616092e-01	9.407841e-05	2.990430e-03	4.848275e-05	9.407841e-07	3.178657e+03	5.153441e+01
17:28:44	9.473600e+00	1.153884e+00	9.408717e+00	9.969821e-01	1.617260e-01	9.408717e-05	2.990946e-03	4.851779e-05	9.408717e-07	3.178910e+03	5.156684e+01
17:28:45	9.467000e+00	1.153081e+00	9.407958e+00	9.967842e-01	1.621769e-01	9.407958e-05	2.990353e-03	4.865306e-05	9.407958e-07	3.178535e+03	5.171479e+01
17:28:45	9.461500e+00	1.152411e+00	9.405116e+00	9.963041e-01	1.619433e-01	9.405116e-05	2.988912e-03	4.858299e-05	9.405116e-07	3.177964e+03	5.165591e+01
17:28:45	9.453400e+00	1.151424e+00	9.413619e+00	9.949709e-01	1.614664e-01	9.413619e-05	2.984913e-03	4.843993e-05	9.413619e-07	3.170845e+03	5.145729e+01
17:28:46	9.440500e+00	1.149853e+00	9.409509e+00	9.947535e-01	1.601040e-01	9.409509e-05	2.984261e-03	4.803121e-05	9.409509e-07	3.171537e+03	5.104539e+01
17:28:46	9.430800e+00	1.148671e+00	9.414183e+00	9.943221e-01	1.590303e-01	9.414183e-05	2.982966e-03	4.770909e-05	9.414183e-07	3.168587e+03	5.067789e+01
17:28:47	9.419500e+00	1.147295e+00	9.415513e+00	9.934268e-01	1.597310e-01	9.415513e-05	2.980280e-03	4.791929e-05	9.415513e-07	3.165287e+03	5.089398e+01
17:28:47	9.410600e+00	1.146211e+00	9.421395e+00	9.925834e-01	1.600975e-01	9.421395e-05	2.977750e-03	4.802926e-05	9.421395e-07	3.160626e+03	5.097893e+01
17:28:47	9.401700e+00	1.145127e+00	9.419860e+00	9.914415e-01	1.605387e-01	9.419860e-05	2.974325e-03	4.816161e-05	9.419860e-07	3.157504e+03	5.112773e+01
17:28:48	9.392600e+00	1.144019e+00	9.434468e+00	9.905365e-01	1.615930e-01	9.434468e-05	2.971609e-03	4.847789e-05	9.434468e-07	3.149737e+03	5.138380e+01
17:28:48	9.383300e+00	1.142886e+00	9.447204e+00	9.890443e-01	1.635717e-01	9.447204e-05	2.967133e-03	4.907151e-05	9.447204e-07	3.140752e+03	5.194290e+01
17:28:48	9.374800e+00	1.141851e+00	9.467953e+00	9.883436e-01	1.643340e-01	9.467953e-05	2.965031e-03	4.930021e-05	9.467953e-07	3.131650e+03	5.207061e+01
17:28:49	9.367200e+00	1.140925e+00	9.470733e+00	9.877727e-01	1.646033e-01	9.470733e-05	2.963318e-03	4.938098e-05	9.470733e-07	3.128922e+03	5.214061e+01
17:28:49	9.357500e+00	1.139744e+00	9.470042e+00	9.870526e-01	1.647200e-01	9.470042e-05	2.961158e-03	4.941601e-05	9.470042e-07	3.126869e+03	5.218141e+01
17:28:49	9.349200e+00	1.138733e+00	9.473279e+00	9.862935e-01	1.647557e-01	9.473279e-05	2.958881e-03	4.942672e-05	9.473279e-07	3.123396e+03	5.217487e+01
17:28:50	9.339900e+00	1.137600e+00	9.469685e+00	9.855085e-01	1.654986e-01	9.469685e-05	2.956526e-03	4.964957e-05	9.469685e-07	3.122095e+03	5.243001e+01
17:28:50	9.331400e+00	1.136565e+00	9.470924e+00	9.845937e-01	1.665398e-01	9.470924e-05	2.953781e-03	4.996195e-05	9.470924e-07	3.118789e+03	5.275299e+01
17:28:51	9.320700e+00	1.135261e+00	9.470824e+00	9.847365e-01	1.672989e-01	9.470824e-05	2.954209e-03	5.018967e-05	9.470824e-07	3.119274e+03	5.299399e+01
17:28:51	9.315600e+00	1.134640e+00	9.467083e+00	9.843634e-01	1.671951e-01	9.467083e-05	2.953090e-03	5.015853e-05	9.467083e-07	3.119324e+03	5.298203e+01
17:28:51	9.309200e+00	1.133861e+00	9.462714e+00	9.838184e-01	1.668383e-01	9.462714e-05	2.951455e-03	5.005148e-05	9.462714e-07	3.119037e+03	5.289337e+01
17:28:51	9.302900e+00	1.133093e+00	9.465130e+00	9.837049e-01	1.663906e-01	9.465130e-05	2.951115e-03	4.991719e-05	9.465130e-07	3.117881e+03	5.273798e+01
17:28:52	9.294400e+00	1.132058e+00	9.456258e+00	9.820343e-01	1.669583e-01	9.456258e-05	2.946103e-03	5.008749e-05	9.456258e-07	3.115506e+03	5.296756e+01
17:28:52	9.284900e+00	1.130901e+00	9.443201e+00	9.819435e-01	1.643275e-01	9.443201e-05	2.945830e-03	4.929826e-05	9.443201e-07	3.119525e+03	5.220503e+01
17:28:52	9.279700e+00	1.130267e+00	9.429498e+00	9.811196e-01	1.627510e-01	9.429498e-05	2.943359e-03	4.882530e-05	9.429498e-07	3.121437e+03	5.177932e+01
17:28:52	9.273200e+00	1.129476e+00	9.421859e+00	9.811747e-01	1.624299e-01	9.421859e-05	2.943524e-03	4.872896e-05	9.421859e-07	3.124144e+03	5.171905e+01
17:28:53	9.266400e+00	1.128648e+00	9.425472e+00	9.808406e-01	1.629294e-01	9.425472e-05	2.942522e-03	4.887883e-05	9.425472e-07	3.121882e+03	5.185823e+01
17:28:53	9.261700e+00	1.128075e+00	9.428616e+00	9.799907e-01	1.641167e-01	9.428616e-05	2.939972e-03	4.923500e-05	9.428616e-07	3.118137e+03	5.221870e+01
17:28:53	9.256100e+00	1.127393e+00	9.429190e+00	9.794327e-01	1.631922e-01	9.429190e-05	2.938298e-03	4.895765e-05	9.429190e-07	3.116172e+03	5.192138e+01
17:28:53	9.250000e+00	1.126650e+00	9.433203e+00	9.783720e-01	1.626505e-01	9.433203e-05	2.935116e-03	4.879514e-05	9.433203e-07	3.111473e+03	5.172701e+01
17:28:54	9.241900e+00	1.125663e+00	9.436019e+00	9.780444e-01	1.624850e-01	9.436019e-05	2.934133e-03	4.874551e-05	9.436019e-07	3.109503e+03	5.165897e+01
17:28:54	9.233200e+00	1.124604e+00	9.437683e+00	9.773210e-01	1.629554e-01	9.437683e-05	2.931963e-03	4.888661e-05	9.437683e-07	3.106656e+03	5.179938e+01
17:28:54	9.224300e+00	1.123520e+00	9.463239e+00	9.769739e-01	1.650542e-01	9.463239e-05	2.930922e-03	4.951625e-05	9.463239e-07	3.097165e+03	5.232484e+01
17:28:55	9.216100e+00	1.122521e+00	9.470833e+00	9.755012e-01	1.654240e-01	9.470833e-05	2.926504e-03	4.962719e-05	9.470833e-07	3.090017e+03	5.240002e+01
17:28:55	9.207000e+00	1.121413e+00	9.477519e+00	9.747324e-01	1.658165e-01	9.477519e-05	2.924197e-03	4.974494e-05	9.477519e-07	3.085404e+03	5.248730e+01
17:28:56	9.198500e+00	1.120377e+00	9.468585e+00	9.745507e-01	1.681780e-01	9.468585e-05	2.923652e-03	5.045340e-05	9.468585e-07	3.087739e+03	5.328504e+01
17:28:56	9.192200e+00	1.119610e+00	9.464738e+00	9.729969e-01	1.684180e-01	9.464738e-05	2.918991e-03	5.052541e-05	9.464738e-07	3.084069e+03	5.338279e+01
17:28:56	9.184700e+00	1.118696e+00	9.458023e+00	9.732824e-01	1.678763e-01	9.458023e-05	2.919847e-03	5.036289e-05	9.458023e-07	3.087164e+03	5.324886e+01
17:28:56	9.179100e+00	1.118014e+00	9.435905e+00	9.725006e-01	1.662479e-01	9.435905e-05	2.917502e-03	4.987437e-05	9.435905e-07	3.091915e+03	5.285595e+01
17:28:57	9.173400e+00	1.117320e+00	9.427639e+00	9.714755e-01	1.652488e-01	9.427639e-05	2.914427e-03	4.957464e-05	9.427639e-07	3.091364e+03	5.258436e+01
17:28:57	9.167400e+00	1.116589e+00	9.430497e+00	9.714431e-01	1.664360e-01	9.430497e-05	2.914329e-03	4.993081e-05	9.430497e-07	3.090324e+03	5.294611e+01
17:28:57	9.161700e+00	1.115895e+00	9.433462e+00	9.711609e-01	1.650996e-01	9.433462e-05	2.913483e-03	4.952987e-05	9.433462e-07	3.088455e+03	5.250444e+01
17:28:57	9.156100e+00	1.115213e+00	9.436801e+00	9.707035e-01	1.645968e-01	9.436801e-05	2.912110e-03	4.937903e-05	9.436801e-07	3.085909e+03	5.232603e+01
17:28:58	9.150800e+00	1.114567e+00	9.445287e+00	9.694319e-01	1.671237e-01	9.445287e-05	2.908296e-03	5.013712e-05	9.445287e-07	3.079097e+03	5.308163e+01
17:28:58	9.140300e+00	1.113289e+00	9.472300e+00	9.693638e-01	1.682786e-01	9.472300e-05	2.908091e-03	5.048357e-05	9.472300e-07	3.070101e+03	5.329600e+01
17:28:58	9.132000e+00	1.112278e+00	9.468663e+00	9.680078e-01	1.697221e-01	9.468663e-05	2.904024e-03	5.091662e-05	9.468663e-07	3.066984e+03	5.377382e+01
17:28:59	9.123500e+00	1.111242e+00	9.464128e+00	9.676186e-01	1.708834e-01	9.464128e-05	2.902856e-03	5.126501e-05	9.464128e-07	3.067219e+03	5.416771e+01
17:28:59	9.117900e+00	1.110560e+00	9.444171e+00	9.674175e-01	1.690149e-01	9.444171e-05	2.902252e-03	5.070447e-05	9.444171e-07	3.073062e+03	5.368864e+01
17:28:59	9.112800e+00	1.109939e+00	9.423474e+00	9.669374e-01	1.677985e-01	9.423474e-05	2.900812e-03	5.033954e-05	9.423474e-07	3.078283e+03	5.341930e+01
17:28:59	9.105000e+00	1.108989e+00	9.436956e+00	9.659285e-01	1.673541e-01	9.436956e-05	2.897786e-03	5.020622e-05	9.436956e-07	3.070678e+03	5.320170e+01
17:29:00	9.099900e+00	1.108368e+00	9.438770e+00	9.651143e-01	1.666534e-01	9.438770e-05	2.895343e-03	4.999601e-05	9.438770e-07	3.067500e+03	5.296878e+01
17:29:00	9.092400e+00	1.107454e+00	9.441368e+00	9.645369e-01	1.679444e-01	9.441368e-05	2.893611e-03	5.038333e-05	9.441368e-07	3.064821e+03	5.336444e+01
17:29:00	9.085000e+00	1.106553e+00	9.472974e+00	9.636416e-01	1.704000e-01	9.472974e-05	2.890925e-03	5.112001e-05	9.472974e-07	3.051760e+03	5.396406e+01
17:29:01	9.075900e+00	1.105445e+00	9.465666e+00	9.623765e-01	1.720317e-01	9.465666e-05	2.887129e-03	5.160951e-05	9.465666e-07	3.050107e+03	5.452285e+01
17:29:01	9.066600e+00	1.104312e+00	9.463424e+00	9.612963e-01	1.718176e-01	9.463424e-05	2.883889e-03	5.154528e-05	9.463424e-07	3.047405e+03	5.446790e+01
17:29:01	9.058500e+00	1.103325e+00	9.430111e+00	9.604658e-01	1.698097e-01	9.430111e-05	2.881398e-03	5.094290e-05	9.430111e-07	3.055529e+03	5.402152e+01
17:29:02	9.052800e+00	1.102631e+00	9.431960e+00	9.601869e-01	1.701697e-01	9.431960e-05	2.880561e-03	5.105092e-05	9.431960e-07	3.054042e+03	5.412546e+01
17:29:02	9.046400e+00	1.101852e+00	9.433080e+00	9.591229e-01	1.694463e-01	9.433080e-05	2.877369e-03	5.083390e-05	9.433080e-07	3.050296e+03	5.388898e+01
17:29:02	9.040900e+00	1.101182e+00	9.439175e+00	9.590191e-01	1.694431e-01	9.439175e-05	2.877057e-03	5.083293e-05	9.439175e-07	3.047996e+03	5.385315e+01
17:29:02	9.034500e+00	1.100402e+00	9.450192e+00	9.587725e-01	1.708801e-01	9.450192e-05	2.876318e-03	5.126404e-05	9.450192e-07	3.043661e+03	5.424656e+01
17:29:03	9.026000e+00	1.099367e+00	9.478402e+00	9.565408e-01	1.728167e-01	9.478402e-05	2.869622e-03	5.184501e-05	9.478402e-07	3.027538e+03	5.469806e+01
17:29:03	9.016900e+00	1.098258e+00	9.469753e+00	9.557071e-01	1.742765e-01	9.469753e-05	2.867121e-03	5.228294e-05	9.469753e-07	3.027662e+03	5.521045e+01
17:29:03	9.010400e+00	1.097467e+00	9.456874e+00	9.552984e-01	1.734298e-01	9.456874e-05	2.865895e-03	5.202894e-05	9.456874e-07	3.030489e+03	5.501706e+01
17:29:04	9.003300e+00	1.096602e+00	9.432350e+00	9.551978e-01	1.720155e-01	9.432350e-05	2.865593e-03	5.160464e-05	9.432350e-07	3.038048e+03	5.471027e+01
17:29:04	8.997700e+00	1.095920e+00	9.430287e+00	9.546107e-01	1.725442e-01	9.430287e-05	2.863832e-03	5.176327e-05	9.430287e-07	3.036845e+03	5.489045e+01
17:29:04	8.991400e+00	1.095153e+00	9.440405e+00	9.544031e-01	1.711429e-01	9.440405e-05	2.863209e-03	5.134286e-05	9.440405e-07	3.032931e+03	5.438630e+01
17:29:04	8.986200e+00	1.094519e+00	9.442529e+00	9.532061e-01	1.717041e-01	9.442529e-05	2.859618e-03	5.151122e-05	9.442529e-07	3.028445e+03	5.455235e+01
17:29:05	8.979300e+00	1.093679e+00	9.464206e+00	9.522426e-01	1.741954e-01	9.464206e-05	2.856728e-03	5.225861e-05	9.464206e-07	3.018455e+03	5.521711e+01
17:29:05	8.971400e+00	1.092717e+00	9.472952e+00	9.515290e-01	1.752042e-01	9.472952e-05	2.854587e-03	5.256126e-05	9.472952e-07	3.013408e+03	5.548562e+01
17:29:05	8.962700e+00	1.091657e+00	9.467002e+00	9.504650e-01	1.766931e-01	9.467002e-05	2.851395e-03	5.300794e-05	9.467002e-07	3.011930e+03	5.599232e+01
17:29:06	8.954700e+00	1.090682e+00	9.439743e+00	9.499265e-01	1.740818e-01	9.439743e-05	2.849780e-03	5.222455e-05	9.439743e-07	3.018917e+03	5.532412e+01
17:29:06	8.949600e+00	1.090061e+00	9.423692e+00	9.491545e-01	1.732417e-01	9.423692e-05	2.847463e-03	5.197250e-05	9.423692e-07	3.021601e+03	5.515089e+01
17:29:06	8.944000e+00	1.089379e+00	9.429171e+00	9.486419e-01	1.726675e-01	9.429171e-05	2.845926e-03	5.180025e-05	9.429171e-07	3.018214e+03	5.493617e+01
17:29:06	8.939100e+00	1.088782e+00	9.432489e+00	9.486128e-01	1.722977e-01	9.432489e-05	2.845838e-03	5.168931e-05	9.432489e-07	3.017060e+03	5.479922e+01
17:29:06	8.933100e+00	1.088052e+00	9.433582e+00	9.481846e-01	1.732417e-01	9.433582e-05	2.844554e-03	5.197250e-05	9.433582e-07	3.015348e+03	5.509307e+01
17:29:07	8.927600e+00	1.087382e+00	9.450438e+00	9.470070e-01	1.737801e-01	9.450438e-05	2.841021e-03	5.213404e-05	9.450438e-07	3.006232e+03	5.516574e+01
17:29:07	8.920100e+00	1.086468e+00	9.473107e+00	9.458360e-01	1.756064e-01	9.473107e-05	2.837508e-03	5.268193e-05	9.473107e-07	2.995330e+03	5.561209e+01
17:29:07	8.910400e+00	1.085287e+00	9.470376e+00	9.447655e-01	1.769916e-01	9.470376e-05	2.834297e-03	5.309747e-05	9.470376e-07	2.992803e+03	5.606691e+01
17:29:08	8.902500e+00	1.084325e+00	9.467664e+00	9.441816e-01	1.766834e-01	9.467664e-05	2.832545e-03	5.300502e-05	9.467664e-07	2.991810e+03	5.598532e+01
17:29:08	8.893900e+00	1.083277e+00	9.442108e+00	9.430722e-01	1.746430e-01	9.442108e-05	2.829217e-03	5.239290e-05	9.442108e-07	2.996383e+03	5.548857e+01
17:29:08	8.887600e+00	1.082510e+00	9.425388e+00	9.424202e-01	1.735985e-01	9.425388e-05	2.827261e-03	5.207955e-05	9.425388e-07	2.999622e+03	5.525454e+01
17:29:09	8.882100e+00	1.081840e+00	9.428142e+00	9.419369e-01	1.734687e-01	9.428142e-05	2.825811e-03	5.204062e-05	9.428142e-07	2.997208e+03	5.519711e+01
17:29:09	8.875700e+00	1.081060e+00	9.432749e+00	9.409248e-01	1.735563e-01	9.432749e-05	2.822774e-03	5.206689e-05	9.432749e-07	2.992526e+03	5.519801e+01
17:29:09	8.870600e+00	1.080439e+00	9.436677e+00	9.405290e-01	1.735466e-01	9.436677e-05	2.821587e-03	5.206397e-05	9.436677e-07	2.990022e+03	5.517194e+01
17:29:10	8.862100e+00	1.079404e+00	9.448018e+00	9.394845e-01	1.748052e-01	9.448018e-05	2.818454e-03	5.244156e-05	9.448018e-07	2.983116e+03	5.550535e+01
17:29:10	8.853100e+00	1.078308e+00	9.480150e+00	9.386411e-01	1.769234e-01	9.480150e-05	2.815923e-03	5.307703e-05	9.480150e-07	2.970336e+03	5.598754e+01
17:29:10	8.844800e+00	1.077297e+00	9.475553e+00	9.375706e-01	1.778512e-01	9.475553e-05	2.812712e-03	5.335536e-05	9.475553e-07	2.968388e+03	5.630843e+01
17:29:11	8.836500e+00	1.076286e+00	9.468871e+00	9.361758e-01	1.786102e-01	9.468871e-05	2.808527e-03	5.358307e-05	9.468871e-07	2.966064e+03	5.658866e+01
17:29:11	8.828600e+00	1.075323e+00	9.466058e+00	9.349918e-01	1.779193e-01	9.466058e-05	2.804975e-03	5.337579e-05	9.466058e-07	2.963193e+03	5.638650e+01
17:29:11	8.820100e+00	1.074288e+00	9.434549e+00	9.349658e-01	1.750874e-01	9.434549e-05	2.804897e-03	5.252622e-05	9.434549e-07	2.973006e+03	5.567433e+01
17:29:12	8.814100e+00	1.073557e+00	9.423756e+00	9.337883e-01	1.752529e-01	9.423756e-05	2.801365e-03	5.257586e-05	9.423756e-07	2.972663e+03	5.579076e+01
17:29:12	8.808000e+00	1.072814e+00	9.429641e+00	9.333439e-01	1.758043e-01	9.429641e-05	2.800032e-03	5.274129e-05	9.429641e-07	2.969394e+03	5.593139e+01
17:29:12	8.801700e+00	1.072047e+00	9.432395e+00	9.320658e-01	1.750323e-01	9.432395e-05	2.796197e-03	5.250968e-05	9.432395e-07	2.964462e+03	5.566951e+01
17:29:12	8.795100e+00	1.071243e+00	9.440920e+00	9.316668e-01	1.743770e-01	9.440920e-05	2.795000e-03	5.231310e-05	9.440920e-07	2.960517e+03	5.541102e+01
17:29:13	8.787200e+00	1.070281e+00	9.435873e+00	9.304601e-01	1.742797e-01	9.435873e-05	2.791380e-03	5.228391e-05	9.435873e-07	2.958264e+03	5.540972e+01
17:29:13	8.778500e+00	1.069221e+00	9.444781e+00	9.293961e-01	1.756291e-01	9.444781e-05	2.788188e-03	5.268874e-05	9.444781e-07	2.952094e+03	5.578609e+01
17:29:13	8.771000e+00	1.068308e+00	9.473714e+00	9.278066e-01	1.781302e-01	9.473714e-05	2.783420e-03	5.343905e-05	9.473714e-07	2.938045e+03	5.640771e+01
17:29:14	8.761600e+00	1.067163e+00	9.477078e+00	9.270248e-01	1.781366e-01	9.477078e-05	2.781074e-03	5.344099e-05	9.477078e-07	2.934527e+03	5.638974e+01
17:29:14	8.753700e+00	1.066201e+00	9.470736e+00	9.261198e-01	1.783345e-01	9.470736e-05	2.778359e-03	5.350036e-05	9.470736e-07	2.933626e+03	5.649018e+01
17:29:15	8.744400e+00	1.065068e+00	9.468598e+00	9.253023e-01	1.800635e-01	9.468598e-05	2.775907e-03	5.401905e-05	9.468598e-07	2.931698e+03	5.705074e+01
17:29:15	8.737300e+00	1.064203e+00	9.467953e+00	9.243421e-01	1.797424e-01	9.467953e-05	2.773026e-03	5.392271e-05	9.467953e-07	2.928855e+03	5.695287e+01
17:29:15	8.729000e+00	1.063192e+00	9.467768e+00	9.237939e-01	1.791649e-01	9.467768e-05	2.771382e-03	5.374948e-05	9.467768e-07	2.927176e+03	5.677102e+01
17:29:16	8.719700e+00	1.062059e+00	9.462052e+00	9.224023e-01	1.785064e-01	9.462052e-05	2.767207e-03	5.355193e-05	9.462052e-07	2.924532e+03	5.659653e+01
17:29:16	8.711200e+00	1.061024e+00	9.435698e+00	9.220941e-01	1.766412e-01	9.435698e-05	2.766282e-03	5.299237e-05	9.435698e-07	2.931720e+03	5.616158e+01
17:29:16	8.706400e+00	1.060440e+00	9.427367e+00	9.213351e-01	1.754669e-01	9.427367e-05	2.764005e-03	5.264008e-05	9.427367e-07	2.931895e+03	5.583753e+01
17:29:16	8.701200e+00	1.059806e+00	9.416636e+00	9.207804e-01	1.755286e-01	9.416636e-05	2.762341e-03	5.265857e-05	9.416636e-07	2.933469e+03	5.592079e+01
17:29:17	8.695900e+00	1.059161e+00	9.423935e+00	9.197650e-01	1.758303e-01	9.423935e-05	2.759295e-03	5.274908e-05	9.423935e-07	2.927965e+03	5.597352e+01
17:29:17	8.690800e+00	1.058539e+00	9.415789e+00	9.187043e-01	1.759730e-01	9.415789e-05	2.756113e-03	5.279190e-05	9.415789e-07	2.927118e+03	5.606742e+01
17:29:17	8.685800e+00	1.057930e+00	9.414362e+00	9.180717e-01	1.760314e-01	9.414362e-05	2.754215e-03	5.280941e-05	9.414362e-07	2.925546e+03	5.609452e+01
17:29:17	8.680100e+00	1.057236e+00	9.418313e+00	9.178479e-01	1.757589e-01	9.418313e-05	2.753544e-03	5.272767e-05	9.418313e-07	2.923606e+03	5.598420e+01
17:29:18	8.672100e+00	1.056262e+00	9.417181e+00	9.172510e-01	1.751134e-01	9.417181e-05	2.751753e-03	5.253401e-05	9.417181e-07	2.922056e+03	5.578528e+01
17:29:18	8.664200e+00	1.055300e+00	9.418517e+00	9.159146e-01	1.752399e-01	9.418517e-05	2.747744e-03	5.257196e-05	9.418517e-07	2.917385e+03	5.581766e+01
17:29:18	8.655900e+00	1.054289e+00	9.416818e+00	9.165341e-01	1.741305e-01	9.416818e-05	2.749602e-03	5.223914e-05	9.416818e-07	2.919885e+03	5.547431e+01
17:29:19	8.650900e+00	1.053680e+00	9.418706e+00	9.153793e-01	1.741467e-01	9.418706e-05	2.746138e-03	5.224401e-05	9.418706e-07	2.915621e+03	5.546835e+01
17:29:19	8.643200e+00	1.052742e+00	9.420409e+00	9.144386e-01	1.744094e-01	9.420409e-05	2.743316e-03	5.232283e-05	9.420409e-07	2.912099e+03	5.554200e+01
17:29:19	8.635900e+00	1.051853e+00	9.417450e+00	9.130794e-01	1.734882e-01	9.417450e-05	2.739238e-03	5.204646e-05	9.417450e-07	2.908684e+03	5.526598e+01
17:29:20	8.627600e+00	1.050842e+00	9.417979e+00	9.115581e-01	1.733228e-01	9.417979e-05	2.734674e-03	5.199683e-05	9.417979e-07	2.903674e+03	5.521018e+01
17:29:20	8.618900e+00	1.049782e+00	9.420081e+00	9.103903e-01	1.734136e-01	9.420081e-05	2.731171e-03	5.202408e-05	9.420081e-07	2.899307e+03	5.522678e+01
17:29:20	8.610700e+00	1.048783e+00	9.419491e+00	9.095144e-01	1.739586e-01	9.419491e-05	2.728543e-03	5.218757e-05	9.419491e-07	2.896699e+03	5.540381e+01
17:29:21	8.602800e+00	1.047821e+00	9.417726e+00	9.083758e-01	1.740591e-01	9.417726e-05	2.725127e-03	5.221773e-05	9.417726e-07	2.893615e+03	5.544622e+01
17:29:21	8.593900e+00	1.046737e+00	9.421833e+00	9.076622e-01	1.737088e-01	9.421833e-05	2.722987e-03	5.211263e-05	9.421833e-07	2.890082e+03	5.531050e+01
17:29:21	8.585600e+00	1.045726e+00	9.415741e+00	9.060500e-01	1.734720e-01	9.415741e-05	2.718150e-03	5.204159e-05	9.415741e-07	2.886815e+03	5.527084e+01
17:29:22	8.577900e+00	1.044788e+00	9.419906e+00	9.054791e-01	1.745165e-01	9.419906e-05	2.716437e-03	5.235495e-05	9.419906e-07	2.883720e+03	5.557906e+01
17:29:22	8.569400e+00	1.043753e+00	9.419205e+00	9.047330e-01	1.739910e-01	9.419205e-05	2.714199e-03	5.219730e-05	9.419205e-07	2.881558e+03	5.541582e+01
17:29:23	8.561600e+00	1.042803e+00	9.425823e+00	9.040907e-01	1.732417e-01	9.425823e-05	2.712272e-03	5.197250e-05	9.425823e-07	2.877491e+03	5.513842e+01
17:29:23	8.552300e+00	1.041670e+00	9.421255e+00	9.029942e-01	1.737477e-01	9.421255e-05	2.708983e-03	5.212431e-05	9.421255e-07	2.875395e+03	5.532629e+01
17:29:23	8.544000e+00	1.040659e+00	9.425839e+00	9.018167e-01	1.730373e-01	9.425839e-05	2.705450e-03	5.191119e-05	9.425839e-07	2.870249e+03	5.507328e+01
17:29:24	8.536300e+00	1.039721e+00	9.426507e+00	9.006132e-01	1.735466e-01	9.426507e-05	2.701840e-03	5.206397e-05	9.426507e-07	2.866215e+03	5.523146e+01
17:29:24	8.528800e+00	1.038808e+00	9.427370e+00	8.998769e-01	1.730924e-01	9.427370e-05	2.699631e-03	5.192773e-05	9.427370e-07	2.863609e+03	5.508189e+01
17:29:24	8.519800e+00	1.037712e+00	9.419053e+00	8.987026e-01	1.732481e-01	9.419053e-05	2.696108e-03	5.197444e-05	9.419053e-07	2.862398e+03	5.518012e+01
17:29:25	8.510900e+00	1.036628e+00	9.421041e+00	8.975608e-01	1.730049e-01	9.421041e-05	2.692682e-03	5.190146e-05	9.421041e-07	2.858158e+03	5.509100e+01
17:29:25	8.504000e+00	1.035787e+00	9.423448e+00	8.973467e-01	1.730341e-01	9.423448e-05	2.692040e-03	5.191022e-05	9.423448e-07	2.856746e+03	5.508622e+01
17:29:25	8.495700e+00	1.034776e+00	9.421226e+00	8.966168e-01	1.737801e-01	9.421226e-05	2.689850e-03	5.213404e-05	9.421226e-07	2.855096e+03	5.533679e+01
17:29:26	8.487000e+00	1.033717e+00	9.426407e+00	8.948067e-01	1.740753e-01	9.426407e-05	2.684420e-03	5.222260e-05	9.426407e-07	2.847766e+03	5.540032e+01
17:29:26	8.479600e+00	1.032815e+00	9.434848e+00	8.937687e-01	1.736698e-01	9.434848e-05	2.681306e-03	5.210095e-05	9.434848e-07	2.841918e+03	5.522183e+01
17:29:26	8.471300e+00	1.031804e+00	9.447094e+00	8.926593e-01	1.750615e-01	9.447094e-05	2.677978e-03	5.251844e-05	9.447094e-07	2.834711e+03	5.559217e+01
17:29:27	8.463800e+00	1.030891e+00	9.460641e+00	8.916083e-01	1.758984e-01	9.460641e-05	2.674825e-03	5.276951e-05	9.460641e-07	2.827319e+03	5.577795e+01
17:29:27	8.454500e+00	1.029758e+00	9.468309e+00	8.903140e-01	1.762001e-01	9.468309e-05	2.670942e-03	5.286002e-05	9.468309e-07	2.820928e+03	5.582836e+01
17:29:28	8.446600e+00	1.028796e+00	9.467388e+00	8.900350e-01	1.755870e-01	9.467388e-05	2.670105e-03	5.267609e-05	9.467388e-07	2.820319e+03	5.563952e+01
17:29:28	8.439400e+00	1.027919e+00	9.466661e+00	8.888867e-01	1.764596e-01	9.466661e-05	2.666660e-03	5.293787e-05	9.466661e-07	2.816896e+03	5.592032e+01
17:29:28	8.431100e+00	1.026908e+00	9.463064e+00	8.878000e-01	1.757524e-01	9.463064e-05	2.663400e-03	5.272572e-05	9.463064e-07	2.814522e+03	5.571739e+01
17:29:29	8.422400e+00	1.025848e+00	9.460864e+00	8.870247e-01	1.751945e-01	9.460864e-05	2.661074e-03	5.255834e-05	9.460864e-07	2.812718e+03	5.555342e+01
17:29:29	8.414700e+00	1.024910e+00	9.454730e+00	8.862202e-01	1.760508e-01	9.454730e-05	2.658661e-03	5.281525e-05	9.454730e-07	2.811990e+03	5.586120e+01
17:29:29	8.406600e+00	1.023924e+00	9.456381e+00	8.857693e-01	1.749447e-01	9.456381e-05	2.657308e-03	5.248341e-05	9.456381e-07	2.810069e+03	5.550052e+01
17:29:30	8.399200e+00	1.023023e+00	9.449377e+00	8.844004e-01	1.750647e-01	9.449377e-05	2.653201e-03	5.251941e-05	9.449377e-07	2.807805e+03	5.557976e+01
17:29:30	8.389100e+00	1.021792e+00	9.445932e+00	8.832521e-01	1.747209e-01	9.445932e-05	2.649756e-03	5.241626e-05	9.445932e-07	2.805182e+03	5.549082e+01
17:29:31	8.382000e+00	1.020928e+00	9.450218e+00	8.823535e-01	1.728816e-01	9.450218e-05	2.647061e-03	5.186448e-05	9.450218e-07	2.801058e+03	5.488178e+01
17:29:31	8.374100e+00	1.019965e+00	9.432239e+00	8.816399e-01	1.718890e-01	9.432239e-05	2.644920e-03	5.156669e-05	9.432239e-07	2.804127e+03	5.467068e+01
17:29:31	8.369300e+00	1.019381e+00	9.412289e+00	8.811209e-01	1.704033e-01	9.412289e-05	2.643363e-03	5.112098e-05	9.412289e-07	2.808416e+03	5.431302e+01
17:29:31	8.363200e+00	1.018638e+00	9.417710e+00	8.800374e-01	1.707147e-01	9.417710e-05	2.640112e-03	5.121441e-05	9.417710e-07	2.803348e+03	5.438096e+01
17:29:32	8.357500e+00	1.017944e+00	9.413350e+00	8.795606e-01	1.706076e-01	9.413350e-05	2.638682e-03	5.118229e-05	9.413350e-07	2.803127e+03	5.437203e+01
17:29:32	8.352300e+00	1.017310e+00	9.417116e+00	8.789280e-01	1.692906e-01	9.417116e-05	2.636784e-03	5.078719e-05	9.417116e-07	2.799991e+03	5.393073e+01
17:29:32	8.344800e+00	1.016397e+00	9.416016e+00	8.781754e-01	1.687100e-01	9.416016e-05	2.634526e-03	5.061300e-05	9.416016e-07	2.797920e+03	5.375203e+01
17:29:33	8.336700e+00	1.015410e+00	9.421288e+00	8.777959e-01	1.676006e-01	9.421288e-05	2.633388e-03	5.028018e-05	9.421288e-07	2.795146e+03	5.336869e+01
17:29:33	8.328300e+00	1.014387e+00	9.423568e+00	8.766346e-01	1.676006e-01	9.423568e-05	2.629904e-03	5.028018e-05	9.423568e-07	2.790773e+03	5.335577e+01
17:29:33	8.320000e+00	1.013376e+00	9.431308e+00	8.746364e-01	1.678374e-01	9.431308e-05	2.623909e-03	5.035122e-05	9.431308e-07	2.782126e+03	5.338731e+01
17:29:34	8.312900e+00	1.012511e+00	9.448103e+00	8.736600e-01	1.688981e-01	9.448103e-05	2.620980e-03	5.066944e-05	9.448103e-07	2.774081e+03	5.362922e+01
17:29:34	8.304400e+00	1.011476e+00	9.463709e+00	8.728555e-01	1.699037e-01	9.463709e-05	2.618566e-03	5.097112e-05	9.463709e-07	2.766956e+03	5.385955e+01
17:29:34	8.296700e+00	1.010538e+00	9.459405e+00	8.719731e-01	1.689630e-01	9.459405e-05	2.615919e-03	5.068890e-05	9.459405e-07	2.765417e+03	5.358572e+01
17:29:35	8.287600e+00	1.009430e+00	9.457484e+00	8.714249e-01	1.694074e-01	9.457484e-05	2.614275e-03	5.082222e-05	9.457484e-07	2.764239e+03	5.373757e+01
17:29:35	8.280600e+00	1.008577e+00	9.455317e+00	8.699068e-01	1.698129e-01	9.455317e-05	2.609720e-03	5.094387e-05	9.455317e-07	2.760056e+03	5.387854e+01
17:29:35	8.272700e+00	1.007615e+00	9.447587e+00	8.693294e-01	1.688430e-01	9.447587e-05	2.607988e-03	5.065290e-05	9.447587e-07	2.760481e+03	5.361464e+01
17:29:36	8.266400e+00	1.006848e+00	9.435185e+00	8.690180e-01	1.665106e-01	9.435185e-05	2.607054e-03	4.995319e-05	9.435185e-07	2.763119e+03	5.294352e+01
17:29:36	8.261200e+00	1.006214e+00	9.420087e+00	8.688428e-01	1.650379e-01	9.420087e-05	2.606528e-03	4.951138e-05	9.420087e-07	2.766990e+03	5.255936e+01
17:29:36	8.254900e+00	1.005447e+00	9.411673e+00	8.679508e-01	1.649731e-01	9.411673e-05	2.603852e-03	4.949192e-05	9.411673e-07	2.766620e+03	5.258568e+01
17:29:36	8.250700e+00	1.004935e+00	9.417956e+00	8.675874e-01	1.647200e-01	9.417956e-05	2.602762e-03	4.941601e-05	9.417956e-07	2.763617e+03	5.246999e+01
17:29:37	8.244600e+00	1.004192e+00	9.425086e+00	8.672890e-01	1.644443e-01	9.425086e-05	2.601867e-03	4.933329e-05	9.425086e-07	2.760576e+03	5.234254e+01
17:29:37	8.239600e+00	1.003583e+00	9.423150e+00	8.660596e-01	1.633252e-01	9.423150e-05	2.598179e-03	4.899755e-05	9.423150e-07	2.757230e+03	5.199700e+01
17:29:37	8.230900e+00	1.002524e+00	9.428921e+00	8.654562e-01	1.636398e-01	9.428921e-05	2.596369e-03	4.909195e-05	9.428921e-07	2.753622e+03	5.206529e+01
17:29:38	8.223400e+00	1.001610e+00	9.453381e+00	8.641327e-01	1.664458e-01	9.453381e-05	2.592398e-03	4.993373e-05	9.453381e-07	2.742297e+03	5.282103e+01
17:29:38	8.216300e+00	1.000745e+00	9.459862e+00	8.631077e-01	1.657224e-01	9.459862e-05	2.589323e-03	4.971672e-05	9.459862e-07	2.737168e+03	5.255544e+01
17:29:38	8.207900e+00	9.997222e-01	9.451603e+00	8.620047e-01	1.662511e-01	9.451603e-05	2.586014e-03	4.987534e-05	9.451603e-07	2.736059e+03	5.276919e+01
17:29:39	8.198800e+00	9.986138e-01	9.441877e+00	8.615344e-01	1.650185e-01	9.441877e-05	2.584603e-03	4.950554e-05	9.441877e-07	2.737383e+03	5.243188e+01
17:29:39	8.192900e+00	9.978952e-01	9.417379e+00	8.617258e-01	1.627218e-01	9.417379e-05	2.585177e-03	4.881655e-05	9.417379e-07	2.745113e+03	5.183666e+01
17:29:39	8.187200e+00	9.972010e-01	9.417580e+00	8.608305e-01	1.620958e-01	9.417580e-05	2.582491e-03	4.862873e-05	9.417580e-07	2.742203e+03	5.163612e+01
17:29:40	8.182200e+00	9.965920e-01	9.421538e+00	8.591372e-01	1.613626e-01	9.421538e-05	2.577412e-03	4.840879e-05	9.421538e-07	2.735659e+03	5.138099e+01
17:29:40	8.173900e+00	9.955810e-01	9.426682e+00	8.590593e-01	1.603311e-01	9.426682e-05	2.577178e-03	4.809933e-05	9.426682e-07	2.733918e+03	5.102466e+01
17:29:40	8.166800e+00	9.947162e-01	9.444194e+00	8.578558e-01	1.619271e-01	9.444194e-05	2.573568e-03	4.857812e-05	9.444194e-07	2.725026e+03	5.143702e+01
17:29:41	8.158600e+00	9.937175e-01	9.467654e+00	8.569021e-01	1.629002e-01	9.467654e-05	2.570706e-03	4.887007e-05	9.467654e-07	2.715252e+03	5.161793e+01
17:29:41	8.150900e+00	9.927796e-01	9.463207e+00	8.559128e-01	1.628873e-01	9.463207e-05	2.567738e-03	4.886618e-05	9.463207e-07	2.713391e+03	5.163807e+01
17:29:41	8.143600e+00	9.918905e-01	9.452634e+00	8.552380e-01	1.628418e-01	9.452634e-05	2.565714e-03	4.885255e-05	9.452634e-07	2.714285e+03	5.168142e+01
17:29:42	8.137800e+00	9.911840e-01	9.435383e+00	8.543654e-01	1.600002e-01	9.435383e-05	2.563096e-03	4.800007e-05	9.435383e-07	2.716473e+03	5.087241e+01
17:29:42	8.133300e+00	9.906359e-01	9.420525e+00	8.538010e-01	1.587546e-01	9.420525e-05	2.561403e-03	4.762637e-05	9.420525e-07	2.718960e+03	5.055596e+01
17:29:42	8.126000e+00	9.897468e-01	9.414942e+00	8.531620e-01	1.575771e-01	9.414942e-05	2.559486e-03	4.727312e-05	9.414942e-07	2.718536e+03	5.021073e+01
17:29:43	8.118000e+00	9.887724e-01	9.423763e+00	8.517412e-01	1.570548e-01	9.423763e-05	2.555223e-03	4.711644e-05	9.423763e-07	2.711468e+03	4.999748e+01
17:29:43	8.106700e+00	9.873961e-01	9.460404e+00	8.513032e-01	1.598056e-01	9.460404e-05	2.553910e-03	4.794168e-05	9.460404e-07	2.699578e+03	5.067614e+01
17:29:43	8.098400e+00	9.863851e-01	9.468760e+00	8.503625e-01	1.594488e-01	9.468760e-05	2.551088e-03	4.783463e-05	9.468760e-07	2.694215e+03	5.051836e+01
17:29:44	8.090500e+00	9.854229e-01	9.465760e+00	8.485135e-01	1.598510e-01	9.465760e-05	2.545541e-03	4.795530e-05	9.465760e-07	2.689209e+03	5.066186e+01
17:29:44	8.084000e+00	9.846312e-01	9.450798e+00	8.484065e-01	1.584010e-01	9.450798e-05	2.545219e-03	4.752030e-05	9.450798e-07	2.693126e+03	5.028178e+01
17:29:44	8.077600e+00	9.838517e-01	9.425288e+00	8.479620e-01	1.559973e-01	9.425288e-05	2.543886e-03	4.679919e-05	9.425288e-07	2.699001e+03	4.965280e+01
17:29:45	8.071100e+00	9.830600e-01	9.416642e+00	8.462850e-01	1.544921e-01	9.416642e-05	2.538855e-03	4.634764e-05	9.416642e-07	2.696136e+03	4.921886e+01
17:29:45	8.062400e+00	9.820003e-01	9.423503e+00	8.455000e-01	1.541418e-01	9.423503e-05	2.536500e-03	4.624254e-05	9.423503e-07	2.691674e+03	4.907150e+01
17:29:45	8.055300e+00	9.811355e-01	9.438260e+00	8.443970e-01	1.546414e-01	9.438260e-05	2.533191e-03	4.639241e-05	9.438260e-07	2.683960e+03	4.915356e+01
17:29:46	8.047300e+00	9.801611e-01	9.469445e+00	8.440110e-01	1.570126e-01	9.469445e-05	2.532033e-03	4.710379e-05	9.469445e-07	2.673898e+03	4.974292e+01
17:29:46	8.039800e+00	9.792476e-01	9.472559e+00	8.426778e-01	1.570807e-01	9.472559e-05	2.528033e-03	4.712422e-05	9.472559e-07	2.668797e+03	4.974814e+01
17:29:47	8.032700e+00	9.783829e-01	9.461864e+00	8.423891e-01	1.567239e-01	9.461864e-05	2.527167e-03	4.701718e-05	9.461864e-07	2.670898e+03	4.969124e+01
17:29:47	8.026900e+00	9.776764e-01	9.447953e+00	8.415911e-01	1.555172e-01	9.447953e-05	2.524773e-03	4.665516e-05	9.447953e-07	2.672297e+03	4.938124e+01
17:29:47	8.022400e+00	9.771283e-01	9.424045e+00	8.415132e-01	1.538369e-01	9.424045e-05	2.524540e-03	4.615107e-05	9.424045e-07	2.678828e+03	4.897161e+01
17:29:47	8.013700e+00	9.760687e-01	9.432103e+00	8.403195e-01	1.529027e-01	9.432103e-05	2.520958e-03	4.587080e-05	9.432103e-07	2.672743e+03	4.863263e+01
17:29:48	8.005600e+00	9.750821e-01	9.443032e+00	8.394242e-01	1.523252e-01	9.443032e-05	2.518273e-03	4.569757e-05	9.443032e-07	2.666805e+03	4.839290e+01
17:29:48	7.996200e+00	9.739372e-01	9.482155e+00	8.382661e-01	1.543883e-01	9.482155e-05	2.514798e-03	4.631650e-05	9.482155e-07	2.652138e+03	4.884597e+01
17:29:49	7.987900e+00	9.729262e-01	9.483293e+00	8.368031e-01	1.544889e-01	9.483293e-05	2.510409e-03	4.634667e-05	9.483293e-07	2.647192e+03	4.887191e+01
17:29:49	7.980400e+00	9.720127e-01	9.473558e+00	8.352007e-01	1.538791e-01	9.473558e-05	2.505602e-03	4.616372e-05	9.473558e-07	2.644837e+03	4.872902e+01
17:29:49	7.971700e+00	9.709531e-01	9.458088e+00	8.354991e-01	1.524226e-01	9.458088e-05	2.506497e-03	4.572677e-05	9.458088e-07	2.650110e+03	4.834674e+01
17:29:50	7.964200e+00	9.700396e-01	9.431707e+00	8.352039e-01	1.494998e-01	9.431707e-05	2.505612e-03	4.484995e-05	9.431707e-07	2.656583e+03	4.755232e+01
17:29:50	7.956400e+00	9.690895e-01	9.436492e+00	8.345195e-01	1.479752e-01	9.436492e-05	2.503558e-03	4.439257e-05	9.436492e-07	2.653060e+03	4.704351e+01
17:29:51	7.947900e+00	9.680542e-01	9.444881e+00	8.335074e-01	1.473978e-01	9.444881e-05	2.500522e-03	4.421935e-05	9.444881e-07	2.647489e+03	4.681832e+01
17:29:51	7.940400e+00	9.671407e-01	9.477574e+00	8.326218e-01	1.495225e-01	9.477574e-05	2.497865e-03	4.485676e-05	9.477574e-07	2.635554e+03	4.732937e+01
17:29:51	7.933100e+00	9.662516e-01	9.479443e+00	8.323363e-01	1.493960e-01	9.479443e-05	2.497009e-03	4.481881e-05	9.479443e-07	2.634131e+03	4.728001e+01
17:29:52	7.926300e+00	9.654233e-01	9.468585e+00	8.311913e-01	1.494739e-01	9.468585e-05	2.493574e-03	4.484217e-05	9.468585e-07	2.633523e+03	4.735889e+01
17:29:52	7.917800e+00	9.643880e-01	9.462178e+00	8.305944e-01	1.483126e-01	9.462178e-05	2.491783e-03	4.449378e-05	9.462178e-07	2.633414e+03	4.702276e+01
17:29:52	7.910500e+00	9.634989e-01	9.435029e+00	8.299813e-01	1.453477e-01	9.435029e-05	2.489944e-03	4.360431e-05	9.435029e-07	2.639042e+03	4.621534e+01
17:29:53	7.903600e+00	9.626585e-01	9.434994e+00	8.299326e-01	1.454515e-01	9.434994e-05	2.489798e-03	4.363545e-05	9.434994e-07	2.638897e+03	4.624852e+01
17:29:53	7.899200e+00	9.621226e-01	9.440489e+00	8.288427e-01	1.439172e-01	9.440489e-05	2.486528e-03	4.317515e-05	9.440489e-07	2.633898e+03	4.573402e+01
17:29:53	7.890700e+00	9.610873e-01	9.450305e+00	8.282815e-01	1.440112e-01	9.450305e-05	2.484845e-03	4.320337e-05	9.450305e-07	2.629380e+03	4.571637e+01
17:29:54	7.880400e+00	9.598327e-01	9.483465e+00	8.275095e-01	1.455813e-01	9.483465e-05	2.482528e-03	4.367438e-05	9.483465e-07	2.617744e+03	4.605318e+01
17:29:54	7.873300e+00	9.589679e-01	9.484043e+00	8.268737e-01	1.455002e-01	9.484043e-05	2.480621e-03	4.365005e-05	9.484043e-07	2.615573e+03	4.602473e+01
17:29:54	7.866700e+00	9.581641e-01	9.479491e+00	8.257448e-01	1.449195e-01	9.479491e-05	2.477234e-03	4.347585e-05	9.479491e-07	2.613257e+03	4.586307e+01
17:29:55	7.858600e+00	9.571775e-01	9.470736e+00	8.246516e-01	1.446924e-01	9.470736e-05	2.473955e-03	4.340773e-05	9.470736e-07	2.612210e+03	4.583354e+01
17:29:55	7.850100e+00	9.561422e-01	9.436729e+00	8.239185e-01	1.417892e-01	9.436729e-05	2.471756e-03	4.253676e-05	9.436729e-07	2.619293e+03	4.507574e+01
17:29:56	7.843200e+00	9.553018e-01	9.437650e+00	8.237563e-01	1.405792e-01	9.437650e-05	2.471269e-03	4.217377e-05	9.437650e-07	2.618521e+03	4.468672e+01
17:29:56	7.835400e+00	9.543517e-01	9.436888e+00	8.224134e-01	1.391746e-01	9.436888e-05	2.467240e-03	4.175239e-05	9.436888e-07	2.614464e+03	4.424381e+01
17:29:56	7.828300e+00	9.534869e-01	9.449721e+00	8.219041e-01	1.391811e-01	9.449721e-05	2.465712e-03	4.175434e-05	9.449721e-07	2.609296e+03	4.418579e+01
17:29:57	7.817200e+00	9.521350e-01	9.484160e+00	8.210899e-01	1.410204e-01	9.484160e-05	2.463270e-03	4.230612e-05	9.484160e-07	2.597246e+03	4.460713e+01
17:29:57	7.808700e+00	9.510997e-01	9.476312e+00	8.200616e-01	1.415589e-01	9.476312e-05	2.460185e-03	4.246766e-05	9.476312e-07	2.596141e+03	4.481454e+01
17:29:58	7.802000e+00	9.502836e-01	9.478544e+00	8.193609e-01	1.414778e-01	9.478544e-05	2.458083e-03	4.244333e-05	9.478544e-07	2.593312e+03	4.477832e+01
17:29:58	7.795200e+00	9.494554e-01	9.458305e+00	8.198312e-01	1.393887e-01	9.458305e-05	2.459494e-03	4.181662e-05	9.458305e-07	2.600354e+03	4.421154e+01
17:29:58	7.789700e+00	9.487855e-01	9.434984e+00	8.198312e-01	1.385259e-01	9.434984e-05	2.459494e-03	4.155776e-05	9.434984e-07	2.606781e+03	4.404645e+01
17:29:59	7.782800e+00	9.479450e-01	9.436658e+00	8.183942e-01	1.380328e-01	9.436658e-05	2.455183e-03	4.140984e-05	9.436658e-07	2.601750e+03	4.388189e+01
17:29:59	7.774800e+00	9.469706e-01	9.443619e+00	8.175313e-01	1.364303e-01	9.443619e-05	2.452594e-03	4.092910e-05	9.443619e-07	2.597091e+03	4.334048e+01
17:29:59	7.767300e+00	9.460571e-01	9.448904e+00	8.165744e-01	1.356096e-01	9.448904e-05	2.449723e-03	4.068289e-05	9.448904e-07	2.592600e+03	4.305567e+01
17:30:00	7.757400e+00	9.448513e-01	9.487734e+00	8.155039e-01	1.380458e-01	9.487734e-05	2.446512e-03	4.141373e-05	9.487734e-07	2.578605e+03	4.364976e+01
17:30:00	7.748300e+00	9.437429e-01	9.479031e+00	8.147384e-01	1.380685e-01	9.479031e-05	2.444215e-03	4.142054e-05	9.479031e-07	2.578550e+03	4.369702e+01
17:30:01	7.741400e+00	9.429025e-01	9.481062e+00	8.150076e-01	1.393401e-01	9.481062e-05	2.445023e-03	4.180202e-05	9.481062e-07	2.578849e+03	4.409002e+01
17:30:01	7.736600e+00	9.423179e-01	9.479164e+00	8.135349e-01	1.393368e-01	9.479164e-05	2.440605e-03	4.180105e-05	9.479164e-07	2.574705e+03	4.409782e+01
17:30:01	7.728100e+00	9.412826e-01	9.473195e+00	8.129867e-01	1.387886e-01	9.473195e-05	2.438960e-03	4.163658e-05	9.473195e-07	2.574591e+03	4.395200e+01
17:30:02	7.720600e+00	9.403691e-01	9.451386e+00	8.119681e-01	1.362746e-01	9.451386e-05	2.435904e-03	4.088239e-05	9.451386e-07	2.577299e+03	4.325544e+01
17:30:02	7.715000e+00	9.396870e-01	9.440242e+00	8.116015e-01	1.354118e-01	9.440242e-05	2.434805e-03	4.062353e-05	9.440242e-07	2.579176e+03	4.303229e+01
17:30:02	7.707300e+00	9.387491e-01	9.436693e+00	8.109398e-01	1.350647e-01	9.436693e-05	2.432819e-03	4.051940e-05	9.436693e-07	2.578042e+03	4.293813e+01
17:30:03	7.698800e+00	9.377138e-01	9.443840e+00	8.100445e-01	1.344159e-01	9.443840e-05	2.430133e-03	4.032477e-05	9.443840e-07	2.573247e+03	4.269955e+01
17:30:03	7.689900e+00	9.366298e-01	9.443947e+00	8.101223e-01	1.323171e-01	9.443947e-05	2.430367e-03	3.969513e-05	9.443947e-07	2.573465e+03	4.203236e+01
17:30:03	7.682600e+00	9.357407e-01	9.444281e+00	8.089221e-01	1.323885e-01	9.444281e-05	2.426766e-03	3.971654e-05	9.444281e-07	2.569562e+03	4.205354e+01
17:30:04	7.674600e+00	9.347663e-01	9.447275e+00	8.074818e-01	1.322393e-01	9.447275e-05	2.422446e-03	3.967178e-05	9.447275e-07	2.564174e+03	4.199283e+01
17:30:04	7.666300e+00	9.337553e-01	9.464410e+00	8.063238e-01	1.338352e-01	9.464410e-05	2.418971e-03	4.015057e-05	9.464410e-07	2.555861e+03	4.242269e+01
17:30:05	7.658800e+00	9.328418e-01	9.479842e+00	8.056653e-01	1.343121e-01	9.479842e-05	2.416996e-03	4.029363e-05	9.479842e-07	2.549616e+03	4.250453e+01
17:30:05	7.651700e+00	9.319771e-01	9.483936e+00	8.050846e-01	1.341077e-01	9.483936e-05	2.415254e-03	4.023232e-05	9.483936e-07	2.546679e+03	4.242154e+01
17:30:05	7.644500e+00	9.311001e-01	9.479517e+00	8.049030e-01	1.339715e-01	9.479517e-05	2.414709e-03	4.019144e-05	9.479517e-07	2.547291e+03	4.239820e+01
17:30:05	7.639600e+00	9.305033e-01	9.481156e+00	8.046370e-01	1.332351e-01	9.481156e-05	2.413911e-03	3.997054e-05	9.481156e-07	2.546009e+03	4.215788e+01
17:30:06	7.632500e+00	9.296385e-01	9.474823e+00	8.046467e-01	1.341045e-01	9.474823e-05	2.413940e-03	4.023134e-05	9.474823e-07	2.547742e+03	4.246131e+01
17:30:06	7.628300e+00	9.291269e-01	9.480108e+00	8.036606e-01	1.334525e-01	9.480108e-05	2.410982e-03	4.003574e-05	9.480108e-07	2.543201e+03	4.223131e+01
17:30:06	7.620400e+00	9.281647e-01	9.469753e+00	8.037936e-01	1.340266e-01	9.469753e-05	2.411381e-03	4.020799e-05	9.469753e-07	2.546403e+03	4.245938e+01
17:30:07	7.616200e+00	9.276532e-01	9.463447e+00	8.035211e-01	1.338904e-01	9.463447e-05	2.410563e-03	4.016712e-05	9.463447e-07	2.547236e+03	4.244449e+01
17:30:07	7.611700e+00	9.271051e-01	9.449176e+00	8.032810e-01	1.321128e-01	9.449176e-05	2.409843e-03	3.963383e-05	9.449176e-07	2.550321e+03	4.194421e+01
17:30:07	7.604500e+00	9.262281e-01	9.436950e+00	8.028172e-01	1.307244e-01	9.436950e-05	2.408451e-03	3.921731e-05	9.436950e-07	2.552150e+03	4.155719e+01
17:30:08	7.597000e+00	9.253146e-01	9.435620e+00	8.021651e-01	1.304195e-01	9.435620e-05	2.406495e-03	3.912584e-05	9.435620e-07	2.550437e+03	4.146610e+01
17:30:08	7.590300e+00	9.244985e-01	9.438277e+00	8.008319e-01	1.294593e-01	9.438277e-05	2.402496e-03	3.883778e-05	9.438277e-07	2.545481e+03	4.114923e+01
17:30:08	7.582700e+00	9.235729e-01	9.446516e+00	8.003843e-01	1.294009e-01	9.446516e-05	2.401153e-03	3.882026e-05	9.446516e-07	2.541839e+03	4.109479e+01
17:30:09	7.574200e+00	9.225376e-01	9.444755e+00	7.994760e-01	1.288170e-01	9.444755e-05	2.398428e-03	3.864510e-05	9.444755e-07	2.539428e+03	4.091699e+01
17:30:09	7.564300e+00	9.213317e-01	9.462532e+00	7.980681e-01	1.302962e-01	9.462532e-05	2.394204e-03	3.908886e-05	9.462532e-07	2.530194e+03	4.130909e+01
17:30:10	7.557600e+00	9.205157e-01	9.484263e+00	7.976529e-01	1.318046e-01	9.484263e-05	2.392959e-03	3.954138e-05	9.484263e-07	2.523083e+03	4.169156e+01
17:30:10	7.551100e+00	9.197240e-01	9.488824e+00	7.964300e-01	1.310650e-01	9.488824e-05	2.389290e-03	3.931949e-05	9.488824e-07	2.518004e+03	4.143769e+01
17:30:10	7.541800e+00	9.185912e-01	9.482045e+00	7.955639e-01	1.310942e-01	9.482045e-05	2.386692e-03	3.932825e-05	9.482045e-07	2.517064e+03	4.147655e+01
17:30:11	7.534600e+00	9.177143e-01	9.480711e+00	7.956450e-01	1.320544e-01	9.480711e-05	2.386935e-03	3.961631e-05	9.480711e-07	2.517675e+03	4.178622e+01
17:30:11	7.531300e+00	9.173123e-01	9.476358e+00	7.947983e-01	1.324015e-01	9.476358e-05	2.384395e-03	3.972044e-05	9.476358e-07	2.516151e+03	4.191530e+01
17:30:11	7.522700e+00	9.162649e-01	9.471018e+00	7.944285e-01	1.319798e-01	9.471018e-05	2.383286e-03	3.959393e-05	9.471018e-07	2.516398e+03	4.180535e+01
17:30:12	7.518600e+00	9.157655e-01	9.474853e+00	7.939841e-01	1.314867e-01	9.474853e-05	2.381952e-03	3.944601e-05	9.474853e-07	2.513973e+03	4.163232e+01
17:30:12	7.511300e+00	9.148763e-01	9.465364e+00	7.925957e-01	1.309547e-01	9.465364e-05	2.377787e-03	3.928641e-05	9.465364e-07	2.512093e+03	4.150544e+01
17:30:12	7.503300e+00	9.139019e-01	9.450049e+00	7.925179e-01	1.297253e-01	9.450049e-05	2.377554e-03	3.891758e-05	9.450049e-07	2.515917e+03	4.118241e+01
17:30:13	7.499400e+00	9.134269e-01	9.436067e+00	7.921675e-01	1.286288e-01	9.436067e-05	2.376503e-03	3.858865e-05	9.436067e-07	2.518531e+03	4.089485e+01
17:30:13	7.491700e+00	9.124891e-01	9.438079e+00	7.919794e-01	1.292711e-01	9.438079e-05	2.375938e-03	3.878134e-05	9.438079e-07	2.517396e+03	4.109029e+01
17:30:13	7.486100e+00	9.118070e-01	9.438796e+00	7.918626e-01	1.280969e-01	9.438796e-05	2.375588e-03	3.842906e-05	9.438796e-07	2.516834e+03	4.071394e+01
17:30:14	7.479600e+00	9.110153e-01	9.437417e+00	7.909024e-01	1.288008e-01	9.437417e-05	2.372707e-03	3.864023e-05	9.437417e-07	2.514149e+03	4.094365e+01
17:30:14	7.475200e+00	9.104794e-01	9.440246e+00	7.901628e-01	1.288202e-01	9.440246e-05	2.370489e-03	3.864607e-05	9.440246e-07	2.511045e+03	4.093757e+01
17:30:14	7.467900e+00	9.095902e-01	9.439149e+00	7.892805e-01	1.271010e-01	9.439149e-05	2.367842e-03	3.813030e-05	9.439149e-07	2.508533e+03	4.039590e+01
17:30:15	7.458800e+00	9.084818e-01	9.442474e+00	7.881516e-01	1.270134e-01	9.442474e-05	2.364455e-03	3.810402e-05	9.442474e-07	2.504063e+03	4.035385e+01
17:30:15	7.449500e+00	9.073491e-01	9.439519e+00	7.886025e-01	1.271464e-01	9.439519e-05	2.365808e-03	3.814392e-05	9.439519e-07	2.506280e+03	4.040875e+01
17:30:15	7.444900e+00	9.067888e-01	9.440427e+00	7.883690e-01	1.265301e-01	9.440427e-05	2.365107e-03	3.795902e-05	9.440427e-07	2.505296e+03	4.020901e+01
17:30:16	7.438200e+00	9.059728e-01	9.434900e+00	7.874185e-01	1.263841e-01	9.434900e-05	2.362256e-03	3.791523e-05	9.434900e-07	2.503742e+03	4.018615e+01
17:30:16	7.429100e+00	9.048644e-01	9.437076e+00	7.866205e-01	1.263906e-01	9.437076e-05	2.359862e-03	3.791717e-05	9.437076e-07	2.500628e+03	4.017894e+01
17:30:17	7.420000e+00	9.037560e-01	9.433303e+00	7.856182e-01	1.261408e-01	9.433303e-05	2.356855e-03	3.784224e-05	9.433303e-07	2.498440e+03	4.011558e+01
17:30:17	7.410700e+00	9.026233e-01	9.430786e+00	7.850927e-01	1.258132e-01	9.430786e-05	2.355278e-03	3.774395e-05	9.430786e-07	2.497436e+03	4.002206e+01
17:30:18	7.401900e+00	9.015514e-01	9.428434e+00	7.836881e-01	1.258294e-01	9.428434e-05	2.351064e-03	3.774882e-05	9.428434e-07	2.493589e+03	4.003721e+01
17:30:18	7.394800e+00	9.006866e-01	9.429612e+00	7.842850e-01	1.261213e-01	9.429612e-05	2.352855e-03	3.783640e-05	9.429612e-07	2.495177e+03	4.012509e+01
17:30:18	7.390100e+00	9.001142e-01	9.430582e+00	7.837724e-01	1.257094e-01	9.430582e-05	2.351317e-03	3.771281e-05	9.430582e-07	2.493290e+03	3.998991e+01
17:30:19	7.381100e+00	8.990180e-01	9.427069e+00	7.820499e-01	1.260143e-01	9.427069e-05	2.346150e-03	3.780429e-05	9.427069e-07	2.488737e+03	4.010185e+01
17:30:19	7.374400e+00	8.982019e-01	9.428600e+00	7.816088e-01	1.268480e-01	9.428600e-05	2.344826e-03	3.805439e-05	9.428600e-07	2.486930e+03	4.036060e+01
17:30:19	7.367100e+00	8.973128e-01	9.425093e+00	7.814044e-01	1.275259e-01	9.425093e-05	2.344213e-03	3.825778e-05	9.425093e-07	2.487204e+03	4.059141e+01
17:30:20	7.362700e+00	8.967769e-01	9.422102e+00	7.805415e-01	1.275649e-01	9.422102e-05	2.341625e-03	3.826946e-05	9.422102e-07	2.485246e+03	4.061669e+01
17:30:20	7.356400e+00	8.960095e-01	9.416753e+00	7.799511e-01	1.289662e-01	9.416753e-05	2.339853e-03	3.868986e-05	9.416753e-07	2.484777e+03	4.108620e+01
17:30:20	7.348100e+00	8.949986e-01	9.436551e+00	7.793445e-01	1.297155e-01	9.436551e-05	2.338034e-03	3.891466e-05	9.436551e-07	2.477636e+03	4.123823e+01
17:30:21	7.341500e+00	8.941947e-01	9.453660e+00	7.779335e-01	1.317235e-01	9.453660e-05	2.333800e-03	3.951705e-05	9.453660e-07	2.468674e+03	4.180079e+01
17:30:21	7.333200e+00	8.931838e-01	9.455878e+00	7.778134e-01	1.316846e-01	9.455878e-05	2.333440e-03	3.950537e-05	9.455878e-07	2.467714e+03	4.177863e+01
17:30:21	7.326300e+00	8.923433e-01	9.462396e+00	7.764380e-01	1.323820e-01	9.462396e-05	2.329314e-03	3.971460e-05	9.462396e-07	2.461654e+03	4.197098e+01
17:30:22	7.320200e+00	8.916004e-01	9.468138e+00	7.762239e-01	1.312823e-01	9.468138e-05	2.328672e-03	3.938470e-05	9.468138e-07	2.459482e+03	4.159709e+01
17:30:22	7.312800e+00	8.906990e-01	9.458000e+00	7.748291e-01	1.314478e-01	9.458000e-05	2.324487e-03	3.943433e-05	9.458000e-07	2.457694e+03	4.169415e+01
17:30:23	7.305300e+00	8.897855e-01	9.436875e+00	7.742484e-01	1.281942e-01	9.436875e-05	2.322745e-03	3.845825e-05	9.436875e-07	2.461350e+03	4.075316e+01
17:30:23	7.300500e+00	8.892009e-01	9.434163e+00	7.742387e-01	1.282720e-01	9.434163e-05	2.322716e-03	3.848161e-05	9.434163e-07	2.462027e+03	4.078963e+01
17:30:23	7.296000e+00	8.886528e-01	9.427935e+00	7.731488e-01	1.289013e-01	9.427935e-05	2.319446e-03	3.867040e-05	9.427935e-07	2.460185e+03	4.101683e+01
17:30:23	7.292400e+00	8.882143e-01	9.423215e+00	7.727465e-01	1.293782e-01	9.423215e-05	2.318240e-03	3.881345e-05	9.423215e-07	2.460137e+03	4.118918e+01
17:30:23	7.287900e+00	8.876662e-01	9.415757e+00	7.728763e-01	1.302800e-01	9.415757e-05	2.318629e-03	3.908399e-05	9.415757e-07	2.462499e+03	4.150913e+01
17:30:24	7.282500e+00	8.870085e-01	9.436213e+00	7.719583e-01	1.311818e-01	9.436213e-05	2.315875e-03	3.935453e-05	9.436213e-07	2.454242e+03	4.170585e+01
17:30:24	7.276600e+00	8.862899e-01	9.456959e+00	7.707353e-01	1.336666e-01	9.456959e-05	2.312206e-03	4.009997e-05	9.456959e-07	2.444978e+03	4.240260e+01
17:30:24	7.268500e+00	8.853033e-01	9.467748e+00	7.696324e-01	1.324598e-01	9.467748e-05	2.308897e-03	3.973795e-05	9.467748e-07	2.438697e+03	4.197192e+01
17:30:25	7.261300e+00	8.844263e-01	9.454471e+00	7.692594e-01	1.312888e-01	9.454471e-05	2.307778e-03	3.938664e-05	9.454471e-07	2.440938e+03	4.165928e+01
17:30:25	7.256400e+00	8.838295e-01	9.432350e+00	7.687274e-01	1.292225e-01	9.432350e-05	2.306182e-03	3.876674e-05	9.432350e-07	2.444971e+03	4.109977e+01
17:30:25	7.251400e+00	8.832205e-01	9.429268e+00	7.686657e-01	1.297610e-01	9.429268e-05	2.305997e-03	3.892829e-05	9.429268e-07	2.445574e+03	4.128453e+01
17:30:26	7.247100e+00	8.826968e-01	9.426923e+00	7.678158e-01	1.305946e-01	9.426923e-05	2.303448e-03	3.917839e-05	9.426923e-07	2.443478e+03	4.156010e+01
17:30:26	7.241900e+00	8.820634e-01	9.427688e+00	7.673747e-01	1.302151e-01	9.427688e-05	2.302124e-03	3.906453e-05	9.427688e-07	2.441875e+03	4.143596e+01
17:30:26	7.238000e+00	8.815884e-01	9.444414e+00	7.663399e-01	1.321647e-01	9.444414e-05	2.299020e-03	3.964940e-05	9.444414e-07	2.434264e+03	4.198185e+01
17:30:26	7.229900e+00	8.806018e-01	9.459168e+00	7.651461e-01	1.334006e-01	9.459168e-05	2.295438e-03	4.002017e-05	9.459168e-07	2.426681e+03	4.230834e+01
17:30:27	7.222900e+00	8.797492e-01	9.468465e+00	7.648931e-01	1.330535e-01	9.468465e-05	2.294679e-03	3.991604e-05	9.468465e-07	2.423497e+03	4.215682e+01
17:30:27	7.216800e+00	8.790062e-01	9.462263e+00	7.640886e-01	1.322360e-01	9.462263e-05	2.292266e-03	3.967081e-05	9.462263e-07	2.422535e+03	4.192528e+01
17:30:28	7.209500e+00	8.781171e-01	9.431098e+00	7.641341e-01	1.304616e-01	9.431098e-05	2.292402e-03	3.913849e-05	9.431098e-07	2.430684e+03	4.149940e+01
17:30:28	7.204100e+00	8.774594e-01	9.427935e+00	7.638129e-01	1.300367e-01	9.427935e-05	2.291439e-03	3.901100e-05	9.427935e-07	2.430478e+03	4.137810e+01
17:30:28	7.200100e+00	8.769722e-01	9.422160e+00	7.631122e-01	1.308412e-01	9.422160e-05	2.289337e-03	3.925235e-05	9.422160e-07	2.429737e+03	4.165960e+01
17:30:28	7.195000e+00	8.763510e-01	9.421424e+00	7.626451e-01	1.314380e-01	9.421424e-05	2.287935e-03	3.943141e-05	9.421424e-07	2.428439e+03	4.185292e+01
17:30:29	7.190400e+00	8.757907e-01	9.453095e+00	7.615876e-01	1.332351e-01	9.453095e-05	2.284763e-03	3.997054e-05	9.453095e-07	2.416947e+03	4.228302e+01
17:30:29	7.182700e+00	8.748529e-01	9.461202e+00	7.607150e-01	1.350874e-01	9.461202e-05	2.282145e-03	4.052621e-05	9.461202e-07	2.412109e+03	4.283410e+01
17:30:29	7.176600e+00	8.741099e-01	9.465435e+00	7.602576e-01	1.336309e-01	9.465435e-05	2.280773e-03	4.008926e-05	9.465435e-07	2.409581e+03	4.235332e+01
17:30:30	7.169600e+00	8.732573e-01	9.460647e+00	7.589796e-01	1.329205e-01	9.460647e-05	2.276939e-03	3.987614e-05	9.460647e-07	2.406747e+03	4.214949e+01
17:30:30	7.162500e+00	8.723925e-01	9.430475e+00	7.584930e-01	1.302281e-01	9.430475e-05	2.275479e-03	3.906842e-05	9.430475e-07	2.412900e+03	4.142784e+01
17:30:30	7.157400e+00	8.717713e-01	9.428454e+00	7.583048e-01	1.293879e-01	9.428454e-05	2.274914e-03	3.881637e-05	9.428454e-07	2.412818e+03	4.116939e+01
17:30:31	7.151400e+00	8.710405e-01	9.426215e+00	7.578247e-01	1.310196e-01	9.426215e-05	2.273474e-03	3.930587e-05	9.426215e-07	2.411863e+03	4.169846e+01
17:30:31	7.147700e+00	8.705899e-01	9.423082e+00	7.578604e-01	1.311526e-01	9.423082e-05	2.273581e-03	3.934577e-05	9.423082e-07	2.412779e+03	4.175467e+01
17:30:31	7.142500e+00	8.699565e-01	9.424973e+00	7.568321e-01	1.315775e-01	9.424973e-05	2.270496e-03	3.947325e-05	9.424973e-07	2.409022e+03	4.188156e+01
17:30:31	7.138400e+00	8.694571e-01	9.445306e+00	7.558784e-01	1.325085e-01	9.445306e-05	2.267635e-03	3.975255e-05	9.445306e-07	2.400806e+03	4.208710e+01
17:30:32	7.131600e+00	8.686289e-01	9.462486e+00	7.553205e-01	1.337704e-01	9.462486e-05	2.265961e-03	4.013111e-05	9.462486e-07	2.394679e+03	4.241074e+01
17:30:32	7.124900e+00	8.678128e-01	9.464310e+00	7.548955e-01	1.335206e-01	9.464310e-05	2.264687e-03	4.005618e-05	9.464310e-07	2.392870e+03	4.232340e+01
17:30:32	7.117800e+00	8.669480e-01	9.470658e+00	7.531990e-01	1.336633e-01	9.470658e-05	2.259597e-03	4.009899e-05	9.470658e-07	2.385892e+03	4.234024e+01
17:30:33	7.111000e+00	8.661198e-01	9.472257e+00	7.524367e-01	1.337379e-01	9.472257e-05	2.257310e-03	4.012138e-05	9.472257e-07	2.383075e+03	4.235672e+01
17:30:33	7.104100e+00	8.652794e-01	9.457539e+00	7.513922e-01	1.321971e-01	9.457539e-05	2.254176e-03	3.965913e-05	9.457539e-07	2.383470e+03	4.193387e+01
17:30:33	7.099900e+00	8.647678e-01	9.439347e+00	7.515998e-01	1.315321e-01	9.439347e-05	2.254799e-03	3.945963e-05	9.439347e-07	2.388724e+03	4.180335e+01
17:30:34	7.096000e+00	8.642928e-01	9.432265e+00	7.520766e-01	1.312174e-01	9.432265e-05	2.256230e-03	3.936523e-05	9.432265e-07	2.392034e+03	4.173465e+01
17:30:34	7.091000e+00	8.636838e-01	9.433495e+00	7.509056e-01	1.306725e-01	9.433495e-05	2.252717e-03	3.920174e-05	9.433495e-07	2.387998e+03	4.155591e+01
17:30:34	7.087500e+00	8.632575e-01	9.431247e+00	7.504158e-01	1.305881e-01	9.431247e-05	2.251247e-03	3.917644e-05	9.431247e-07	2.387009e+03	4.153898e+01
17:30:34	7.083100e+00	8.627216e-01	9.435578e+00	7.499454e-01	1.306530e-01	9.435578e-05	2.249836e-03	3.919590e-05	9.435578e-07	2.384418e+03	4.154055e+01
17:30:34	7.078800e+00	8.621978e-01	9.429975e+00	7.495269e-01	1.307471e-01	9.429975e-05	2.248581e-03	3.922413e-05	9.429975e-07	2.384503e+03	4.159515e+01
17:30:35	7.074600e+00	8.616863e-01	9.430656e+00	7.489787e-01	1.315386e-01	9.430656e-05	2.246936e-03	3.946158e-05	9.430656e-07	2.382587e+03	4.184393e+01
17:30:35	7.067700e+00	8.608459e-01	9.421119e+00	7.480250e-01	1.313634e-01	9.421119e-05	2.244075e-03	3.940903e-05	9.421119e-07	2.381962e+03	4.183051e+01
17:30:35	7.060700e+00	8.599933e-01	9.420571e+00	7.473438e-01	1.311428e-01	9.420571e-05	2.242031e-03	3.934285e-05	9.420571e-07	2.379932e+03	4.176270e+01
17:30:36	7.053800e+00	8.591528e-01	9.424107e+00	7.467729e-01	1.313894e-01	9.424107e-05	2.240319e-03	3.941681e-05	9.424107e-07	2.377221e+03	4.182551e+01
17:30:36	7.046300e+00	8.582393e-01	9.419500e+00	7.458224e-01	1.311266e-01	9.419500e-05	2.237467e-03	3.933799e-05	9.419500e-07	2.375357e+03	4.176228e+01
17:30:37	7.039300e+00	8.573867e-01	9.421868e+00	7.448687e-01	1.310617e-01	9.421868e-05	2.234606e-03	3.931852e-05	9.421868e-07	2.371723e+03	4.173113e+01
17:30:37	7.033400e+00	8.566681e-01	9.419585e+00	7.445411e-01	1.312045e-01	9.419585e-05	2.233623e-03	3.936134e-05	9.419585e-07	2.371255e+03	4.178671e+01
17:30:37	7.026500e+00	8.558277e-01	9.418183e+00	7.431365e-01	1.321582e-01	9.418183e-05	2.229410e-03	3.964745e-05	9.418183e-07	2.367133e+03	4.209671e+01
17:30:38	7.018500e+00	8.548533e-01	9.433005e+00	7.422931e-01	1.323528e-01	9.433005e-05	2.226879e-03	3.970584e-05	9.433005e-07	2.360732e+03	4.209246e+01
17:30:38	7.012000e+00	8.540616e-01	9.433381e+00	7.417806e-01	1.323528e-01	9.433381e-05	2.225342e-03	3.970584e-05	9.433381e-07	2.359008e+03	4.209078e+01
17:30:38	7.005700e+00	8.532943e-01	9.437774e+00	7.415730e-01	1.331508e-01	9.437774e-05	2.224719e-03	3.994524e-05	9.437774e-07	2.357250e+03	4.232485e+01
17:30:39	6.999900e+00	8.525878e-01	9.436444e+00	7.407944e-01	1.330016e-01	9.436444e-05	2.222383e-03	3.990047e-05	9.436444e-07	2.355107e+03	4.228338e+01
17:30:39	6.992600e+00	8.516987e-01	9.439950e+00	7.401424e-01	1.325085e-01	9.439950e-05	2.220427e-03	3.975255e-05	9.439950e-07	2.352160e+03	4.211097e+01
17:30:40	6.984900e+00	8.507608e-01	9.433702e+00	7.393899e-01	1.324144e-01	9.433702e-05	2.218170e-03	3.972433e-05	9.433702e-07	2.351324e+03	4.210895e+01
17:30:40	6.978300e+00	8.499569e-01	9.430679e+00	7.388741e-01	1.322101e-01	9.430679e-05	2.216622e-03	3.966302e-05	9.430679e-07	2.350438e+03	4.205744e+01
17:30:40	6.971400e+00	8.491165e-01	9.424091e+00	7.381377e-01	1.328004e-01	9.424091e-05	2.214413e-03	3.984013e-05	9.424091e-07	2.349737e+03	4.227478e+01
17:30:41	6.964500e+00	8.482761e-01	9.418764e+00	7.372651e-01	1.313667e-01	9.418764e-05	2.211795e-03	3.941000e-05	9.418764e-07	2.348286e+03	4.184201e+01
17:30:41	6.957800e+00	8.474600e-01	9.422076e+00	7.357437e-01	1.311428e-01	9.422076e-05	2.207231e-03	3.934285e-05	9.422076e-07	2.342617e+03	4.175603e+01
17:30:41	6.950800e+00	8.466074e-01	9.421307e+00	7.355880e-01	1.316943e-01	9.421307e-05	2.206764e-03	3.950829e-05	9.421307e-07	2.342312e+03	4.193504e+01
17:30:42	6.944300e+00	8.458157e-01	9.422903e+00	7.344592e-01	1.316100e-01	9.422903e-05	2.203378e-03	3.948299e-05	9.422903e-07	2.338321e+03	4.190108e+01
17:30:42	6.937400e+00	8.449753e-01	9.425502e+00	7.338883e-01	1.307568e-01	9.425502e-05	2.201665e-03	3.922704e-05	9.425502e-07	2.335860e+03	4.161799e+01
17:30:42	6.930600e+00	8.441471e-01	9.419429e+00	7.331389e-01	1.315872e-01	9.419429e-05	2.199417e-03	3.947617e-05	9.419429e-07	2.334979e+03	4.190931e+01
17:30:43	6.923900e+00	8.433310e-01	9.425206e+00	7.316759e-01	1.313602e-01	9.425206e-05	2.195028e-03	3.940805e-05	9.425206e-07	2.328891e+03	4.181134e+01
17:30:43	6.917700e+00	8.425759e-01	9.430192e+00	7.315884e-01	1.306595e-01	9.430192e-05	2.194765e-03	3.919785e-05	9.430192e-07	2.327381e+03	4.156633e+01
17:30:44	6.910600e+00	8.417111e-01	9.428210e+00	7.303005e-01	1.306368e-01	9.428210e-05	2.190902e-03	3.919104e-05	9.428210e-07	2.323773e+03	4.156784e+01
17:30:44	6.904300e+00	8.409437e-01	9.427575e+00	7.299372e-01	1.307082e-01	9.427575e-05	2.189812e-03	3.921245e-05	9.427575e-07	2.322773e+03	4.159336e+01
17:30:44	6.898100e+00	8.401886e-01	9.432596e+00	7.292625e-01	1.302994e-01	9.432596e-05	2.187788e-03	3.908983e-05	9.432596e-07	2.319391e+03	4.144122e+01
17:30:45	6.891200e+00	8.393482e-01	9.429914e+00	7.284872e-01	1.305719e-01	9.429914e-05	2.185462e-03	3.917157e-05	9.429914e-07	2.317584e+03	4.153970e+01
17:30:45	6.885100e+00	8.386052e-01	9.438530e+00	7.276276e-01	1.300205e-01	9.438530e-05	2.182883e-03	3.900614e-05	9.438530e-07	2.312736e+03	4.132650e+01
17:30:45	6.878500e+00	8.378013e-01	9.442283e+00	7.265766e-01	1.308379e-01	9.442283e-05	2.179730e-03	3.925137e-05	9.442283e-07	2.308477e+03	4.156979e+01
17:30:46	6.871400e+00	8.369365e-01	9.447528e+00	7.251882e-01	1.312466e-01	9.447528e-05	2.175565e-03	3.937399e-05	9.447528e-07	2.302787e+03	4.167650e+01
17:30:46	6.864700e+00	8.361205e-01	9.446542e+00	7.248671e-01	1.308639e-01	9.446542e-05	2.174601e-03	3.925916e-05	9.446542e-07	2.302008e+03	4.155929e+01
17:30:47	6.858100e+00	8.353166e-01	9.458211e+00	7.239880e-01	1.317105e-01	9.458211e-05	2.171964e-03	3.951315e-05	9.458211e-07	2.296379e+03	4.177656e+01
17:30:47	6.850600e+00	8.344031e-01	9.480899e+00	7.229078e-01	1.338904e-01	9.480899e-05	2.168723e-03	4.016712e-05	9.480899e-07	2.287466e+03	4.236636e+01
17:30:47	6.844500e+00	8.336601e-01	9.490764e+00	7.229629e-01	1.338482e-01	9.490764e-05	2.168889e-03	4.015446e-05	9.490764e-07	2.285262e+03	4.230899e+01
17:30:48	6.837500e+00	8.328075e-01	9.497771e+00	7.213475e-01	1.339488e-01	9.497771e-05	2.164042e-03	4.018463e-05	9.497771e-07	2.278474e+03	4.230954e+01
17:30:48	6.830400e+00	8.319427e-01	9.487215e+00	7.197255e-01	1.337574e-01	9.487215e-05	2.159177e-03	4.012722e-05	9.487215e-07	2.275880e+03	4.229609e+01
17:30:48	6.824300e+00	8.311997e-01	9.481305e+00	7.209290e-01	1.340169e-01	9.481305e-05	2.162787e-03	4.020507e-05	9.481305e-07	2.281107e+03	4.240457e+01
17:30:49	6.820300e+00	8.307125e-01	9.476844e+00	7.200207e-01	1.333876e-01	9.476844e-05	2.160062e-03	4.001628e-05	9.476844e-07	2.279305e+03	4.222532e+01
17:30:49	6.816200e+00	8.302132e-01	9.480517e+00	7.193525e-01	1.337185e-01	9.480517e-05	2.158057e-03	4.011554e-05	9.480517e-07	2.276308e+03	4.231366e+01
17:30:49	6.812400e+00	8.297503e-01	9.472053e+00	7.197937e-01	1.321128e-01	9.472053e-05	2.159381e-03	3.963383e-05	9.472053e-07	2.279739e+03	4.184291e+01
17:30:49	6.807800e+00	8.291900e-01	9.451408e+00	7.188919e-01	1.305881e-01	9.451408e-05	2.156676e-03	3.917644e-05	9.451408e-07	2.281856e+03	4.145037e+01
17:30:50	6.804300e+00	8.287637e-01	9.444103e+00	7.183696e-01	1.295728e-01	9.444103e-05	2.155109e-03	3.887184e-05	9.444103e-07	2.281962e+03	4.115991e+01
17:30:50	6.800100e+00	8.282522e-01	9.447366e+00	7.178214e-01	1.294236e-01	9.447366e-05	2.153464e-03	3.882708e-05	9.447366e-07	2.279433e+03	4.109831e+01
17:30:50	6.795800e+00	8.277284e-01	9.443892e+00	7.172829e-01	1.294268e-01	9.443892e-05	2.151849e-03	3.882805e-05	9.443892e-07	2.278561e+03	4.111446e+01
17:30:50	6.792000e+00	8.272656e-01	9.443149e+00	7.167444e-01	1.292873e-01	9.443149e-05	2.150233e-03	3.878620e-05	9.443149e-07	2.277030e+03	4.107338e+01
17:30:50	6.787200e+00	8.266810e-01	9.445962e+00	7.167185e-01	1.279541e-01	9.445962e-05	2.150155e-03	3.838624e-05	9.445962e-07	2.276270e+03	4.063772e+01
17:30:51	6.783300e+00	8.262059e-01	9.450107e+00	7.161476e-01	1.278114e-01	9.450107e-05	2.148443e-03	3.834342e-05	9.450107e-07	2.273458e+03	4.057458e+01
17:30:51	6.777700e+00	8.255239e-01	9.447434e+00	7.153950e-01	1.280125e-01	9.447434e-05	2.146185e-03	3.840375e-05	9.447434e-07	2.271712e+03	4.064993e+01
17:30:51	6.770200e+00	8.246104e-01	9.468108e+00	7.141883e-01	1.289662e-01	9.468108e-05	2.142565e-03	3.868986e-05	9.468108e-07	2.262928e+03	4.086335e+01
17:30:52	6.763300e+00	8.237699e-01	9.489921e+00	7.135135e-01	1.304519e-01	9.489921e-05	2.140541e-03	3.913557e-05	9.489921e-07	2.255594e+03	4.123909e+01
17:30:52	6.756200e+00	8.229052e-01	9.490005e+00	7.124398e-01	1.298291e-01	9.490005e-05	2.137319e-03	3.894872e-05	9.490005e-07	2.252179e+03	4.104183e+01
17:30:53	6.750000e+00	8.221500e-01	9.486920e+00	7.111650e-01	1.298064e-01	9.486920e-05	2.133495e-03	3.894191e-05	9.486920e-07	2.248880e+03	4.104800e+01
17:30:53	6.743100e+00	8.213096e-01	9.487848e+00	7.114018e-01	1.309417e-01	9.487848e-05	2.134205e-03	3.928251e-05	9.487848e-07	2.249409e+03	4.140298e+01
17:30:53	6.739100e+00	8.208224e-01	9.478171e+00	7.102859e-01	1.300724e-01	9.478171e-05	2.130858e-03	3.902171e-05	9.478171e-07	2.248174e+03	4.117008e+01
17:30:54	6.732600e+00	8.200307e-01	9.470856e+00	7.099193e-01	1.292744e-01	9.470856e-05	2.129758e-03	3.878231e-05	9.470856e-07	2.248749e+03	4.094911e+01
17:30:54	6.728600e+00	8.195435e-01	9.452443e+00	7.098123e-01	1.273897e-01	9.452443e-05	2.129437e-03	3.821691e-05	9.452443e-07	2.252790e+03	4.043072e+01
17:30:54	6.724100e+00	8.189954e-01	9.437423e+00	7.102762e-01	1.260435e-01	9.437423e-05	2.130828e-03	3.781305e-05	9.437423e-07	2.257850e+03	4.006713e+01
17:30:54	6.720500e+00	8.185569e-01	9.440745e+00	7.094198e-01	1.264425e-01	9.440745e-05	2.128259e-03	3.793274e-05	9.440745e-07	2.254334e+03	4.017982e+01
17:30:54	6.716500e+00	8.180697e-01	9.443830e+00	7.086056e-01	1.261505e-01	9.443830e-05	2.125817e-03	3.784516e-05	9.443830e-07	2.251011e+03	4.007395e+01
17:30:55	6.712000e+00	8.175216e-01	9.443992e+00	7.078789e-01	1.258618e-01	9.443992e-05	2.123637e-03	3.775855e-05	9.443992e-07	2.248664e+03	3.998155e+01
17:30:55	6.705900e+00	8.167786e-01	9.449961e+00	7.071718e-01	1.256867e-01	9.449961e-05	2.121515e-03	3.770600e-05	9.449961e-07	2.244999e+03	3.990069e+01
17:30:55	6.697500e+00	8.157555e-01	9.452719e+00	7.062311e-01	1.257191e-01	9.452719e-05	2.118693e-03	3.771573e-05	9.452719e-07	2.241359e+03	3.989935e+01
17:30:56	6.689800e+00	8.148176e-01	9.488970e+00	7.047194e-01	1.281098e-01	9.488970e-05	2.114158e-03	3.843295e-05	9.488970e-07	2.228016e+03	4.050276e+01
17:30:56	6.683100e+00	8.140016e-01	9.493639e+00	7.043399e-01	1.282785e-01	9.493639e-05	2.113020e-03	3.848355e-05	9.493639e-07	2.225722e+03	4.053615e+01
17:30:57	6.676100e+00	8.131490e-01	9.488276e+00	7.041063e-01	1.277076e-01	9.488276e-05	2.112319e-03	3.831228e-05	9.488276e-07	2.226241e+03	4.037854e+01
17:30:57	6.671400e+00	8.125765e-01	9.481594e+00	7.032305e-01	1.278081e-01	9.481594e-05	2.109691e-03	3.834244e-05	9.481594e-07	2.225039e+03	4.043882e+01
17:30:57	6.665300e+00	8.118335e-01	9.481084e+00	7.028250e-01	1.272924e-01	9.481084e-05	2.108475e-03	3.818771e-05	9.481084e-07	2.223875e+03	4.027779e+01
17:30:58	6.658100e+00	8.109566e-01	9.448839e+00	7.022152e-01	1.248368e-01	9.448839e-05	2.106645e-03	3.745103e-05	9.448839e-07	2.229528e+03	3.963559e+01
17:30:58	6.651200e+00	8.101162e-01	9.439029e+00	7.013198e-01	1.242107e-01	9.439029e-05	2.103960e-03	3.726321e-05	9.439029e-07	2.229000e+03	3.947780e+01
17:30:59	6.644900e+00	8.093488e-01	9.440979e+00	7.004732e-01	1.231240e-01	9.440979e-05	2.101420e-03	3.693720e-05	9.440979e-07	2.225849e+03	3.912434e+01
17:30:59	6.638300e+00	8.085449e-01	9.450127e+00	7.001358e-01	1.230526e-01	9.450127e-05	2.100408e-03	3.691579e-05	9.450127e-07	2.222624e+03	3.906381e+01
17:30:59	6.631000e+00	8.076558e-01	9.450834e+00	6.994579e-01	1.232603e-01	9.450834e-05	2.098374e-03	3.697808e-05	9.450834e-07	2.220305e+03	3.912679e+01
17:31:00	6.624700e+00	8.068885e-01	9.492980e+00	6.988675e-01	1.248011e-01	9.492980e-05	2.096602e-03	3.744033e-05	9.492980e-07	2.208582e+03	3.944001e+01
17:31:00	6.617700e+00	8.060359e-01	9.497930e+00	6.971677e-01	1.259462e-01	9.497930e-05	2.091503e-03	3.778385e-05	9.497930e-07	2.202062e+03	3.978114e+01
17:31:00	6.610800e+00	8.051954e-01	9.486213e+00	6.972553e-01	1.258034e-01	9.486213e-05	2.091766e-03	3.774103e-05	9.486213e-07	2.205059e+03	3.978514e+01
17:31:01	6.607200e+00	8.047570e-01	9.480367e+00	6.963827e-01	1.259397e-01	9.480367e-05	2.089148e-03	3.778191e-05	9.480367e-07	2.203657e+03	3.985279e+01
17:31:01	6.601900e+00	8.041114e-01	9.481289e+00	6.959253e-01	1.257872e-01	9.481289e-05	2.087776e-03	3.773617e-05	9.481289e-07	2.201996e+03	3.980067e+01
17:31:01	6.595300e+00	8.033075e-01	9.464170e+00	6.952668e-01	1.242983e-01	9.464170e-05	2.085800e-03	3.728949e-05	9.464170e-07	2.203891e+03	3.940069e+01
17:31:02	6.592000e+00	8.029056e-01	9.447000e+00	6.956788e-01	1.225985e-01	9.447000e-05	2.087036e-03	3.677955e-05	9.447000e-07	2.209205e+03	3.893252e+01
17:31:02	6.585200e+00	8.020774e-01	9.439227e+00	6.951273e-01	1.220081e-01	9.439227e-05	2.085382e-03	3.660244e-05	9.439227e-07	2.209272e+03	3.877694e+01
17:31:02	6.579100e+00	8.013344e-01	9.444375e+00	6.946213e-01	1.203894e-01	9.444375e-05	2.083864e-03	3.611683e-05	9.444375e-07	2.206460e+03	3.824163e+01
17:31:03	6.571600e+00	8.004209e-01	9.446893e+00	6.935573e-01	1.196401e-01	9.446893e-05	2.080672e-03	3.589203e-05	9.446893e-07	2.202493e+03	3.799348e+01
17:31:03	6.565400e+00	7.996657e-01	9.456170e+00	6.928631e-01	1.197763e-01	9.456170e-05	2.078589e-03	3.593290e-05	9.456170e-07	2.198130e+03	3.799943e+01
17:31:04	6.558900e+00	7.988740e-01	9.481856e+00	6.914325e-01	1.213950e-01	9.481856e-05	2.074298e-03	3.641851e-05	9.481856e-07	2.187649e+03	3.840863e+01
17:31:04	6.552000e+00	7.980336e-01	9.493755e+00	6.912509e-01	1.220795e-01	9.493755e-05	2.073753e-03	3.662385e-05	9.493755e-07	2.184333e+03	3.857678e+01
17:31:04	6.546200e+00	7.973272e-01	9.493376e+00	6.905340e-01	1.216967e-01	9.493376e-05	2.071602e-03	3.650901e-05	9.493376e-07	2.182155e+03	3.845736e+01
17:31:05	6.539300e+00	7.964867e-01	9.486061e+00	6.891326e-01	1.219270e-01	9.486061e-05	2.067398e-03	3.657811e-05	9.486061e-07	2.179406e+03	3.855985e+01
17:31:05	6.532800e+00	7.956950e-01	9.481649e+00	6.885260e-01	1.216837e-01	9.481649e-05	2.065578e-03	3.650512e-05	9.481649e-07	2.178501e+03	3.850082e+01
17:31:05	6.527200e+00	7.950130e-01	9.480439e+00	6.881822e-01	1.215345e-01	9.480439e-05	2.064547e-03	3.646036e-05	9.480439e-07	2.177691e+03	3.845851e+01
17:31:06	6.520900e+00	7.942456e-01	9.451723e+00	6.877378e-01	1.185404e-01	9.451723e-05	2.063213e-03	3.556213e-05	9.451723e-07	2.182897e+03	3.762503e+01
17:31:06	6.513600e+00	7.933565e-01	9.439791e+00	6.875399e-01	1.180733e-01	9.439791e-05	2.062620e-03	3.542200e-05	9.439791e-07	2.185027e+03	3.752413e+01
17:31:07	6.507400e+00	7.926013e-01	9.441731e+00	6.862488e-01	1.178268e-01	9.441731e-05	2.058747e-03	3.534804e-05	9.441731e-07	2.180476e+03	3.743809e+01
17:31:07	6.501300e+00	7.918583e-01	9.446302e+00	6.859018e-01	1.168634e-01	9.446302e-05	2.057705e-03	3.505901e-05	9.446302e-07	2.178318e+03	3.711400e+01
17:31:07	6.495100e+00	7.911032e-01	9.449053e+00	6.855774e-01	1.155528e-01	9.449053e-05	2.056732e-03	3.466585e-05	9.449053e-07	2.176654e+03	3.668712e+01
17:31:08	6.487400e+00	7.901653e-01	9.448236e+00	6.850162e-01	1.162211e-01	9.448236e-05	2.055049e-03	3.486632e-05	9.448236e-07	2.175061e+03	3.690247e+01
17:31:08	6.480700e+00	7.893493e-01	9.458746e+00	6.840982e-01	1.158772e-01	9.458746e-05	2.052294e-03	3.476317e-05	9.458746e-07	2.169732e+03	3.675241e+01
17:31:08	6.474000e+00	7.885332e-01	9.472047e+00	6.824989e-01	1.169055e-01	9.472047e-05	2.047497e-03	3.507166e-05	9.472047e-07	2.161620e+03	3.702649e+01
17:31:09	6.468000e+00	7.878024e-01	9.489726e+00	6.818923e-01	1.182712e-01	9.489726e-05	2.045677e-03	3.548136e-05	9.489726e-07	2.155675e+03	3.738923e+01
17:31:09	6.462100e+00	7.870838e-01	9.498128e+00	6.819021e-01	1.187837e-01	9.498128e-05	2.045706e-03	3.563512e-05	9.498128e-07	2.153799e+03	3.751804e+01
17:31:10	6.455500e+00	7.862799e-01	9.492883e+00	6.804715e-01	1.179760e-01	9.492883e-05	2.041415e-03	3.539280e-05	9.492883e-07	2.150469e+03	3.728351e+01
17:31:10	6.448400e+00	7.854151e-01	9.485918e+00	6.811884e-01	1.184399e-01	9.485918e-05	2.043565e-03	3.553196e-05	9.485918e-07	2.154315e+03	3.745759e+01
17:31:10	6.444600e+00	7.849523e-01	9.484857e+00	6.805396e-01	1.182939e-01	9.484857e-05	2.041619e-03	3.548817e-05	9.484857e-07	2.152504e+03	3.741561e+01
17:31:11	6.440500e+00	7.844529e-01	9.481769e+00	6.803839e-01	1.180117e-01	9.481769e-05	2.041152e-03	3.540351e-05	9.481769e-07	2.152712e+03	3.733850e+01
17:31:11	6.435300e+00	7.838195e-01	9.479848e+00	6.795178e-01	1.181706e-01	9.479848e-05	2.038553e-03	3.545119e-05	9.479848e-07	2.150407e+03	3.739637e+01
17:31:11	6.429200e+00	7.830766e-01	9.479320e+00	6.788204e-01	1.178852e-01	9.479320e-05	2.036461e-03	3.536555e-05	9.479320e-07	2.148320e+03	3.730811e+01
17:31:12	6.423700e+00	7.824067e-01	9.486810e+00	6.787263e-01	1.172202e-01	9.486810e-05	2.036179e-03	3.516606e-05	9.486810e-07	2.146326e+03	3.706837e+01
17:31:12	6.416700e+00	7.815541e-01	9.465610e+00	6.775650e-01	1.162503e-01	9.465610e-05	2.032695e-03	3.487508e-05	9.465610e-07	2.147453e+03	3.684399e+01
17:31:12	6.412400e+00	7.810303e-01	9.458535e+00	6.774450e-01	1.155107e-01	9.458535e-05	2.032335e-03	3.465320e-05	9.458535e-07	2.148678e+03	3.663696e+01
17:31:13	6.406600e+00	7.803239e-01	9.441287e+00	6.766340e-01	1.141255e-01	9.441287e-05	2.029902e-03	3.423766e-05	9.441287e-07	2.150027e+03	3.626377e+01
17:31:13	6.400100e+00	7.795322e-01	9.435185e+00	6.766048e-01	1.135481e-01	9.435185e-05	2.029815e-03	3.406444e-05	9.435185e-07	2.151325e+03	3.610363e+01
17:31:13	6.393600e+00	7.787405e-01	9.439130e+00	6.759366e-01	1.135416e-01	9.439130e-05	2.027810e-03	3.406249e-05	9.439130e-07	2.148302e+03	3.608648e+01
17:31:14	6.387200e+00	7.779610e-01	9.436025e+00	6.753559e-01	1.125490e-01	9.436025e-05	2.026068e-03	3.376471e-05	9.436025e-07	2.147162e+03	3.578277e+01
17:31:14	6.381300e+00	7.772423e-01	9.438783e+00	6.751289e-01	1.125620e-01	9.438783e-05	2.025387e-03	3.376860e-05	9.438783e-07	2.145813e+03	3.577644e+01
17:31:15	6.372800e+00	7.762070e-01	9.437861e+00	6.735102e-01	1.111217e-01	9.437861e-05	2.020531e-03	3.333652e-05	9.437861e-07	2.140878e+03	3.532211e+01
17:31:15	6.362100e+00	7.749038e-01	9.438169e+00	6.731177e-01	1.101096e-01	9.438169e-05	2.019353e-03	3.303289e-05	9.438169e-07	2.139560e+03	3.499926e+01
17:31:16	6.354900e+00	7.740268e-01	9.438802e+00	6.716060e-01	1.099896e-01	9.438802e-05	2.014818e-03	3.299689e-05	9.438802e-07	2.134612e+03	3.495877e+01
17:31:16	6.346600e+00	7.730159e-01	9.438432e+00	6.710773e-01	1.097204e-01	9.438432e-05	2.013232e-03	3.291611e-05	9.438432e-07	2.133015e+03	3.487456e+01
17:31:17	6.338300e+00	7.720049e-01	9.441400e+00	6.707302e-01	1.102524e-01	9.441400e-05	2.012191e-03	3.307571e-05	9.441400e-07	2.131242e+03	3.503263e+01
17:31:17	6.332200e+00	7.712620e-01	9.440070e+00	6.698446e-01	1.103464e-01	9.440070e-05	2.009534e-03	3.310393e-05	9.440070e-07	2.128728e+03	3.506747e+01
17:31:17	6.325400e+00	7.704337e-01	9.447103e+00	6.686931e-01	1.116570e-01	9.447103e-05	2.006079e-03	3.349709e-05	9.447103e-07	2.123486e+03	3.545752e+01
17:31:18	6.319700e+00	7.697395e-01	9.451943e+00	6.679015e-01	1.115759e-01	9.451943e-05	2.003705e-03	3.347276e-05	9.451943e-07	2.119886e+03	3.541363e+01
17:31:18	6.313500e+00	7.689843e-01	9.459813e+00	6.670354e-01	1.120105e-01	9.459813e-05	2.001106e-03	3.360316e-05	9.459813e-07	2.115376e+03	3.552202e+01
17:31:18	6.308400e+00	7.683631e-01	9.463116e+00	6.667338e-01	1.126788e-01	9.463116e-05	2.000201e-03	3.380363e-05	9.463116e-07	2.113681e+03	3.572146e+01
17:31:19	6.301900e+00	7.675714e-01	9.463641e+00	6.663315e-01	1.123609e-01	9.463641e-05	1.998995e-03	3.370827e-05	9.463641e-07	2.112289e+03	3.561871e+01
17:31:19	6.296100e+00	7.668650e-01	9.459875e+00	6.657184e-01	1.122149e-01	9.459875e-05	1.997155e-03	3.366447e-05	9.459875e-07	2.111186e+03	3.558659e+01
17:31:19	6.289600e+00	7.660733e-01	9.462944e+00	6.650956e-01	1.122571e-01	9.462944e-05	1.995287e-03	3.367712e-05	9.462944e-07	2.108527e+03	3.558842e+01
17:31:20	6.284200e+00	7.654156e-01	9.459833e+00	6.647323e-01	1.119522e-01	9.459833e-05	1.994197e-03	3.358565e-05	9.459833e-07	2.108068e+03	3.550343e+01
17:31:20	6.277300e+00	7.645751e-01	9.458766e+00	6.643495e-01	1.112158e-01	9.458766e-05	1.993049e-03	3.336474e-05	9.458766e-07	2.107092e+03	3.527388e+01
17:31:21	6.271800e+00	7.639052e-01	9.455145e+00	6.630747e-01	1.116180e-01	9.455145e-05	1.989224e-03	3.348541e-05	9.455145e-07	2.103853e+03	3.541502e+01
17:31:21	6.265800e+00	7.631744e-01	9.455236e+00	6.622929e-01	1.115467e-01	9.455236e-05	1.986879e-03	3.346400e-05	9.455236e-07	2.101353e+03	3.539203e+01
17:31:21	6.260100e+00	7.624802e-01	9.450750e+00	6.619653e-01	1.115272e-01	9.450750e-05	1.985896e-03	3.345816e-05	9.450750e-07	2.101310e+03	3.540266e+01
17:31:22	6.253300e+00	7.616519e-01	9.446500e+00	6.610927e-01	1.107649e-01	9.446500e-05	1.983278e-03	3.322947e-05	9.446500e-07	2.099484e+03	3.517649e+01
17:31:22	6.247200e+00	7.609090e-01	9.440476e+00	6.610278e-01	1.107844e-01	9.440476e-05	1.983083e-03	3.323531e-05	9.440476e-07	2.100618e+03	3.520512e+01
17:31:22	6.243400e+00	7.604461e-01	9.440541e+00	6.601747e-01	1.096101e-01	9.440541e-05	1.980524e-03	3.288303e-05	9.440541e-07	2.097893e+03	3.483172e+01
17:31:23	6.235100e+00	7.594352e-01	9.436651e+00	6.593799e-01	1.094544e-01	9.436651e-05	1.978140e-03	3.283632e-05	9.436651e-07	2.096231e+03	3.479658e+01
17:31:23	6.226800e+00	7.584242e-01	9.434429e+00	6.589096e-01	1.097561e-01	9.434429e-05	1.976729e-03	3.292682e-05	9.434429e-07	2.095229e+03	3.490070e+01
17:31:24	6.221500e+00	7.577787e-01	9.434127e+00	6.587766e-01	1.097853e-01	9.434127e-05	1.976330e-03	3.293558e-05	9.434127e-07	2.094873e+03	3.491110e+01
17:31:24	6.214500e+00	7.569261e-01	9.436518e+00	6.572714e-01	1.093571e-01	9.436518e-05	1.971814e-03	3.280712e-05	9.436518e-07	2.089557e+03	3.476613e+01
17:31:25	6.206800e+00	7.559882e-01	9.430987e+00	6.571806e-01	1.098599e-01	9.430987e-05	1.971542e-03	3.295796e-05	9.430987e-07	2.090493e+03	3.494646e+01
17:31:25	6.203200e+00	7.555498e-01	9.429748e+00	6.562334e-01	1.098631e-01	9.429748e-05	1.968700e-03	3.295893e-05	9.429748e-07	2.087755e+03	3.495208e+01
17:31:25	6.196300e+00	7.547093e-01	9.426076e+00	6.564864e-01	1.100091e-01	9.426076e-05	1.969459e-03	3.300273e-05	9.426076e-07	2.089373e+03	3.501216e+01
17:31:25	6.192700e+00	7.542709e-01	9.432869e+00	6.558992e-01	1.105832e-01	9.432869e-05	1.967698e-03	3.317497e-05	9.432869e-07	2.086001e+03	3.516955e+01
17:31:26	6.186800e+00	7.535522e-01	9.429609e+00	6.549747e-01	1.115402e-01	9.429609e-05	1.964924e-03	3.346206e-05	9.429609e-07	2.083781e+03	3.548616e+01
17:31:26	6.180700e+00	7.528093e-01	9.426715e+00	6.545660e-01	1.112969e-01	9.426715e-05	1.963698e-03	3.338907e-05	9.426715e-07	2.083120e+03	3.541962e+01
17:31:27	6.175300e+00	7.521515e-01	9.434059e+00	6.539724e-01	1.112093e-01	9.434059e-05	1.961917e-03	3.336279e-05	9.434059e-07	2.079611e+03	3.536420e+01
17:31:27	6.169000e+00	7.513842e-01	9.444184e+00	6.530349e-01	1.115077e-01	9.444184e-05	1.959105e-03	3.345232e-05	9.444184e-07	2.074403e+03	3.542109e+01
17:31:27	6.164000e+00	7.507752e-01	9.460190e+00	6.523926e-01	1.131491e-01	9.460190e-05	1.957178e-03	3.394474e-05	9.460190e-07	2.068857e+03	3.588167e+01
17:31:28	6.157100e+00	7.499348e-01	9.471297e+00	6.515590e-01	1.128150e-01	9.471297e-05	1.954677e-03	3.384451e-05	9.471297e-07	2.063790e+03	3.573376e+01
17:31:28	6.151400e+00	7.492405e-01	9.466084e+00	6.511243e-01	1.134735e-01	9.466084e-05	1.953373e-03	3.404206e-05	9.466084e-07	2.063549e+03	3.596213e+01
17:31:28	6.145800e+00	7.485584e-01	9.466155e+00	6.503749e-01	1.136390e-01	9.466155e-05	1.951125e-03	3.409169e-05	9.466155e-07	2.061159e+03	3.601429e+01
17:31:29	6.139100e+00	7.477424e-01	9.466580e+00	6.497489e-01	1.135189e-01	9.466580e-05	1.949247e-03	3.405568e-05	9.466580e-07	2.059082e+03	3.597464e+01
17:31:29	6.133300e+00	7.470359e-01	9.472137e+00	6.491617e-01	1.135157e-01	9.472137e-05	1.947485e-03	3.405471e-05	9.472137e-07	2.056015e+03	3.595251e+01
17:31:30	6.127600e+00	7.463417e-01	9.474129e+00	6.493207e-01	1.131427e-01	9.474129e-05	1.947962e-03	3.394280e-05	9.474129e-07	2.056086e+03	3.582682e+01
17:31:30	6.123800e+00	7.458788e-01	9.478174e+00	6.486038e-01	1.120333e-01	9.478174e-05	1.945811e-03	3.360998e-05	9.478174e-07	2.052939e+03	3.546039e+01
17:31:30	6.117100e+00	7.450628e-01	9.484163e+00	6.478026e-01	1.126561e-01	9.484163e-05	1.943408e-03	3.379682e-05	9.484163e-07	2.049108e+03	3.563501e+01
17:31:31	6.111400e+00	7.443685e-01	9.479258e+00	6.475139e-01	1.120560e-01	9.479258e-05	1.942542e-03	3.361679e-05	9.479258e-07	2.049255e+03	3.546352e+01
17:31:31	6.107800e+00	7.439300e-01	9.481808e+00	6.470240e-01	1.118775e-01	9.481808e-05	1.941072e-03	3.356326e-05	9.481808e-07	2.047154e+03	3.539754e+01
17:31:31	6.101300e+00	7.431383e-01	9.466480e+00	6.463266e-01	1.121144e-01	9.466480e-05	1.938980e-03	3.363431e-05	9.466480e-07	2.048259e+03	3.552990e+01
17:31:31	6.097700e+00	7.426999e-01	9.454104e+00	6.456000e-01	1.110536e-01	9.454104e-05	1.936800e-03	3.331608e-05	9.454104e-07	2.048634e+03	3.523981e+01
17:31:32	6.092900e+00	7.421152e-01	9.443746e+00	6.452951e-01	1.105184e-01	9.443746e-05	1.935885e-03	3.315551e-05	9.443746e-07	2.049912e+03	3.510843e+01
17:31:32	6.090200e+00	7.417864e-01	9.441384e+00	6.451264e-01	1.099085e-01	9.441384e-05	1.935379e-03	3.297256e-05	9.441384e-07	2.049889e+03	3.492344e+01
17:31:32	6.085800e+00	7.412504e-01	9.443603e+00	6.446690e-01	1.101032e-01	9.443603e-05	1.934007e-03	3.303095e-05	9.443603e-07	2.047955e+03	3.497706e+01
17:31:32	6.082400e+00	7.408363e-01	9.437712e+00	6.441727e-01	1.108168e-01	9.437712e-05	1.932518e-03	3.324504e-05	9.437712e-07	2.047655e+03	3.522574e+01
17:31:33	6.078100e+00	7.403126e-01	9.442474e+00	6.435661e-01	1.099247e-01	9.442474e-05	1.930698e-03	3.297742e-05	9.442474e-07	2.044695e+03	3.492456e+01
17:31:33	6.073100e+00	7.397036e-01	9.435938e+00	6.435207e-01	1.101356e-01	9.435938e-05	1.930562e-03	3.304068e-05	9.435938e-07	2.045967e+03	3.501579e+01
17:31:33	6.069400e+00	7.392529e-01	9.435097e+00	6.430049e-01	1.103983e-01	9.435097e-05	1.929015e-03	3.311950e-05	9.435097e-07	2.044510e+03	3.510245e+01
17:31:34	6.063400e+00	7.385221e-01	9.438640e+00	6.421517e-01	1.098404e-01	9.438640e-05	1.926455e-03	3.295212e-05	9.438640e-07	2.041031e+03	3.491194e+01
17:31:34	6.057100e+00	7.377548e-01	9.440456e+00	6.413343e-01	1.098469e-01	9.440456e-05	1.924003e-03	3.295407e-05	9.440456e-07	2.038040e+03	3.490728e+01
17:31:34	6.050600e+00	7.369631e-01	9.430819e+00	6.403027e-01	1.092598e-01	9.430819e-05	1.920908e-03	3.277793e-05	9.430819e-07	2.036841e+03	3.475618e+01
17:31:35	6.043000e+00	7.360374e-01	9.434140e+00	6.391609e-01	1.098469e-01	9.434140e-05	1.917483e-03	3.295407e-05	9.434140e-07	2.032493e+03	3.493065e+01
17:31:35	6.036700e+00	7.352701e-01	9.431059e+00	6.395340e-01	1.098631e-01	9.431059e-05	1.918602e-03	3.295893e-05	9.431059e-07	2.034344e+03	3.494723e+01
17:31:35	6.033100e+00	7.348316e-01	9.432246e+00	6.395469e-01	1.093765e-01	9.432246e-05	1.918641e-03	3.281296e-05	9.432246e-07	2.034129e+03	3.478807e+01
17:31:36	6.029600e+00	7.344053e-01	9.438620e+00	6.389176e-01	1.105151e-01	9.438620e-05	1.916753e-03	3.315454e-05	9.438620e-07	2.030755e+03	3.512647e+01
17:31:36	6.023400e+00	7.336501e-01	9.443204e+00	6.376752e-01	1.102297e-01	9.443204e-05	1.913026e-03	3.306890e-05	9.443204e-07	2.025823e+03	3.501873e+01
17:31:37	6.017700e+00	7.329559e-01	9.432025e+00	6.376298e-01	1.107325e-01	9.432025e-05	1.912889e-03	3.321974e-05	9.432025e-07	2.028079e+03	3.522016e+01
17:31:37	6.013100e+00	7.323956e-01	9.432736e+00	6.366177e-01	1.106806e-01	9.432736e-05	1.909853e-03	3.320417e-05	9.432736e-07	2.024708e+03	3.520100e+01
17:31:37	6.007000e+00	7.316526e-01	9.432570e+00	6.363744e-01	1.110309e-01	9.432570e-05	1.909123e-03	3.330927e-05	9.432570e-07	2.023969e+03	3.531304e+01
17:31:38	6.001800e+00	7.310192e-01	9.428733e+00	6.350477e-01	1.106773e-01	9.428733e-05	1.905143e-03	3.320320e-05	9.428733e-07	2.020572e+03	3.521491e+01
17:31:38	5.995500e+00	7.302519e-01	9.430965e+00	6.341329e-01	1.108233e-01	9.430965e-05	1.902399e-03	3.324699e-05	9.430965e-07	2.017184e+03	3.525301e+01
17:31:38	5.989600e+00	7.295333e-01	9.426751e+00	6.335393e-01	1.104730e-01	9.426751e-05	1.900618e-03	3.314189e-05	9.426751e-07	2.016196e+03	3.515728e+01
17:31:39	5.983600e+00	7.288025e-01	9.430491e+00	6.328873e-01	1.107422e-01	9.430491e-05	1.898662e-03	3.322266e-05	9.430491e-07	2.013322e+03	3.522898e+01
17:31:39	5.978300e+00	7.281569e-01	9.424301e+00	6.328256e-01	1.112742e-01	9.424301e-05	1.898477e-03	3.338226e-05	9.424301e-07	2.014448e+03	3.542147e+01
17:31:39	5.973500e+00	7.275723e-01	9.430494e+00	6.320568e-01	1.110244e-01	9.430494e-05	1.896171e-03	3.330732e-05	9.430494e-07	2.010680e+03	3.531875e+01
17:31:40	5.967400e+00	7.268293e-01	9.423176e+00	6.312751e-01	1.114786e-01	9.423176e-05	1.893825e-03	3.344357e-05	9.423176e-07	2.009753e+03	3.549076e+01
17:31:40	5.962400e+00	7.262203e-01	9.430536e+00	6.308307e-01	1.116180e-01	9.430536e-05	1.892492e-03	3.348541e-05	9.430536e-07	2.006770e+03	3.550743e+01
17:31:40	5.956300e+00	7.254773e-01	9.429453e+00	6.299743e-01	1.110698e-01	9.429453e-05	1.889923e-03	3.332095e-05	9.429453e-07	2.004276e+03	3.533710e+01
17:31:41	5.950300e+00	7.247465e-01	9.425612e+00	6.290790e-01	1.113488e-01	9.425612e-05	1.887237e-03	3.340464e-05	9.425612e-07	2.002243e+03	3.544029e+01
17:31:41	5.945400e+00	7.241497e-01	9.428853e+00	6.289038e-01	1.116180e-01	9.428853e-05	1.886711e-03	3.348541e-05	9.428853e-07	2.000998e+03	3.551377e+01
17:31:41	5.939700e+00	7.234555e-01	9.431886e+00	6.283978e-01	1.109822e-01	9.431886e-05	1.885193e-03	3.329467e-05	9.431886e-07	1.998745e+03	3.530012e+01
17:31:42	5.933700e+00	7.227247e-01	9.431905e+00	6.278139e-01	1.114169e-01	9.431905e-05	1.883442e-03	3.342508e-05	9.431905e-07	1.996883e+03	3.543831e+01
17:31:42	5.928800e+00	7.221278e-01	9.428100e+00	6.274149e-01	1.105541e-01	9.428100e-05	1.882245e-03	3.316622e-05	9.428100e-07	1.996420e+03	3.517805e+01
17:31:43	5.923400e+00	7.214701e-01	9.434037e+00	6.275738e-01	1.115175e-01	9.434037e-05	1.882721e-03	3.345524e-05	9.434037e-07	1.995669e+03	3.546228e+01
17:31:43	5.916300e+00	7.206053e-01	9.441329e+00	6.267434e-01	1.116991e-01	9.441329e-05	1.880230e-03	3.350974e-05	9.441329e-07	1.991489e+03	3.549261e+01
17:31:43	5.910900e+00	7.199476e-01	9.439697e+00	6.255075e-01	1.114072e-01	9.439697e-05	1.876522e-03	3.342216e-05	9.439697e-07	1.987905e+03	3.540596e+01
17:31:44	5.904800e+00	7.192046e-01	9.444807e+00	6.249722e-01	1.108817e-01	9.444807e-05	1.874917e-03	3.326451e-05	9.444807e-07	1.985130e+03	3.521989e+01
17:31:44	5.899100e+00	7.185104e-01	9.445923e+00	6.234995e-01	1.105541e-01	9.445923e-05	1.870499e-03	3.316622e-05	9.445923e-07	1.980218e+03	3.511167e+01
17:31:44	5.893300e+00	7.178039e-01	9.444138e+00	6.233211e-01	1.105962e-01	9.444138e-05	1.869963e-03	3.317887e-05	9.444138e-07	1.980025e+03	3.513170e+01
17:31:45	5.887000e+00	7.170366e-01	9.449442e+00	6.225426e-01	1.116180e-01	9.449442e-05	1.867628e-03	3.348541e-05	9.449442e-07	1.976442e+03	3.543639e+01
17:31:45	5.881200e+00	7.163302e-01	9.457134e+00	6.216765e-01	1.113910e-01	9.457134e-05	1.865029e-03	3.341729e-05	9.457134e-07	1.972087e+03	3.533554e+01
17:31:46	5.876300e+00	7.157333e-01	9.460070e+00	6.216148e-01	1.109563e-01	9.460070e-05	1.864845e-03	3.328689e-05	9.460070e-07	1.971280e+03	3.518673e+01
17:31:46	5.869600e+00	7.149173e-01	9.481879e+00	6.202102e-01	1.127826e-01	9.481879e-05	1.860631e-03	3.383478e-05	9.481879e-07	1.962302e+03	3.568362e+01
17:31:46	5.863600e+00	7.141865e-01	9.494411e+00	6.194155e-01	1.138920e-01	9.494411e-05	1.858247e-03	3.416760e-05	9.494411e-07	1.957200e+03	3.598706e+01
17:31:47	5.858300e+00	7.135409e-01	9.499465e+00	6.187927e-01	1.140444e-01	9.499465e-05	1.856378e-03	3.421333e-05	9.499465e-07	1.954192e+03	3.601607e+01
17:31:47	5.853300e+00	7.129319e-01	9.501045e+00	6.187797e-01	1.137655e-01	9.501045e-05	1.856339e-03	3.412964e-05	9.501045e-07	1.953826e+03	3.592199e+01
17:31:48	5.846400e+00	7.120915e-01	9.498041e+00	6.181796e-01	1.141223e-01	9.498041e-05	1.854539e-03	3.423669e-05	9.498041e-07	1.952549e+03	3.604606e+01
17:31:48	5.841400e+00	7.114825e-01	9.487475e+00	6.174367e-01	1.142002e-01	9.487475e-05	1.852310e-03	3.426005e-05	9.487475e-07	1.952374e+03	3.611082e+01
17:31:48	5.833900e+00	7.105690e-01	9.488974e+00	6.165285e-01	1.139958e-01	9.488974e-05	1.849585e-03	3.419874e-05	9.488974e-07	1.949194e+03	3.604050e+01
17:31:49	5.828400e+00	7.098991e-01	9.479161e+00	6.152796e-01	1.135481e-01	9.479161e-05	1.845839e-03	3.406444e-05	9.479161e-07	1.947260e+03	3.593614e+01
17:31:49	5.823000e+00	7.092414e-01	9.486612e+00	6.148125e-01	1.134054e-01	9.486612e-05	1.844437e-03	3.402162e-05	9.486612e-07	1.944253e+03	3.586277e+01
17:31:49	5.816700e+00	7.084741e-01	9.462353e+00	6.145562e-01	1.120657e-01	9.462353e-05	1.843669e-03	3.361971e-05	9.462353e-07	1.948425e+03	3.552996e+01
17:31:50	5.813500e+00	7.080843e-01	9.448203e+00	6.140274e-01	1.107325e-01	9.448203e-05	1.842082e-03	3.321974e-05	9.448203e-07	1.949664e+03	3.515985e+01
17:31:50	5.809300e+00	7.075727e-01	9.450552e+00	6.140631e-01	1.104340e-01	9.450552e-05	1.842189e-03	3.313021e-05	9.450552e-07	1.949293e+03	3.505638e+01
17:31:50	5.806400e+00	7.072195e-01	9.448067e+00	6.137906e-01	1.107584e-01	9.448067e-05	1.841372e-03	3.322753e-05	9.448067e-07	1.948940e+03	3.516860e+01
17:31:50	5.802200e+00	7.067080e-01	9.450941e+00	6.129148e-01	1.100383e-01	9.450941e-05	1.838744e-03	3.301148e-05	9.450941e-07	1.945568e+03	3.492931e+01
17:31:51	5.798500e+00	7.062573e-01	9.450364e+00	6.126164e-01	1.099118e-01	9.450364e-05	1.837849e-03	3.297353e-05	9.450364e-07	1.944739e+03	3.489128e+01
17:31:51	5.795700e+00	7.059163e-01	9.450263e+00	6.120909e-01	1.101453e-01	9.450263e-05	1.836273e-03	3.304360e-05	9.450263e-07	1.943091e+03	3.496580e+01
17:31:51	5.789300e+00	7.051367e-01	9.453429e+00	6.114972e-01	1.084845e-01	9.453429e-05	1.834492e-03	3.254534e-05	9.453429e-07	1.940557e+03	3.442702e+01
17:31:52	5.781800e+00	7.042232e-01	9.458607e+00	6.106668e-01	1.086726e-01	9.458607e-05	1.832000e-03	3.260178e-05	9.458607e-07	1.936861e+03	3.446785e+01
17:31:52	5.776100e+00	7.035290e-01	9.455752e+00	6.104138e-01	1.092403e-01	9.455752e-05	1.831241e-03	3.277209e-05	9.455752e-07	1.936643e+03	3.465836e+01
17:31:53	5.770700e+00	7.028713e-01	9.461546e+00	6.101445e-01	1.088510e-01	9.461546e-05	1.830434e-03	3.265531e-05	9.461546e-07	1.934603e+03	3.451371e+01
17:31:53	5.764800e+00	7.021526e-01	9.475125e+00	6.096125e-01	1.102913e-01	9.475125e-05	1.828838e-03	3.308739e-05	9.475125e-07	1.930146e+03	3.492027e+01
17:31:53	5.759200e+00	7.014706e-01	9.495092e+00	6.081658e-01	1.115499e-01	9.495092e-05	1.824497e-03	3.346498e-05	9.495092e-07	1.921516e+03	3.524450e+01
17:31:54	5.753100e+00	7.007276e-01	9.504581e+00	6.084577e-01	1.117283e-01	9.504581e-05	1.825373e-03	3.351850e-05	9.504581e-07	1.920519e+03	3.526563e+01
17:31:54	5.747400e+00	7.000333e-01	9.500814e+00	6.073710e-01	1.123317e-01	9.500814e-05	1.822113e-03	3.369951e-05	9.500814e-07	1.917849e+03	3.547012e+01
17:31:54	5.742000e+00	6.993756e-01	9.499874e+00	6.068942e-01	1.111834e-01	9.499874e-05	1.820683e-03	3.335501e-05	9.499874e-07	1.916533e+03	3.511100e+01
17:31:55	5.735700e+00	6.986083e-01	9.495471e+00	6.059891e-01	1.115402e-01	9.495471e-05	1.817967e-03	3.346206e-05	9.495471e-07	1.914563e+03	3.524002e+01
17:31:55	5.730500e+00	6.979749e-01	9.492117e+00	6.055220e-01	1.118905e-01	9.492117e-05	1.816566e-03	3.356716e-05	9.492117e-07	1.913763e+03	3.536319e+01
17:31:56	5.724200e+00	6.972076e-01	9.490661e+00	6.048278e-01	1.121403e-01	9.490661e-05	1.814484e-03	3.364209e-05	9.490661e-07	1.911862e+03	3.544758e+01
17:31:56	5.718800e+00	6.965498e-01	9.484611e+00	6.041985e-01	1.118743e-01	9.484611e-05	1.812596e-03	3.356229e-05	9.484611e-07	1.911091e+03	3.538605e+01
17:31:56	5.713500e+00	6.959043e-01	9.477402e+00	6.031702e-01	1.107098e-01	9.477402e-05	1.809511e-03	3.321293e-05	9.477402e-07	1.909290e+03	3.504434e+01
17:31:57	5.708000e+00	6.952344e-01	9.462581e+00	6.026188e-01	1.092306e-01	9.462581e-05	1.807856e-03	3.276917e-05	9.462581e-07	1.910532e+03	3.463027e+01
17:31:57	5.703200e+00	6.946498e-01	9.454140e+00	6.020998e-01	1.083028e-01	9.454140e-05	1.806299e-03	3.249084e-05	9.454140e-07	1.910591e+03	3.436679e+01
17:31:57	5.698400e+00	6.940651e-01	9.442309e+00	6.016618e-01	1.085753e-01	9.442309e-05	1.804985e-03	3.257259e-05	9.442309e-07	1.911593e+03	3.449643e+01
17:31:58	5.694900e+00	6.936388e-01	9.444375e+00	6.014672e-01	1.079979e-01	9.444375e-05	1.804402e-03	3.239937e-05	9.444375e-07	1.910557e+03	3.430546e+01
17:31:58	5.689500e+00	6.929811e-01	9.439834e+00	6.010552e-01	1.081893e-01	9.439834e-05	1.803166e-03	3.245678e-05	9.439834e-07	1.910167e+03	3.438279e+01
17:31:58	5.686800e+00	6.926522e-01	9.445803e+00	6.002443e-01	1.081731e-01	9.445803e-05	1.800733e-03	3.245192e-05	9.445803e-07	1.906384e+03	3.435591e+01
17:31:59	5.681400e+00	6.919945e-01	9.450098e+00	5.996020e-01	1.092046e-01	9.450098e-05	1.798806e-03	3.276138e-05	9.450098e-07	1.903479e+03	3.466777e+01
17:31:59	5.676700e+00	6.914221e-01	9.453828e+00	5.996961e-01	1.083677e-01	9.453828e-05	1.799088e-03	3.251031e-05	9.453828e-07	1.903026e+03	3.438851e+01
17:31:59	5.670500e+00	6.906669e-01	9.451655e+00	5.985672e-01	1.078649e-01	9.451655e-05	1.795702e-03	3.235947e-05	9.451655e-07	1.899881e+03	3.423683e+01
17:32:00	5.661800e+00	6.896072e-01	9.455645e+00	5.983823e-01	1.076151e-01	9.455645e-05	1.795147e-03	3.228454e-05	9.455645e-07	1.898492e+03	3.414313e+01
17:32:00	5.654700e+00	6.887425e-01	9.456537e+00	5.971010e-01	1.061846e-01	9.456537e-05	1.791303e-03	3.185537e-05	9.456537e-07	1.894248e+03	3.368609e+01
17:32:01	5.647600e+00	6.878777e-01	9.455564e+00	5.972113e-01	1.070734e-01	9.455564e-05	1.791634e-03	3.212202e-05	9.455564e-07	1.894793e+03	3.397155e+01
17:32:01	5.644200e+00	6.874636e-01	9.455450e+00	5.962900e-01	1.066128e-01	9.455450e-05	1.788870e-03	3.198383e-05	9.455450e-07	1.891893e+03	3.382581e+01
17:32:01	5.639000e+00	6.868302e-01	9.459729e+00	5.958715e-01	1.072356e-01	9.459729e-05	1.787615e-03	3.217068e-05	9.459729e-07	1.889710e+03	3.400803e+01
17:32:02	5.633300e+00	6.861359e-01	9.462876e+00	5.952455e-01	1.061327e-01	9.462876e-05	1.785736e-03	3.183980e-05	9.462876e-07	1.887097e+03	3.364707e+01
17:32:02	5.626800e+00	6.853442e-01	9.453264e+00	5.943177e-01	1.061943e-01	9.453264e-05	1.782953e-03	3.185829e-05	9.453264e-07	1.886072e+03	3.370084e+01
17:32:03	5.620600e+00	6.845891e-01	9.456453e+00	5.941750e-01	1.058667e-01	9.456453e-05	1.782525e-03	3.176000e-05	9.456453e-07	1.884983e+03	3.358554e+01
17:32:03	5.613700e+00	6.837487e-01	9.457916e+00	5.931986e-01	1.060516e-01	9.457916e-05	1.779596e-03	3.181547e-05	9.457916e-07	1.881594e+03	3.363899e+01
17:32:04	5.607400e+00	6.829813e-01	9.458532e+00	5.924590e-01	1.060613e-01	9.458532e-05	1.777377e-03	3.181839e-05	9.458532e-07	1.879126e+03	3.363988e+01
17:32:04	5.602200e+00	6.823480e-01	9.456021e+00	5.920795e-01	1.071318e-01	9.456021e-05	1.776238e-03	3.213953e-05	9.456021e-07	1.878420e+03	3.398843e+01
17:32:04	5.596900e+00	6.817024e-01	9.458380e+00	5.909733e-01	1.070345e-01	9.458380e-05	1.772920e-03	3.211034e-05	9.458380e-07	1.874444e+03	3.394909e+01
17:32:05	5.591100e+00	6.809960e-01	9.455372e+00	5.907170e-01	1.055618e-01	9.455372e-05	1.772151e-03	3.166853e-05	9.455372e-07	1.874227e+03	3.349263e+01
17:32:05	5.583400e+00	6.800581e-01	9.457912e+00	5.902791e-01	1.058764e-01	9.457912e-05	1.770837e-03	3.176292e-05	9.457912e-07	1.872334e+03	3.358344e+01
17:32:06	5.578400e+00	6.794491e-01	9.458467e+00	5.895752e-01	1.047119e-01	9.458467e-05	1.768726e-03	3.141356e-05	9.458467e-07	1.869992e+03	3.321210e+01
17:32:06	5.569100e+00	6.783164e-01	9.454454e+00	5.887188e-01	1.051238e-01	9.454454e-05	1.766156e-03	3.153715e-05	9.454454e-07	1.868068e+03	3.335692e+01
17:32:07	5.564600e+00	6.777683e-01	9.452485e+00	5.877716e-01	1.041474e-01	9.452485e-05	1.763315e-03	3.124423e-05	9.452485e-07	1.865451e+03	3.305398e+01
17:32:07	5.556900e+00	6.768304e-01	9.452102e+00	5.874148e-01	1.041020e-01	9.452102e-05	1.762244e-03	3.123060e-05	9.452102e-07	1.864394e+03	3.304091e+01
17:32:08	5.550100e+00	6.760022e-01	9.452463e+00	5.863767e-01	1.040339e-01	9.452463e-05	1.759130e-03	3.121017e-05	9.452463e-07	1.861029e+03	3.301803e+01
17:32:08	5.542400e+00	6.750643e-01	9.450454e+00	5.858934e-01	1.038198e-01	9.450454e-05	1.757680e-03	3.114594e-05	9.450454e-07	1.859890e+03	3.295708e+01
17:32:09	5.535300e+00	6.741995e-01	9.446571e+00	5.849073e-01	1.037549e-01	9.446571e-05	1.754722e-03	3.112648e-05	9.446571e-07	1.857522e+03	3.295003e+01
17:32:09	5.527100e+00	6.732008e-01	9.448862e+00	5.846575e-01	1.038198e-01	9.448862e-05	1.753972e-03	3.114594e-05	9.448862e-07	1.856279e+03	3.296264e+01
17:32:10	5.521400e+00	6.725065e-01	9.447749e+00	5.840347e-01	1.037614e-01	9.447749e-05	1.752104e-03	3.112842e-05	9.447749e-07	1.854520e+03	3.294798e+01
17:32:10	5.514500e+00	6.716661e-01	9.440868e+00	5.833502e-01	1.036479e-01	9.440868e-05	1.750051e-03	3.109436e-05	9.440868e-07	1.853697e+03	3.293591e+01
17:32:11	5.507100e+00	6.707648e-01	9.446422e+00	5.824095e-01	1.036738e-01	9.446422e-05	1.747228e-03	3.110215e-05	9.446422e-07	1.849619e+03	3.292479e+01
17:32:11	5.498400e+00	6.697051e-01	9.458042e+00	5.820332e-01	1.036284e-01	9.458042e-05	1.746100e-03	3.108852e-05	9.458042e-07	1.846153e+03	3.286994e+01
17:32:12	5.491700e+00	6.688891e-01	9.473308e+00	5.803302e-01	1.040728e-01	9.473308e-05	1.740991e-03	3.122185e-05	9.473308e-07	1.837785e+03	3.295770e+01
17:32:12	5.486900e+00	6.683044e-01	9.479180e+00	5.801939e-01	1.058991e-01	9.479180e-05	1.740582e-03	3.176973e-05	9.479180e-07	1.836216e+03	3.351528e+01
17:32:12	5.480200e+00	6.674884e-01	9.486537e+00	5.796068e-01	1.060678e-01	9.486537e-05	1.738820e-03	3.182034e-05	9.486537e-07	1.832935e+03	3.354263e+01
17:32:13	5.475300e+00	6.668915e-01	9.480873e+00	5.788704e-01	1.051173e-01	9.480873e-05	1.736611e-03	3.153520e-05	9.480873e-07	1.831700e+03	3.326192e+01
17:32:13	5.469900e+00	6.662338e-01	9.480964e+00	5.780595e-01	1.055974e-01	9.480964e-05	1.734178e-03	3.167923e-05	9.480964e-07	1.829116e+03	3.341351e+01
17:32:14	5.464600e+00	6.655883e-01	9.482580e+00	5.783514e-01	1.045334e-01	9.482580e-05	1.735054e-03	3.136003e-05	9.482580e-07	1.829728e+03	3.307121e+01
17:32:14	5.461400e+00	6.651985e-01	9.478191e+00	5.774950e-01	1.035376e-01	9.478191e-05	1.732485e-03	3.106128e-05	9.478191e-07	1.827865e+03	3.277131e+01
17:32:14	5.454100e+00	6.643094e-01	9.483472e+00	5.763532e-01	1.033300e-01	9.483472e-05	1.729060e-03	3.099899e-05	9.483472e-07	1.823235e+03	3.268739e+01
17:32:15	5.447100e+00	6.634568e-01	9.484620e+00	5.756298e-01	1.027104e-01	9.484620e-05	1.726889e-03	3.081312e-05	9.484620e-07	1.820726e+03	3.248746e+01
17:32:15	5.439400e+00	6.625189e-01	9.487287e+00	5.754611e-01	1.029602e-01	9.487287e-05	1.726383e-03	3.088805e-05	9.487287e-07	1.819681e+03	3.255731e+01
17:32:16	5.434900e+00	6.619708e-01	9.463437e+00	5.746761e-01	1.020357e-01	9.463437e-05	1.724028e-03	3.061070e-05	9.463437e-07	1.821778e+03	3.234629e+01
17:32:16	5.428900e+00	6.612400e-01	9.445099e+00	5.745107e-01	1.002937e-01	9.445099e-05	1.723532e-03	3.008812e-05	9.445099e-07	1.824790e+03	3.185580e+01
17:32:16	5.423200e+00	6.605458e-01	9.438912e+00	5.742642e-01	1.002710e-01	9.438912e-05	1.722792e-03	3.008131e-05	9.438912e-07	1.825202e+03	3.186946e+01
17:32:17	5.420200e+00	6.601804e-01	9.444962e+00	5.738814e-01	1.002580e-01	9.444962e-05	1.721644e-03	3.007741e-05	9.444962e-07	1.822817e+03	3.184493e+01
17:32:17	5.415100e+00	6.595592e-01	9.442526e+00	5.732975e-01	1.005565e-01	9.442526e-05	1.719892e-03	3.016694e-05	9.442526e-07	1.821433e+03	3.194796e+01
17:32:17	5.412500e+00	6.592425e-01	9.440680e+00	5.727850e-01	1.002937e-01	9.440680e-05	1.718355e-03	3.008812e-05	9.440680e-07	1.820160e+03	3.187071e+01
17:32:18	5.408900e+00	6.588040e-01	9.441177e+00	5.724671e-01	1.010463e-01	9.441177e-05	1.717401e-03	3.031389e-05	9.441177e-07	1.819054e+03	3.210817e+01
17:32:18	5.403200e+00	6.581098e-01	9.429518e+00	5.717923e-01	1.005889e-01	9.429518e-05	1.715377e-03	3.017667e-05	9.429518e-07	1.819157e+03	3.200235e+01
17:32:18	5.399400e+00	6.576469e-01	9.431652e+00	5.712019e-01	1.005078e-01	9.431652e-05	1.713606e-03	3.015235e-05	9.431652e-07	1.816867e+03	3.196931e+01
17:32:19	5.394100e+00	6.570014e-01	9.434643e+00	5.714387e-01	1.003294e-01	9.434643e-05	1.714316e-03	3.009882e-05	9.434643e-07	1.817044e+03	3.190245e+01
17:32:19	5.390500e+00	6.565629e-01	9.446156e+00	5.708711e-01	1.014161e-01	9.446156e-05	1.712613e-03	3.042483e-05	9.446156e-07	1.813027e+03	3.220869e+01
17:32:19	5.385600e+00	6.559661e-01	9.465468e+00	5.703066e-01	1.032100e-01	9.465468e-05	1.710920e-03	3.096299e-05	9.465468e-07	1.807539e+03	3.271152e+01
17:32:20	5.380600e+00	6.553571e-01	9.473273e+00	5.698557e-01	1.033786e-01	9.473273e-05	1.709567e-03	3.101359e-05	9.473273e-07	1.804622e+03	3.273799e+01
17:32:20	5.374300e+00	6.545897e-01	9.471641e+00	5.686750e-01	1.034695e-01	9.471641e-05	1.706025e-03	3.104084e-05	9.471641e-07	1.801193e+03	3.277240e+01
17:32:20	5.369500e+00	6.540051e-01	9.478294e+00	5.688339e-01	1.034176e-01	9.478294e-05	1.706502e-03	3.102527e-05	9.478294e-07	1.800431e+03	3.273297e+01
17:32:21	5.363200e+00	6.532378e-01	9.484526e+00	5.680100e-01	1.026942e-01	9.484526e-05	1.704030e-03	3.080825e-05	9.484526e-07	1.796642e+03	3.248265e+01
17:32:21	5.358400e+00	6.526531e-01	9.484828e+00	5.677148e-01	1.029894e-01	9.484828e-05	1.703144e-03	3.089681e-05	9.484828e-07	1.795651e+03	3.257498e+01
17:32:21	5.354100e+00	6.521294e-01	9.456592e+00	5.666670e-01	1.015102e-01	9.456592e-05	1.700001e-03	3.045305e-05	9.456592e-07	1.797689e+03	3.220299e+01
17:32:22	5.350300e+00	6.516665e-01	9.447246e+00	5.673709e-01	1.004235e-01	9.447246e-05	1.702113e-03	3.012704e-05	9.447246e-07	1.801703e+03	3.188976e+01
17:32:22	5.347100e+00	6.512768e-01	9.447888e+00	5.663297e-01	9.983958e-02	9.447888e-05	1.698989e-03	2.995188e-05	9.447888e-07	1.798274e+03	3.170219e+01
17:32:22	5.342200e+00	6.506800e-01	9.441248e+00	5.653533e-01	1.003035e-01	9.441248e-05	1.696060e-03	3.009104e-05	9.441248e-07	1.796436e+03	3.187188e+01
17:32:23	5.338200e+00	6.501928e-01	9.435990e+00	5.652267e-01	1.000472e-01	9.435990e-05	1.695680e-03	3.001416e-05	9.435990e-07	1.797035e+03	3.180817e+01
17:32:23	5.335500e+00	6.498639e-01	9.435159e+00	5.647888e-01	1.001834e-01	9.435159e-05	1.694366e-03	3.005503e-05	9.435159e-07	1.795801e+03	3.185429e+01
17:32:23	5.330900e+00	6.493036e-01	9.428113e+00	5.645131e-01	1.003294e-01	9.428113e-05	1.693539e-03	3.009882e-05	9.428113e-07	1.796265e+03	3.192454e+01
17:32:23	5.327500e+00	6.488895e-01	9.431010e+00	5.649024e-01	1.004656e-01	9.431010e-05	1.694707e-03	3.013969e-05	9.431010e-07	1.796952e+03	3.195808e+01
17:32:24	5.324200e+00	6.484876e-01	9.430604e+00	5.643152e-01	1.000926e-01	9.430604e-05	1.692946e-03	3.002778e-05	9.430604e-07	1.795161e+03	3.184078e+01
17:32:24	5.319200e+00	6.478786e-01	9.452317e+00	5.636081e-01	1.017956e-01	9.452317e-05	1.690824e-03	3.053869e-05	9.452317e-07	1.788793e+03	3.230815e+01
17:32:24	5.313900e+00	6.472330e-01	9.464735e+00	5.618110e-01	1.027428e-01	9.464735e-05	1.685433e-03	3.082285e-05	9.464735e-07	1.780750e+03	3.256600e+01
17:32:25	5.308100e+00	6.465266e-01	9.472870e+00	5.612919e-01	1.034403e-01	9.472870e-05	1.683876e-03	3.103208e-05	9.472870e-07	1.777577e+03	3.275890e+01
17:32:25	5.303400e+00	6.459541e-01	9.481091e+00	5.609319e-01	1.024833e-01	9.481091e-05	1.682796e-03	3.074500e-05	9.481091e-07	1.774897e+03	3.242770e+01
17:32:25	5.298400e+00	6.453451e-01	9.483770e+00	5.607632e-01	1.024314e-01	9.483770e-05	1.682290e-03	3.072943e-05	9.483770e-07	1.773862e+03	3.240212e+01
17:32:26	5.293500e+00	6.447483e-01	9.482528e+00	5.589499e-01	1.021557e-01	9.482528e-05	1.676850e-03	3.064671e-05	9.482528e-07	1.768357e+03	3.231914e+01
17:32:26	5.288100e+00	6.440906e-01	9.476780e+00	5.583433e-01	1.021297e-01	9.476780e-05	1.675030e-03	3.063892e-05	9.476780e-07	1.767510e+03	3.233052e+01
17:32:27	5.282200e+00	6.433720e-01	9.456449e+00	5.581876e-01	1.010982e-01	9.456449e-05	1.674563e-03	3.032946e-05	9.456449e-07	1.770815e+03	3.207278e+01
17:32:27	5.279000e+00	6.429822e-01	9.444343e+00	5.579053e-01	1.001445e-01	9.444343e-05	1.673716e-03	3.004335e-05	9.444343e-07	1.772189e+03	3.181095e+01
17:32:27	5.275800e+00	6.425924e-01	9.445313e+00	5.577918e-01	9.988175e-02	9.445313e-05	1.673375e-03	2.996453e-05	9.445313e-07	1.771646e+03	3.172423e+01
17:32:27	5.272700e+00	6.422149e-01	9.442082e+00	5.572793e-01	9.972929e-02	9.442082e-05	1.671838e-03	2.991879e-05	9.442082e-07	1.770624e+03	3.168664e+01
17:32:28	5.267900e+00	6.416302e-01	9.434689e+00	5.569841e-01	9.941139e-02	9.434689e-05	1.670952e-03	2.982342e-05	9.434689e-07	1.771073e+03	3.161039e+01
17:32:28	5.261800e+00	6.408872e-01	9.439869e+00	5.565786e-01	1.003391e-01	9.439869e-05	1.669736e-03	3.010174e-05	9.439869e-07	1.768812e+03	3.188788e+01
17:32:28	5.259000e+00	6.405462e-01	9.436820e+00	5.568251e-01	9.992392e-02	9.436820e-05	1.670475e-03	2.997718e-05	9.436820e-07	1.770168e+03	3.176619e+01
17:32:29	5.256000e+00	6.401808e-01	9.433462e+00	5.560369e-01	9.976822e-02	9.433462e-05	1.668111e-03	2.993047e-05	9.433462e-07	1.768291e+03	3.172797e+01
17:32:29	5.252700e+00	6.397789e-01	9.433933e+00	5.560239e-01	9.954439e-02	9.433933e-05	1.668072e-03	2.986332e-05	9.433933e-07	1.768162e+03	3.165522e+01
17:32:29	5.249500e+00	6.393891e-01	9.434822e+00	5.552778e-01	9.943735e-02	9.434822e-05	1.665833e-03	2.983120e-05	9.434822e-07	1.765623e+03	3.161820e+01
17:32:29	5.244600e+00	6.387923e-01	9.436778e+00	5.547037e-01	1.004429e-01	9.436778e-05	1.664111e-03	3.013288e-05	9.436778e-07	1.763431e+03	3.193133e+01
17:32:30	5.239600e+00	6.381833e-01	9.455505e+00	5.539738e-01	1.009652e-01	9.455505e-05	1.661921e-03	3.028956e-05	9.455505e-07	1.757623e+03	3.203378e+01
17:32:30	5.234300e+00	6.375377e-01	9.471158e+00	5.539576e-01	1.019481e-01	9.471158e-05	1.661873e-03	3.058443e-05	9.471158e-07	1.754667e+03	3.229217e+01
17:32:31	5.229500e+00	6.369531e-01	9.476241e+00	5.531920e-01	1.033527e-01	9.476241e-05	1.659576e-03	3.100581e-05	9.476241e-07	1.751302e+03	3.271952e+01
17:32:31	5.224400e+00	6.363319e-01	9.476127e+00	5.530558e-01	1.025774e-01	9.476127e-05	1.659167e-03	3.077322e-05	9.476127e-07	1.750892e+03	3.247447e+01
17:32:31	5.219200e+00	6.356986e-01	9.473500e+00	5.526049e-01	1.033073e-01	9.473500e-05	1.657815e-03	3.099218e-05	9.473500e-07	1.749949e+03	3.271461e+01
17:32:32	5.214100e+00	6.350774e-01	9.477623e+00	5.515571e-01	1.032521e-01	9.477623e-05	1.654671e-03	3.097564e-05	9.477623e-07	1.745872e+03	3.268292e+01
17:32:32	5.208900e+00	6.344440e-01	9.478839e+00	5.510186e-01	1.020616e-01	9.478839e-05	1.653056e-03	3.061849e-05	9.478839e-07	1.743943e+03	3.230194e+01
17:32:32	5.204000e+00	6.338472e-01	9.479141e+00	5.503309e-01	1.024185e-01	9.479141e-05	1.650993e-03	3.072554e-05	9.479141e-07	1.741711e+03	3.241384e+01
17:32:33	5.198600e+00	6.331895e-01	9.482645e+00	5.501201e-01	1.027720e-01	9.482645e-05	1.650360e-03	3.083161e-05	9.482645e-07	1.740401e+03	3.251372e+01
17:32:33	5.193500e+00	6.325683e-01	9.477912e+00	5.494454e-01	1.022790e-01	9.477912e-05	1.648336e-03	3.068369e-05	9.477912e-07	1.739134e+03	3.237389e+01
17:32:34	5.188700e+00	6.319837e-01	9.453293e+00	5.490691e-01	1.010366e-01	9.453293e-05	1.647207e-03	3.031097e-05	9.453293e-07	1.742469e+03	3.206393e+01
17:32:34	5.185100e+00	6.315452e-01	9.444404e+00	5.493805e-01	1.002256e-01	9.444404e-05	1.648141e-03	3.006768e-05	9.444404e-07	1.745098e+03	3.183650e+01
17:32:34	5.181600e+00	6.311189e-01	9.446357e+00	5.487868e-01	9.985580e-02	9.446357e-05	1.646361e-03	2.995674e-05	9.446357e-07	1.742852e+03	3.171248e+01
17:32:34	5.178000e+00	6.306804e-01	9.448038e+00	5.482678e-01	9.884372e-02	9.448038e-05	1.644803e-03	2.965312e-05	9.448038e-07	1.740894e+03	3.138548e+01
17:32:35	5.173100e+00	6.300836e-01	9.443665e+00	5.475444e-01	9.934003e-02	9.443665e-05	1.642633e-03	2.980201e-05	9.443665e-07	1.739402e+03	3.155767e+01
17:32:35	5.170500e+00	6.297669e-01	9.444648e+00	5.470125e-01	9.938220e-02	9.444648e-05	1.641037e-03	2.981466e-05	9.444648e-07	1.737532e+03	3.156778e+01
17:32:35	5.165700e+00	6.291823e-01	9.431003e+00	5.463637e-01	1.001380e-01	9.431003e-05	1.639091e-03	3.004141e-05	9.431003e-07	1.737982e+03	3.185388e+01
17:32:36	5.162800e+00	6.288290e-01	9.434724e+00	5.464123e-01	9.993041e-02	9.434724e-05	1.639237e-03	2.997912e-05	9.434724e-07	1.737451e+03	3.177530e+01
17:32:36	5.156800e+00	6.280982e-01	9.451554e+00	5.456792e-01	1.015069e-01	9.451554e-05	1.637038e-03	3.045208e-05	9.451554e-07	1.732030e+03	3.221912e+01
17:32:36	5.151700e+00	6.274771e-01	9.469215e+00	5.445504e-01	1.026780e-01	9.469215e-05	1.633651e-03	3.080339e-05	9.469215e-07	1.725223e+03	3.253004e+01
17:32:37	5.146700e+00	6.268681e-01	9.473834e+00	5.444238e-01	1.031256e-01	9.473834e-05	1.633272e-03	3.093768e-05	9.473834e-07	1.723982e+03	3.265593e+01
17:32:37	5.141400e+00	6.262225e-01	9.476744e+00	5.436940e-01	1.030705e-01	9.476744e-05	1.631082e-03	3.092114e-05	9.476744e-07	1.721142e+03	3.262844e+01
17:32:37	5.136800e+00	6.256622e-01	9.478940e+00	5.434669e-01	1.027461e-01	9.478940e-05	1.630401e-03	3.082382e-05	9.478940e-07	1.720024e+03	3.251822e+01
17:32:38	5.131700e+00	6.250411e-01	9.482544e+00	5.427792e-01	1.032911e-01	9.482544e-05	1.628338e-03	3.098732e-05	9.482544e-07	1.717195e+03	3.267827e+01
17:32:38	5.126300e+00	6.243833e-01	9.473373e+00	5.419423e-01	1.024768e-01	9.473373e-05	1.625827e-03	3.074305e-05	9.473373e-07	1.716207e+03	3.245206e+01
17:32:39	5.121000e+00	6.237378e-01	9.450656e+00	5.414622e-01	1.009230e-01	9.450656e-05	1.624387e-03	3.027691e-05	9.450656e-07	1.718808e+03	3.203684e+01
17:32:39	5.118000e+00	6.233724e-01	9.444917e+00	5.408686e-01	9.991744e-02	9.444917e-05	1.622606e-03	2.997523e-05	9.444917e-07	1.717967e+03	3.173689e+01
17:32:39	5.115200e+00	6.230314e-01	9.445063e+00	5.403333e-01	1.001023e-01	9.445063e-05	1.621000e-03	3.003070e-05	9.445063e-07	1.716241e+03	3.179513e+01
17:32:39	5.112100e+00	6.226538e-01	9.442445e+00	5.407713e-01	9.982661e-02	9.442445e-05	1.622314e-03	2.994798e-05	9.442445e-07	1.718108e+03	3.171634e+01
17:32:40	5.108500e+00	6.222153e-01	9.441676e+00	5.406383e-01	1.008419e-01	9.441676e-05	1.621915e-03	3.025258e-05	9.441676e-07	1.717825e+03	3.204154e+01
17:32:40	5.105900e+00	6.218986e-01	9.435312e+00	5.403398e-01	1.000504e-01	9.435312e-05	1.621019e-03	3.001513e-05	9.435312e-07	1.718035e+03	3.181149e+01
17:32:40	5.103000e+00	6.215454e-01	9.433531e+00	5.400349e-01	1.004948e-01	9.433531e-05	1.620105e-03	3.014845e-05	9.433531e-07	1.717390e+03	3.195882e+01
17:32:40	5.099600e+00	6.211313e-01	9.433388e+00	5.399214e-01	1.000958e-01	9.433388e-05	1.619764e-03	3.002875e-05	9.433388e-07	1.717054e+03	3.183242e+01
17:32:40	5.096800e+00	6.207902e-01	9.461669e+00	5.390974e-01	1.025417e-01	9.461669e-05	1.617292e-03	3.076252e-05	9.461669e-07	1.709310e+03	3.251278e+01
17:32:41	5.092100e+00	6.202178e-01	9.475722e+00	5.385330e-01	1.030834e-01	9.475722e-05	1.615599e-03	3.092503e-05	9.475722e-07	1.704988e+03	3.263607e+01
17:32:41	5.085700e+00	6.194383e-01	9.483822e+00	5.365575e-01	1.033721e-01	9.483822e-05	1.609672e-03	3.101164e-05	9.483822e-07	1.697282e+03	3.269952e+01
17:32:42	5.081400e+00	6.189145e-01	9.488983e+00	5.364180e-01	1.029375e-01	9.488983e-05	1.609254e-03	3.088124e-05	9.488983e-07	1.695918e+03	3.254431e+01
17:32:42	5.077000e+00	6.183786e-01	9.484698e+00	5.357011e-01	1.030770e-01	9.484698e-05	1.607103e-03	3.092309e-05	9.484698e-07	1.694417e+03	3.260313e+01
17:32:42	5.071300e+00	6.176843e-01	9.455184e+00	5.361098e-01	1.008841e-01	9.455184e-05	1.608329e-03	3.026523e-05	9.455184e-07	1.701003e+03	3.200914e+01
17:32:43	5.068700e+00	6.173677e-01	9.453770e+00	5.354092e-01	1.004819e-01	9.453770e-05	1.606227e-03	3.014456e-05	9.453770e-07	1.699034e+03	3.188629e+01
17:32:43	5.065500e+00	6.169779e-01	9.455356e+00	5.354092e-01	1.003229e-01	9.455356e-05	1.606227e-03	3.009688e-05	9.455356e-07	1.698749e+03	3.183050e+01
17:32:43	5.062600e+00	6.166247e-01	9.446497e+00	5.350037e-01	1.014129e-01	9.446497e-05	1.605011e-03	3.042386e-05	9.446497e-07	1.699054e+03	3.220650e+01
17:32:43	5.059800e+00	6.162836e-01	9.443529e+00	5.348577e-01	1.011598e-01	9.443529e-05	1.604573e-03	3.034795e-05	9.443529e-07	1.699125e+03	3.213624e+01
17:32:44	5.056400e+00	6.158695e-01	9.458590e+00	5.339948e-01	1.017859e-01	9.458590e-05	1.601984e-03	3.053577e-05	9.458590e-07	1.693682e+03	3.228364e+01
17:32:44	5.051300e+00	6.152483e-01	9.485834e+00	5.331839e-01	1.037452e-01	9.485834e-05	1.599552e-03	3.112356e-05	9.485834e-07	1.686253e+03	3.281057e+01
17:32:44	5.045900e+00	6.145906e-01	9.493733e+00	5.321328e-01	1.040988e-01	9.493733e-05	1.596399e-03	3.122963e-05	9.493733e-07	1.681529e+03	3.289500e+01
17:32:45	5.041000e+00	6.139938e-01	9.506391e+00	5.316203e-01	1.044005e-01	9.506391e-05	1.594861e-03	3.132014e-05	9.506391e-07	1.677672e+03	3.294640e+01
17:32:45	5.036000e+00	6.133848e-01	9.500243e+00	5.314743e-01	1.035798e-01	9.500243e-05	1.594423e-03	3.107393e-05	9.500243e-07	1.678297e+03	3.270856e+01
17:32:45	5.032300e+00	6.129341e-01	9.477500e+00	5.313965e-01	1.012474e-01	9.477500e-05	1.594189e-03	3.037423e-05	9.477500e-07	1.682078e+03	3.204878e+01
17:32:46	5.029500e+00	6.125931e-01	9.464258e+00	5.310364e-01	1.003651e-01	9.464258e-05	1.593109e-03	3.010953e-05	9.464258e-07	1.683290e+03	3.181393e+01
17:32:46	5.026100e+00	6.121790e-01	9.460248e+00	5.308385e-01	9.994014e-02	9.460248e-05	1.592516e-03	2.998204e-05	9.460248e-07	1.683376e+03	3.169266e+01
17:32:46	5.023500e+00	6.118623e-01	9.456209e+00	5.298751e-01	9.981039e-02	9.456209e-05	1.589625e-03	2.994312e-05	9.456209e-07	1.681039e+03	3.166503e+01
17:32:46	5.020600e+00	6.115091e-01	9.457332e+00	5.298459e-01	1.005500e-01	9.457332e-05	1.589538e-03	3.016500e-05	9.457332e-07	1.680747e+03	3.189589e+01
17:32:47	5.017600e+00	6.111437e-01	9.453257e+00	5.298492e-01	1.001315e-01	9.453257e-05	1.589548e-03	3.003946e-05	9.453257e-07	1.681481e+03	3.177683e+01
17:32:47	5.014200e+00	6.107296e-01	9.450610e+00	5.291550e-01	1.003132e-01	9.450610e-05	1.587465e-03	3.009396e-05	9.450610e-07	1.679749e+03	3.184340e+01
17:32:47	5.011700e+00	6.104251e-01	9.467518e+00	5.284056e-01	1.008484e-01	9.467518e-05	1.585217e-03	3.025453e-05	9.467518e-07	1.674374e+03	3.195613e+01
17:32:47	5.005900e+00	6.097186e-01	9.492759e+00	5.284640e-01	1.028304e-01	9.492759e-05	1.585392e-03	3.084913e-05	9.492759e-07	1.670107e+03	3.249753e+01
17:32:48	5.000800e+00	6.090974e-01	9.494592e+00	5.281526e-01	1.036381e-01	9.494592e-05	1.584458e-03	3.109144e-05	9.494592e-07	1.668800e+03	3.274648e+01
17:32:48	4.996800e+00	6.086102e-01	9.495822e+00	5.271860e-01	1.026098e-01	9.495822e-05	1.581558e-03	3.078295e-05	9.495822e-07	1.665530e+03	3.241737e+01
17:32:49	4.991500e+00	6.079647e-01	9.505953e+00	5.269621e-01	1.023795e-01	9.505953e-05	1.580886e-03	3.071386e-05	9.505953e-07	1.663049e+03	3.231013e+01
17:32:49	4.986500e+00	6.073557e-01	9.505914e+00	5.263620e-01	1.025352e-01	9.505914e-05	1.579086e-03	3.076057e-05	9.505914e-07	1.661162e+03	3.235940e+01
17:32:49	4.981000e+00	6.066858e-01	9.490193e+00	5.259955e-01	1.020487e-01	9.490193e-05	1.577986e-03	3.061460e-05	9.490193e-07	1.662755e+03	3.225919e+01
17:32:50	4.978800e+00	6.064178e-01	9.474694e+00	5.256743e-01	9.983958e-02	9.474694e-05	1.577023e-03	2.995188e-05	9.474694e-07	1.664458e+03	3.161250e+01
17:32:50	4.975400e+00	6.060037e-01	9.463502e+00	5.250061e-01	9.918757e-02	9.463502e-05	1.575018e-03	2.975627e-05	9.463502e-07	1.664308e+03	3.144319e+01
17:32:50	4.972500e+00	6.056505e-01	9.462558e+00	5.255835e-01	9.909350e-02	9.462558e-05	1.576750e-03	2.972805e-05	9.462558e-07	1.666305e+03	3.141650e+01
17:32:50	4.969500e+00	6.052851e-01	9.459236e+00	5.252137e-01	9.850311e-02	9.459236e-05	1.575641e-03	2.955093e-05	9.459236e-07	1.665717e+03	3.124030e+01
17:32:51	4.964100e+00	6.046274e-01	9.455528e+00	5.248536e-01	9.830199e-02	9.455528e-05	1.574561e-03	2.949060e-05	9.455528e-07	1.665228e+03	3.118874e+01
17:32:51	4.959200e+00	6.040306e-01	9.453319e+00	5.243930e-01	9.851284e-02	9.453319e-05	1.573179e-03	2.955385e-05	9.453319e-07	1.664155e+03	3.126294e+01
17:32:51	4.956400e+00	6.036895e-01	9.454406e+00	5.235982e-01	9.859070e-02	9.454406e-05	1.570795e-03	2.957721e-05	9.454406e-07	1.661442e+03	3.128405e+01
17:32:52	4.953600e+00	6.033485e-01	9.453488e+00	5.238383e-01	9.891833e-02	9.453488e-05	1.571515e-03	2.967550e-05	9.453488e-07	1.662365e+03	3.139106e+01
17:32:52	4.950700e+00	6.029953e-01	9.450114e+00	5.238740e-01	9.959954e-02	9.450114e-05	1.571622e-03	2.987986e-05	9.450114e-07	1.663072e+03	3.161852e+01
17:32:52	4.947300e+00	6.025811e-01	9.452459e+00	5.234815e-01	9.993690e-02	9.452459e-05	1.570444e-03	2.998107e-05	9.452459e-07	1.661414e+03	3.171775e+01
17:32:52	4.944500e+00	6.022401e-01	9.467093e+00	5.224953e-01	9.934327e-02	9.467093e-05	1.567486e-03	2.980298e-05	9.467093e-07	1.655721e+03	3.148061e+01
17:32:53	4.940200e+00	6.017164e-01	9.483916e+00	5.224175e-01	1.011793e-01	9.483916e-05	1.567252e-03	3.035379e-05	9.483916e-07	1.652537e+03	3.200554e+01
17:32:53	4.934600e+00	6.010343e-01	9.492137e+00	5.217298e-01	1.016399e-01	9.492137e-05	1.565189e-03	3.049198e-05	9.492137e-07	1.648933e+03	3.212341e+01
17:32:53	4.929900e+00	6.004618e-01	9.496162e+00	5.213567e-01	1.013901e-01	9.496162e-05	1.564070e-03	3.041704e-05	9.496162e-07	1.647055e+03	3.203088e+01
17:32:54	4.924700e+00	5.998285e-01	9.490732e+00	5.205652e-01	1.011306e-01	9.490732e-05	1.561696e-03	3.033919e-05	9.490732e-07	1.645496e+03	3.196718e+01
17:32:54	4.919600e+00	5.992073e-01	9.497460e+00	5.194915e-01	1.006149e-01	9.497460e-05	1.558475e-03	3.018446e-05	9.497460e-07	1.640938e+03	3.178161e+01
17:32:55	4.915400e+00	5.986957e-01	9.499559e+00	5.192936e-01	1.000342e-01	9.499559e-05	1.557881e-03	3.001026e-05	9.499559e-07	1.639951e+03	3.159122e+01
17:32:55	4.910100e+00	5.980502e-01	9.500019e+00	5.192028e-01	1.008646e-01	9.500019e-05	1.557608e-03	3.025939e-05	9.500019e-07	1.639584e+03	3.185193e+01
17:32:55	4.905700e+00	5.975143e-01	9.491400e+00	5.183172e-01	1.000634e-01	9.491400e-05	1.554952e-03	3.001902e-05	9.491400e-07	1.638274e+03	3.162760e+01
17:32:56	4.900200e+00	5.968444e-01	9.469030e+00	5.176717e-01	9.866206e-02	9.469030e-05	1.553015e-03	2.959862e-05	9.469030e-07	1.640100e+03	3.125834e+01
17:32:56	4.896600e+00	5.964059e-01	9.466003e+00	5.176425e-01	9.850636e-02	9.466003e-05	1.552928e-03	2.955191e-05	9.466003e-07	1.640531e+03	3.121899e+01
17:32:56	4.894600e+00	5.961623e-01	9.466499e+00	5.177885e-01	9.771486e-02	9.466499e-05	1.553365e-03	2.931446e-05	9.466499e-07	1.640908e+03	3.096652e+01
17:32:57	4.889300e+00	5.955167e-01	9.457737e+00	5.164942e-01	9.738723e-02	9.457737e-05	1.549483e-03	2.921617e-05	9.457737e-07	1.638323e+03	3.089129e+01
17:32:57	4.884300e+00	5.949077e-01	9.455437e+00	5.169126e-01	9.793219e-02	9.455437e-05	1.550738e-03	2.937966e-05	9.455437e-07	1.640049e+03	3.107171e+01
17:32:57	4.881000e+00	5.945058e-01	9.454863e+00	5.163839e-01	9.738398e-02	9.454863e-05	1.549152e-03	2.921519e-05	9.454863e-07	1.638471e+03	3.089965e+01
17:32:58	4.877800e+00	5.941160e-01	9.453562e+00	5.161536e-01	9.788029e-02	9.453562e-05	1.548461e-03	2.936409e-05	9.453562e-07	1.637965e+03	3.106140e+01
17:32:58	4.872200e+00	5.934340e-01	9.454201e+00	5.153718e-01	9.829551e-02	9.454201e-05	1.546115e-03	2.948865e-05	9.454201e-07	1.635374e+03	3.119106e+01
17:32:58	4.868100e+00	5.929346e-01	9.472183e+00	5.148009e-01	9.891508e-02	9.472183e-05	1.544403e-03	2.967453e-05	9.472183e-07	1.630461e+03	3.132807e+01
17:32:59	4.862700e+00	5.922769e-01	9.488893e+00	5.141554e-01	1.003391e-01	9.488893e-05	1.542466e-03	3.010174e-05	9.488893e-07	1.625549e+03	3.172313e+01
17:32:59	4.858400e+00	5.917531e-01	9.498154e+00	5.135293e-01	1.011598e-01	9.498154e-05	1.540588e-03	3.034795e-05	9.498154e-07	1.621987e+03	3.195142e+01
17:32:59	4.853400e+00	5.911441e-01	9.496977e+00	5.129259e-01	1.005240e-01	9.496977e-05	1.538778e-03	3.015721e-05	9.496977e-07	1.620282e+03	3.175454e+01
17:33:00	4.848700e+00	5.905717e-01	9.498060e+00	5.123031e-01	1.000439e-01	9.498060e-05	1.536909e-03	3.001318e-05	9.498060e-07	1.618130e+03	3.159928e+01
17:33:00	4.843500e+00	5.899383e-01	9.502757e+00	5.117225e-01	1.002613e-01	9.502757e-05	1.535167e-03	3.007839e-05	9.502757e-07	1.615497e+03	3.165227e+01
17:33:01	4.839200e+00	5.894146e-01	9.489318e+00	5.111840e-01	9.890860e-02	9.489318e-05	1.533552e-03	2.967258e-05	9.489318e-07	1.616082e+03	3.126945e+01
17:33:01	4.835800e+00	5.890004e-01	9.469088e+00	5.117289e-01	9.741642e-02	9.469088e-05	1.535187e-03	2.922493e-05	9.469088e-07	1.621262e+03	3.086351e+01
17:33:01	4.831800e+00	5.885132e-01	9.462561e+00	5.105676e-01	9.725747e-02	9.462561e-05	1.531703e-03	2.917724e-05	9.462561e-07	1.618698e+03	3.083440e+01
17:33:02	4.826300e+00	5.878433e-01	9.460443e+00	5.096075e-01	9.676765e-02	9.460443e-05	1.528822e-03	2.903029e-05	9.460443e-07	1.616016e+03	3.068598e+01
17:33:02	4.821900e+00	5.873074e-01	9.446948e+00	5.094777e-01	9.729964e-02	9.446948e-05	1.528433e-03	2.918989e-05	9.446948e-07	1.617912e+03	3.089876e+01
17:33:02	4.819400e+00	5.870029e-01	9.450176e+00	5.093577e-01	9.668006e-02	9.450176e-05	1.528073e-03	2.900402e-05	9.450176e-07	1.616978e+03	3.069151e+01
17:33:02	4.816200e+00	5.866132e-01	9.448132e+00	5.091468e-01	9.695904e-02	9.448132e-05	1.527440e-03	2.908771e-05	9.448132e-07	1.616659e+03	3.078673e+01
17:33:03	4.812400e+00	5.861503e-01	9.465753e+00	5.087186e-01	9.780568e-02	9.465753e-05	1.526156e-03	2.934171e-05	9.465753e-07	1.612292e+03	3.099775e+01
17:33:03	4.809300e+00	5.857727e-01	9.496370e+00	5.076709e-01	9.901240e-02	9.496370e-05	1.523013e-03	2.970372e-05	9.496370e-07	1.603784e+03	3.127903e+01
17:33:03	4.803300e+00	5.850419e-01	9.492429e+00	5.074925e-01	9.955737e-02	9.492429e-05	1.522477e-03	2.986721e-05	9.492429e-07	1.603886e+03	3.146425e+01
17:33:04	4.801200e+00	5.847862e-01	9.497149e+00	5.077293e-01	9.951520e-02	9.497149e-05	1.523188e-03	2.985456e-05	9.497149e-07	1.603837e+03	3.143529e+01
17:33:04	4.798800e+00	5.844938e-01	9.499718e+00	5.069670e-01	9.927515e-02	9.499718e-05	1.520901e-03	2.978255e-05	9.499718e-07	1.600996e+03	3.135098e+01
17:33:04	4.793800e+00	5.838848e-01	9.505778e+00	5.059678e-01	9.931083e-02	9.505778e-05	1.517904e-03	2.979325e-05	9.505778e-07	1.596822e+03	3.134225e+01
17:33:05	4.789500e+00	5.833611e-01	9.496208e+00	5.061041e-01	9.885345e-02	9.496208e-05	1.518312e-03	2.965604e-05	9.496208e-07	1.598862e+03	3.122935e+01
17:33:05	4.786100e+00	5.829470e-01	9.470532e+00	5.059224e-01	9.694606e-02	9.470532e-05	1.517767e-03	2.908382e-05	9.470532e-07	1.602621e+03	3.070981e+01
17:33:05	4.783300e+00	5.826059e-01	9.463674e+00	5.058251e-01	9.514572e-02	9.463674e-05	1.517475e-03	2.854372e-05	9.463674e-07	1.603474e+03	3.016135e+01
17:33:05	4.778400e+00	5.820091e-01	9.456699e+00	5.052055e-01	9.564852e-02	9.456699e-05	1.515617e-03	2.869455e-05	9.456699e-07	1.602691e+03	3.034310e+01
17:33:06	4.775400e+00	5.816437e-01	9.455428e+00	5.051277e-01	9.606373e-02	9.455428e-05	1.515383e-03	2.881912e-05	9.455428e-07	1.602659e+03	3.047892e+01
17:33:06	4.773200e+00	5.813758e-01	9.456089e+00	5.048195e-01	9.571988e-02	9.456089e-05	1.514459e-03	2.871596e-05	9.456089e-07	1.601570e+03	3.036770e+01
17:33:06	4.770100e+00	5.809982e-01	9.454925e+00	5.045762e-01	9.641407e-02	9.454925e-05	1.513729e-03	2.892422e-05	9.454925e-07	1.600995e+03	3.059170e+01
17:33:06	4.767900e+00	5.807302e-01	9.448326e+00	5.045924e-01	9.645299e-02	9.448326e-05	1.513777e-03	2.893590e-05	9.448326e-07	1.602165e+03	3.062542e+01
17:33:07	4.764900e+00	5.803648e-01	9.468163e+00	5.045211e-01	9.695579e-02	9.468163e-05	1.513563e-03	2.908674e-05	9.468163e-07	1.598582e+03	3.072057e+01
17:33:07	4.761700e+00	5.799751e-01	9.484539e+00	5.036550e-01	9.780244e-02	9.484539e-05	1.510965e-03	2.934073e-05	9.484539e-07	1.593082e+03	3.093533e+01
17:33:07	4.757800e+00	5.795000e-01	9.494923e+00	5.029965e-01	9.943735e-02	9.494923e-05	1.508989e-03	2.983120e-05	9.494923e-07	1.589259e+03	3.141806e+01
17:33:08	4.752400e+00	5.788423e-01	9.496195e+00	5.022666e-01	9.986553e-02	9.496195e-05	1.506800e-03	2.995966e-05	9.496195e-07	1.586741e+03	3.154912e+01
17:33:08	4.748700e+00	5.783917e-01	9.500143e+00	5.019617e-01	9.878209e-02	9.500143e-05	1.505885e-03	2.963463e-05	9.500143e-07	1.585118e+03	3.119387e+01
17:33:08	4.743500e+00	5.777583e-01	9.499763e+00	5.011442e-01	9.840580e-02	9.499763e-05	1.503433e-03	2.952174e-05	9.499763e-07	1.582600e+03	3.107629e+01
17:33:09	4.738600e+00	5.771615e-01	9.494969e+00	5.003268e-01	9.775703e-02	9.494969e-05	1.500980e-03	2.932711e-05	9.494969e-07	1.580816e+03	3.088700e+01
17:33:09	4.734000e+00	5.766012e-01	9.467995e+00	4.999797e-01	9.574583e-02	9.467995e-05	1.499939e-03	2.872375e-05	9.467995e-07	1.584220e+03	3.033773e+01
17:33:09	4.730700e+00	5.761993e-01	9.464177e+00	4.997169e-01	9.547659e-02	9.464177e-05	1.499151e-03	2.864298e-05	9.464177e-07	1.584027e+03	3.026463e+01
17:33:10	4.726900e+00	5.757364e-01	9.463619e+00	4.993147e-01	9.524303e-02	9.463619e-05	1.497944e-03	2.857291e-05	9.463619e-07	1.582845e+03	3.019237e+01
17:33:10	4.724500e+00	5.754441e-01	9.460206e+00	4.994088e-01	9.522357e-02	9.460206e-05	1.498226e-03	2.856707e-05	9.460206e-07	1.583714e+03	3.019709e+01
17:33:10	4.721100e+00	5.750300e-01	9.464092e+00	4.988249e-01	9.568095e-02	9.464092e-05	1.496475e-03	2.870429e-05	9.464092e-07	1.581213e+03	3.032968e+01
17:33:10	4.718600e+00	5.747255e-01	9.459560e+00	4.988930e-01	9.514896e-02	9.459560e-05	1.496679e-03	2.854469e-05	9.459560e-07	1.582187e+03	3.017549e+01
17:33:11	4.715800e+00	5.743844e-01	9.454347e+00	4.989287e-01	9.530142e-02	9.454347e-05	1.496786e-03	2.859043e-05	9.454347e-07	1.583172e+03	3.024051e+01
17:33:11	4.713200e+00	5.740678e-01	9.450802e+00	4.985751e-01	9.599561e-02	9.450802e-05	1.495725e-03	2.879868e-05	9.450802e-07	1.582644e+03	3.047221e+01
17:33:11	4.709300e+00	5.735927e-01	9.444606e+00	4.984940e-01	9.546037e-02	9.444606e-05	1.495482e-03	2.863811e-05	9.444606e-07	1.583424e+03	3.032219e+01
17:33:11	4.707100e+00	5.733248e-01	9.446202e+00	4.978257e-01	9.487323e-02	9.446202e-05	1.493477e-03	2.846197e-05	9.446202e-07	1.581035e+03	3.013060e+01
17:33:12	4.702500e+00	5.727645e-01	9.464517e+00	4.976473e-01	9.588532e-02	9.464517e-05	1.492942e-03	2.876560e-05	9.464517e-07	1.577410e+03	3.039309e+01
17:33:12	4.697600e+00	5.721677e-01	9.486826e+00	4.965671e-01	9.775054e-02	9.486826e-05	1.489701e-03	2.932516e-05	9.486826e-07	1.570284e+03	3.091146e+01
17:33:13	4.693000e+00	5.716074e-01	9.482752e+00	4.958048e-01	9.719908e-02	9.482752e-05	1.487414e-03	2.915972e-05	9.482752e-07	1.568547e+03	3.075028e+01
17:33:13	4.688100e+00	5.710106e-01	9.486307e+00	4.957432e-01	9.746508e-02	9.486307e-05	1.487230e-03	2.923952e-05	9.486307e-07	1.567765e+03	3.082287e+01
17:33:13	4.683900e+00	5.704990e-01	9.483057e+00	4.958956e-01	9.734506e-02	9.483057e-05	1.487687e-03	2.920352e-05	9.483057e-07	1.568784e+03	3.079547e+01
17:33:14	4.680400e+00	5.700727e-01	9.478554e+00	4.959119e-01	9.649516e-02	9.478554e-05	1.487736e-03	2.894855e-05	9.478554e-07	1.569581e+03	3.054110e+01
17:33:14	4.678000e+00	5.697804e-01	9.480980e+00	4.948673e-01	9.621944e-02	9.480980e-05	1.484602e-03	2.886583e-05	9.480980e-07	1.565874e+03	3.044604e+01
17:33:14	4.673200e+00	5.691958e-01	9.489752e+00	4.945981e-01	9.634919e-02	9.489752e-05	1.483794e-03	2.890476e-05	9.489752e-07	1.563575e+03	3.045892e+01
17:33:15	4.668900e+00	5.686720e-01	9.488471e+00	4.939980e-01	9.649516e-02	9.488471e-05	1.481994e-03	2.894855e-05	9.488471e-07	1.561889e+03	3.050918e+01
17:33:15	4.664100e+00	5.680874e-01	9.458973e+00	4.935147e-01	9.537279e-02	9.458973e-05	1.480544e-03	2.861184e-05	9.458973e-07	1.565227e+03	3.024835e+01
17:33:15	4.661300e+00	5.677463e-01	9.447979e+00	4.927232e-01	9.480187e-02	9.447979e-05	1.478169e-03	2.844056e-05	9.447979e-07	1.564535e+03	3.010227e+01
17:33:16	4.656400e+00	5.671495e-01	9.446302e+00	4.930897e-01	9.371193e-02	9.446302e-05	1.479269e-03	2.811358e-05	9.446302e-07	1.565977e+03	2.976147e+01
17:33:16	4.651800e+00	5.665892e-01	9.447584e+00	4.923598e-01	9.282311e-02	9.447584e-05	1.477080e-03	2.784693e-05	9.447584e-07	1.563447e+03	2.947519e+01
17:33:16	4.646700e+00	5.659681e-01	9.449520e+00	4.918895e-01	9.452614e-02	9.449520e-05	1.475668e-03	2.835784e-05	9.449520e-07	1.561633e+03	3.000982e+01
17:33:17	4.642700e+00	5.654809e-01	9.442455e+00	4.910818e-01	9.478241e-02	9.442455e-05	1.473245e-03	2.843472e-05	9.442455e-07	1.560235e+03	3.011370e+01
17:33:17	4.637600e+00	5.648597e-01	9.441167e+00	4.912212e-01	9.535008e-02	9.441167e-05	1.473664e-03	2.860502e-05	9.441167e-07	1.560892e+03	3.029819e+01
17:33:17	4.635200e+00	5.645674e-01	9.439110e+00	4.905368e-01	9.495757e-02	9.439110e-05	1.471610e-03	2.848727e-05	9.439110e-07	1.559056e+03	3.018004e+01
17:33:18	4.630600e+00	5.640071e-01	9.456229e+00	4.903649e-01	9.608319e-02	9.456229e-05	1.471095e-03	2.882496e-05	9.456229e-07	1.555688e+03	3.048251e+01
17:33:18	4.626100e+00	5.634590e-01	9.470661e+00	4.893820e-01	9.730937e-02	9.470661e-05	1.468146e-03	2.919281e-05	9.470661e-07	1.550204e+03	3.082447e+01
17:33:19	4.622300e+00	5.629961e-01	9.474372e+00	4.894696e-01	9.829875e-02	9.474372e-05	1.468409e-03	2.948963e-05	9.474372e-07	1.549874e+03	3.112568e+01
17:33:19	4.617200e+00	5.623750e-01	9.473406e+00	4.885905e-01	9.769864e-02	9.473406e-05	1.465771e-03	2.930959e-05	9.473406e-07	1.547249e+03	3.093881e+01
17:33:19	4.611800e+00	5.617172e-01	9.480448e+00	4.882012e-01	9.721530e-02	9.480448e-05	1.464604e-03	2.916459e-05	9.480448e-07	1.544867e+03	3.076288e+01
17:33:20	4.607300e+00	5.611691e-01	9.485636e+00	4.862095e-01	9.743588e-02	9.485636e-05	1.458628e-03	2.923076e-05	9.485636e-07	1.537723e+03	3.081582e+01
17:33:20	4.603100e+00	5.606576e-01	9.487978e+00	4.867804e-01	9.652111e-02	9.487978e-05	1.460341e-03	2.895633e-05	9.487978e-07	1.539149e+03	3.051897e+01
17:33:20	4.600100e+00	5.602922e-01	9.484546e+00	4.857586e-01	9.702716e-02	9.484546e-05	1.457276e-03	2.910815e-05	9.484546e-07	1.536474e+03	3.069008e+01
17:33:21	4.595000e+00	5.596710e-01	9.453549e+00	4.854407e-01	9.446451e-02	9.453549e-05	1.456322e-03	2.833935e-05	9.453549e-07	1.540503e+03	2.997747e+01
17:33:21	4.592600e+00	5.593787e-01	9.455230e+00	4.857586e-01	9.441909e-02	9.455230e-05	1.457276e-03	2.832573e-05	9.455230e-07	1.541238e+03	2.995774e+01
17:33:21	4.590000e+00	5.590620e-01	9.448904e+00	4.850644e-01	9.435422e-02	9.448904e-05	1.455193e-03	2.830626e-05	9.448904e-07	1.540066e+03	2.995719e+01
17:33:21	4.586900e+00	5.586844e-01	9.449034e+00	4.851617e-01	9.403632e-02	9.449034e-05	1.455485e-03	2.821090e-05	9.449034e-07	1.540353e+03	2.985585e+01
17:33:22	4.584500e+00	5.583921e-01	9.443198e+00	4.846751e-01	9.412390e-02	9.443198e-05	1.454025e-03	2.823717e-05	9.443198e-07	1.539760e+03	2.990213e+01
17:33:22	4.581700e+00	5.580511e-01	9.439428e+00	4.842923e-01	9.467860e-02	9.439428e-05	1.452877e-03	2.840358e-05	9.439428e-07	1.539158e+03	3.009036e+01
17:33:22	4.579200e+00	5.577466e-01	9.438919e+00	4.839550e-01	9.448073e-02	9.438919e-05	1.451865e-03	2.834422e-05	9.438919e-07	1.538169e+03	3.002909e+01
17:33:22	4.576000e+00	5.573568e-01	9.436116e+00	4.840166e-01	9.511652e-02	9.436116e-05	1.452050e-03	2.853496e-05	9.436116e-07	1.538822e+03	3.024015e+01
17:33:23	4.573400e+00	5.570401e-01	9.439036e+00	4.832803e-01	9.524952e-02	9.439036e-05	1.449841e-03	2.857486e-05	9.439036e-07	1.536005e+03	3.027307e+01
17:33:23	4.568700e+00	5.564677e-01	9.434403e+00	4.831019e-01	9.541496e-02	9.434403e-05	1.449306e-03	2.862449e-05	9.434403e-07	1.536192e+03	3.034054e+01
17:33:23	4.566500e+00	5.561997e-01	9.440953e+00	4.831538e-01	9.498677e-02	9.440953e-05	1.449461e-03	2.849603e-05	9.440953e-07	1.535291e+03	3.018343e+01
17:33:24	4.561900e+00	5.556394e-01	9.462039e+00	4.825991e-01	9.674170e-02	9.462039e-05	1.447797e-03	2.902251e-05	9.462039e-07	1.530111e+03	3.067257e+01
17:33:24	4.557800e+00	5.551400e-01	9.475777e+00	4.818205e-01	9.806519e-02	9.475777e-05	1.445462e-03	2.941956e-05	9.475777e-07	1.525428e+03	3.104712e+01
17:33:24	4.552800e+00	5.545310e-01	9.477016e+00	4.811620e-01	9.780244e-02	9.477016e-05	1.443486e-03	2.934073e-05	9.477016e-07	1.523144e+03	3.095988e+01
17:33:25	4.548300e+00	5.539829e-01	9.483248e+00	4.804094e-01	9.725423e-02	9.483248e-05	1.441228e-03	2.917627e-05	9.483248e-07	1.519762e+03	3.076611e+01
17:33:25	4.544300e+00	5.534957e-01	9.486359e+00	4.797996e-01	9.677089e-02	9.486359e-05	1.439399e-03	2.903127e-05	9.486359e-07	1.517335e+03	3.060317e+01
17:33:26	4.539400e+00	5.528989e-01	9.476754e+00	4.794103e-01	9.656653e-02	9.476754e-05	1.438231e-03	2.896996e-05	9.476754e-07	1.517641e+03	3.056950e+01
17:33:26	4.536600e+00	5.525579e-01	9.458785e+00	4.793357e-01	9.480511e-02	9.458785e-05	1.438007e-03	2.844153e-05	9.458785e-07	1.520287e+03	3.006891e+01
17:33:26	4.533600e+00	5.521925e-01	9.446799e+00	4.794493e-01	9.446775e-02	9.446799e-05	1.438348e-03	2.834033e-05	9.446799e-07	1.522577e+03	2.999993e+01
17:33:26	4.530600e+00	5.518271e-01	9.452012e+00	4.791735e-01	9.463319e-02	9.452012e-05	1.437521e-03	2.838996e-05	9.452012e-07	1.520862e+03	3.003589e+01
17:33:27	4.527900e+00	5.514982e-01	9.451132e+00	4.782166e-01	9.407200e-02	9.451132e-05	1.434650e-03	2.822160e-05	9.451132e-07	1.517966e+03	2.986055e+01
17:33:27	4.524900e+00	5.511328e-01	9.446919e+00	4.781712e-01	9.429583e-02	9.446919e-05	1.434514e-03	2.828875e-05	9.446919e-07	1.518499e+03	2.994495e+01
17:33:27	4.522300e+00	5.508161e-01	9.446393e+00	4.782620e-01	9.390656e-02	9.446393e-05	1.434786e-03	2.817197e-05	9.446393e-07	1.518872e+03	2.982299e+01
17:33:27	4.519200e+00	5.504386e-01	9.439707e+00	4.773375e-01	9.414012e-02	9.439707e-05	1.432013e-03	2.824204e-05	9.439707e-07	1.517009e+03	2.991834e+01
17:33:28	4.514600e+00	5.498783e-01	9.435078e+00	4.774673e-01	9.422771e-02	9.435078e-05	1.432402e-03	2.826831e-05	9.435078e-07	1.518166e+03	2.996087e+01
17:33:28	4.511600e+00	5.495129e-01	9.443130e+00	4.770034e-01	9.458129e-02	9.443130e-05	1.431010e-03	2.837439e-05	9.443130e-07	1.515398e+03	3.004765e+01
17:33:28	4.507300e+00	5.489891e-01	9.473318e+00	4.760205e-01	9.638163e-02	9.473318e-05	1.428061e-03	2.891449e-05	9.473318e-07	1.507456e+03	3.052203e+01
17:33:29	4.502300e+00	5.483801e-01	9.478979e+00	4.756766e-01	9.670926e-02	9.478979e-05	1.427030e-03	2.901278e-05	9.478979e-07	1.505468e+03	3.060749e+01
17:33:29	4.498200e+00	5.478808e-01	9.481308e+00	4.755631e-01	9.653085e-02	9.481308e-05	1.426689e-03	2.895925e-05	9.481308e-07	1.504739e+03	3.054352e+01
17:33:29	4.494000e+00	5.473692e-01	9.489590e+00	4.750863e-01	9.630702e-02	9.489590e-05	1.425259e-03	2.889211e-05	9.489590e-07	1.501918e+03	3.044611e+01
17:33:30	4.489600e+00	5.468333e-01	9.477448e+00	4.740125e-01	9.601507e-02	9.477448e-05	1.422038e-03	2.880452e-05	9.477448e-07	1.500444e+03	3.039270e+01
17:33:30	4.485100e+00	5.462852e-01	9.450182e+00	4.740677e-01	9.462346e-02	9.450182e-05	1.422203e-03	2.838704e-05	9.450182e-07	1.504948e+03	3.003861e+01
17:33:31	4.481500e+00	5.458467e-01	9.449838e+00	4.733476e-01	9.419202e-02	9.449838e-05	1.420043e-03	2.825761e-05	9.449838e-07	1.502716e+03	2.990274e+01
17:33:31	4.479000e+00	5.455422e-01	9.447457e+00	4.728285e-01	9.451965e-02	9.447457e-05	1.418486e-03	2.835590e-05	9.447457e-07	1.501447e+03	3.001432e+01
17:33:31	4.475600e+00	5.451281e-01	9.443785e+00	4.722511e-01	9.434448e-02	9.443785e-05	1.416753e-03	2.830335e-05	9.443785e-07	1.500197e+03	2.997034e+01
17:33:31	4.470400e+00	5.444947e-01	9.436145e+00	4.718911e-01	9.412066e-02	9.436145e-05	1.415673e-03	2.823620e-05	9.436145e-07	1.500266e+03	2.992345e+01
17:33:32	4.468300e+00	5.442389e-01	9.434475e+00	4.718911e-01	9.436395e-02	9.434475e-05	1.415673e-03	2.830918e-05	9.434475e-07	1.500532e+03	3.000611e+01
17:33:32	4.465900e+00	5.439466e-01	9.453851e+00	4.717483e-01	9.530467e-02	9.453851e-05	1.415245e-03	2.859140e-05	9.453851e-07	1.497004e+03	3.024313e+01
17:33:32	4.461100e+00	5.433620e-01	9.480695e+00	4.709017e-01	9.658599e-02	9.480695e-05	1.412705e-03	2.897580e-05	9.480695e-07	1.490086e+03	3.056295e+01
17:33:33	4.456600e+00	5.428139e-01	9.484273e+00	4.697728e-01	9.672223e-02	9.484273e-05	1.409318e-03	2.901667e-05	9.484273e-07	1.485953e+03	3.059451e+01
17:33:33	4.451200e+00	5.421562e-01	9.483997e+00	4.703794e-01	9.662167e-02	9.483997e-05	1.411138e-03	2.898650e-05	9.483997e-07	1.487915e+03	3.056359e+01
17:33:33	4.448500e+00	5.418273e-01	9.491206e+00	4.693608e-01	9.622268e-02	9.491206e-05	1.408083e-03	2.886680e-05	9.491206e-07	1.483566e+03	3.041426e+01
17:33:34	4.443700e+00	5.412427e-01	9.490638e+00	4.698182e-01	9.672548e-02	9.490638e-05	1.409455e-03	2.901764e-05	9.490638e-07	1.485100e+03	3.057502e+01
17:33:34	4.441300e+00	5.409503e-01	9.470074e+00	4.695555e-01	9.498353e-02	9.470074e-05	1.408666e-03	2.849506e-05	9.470074e-07	1.487493e+03	3.008958e+01
17:33:34	4.438200e+00	5.405728e-01	9.450740e+00	4.695133e-01	9.333564e-02	9.450740e-05	1.408540e-03	2.800069e-05	9.450740e-07	1.490402e+03	2.962804e+01
17:33:35	4.436000e+00	5.403048e-01	9.447989e+00	4.690657e-01	9.320589e-02	9.447989e-05	1.407197e-03	2.796177e-05	9.447989e-07	1.489414e+03	2.959547e+01
17:33:35	4.432600e+00	5.398907e-01	9.444301e+00	4.684363e-01	9.332916e-02	9.444301e-05	1.405309e-03	2.799875e-05	9.444301e-07	1.487997e+03	2.964618e+01
17:33:35	4.430000e+00	5.395740e-01	9.442925e+00	4.679011e-01	9.366003e-02	9.442925e-05	1.403703e-03	2.809801e-05	9.442925e-07	1.486513e+03	2.975562e+01
17:33:35	4.427900e+00	5.393182e-01	9.443405e+00	4.670901e-01	9.362759e-02	9.443405e-05	1.401270e-03	2.808828e-05	9.443405e-07	1.483861e+03	2.974380e+01
17:33:36	4.424900e+00	5.389528e-01	9.445186e+00	4.673756e-01	9.369571e-02	9.445186e-05	1.402127e-03	2.810871e-05	9.445186e-07	1.484488e+03	2.975983e+01
17:33:36	4.421500e+00	5.385387e-01	9.443804e+00	4.673010e-01	9.388061e-02	9.443804e-05	1.401903e-03	2.816418e-05	9.443804e-07	1.484468e+03	2.982292e+01
17:33:36	4.419300e+00	5.382707e-01	9.444122e+00	4.670090e-01	9.403956e-02	9.444122e-05	1.401027e-03	2.821187e-05	9.444122e-07	1.483491e+03	2.987241e+01
17:33:36	4.415000e+00	5.377470e-01	9.467197e+00	4.659580e-01	9.589181e-02	9.467197e-05	1.397874e-03	2.876754e-05	9.467197e-07	1.476545e+03	3.038655e+01
17:33:37	4.410800e+00	5.372354e-01	9.477594e+00	4.661235e-01	9.594371e-02	9.477594e-05	1.398370e-03	2.878311e-05	9.477594e-07	1.475449e+03	3.036964e+01
17:33:37	4.406300e+00	5.366873e-01	9.476750e+00	4.652574e-01	9.665087e-02	9.476750e-05	1.395772e-03	2.899526e-05	9.476750e-07	1.472838e+03	3.059621e+01
17:33:38	4.401500e+00	5.361027e-01	9.481081e+00	4.646767e-01	9.619673e-02	9.481081e-05	1.394030e-03	2.885902e-05	9.481081e-07	1.470328e+03	3.043853e+01
17:33:38	4.397400e+00	5.356033e-01	9.487310e+00	4.641188e-01	9.573610e-02	9.487310e-05	1.392356e-03	2.872083e-05	9.487310e-07	1.467599e+03	3.027289e+01
17:33:38	4.393000e+00	5.350674e-01	9.485198e+00	4.636646e-01	9.594695e-02	9.485198e-05	1.390994e-03	2.878409e-05	9.485198e-07	1.466489e+03	3.034632e+01
17:33:39	4.388600e+00	5.345315e-01	9.468183e+00	4.638301e-01	9.493487e-02	9.468183e-05	1.391490e-03	2.848046e-05	9.468183e-07	1.469649e+03	3.008018e+01
17:33:39	4.385900e+00	5.342026e-01	9.458753e+00	4.634538e-01	9.356596e-02	9.458753e-05	1.390361e-03	2.806979e-05	9.458753e-07	1.469920e+03	2.967599e+01
17:33:39	4.383500e+00	5.339103e-01	9.446799e+00	4.633013e-01	9.285880e-02	9.446799e-05	1.389904e-03	2.785764e-05	9.446799e-07	1.471296e+03	2.948897e+01
17:33:40	4.379900e+00	5.334718e-01	9.449303e+00	4.624320e-01	9.264795e-02	9.449303e-05	1.387296e-03	2.779438e-05	9.449303e-07	1.468146e+03	2.941422e+01
17:33:40	4.375800e+00	5.329724e-01	9.448787e+00	4.618416e-01	9.262199e-02	9.448787e-05	1.385525e-03	2.778660e-05	9.448787e-07	1.466352e+03	2.940758e+01
17:33:40	4.370200e+00	5.322904e-01	9.445397e+00	4.611117e-01	9.325779e-02	9.445397e-05	1.383335e-03	2.797734e-05	9.445397e-07	1.464560e+03	2.962008e+01
17:33:41	4.366100e+00	5.317910e-01	9.440405e+00	4.612577e-01	9.361786e-02	9.440405e-05	1.383773e-03	2.808536e-05	9.440405e-07	1.465798e+03	2.975016e+01
17:33:41	4.363300e+00	5.314499e-01	9.443856e+00	4.607062e-01	9.313128e-02	9.443856e-05	1.382119e-03	2.793938e-05	9.443856e-07	1.463511e+03	2.958472e+01
17:33:41	4.359100e+00	5.309384e-01	9.447743e+00	4.605083e-01	9.356920e-02	9.447743e-05	1.381525e-03	2.807076e-05	9.447743e-07	1.462281e+03	2.971161e+01
17:33:42	4.354800e+00	5.304146e-01	9.468961e+00	4.596909e-01	9.492514e-02	9.468961e-05	1.379073e-03	2.847754e-05	9.468961e-07	1.456414e+03	3.007462e+01
17:33:42	4.350800e+00	5.299274e-01	9.482106e+00	4.594216e-01	9.669953e-02	9.482106e-05	1.378265e-03	2.900986e-05	9.482106e-07	1.453543e+03	3.059432e+01
17:33:43	4.346900e+00	5.294524e-01	9.489087e+00	4.586269e-01	9.682279e-02	9.489087e-05	1.375881e-03	2.904684e-05	9.489087e-07	1.449961e+03	3.061078e+01
17:33:43	4.341700e+00	5.288191e-01	9.490284e+00	4.578646e-01	9.692660e-02	9.490284e-05	1.373594e-03	2.907798e-05	9.490284e-07	1.447368e+03	3.063973e+01
17:33:43	4.338100e+00	5.283806e-01	9.493843e+00	4.576245e-01	9.706608e-02	9.493843e-05	1.372874e-03	2.911982e-05	9.493843e-07	1.446067e+03	3.067233e+01
17:33:44	4.334000e+00	5.278812e-01	9.501379e+00	4.567195e-01	9.637838e-02	9.501379e-05	1.370159e-03	2.891352e-05	9.501379e-07	1.442063e+03	3.043086e+01
17:33:44	4.328600e+00	5.272235e-01	9.501492e+00	4.563238e-01	9.633946e-02	9.501492e-05	1.368971e-03	2.890184e-05	9.501492e-07	1.440796e+03	3.041821e+01
17:33:44	4.324900e+00	5.267728e-01	9.506517e+00	4.554414e-01	9.624539e-02	9.506517e-05	1.366324e-03	2.887362e-05	9.506517e-07	1.437250e+03	3.037244e+01
17:33:45	4.320900e+00	5.262856e-01	9.503997e+00	4.551689e-01	9.573610e-02	9.503997e-05	1.365507e-03	2.872083e-05	9.503997e-07	1.436771e+03	3.021974e+01
17:33:45	4.317400e+00	5.258593e-01	9.498595e+00	4.555096e-01	9.504840e-02	9.498595e-05	1.366529e-03	2.851452e-05	9.498595e-07	1.438664e+03	3.001972e+01
17:33:45	4.314400e+00	5.254939e-01	9.496351e+00	4.554122e-01	9.513599e-02	9.496351e-05	1.366237e-03	2.854080e-05	9.496351e-07	1.438697e+03	3.005449e+01
17:33:46	4.311200e+00	5.251042e-01	9.487374e+00	4.550457e-01	9.393900e-02	9.487374e-05	1.365137e-03	2.818170e-05	9.487374e-07	1.438899e+03	2.970443e+01
17:33:46	4.309000e+00	5.248362e-01	9.474541e+00	4.550587e-01	9.424717e-02	9.474541e-05	1.365176e-03	2.827415e-05	9.474541e-07	1.440889e+03	2.984224e+01
17:33:46	4.305900e+00	5.244586e-01	9.471664e+00	4.546889e-01	9.332591e-02	9.471664e-05	1.364067e-03	2.799777e-05	9.471664e-07	1.440155e+03	2.955951e+01
17:33:46	4.303500e+00	5.241663e-01	9.467936e+00	4.545299e-01	9.350432e-02	9.467936e-05	1.363590e-03	2.805130e-05	9.467936e-07	1.440218e+03	2.962768e+01
17:33:47	4.301500e+00	5.239227e-01	9.464092e+00	4.541796e-01	9.332267e-02	9.464092e-05	1.362539e-03	2.799680e-05	9.464092e-07	1.439693e+03	2.958213e+01
17:33:47	4.298300e+00	5.235329e-01	9.464248e+00	4.538811e-01	9.294638e-02	9.464248e-05	1.361643e-03	2.788391e-05	9.464248e-07	1.438723e+03	2.946237e+01
17:33:47	4.295800e+00	5.232284e-01	9.470311e+00	4.539330e-01	9.301775e-02	9.470311e-05	1.361799e-03	2.790532e-05	9.470311e-07	1.437967e+03	2.946611e+01
17:33:47	4.292600e+00	5.228387e-01	9.468997e+00	4.535859e-01	9.290745e-02	9.468997e-05	1.360758e-03	2.787224e-05	9.468997e-07	1.437066e+03	2.943526e+01
17:33:48	4.290400e+00	5.225707e-01	9.469464e+00	4.529761e-01	9.302423e-02	9.469464e-05	1.358928e-03	2.790727e-05	9.469464e-07	1.435064e+03	2.947080e+01
17:33:48	4.284900e+00	5.219008e-01	9.466486e+00	4.529696e-01	9.343945e-02	9.466486e-05	1.358909e-03	2.803183e-05	9.466486e-07	1.435494e+03	2.961166e+01
17:33:48	4.283100e+00	5.216816e-01	9.464044e+00	4.525057e-01	9.331942e-02	9.464044e-05	1.357517e-03	2.799583e-05	9.464044e-07	1.434394e+03	2.958125e+01
17:33:49	4.278300e+00	5.210969e-01	9.464216e+00	4.518797e-01	9.237546e-02	9.464216e-05	1.355639e-03	2.771264e-05	9.464216e-07	1.432384e+03	2.928150e+01
17:33:49	4.273200e+00	5.204758e-01	9.461688e+00	4.512277e-01	9.226193e-02	9.461688e-05	1.353683e-03	2.767858e-05	9.461688e-07	1.430699e+03	2.925332e+01
17:33:50	4.267400e+00	5.197693e-01	9.460381e+00	4.506632e-01	9.253765e-02	9.460381e-05	1.351990e-03	2.776130e-05	9.460381e-07	1.429107e+03	2.934480e+01
17:33:50	4.261900e+00	5.190994e-01	9.463742e+00	4.507151e-01	9.255063e-02	9.463742e-05	1.352145e-03	2.776519e-05	9.463742e-07	1.428764e+03	2.933849e+01
17:33:51	4.258500e+00	5.186853e-01	9.456193e+00	4.492002e-01	9.222624e-02	9.456193e-05	1.347601e-03	2.766787e-05	9.456193e-07	1.425099e+03	2.925900e+01
17:33:51	4.253800e+00	5.181128e-01	9.456388e+00	4.484477e-01	9.326752e-02	9.456388e-05	1.345343e-03	2.798026e-05	9.456388e-07	1.422682e+03	2.958874e+01
17:33:51	4.249400e+00	5.175769e-01	9.457306e+00	4.483114e-01	9.276148e-02	9.457306e-05	1.344934e-03	2.782844e-05	9.457306e-07	1.422111e+03	2.942534e+01
17:33:52	4.245500e+00	5.171019e-01	9.453663e+00	4.483666e-01	9.280365e-02	9.453663e-05	1.345100e-03	2.784110e-05	9.453663e-07	1.422834e+03	2.945006e+01
17:33:52	4.242900e+00	5.167852e-01	9.455752e+00	4.480908e-01	9.323833e-02	9.455752e-05	1.344273e-03	2.797150e-05	9.455752e-07	1.421645e+03	2.958146e+01
17:33:52	4.239100e+00	5.163224e-01	9.460248e+00	4.481460e-01	9.311831e-02	9.460248e-05	1.344438e-03	2.793549e-05	9.460248e-07	1.421144e+03	2.952934e+01
17:33:53	4.234800e+00	5.157986e-01	9.455165e+00	4.479676e-01	9.317021e-02	9.455165e-05	1.343903e-03	2.795106e-05	9.455165e-07	1.421342e+03	2.956169e+01
17:33:53	4.231800e+00	5.154332e-01	9.459882e+00	4.476983e-01	9.321562e-02	9.459882e-05	1.343095e-03	2.796469e-05	9.459882e-07	1.419780e+03	2.956135e+01
17:33:53	4.226900e+00	5.148364e-01	9.457676e+00	4.469912e-01	9.322535e-02	9.457676e-05	1.340973e-03	2.796761e-05	9.457676e-07	1.417868e+03	2.957133e+01
17:33:54	4.223300e+00	5.143979e-01	9.461234e+00	4.462970e-01	9.198944e-02	9.461234e-05	1.338891e-03	2.759683e-05	9.461234e-07	1.415133e+03	2.916832e+01
17:33:54	4.217000e+00	5.136306e-01	9.454487e+00	4.455476e-01	9.163911e-02	9.454487e-05	1.336643e-03	2.749173e-05	9.454487e-07	1.413766e+03	2.907797e+01
17:33:55	4.211600e+00	5.129729e-01	9.472413e+00	4.448924e-01	9.318643e-02	9.472413e-05	1.334677e-03	2.795593e-05	9.472413e-07	1.409015e+03	2.951299e+01
17:33:55	4.207000e+00	5.124126e-01	9.478457e+00	4.450189e-01	9.251819e-02	9.478457e-05	1.335057e-03	2.775546e-05	9.478457e-07	1.408517e+03	2.928268e+01
17:33:56	4.203300e+00	5.119619e-01	9.486226e+00	4.436662e-01	9.396171e-02	9.486226e-05	1.330999e-03	2.818851e-05	9.486226e-07	1.403086e+03	2.971520e+01
17:33:56	4.198900e+00	5.114260e-01	9.493324e+00	4.427190e-01	9.466887e-02	9.493324e-05	1.328157e-03	2.840066e-05	9.493324e-07	1.399043e+03	2.991646e+01
17:33:56	4.195000e+00	5.109510e-01	9.498641e+00	4.424400e-01	9.540523e-02	9.498641e-05	1.327320e-03	2.862157e-05	9.498641e-07	1.397379e+03	3.013228e+01
17:33:57	4.190600e+00	5.104151e-01	9.499410e+00	4.420475e-01	9.562257e-02	9.499410e-05	1.326143e-03	2.868677e-05	9.499410e-07	1.396026e+03	3.019848e+01
17:33:57	4.185900e+00	5.098426e-01	9.501126e+00	4.421156e-01	9.549281e-02	9.501126e-05	1.326347e-03	2.864784e-05	9.501126e-07	1.395989e+03	3.015205e+01
17:33:58	4.182300e+00	5.094041e-01	9.499280e+00	4.417491e-01	9.511652e-02	9.499280e-05	1.325247e-03	2.853496e-05	9.499280e-07	1.395103e+03	3.003907e+01
17:33:58	4.178300e+00	5.089169e-01	9.500464e+00	4.410906e-01	9.477267e-02	9.500464e-05	1.323272e-03	2.843180e-05	9.500464e-07	1.392850e+03	2.992675e+01
17:33:58	4.174400e+00	5.084419e-01	9.487692e+00	4.403315e-01	9.454560e-02	9.487692e-05	1.320995e-03	2.836368e-05	9.487692e-07	1.392324e+03	2.989524e+01
17:33:59	4.170400e+00	5.079547e-01	9.478937e+00	4.399390e-01	9.364381e-02	9.478937e-05	1.319817e-03	2.809314e-05	9.478937e-07	1.392368e+03	2.963744e+01
17:33:59	4.167200e+00	5.075650e-01	9.473529e+00	4.396049e-01	9.369247e-02	9.473529e-05	1.318815e-03	2.810774e-05	9.473529e-07	1.392105e+03	2.966977e+01
17:33:59	4.163500e+00	5.071143e-01	9.463372e+00	4.392805e-01	9.312479e-02	9.463372e-05	1.317842e-03	2.793744e-05	9.463372e-07	1.392571e+03	2.952165e+01
17:34:00	4.160500e+00	5.067489e-01	9.461776e+00	4.394070e-01	9.298531e-02	9.461776e-05	1.318221e-03	2.789559e-05	9.461776e-07	1.393207e+03	2.948241e+01
17:34:00	4.157500e+00	5.063835e-01	9.458133e+00	4.392416e-01	9.203161e-02	9.458133e-05	1.317725e-03	2.760948e-05	9.458133e-07	1.393219e+03	2.919126e+01
17:34:00	4.155200e+00	5.061034e-01	9.461328e+00	4.388491e-01	9.227815e-02	9.461328e-05	1.316547e-03	2.768344e-05	9.461328e-07	1.391504e+03	2.925957e+01
17:34:01	4.151400e+00	5.056405e-01	9.460339e+00	4.379862e-01	9.225868e-02	9.460339e-05	1.313959e-03	2.767760e-05	9.460339e-07	1.388913e+03	2.925646e+01
17:34:01	4.147200e+00	5.051290e-01	9.459019e+00	4.379473e-01	9.138284e-02	9.459019e-05	1.313842e-03	2.741485e-05	9.459019e-07	1.388983e+03	2.898277e+01
17:34:01	4.143100e+00	5.046296e-01	9.460686e+00	4.375548e-01	9.183374e-02	9.460686e-05	1.312664e-03	2.755012e-05	9.460686e-07	1.387494e+03	2.912064e+01
17:34:02	4.139100e+00	5.041424e-01	9.458834e+00	4.376391e-01	9.225544e-02	9.458834e-05	1.312917e-03	2.767663e-05	9.458834e-07	1.388033e+03	2.926009e+01
17:34:02	4.136500e+00	5.038257e-01	9.455343e+00	4.374250e-01	9.133743e-02	9.455343e-05	1.312275e-03	2.740123e-05	9.455343e-07	1.387866e+03	2.897962e+01
17:34:02	4.132200e+00	5.033020e-01	9.458827e+00	4.365005e-01	9.203810e-02	9.458827e-05	1.309502e-03	2.761143e-05	9.458827e-07	1.384423e+03	2.919118e+01
17:34:03	4.128600e+00	5.028635e-01	9.457685e+00	4.359685e-01	9.203486e-02	9.457685e-05	1.307906e-03	2.761046e-05	9.457685e-07	1.382902e+03	2.919367e+01
17:34:03	4.123500e+00	5.022423e-01	9.462876e+00	4.353295e-01	9.192132e-02	9.462876e-05	1.305988e-03	2.757640e-05	9.462876e-07	1.380118e+03	2.914167e+01
17:34:04	4.119300e+00	5.017307e-01	9.465828e+00	4.352030e-01	9.123038e-02	9.465828e-05	1.305609e-03	2.736911e-05	9.465828e-07	1.379287e+03	2.891360e+01
17:34:04	4.113800e+00	5.010608e-01	9.466775e+00	4.349824e-01	9.168452e-02	9.466775e-05	1.304947e-03	2.750536e-05	9.466775e-07	1.378450e+03	2.905462e+01
17:34:04	4.110000e+00	5.005980e-01	9.472008e+00	4.337173e-01	9.168452e-02	9.472008e-05	1.301152e-03	2.750536e-05	9.472008e-07	1.373681e+03	2.903857e+01
17:34:05	4.106200e+00	5.001352e-01	9.470116e+00	4.337303e-01	9.128552e-02	9.470116e-05	1.301191e-03	2.738566e-05	9.470116e-07	1.373997e+03	2.891797e+01
17:34:05	4.103900e+00	4.998550e-01	9.473587e+00	4.332404e-01	9.236897e-02	9.473587e-05	1.299721e-03	2.771069e-05	9.473587e-07	1.371942e+03	2.925047e+01
17:34:05	4.100100e+00	4.993922e-01	9.480984e+00	4.324781e-01	9.355298e-02	9.480984e-05	1.297434e-03	2.806589e-05	9.480984e-07	1.368460e+03	2.960230e+01
17:34:06	4.096100e+00	4.989050e-01	9.490057e+00	4.326273e-01	9.348486e-02	9.490057e-05	1.297882e-03	2.804546e-05	9.490057e-07	1.367623e+03	2.955247e+01
17:34:06	4.092200e+00	4.984300e-01	9.501989e+00	4.317580e-01	9.452938e-02	9.501989e-05	1.295274e-03	2.835882e-05	9.501989e-07	1.363161e+03	2.984514e+01
17:34:07	4.088000e+00	4.979184e-01	9.505272e+00	4.315374e-01	9.486675e-02	9.505272e-05	1.294612e-03	2.846002e-05	9.505272e-07	1.361994e+03	2.994131e+01
17:34:07	4.083500e+00	4.973703e-01	9.508412e+00	4.312552e-01	9.490243e-02	9.508412e-05	1.293766e-03	2.847073e-05	9.508412e-07	1.360654e+03	2.994268e+01
17:34:07	4.079700e+00	4.969075e-01	9.507636e+00	4.301425e-01	9.481809e-02	9.507636e-05	1.290428e-03	2.844543e-05	9.507636e-07	1.357254e+03	2.991850e+01
17:34:08	4.075600e+00	4.964081e-01	9.504529e+00	4.303534e-01	9.413039e-02	9.504529e-05	1.291060e-03	2.823912e-05	9.504529e-07	1.358363e+03	2.971122e+01
17:34:08	4.073000e+00	4.960914e-01	9.506177e+00	4.303891e-01	9.416283e-02	9.506177e-05	1.291167e-03	2.824885e-05	9.506177e-07	1.358240e+03	2.971631e+01
17:34:08	4.070600e+00	4.957991e-01	9.512691e+00	4.299641e-01	9.409471e-02	9.512691e-05	1.289892e-03	2.822841e-05	9.512691e-07	1.355970e+03	2.967448e+01
17:34:09	4.066400e+00	4.952875e-01	9.509456e+00	4.288839e-01	9.439314e-02	9.509456e-05	1.286652e-03	2.831794e-05	9.509456e-07	1.353023e+03	2.977872e+01
17:34:09	4.062300e+00	4.947881e-01	9.505651e+00	4.288126e-01	9.406876e-02	9.505651e-05	1.286438e-03	2.822063e-05	9.505651e-07	1.353340e+03	2.968826e+01
17:34:09	4.059500e+00	4.944471e-01	9.503315e+00	4.290461e-01	9.517491e-02	9.503315e-05	1.287138e-03	2.855247e-05	9.503315e-07	1.354410e+03	3.004475e+01
17:34:10	4.056900e+00	4.941304e-01	9.500837e+00	4.282157e-01	9.427961e-02	9.500837e-05	1.284647e-03	2.828388e-05	9.500837e-07	1.352141e+03	2.976988e+01
17:34:10	4.053000e+00	4.936554e-01	9.503896e+00	4.276285e-01	9.401361e-02	9.503896e-05	1.282886e-03	2.820408e-05	9.503896e-07	1.349852e+03	2.967634e+01
17:34:10	4.048600e+00	4.931195e-01	9.505398e+00	4.269376e-01	9.359840e-02	9.505398e-05	1.280813e-03	2.807952e-05	9.505398e-07	1.347458e+03	2.954060e+01
17:34:11	4.045100e+00	4.926932e-01	9.502031e+00	4.268468e-01	9.328699e-02	9.502031e-05	1.280540e-03	2.798610e-05	9.502031e-07	1.347649e+03	2.945275e+01
17:34:11	4.043100e+00	4.924496e-01	9.492785e+00	4.270966e-01	9.352703e-02	9.492785e-05	1.281290e-03	2.805811e-05	9.492785e-07	1.349751e+03	2.955730e+01
17:34:11	4.040300e+00	4.921085e-01	9.496633e+00	4.264024e-01	9.315723e-02	9.496633e-05	1.279207e-03	2.794717e-05	9.496633e-07	1.347011e+03	2.942850e+01
17:34:12	4.036500e+00	4.916457e-01	9.494291e+00	4.261883e-01	9.348486e-02	9.494291e-05	1.278565e-03	2.804546e-05	9.494291e-07	1.346667e+03	2.953929e+01
17:34:12	4.033200e+00	4.912438e-01	9.495445e+00	4.256887e-01	9.293989e-02	9.495445e-05	1.277066e-03	2.788197e-05	9.495445e-07	1.344925e+03	2.936352e+01
17:34:12	4.028600e+00	4.906835e-01	9.490576e+00	4.257212e-01	9.280689e-02	9.490576e-05	1.277163e-03	2.784207e-05	9.490576e-07	1.345718e+03	2.933654e+01
17:34:13	4.026200e+00	4.903912e-01	9.493278e+00	4.253416e-01	9.325130e-02	9.493278e-05	1.276025e-03	2.797539e-05	9.493278e-07	1.344135e+03	2.946863e+01
17:34:13	4.021500e+00	4.898187e-01	9.492896e+00	4.247675e-01	9.362435e-02	9.492896e-05	1.274302e-03	2.808730e-05	9.492896e-07	1.342375e+03	2.958771e+01
17:34:14	4.017500e+00	4.893315e-01	9.496879e+00	4.238657e-01	9.289772e-02	9.496879e-05	1.271597e-03	2.786932e-05	9.496879e-07	1.338963e+03	2.934576e+01
17:34:14	4.013400e+00	4.888321e-01	9.490479e+00	4.232850e-01	9.259604e-02	9.490479e-05	1.269855e-03	2.777881e-05	9.490479e-07	1.338031e+03	2.927019e+01
17:34:14	4.009600e+00	4.883693e-01	9.492351e+00	4.241511e-01	9.336484e-02	9.492351e-05	1.272453e-03	2.800945e-05	9.492351e-07	1.340504e+03	2.950739e+01
17:34:15	4.007200e+00	4.880770e-01	9.492980e+00	4.230839e-01	9.347837e-02	9.492980e-05	1.269252e-03	2.804351e-05	9.492980e-07	1.337042e+03	2.954132e+01
17:34:15	4.002900e+00	4.875532e-01	9.484257e+00	4.227076e-01	9.287177e-02	9.484257e-05	1.268123e-03	2.786153e-05	9.484257e-07	1.337082e+03	2.937661e+01
17:34:15	4.000300e+00	4.872365e-01	9.469662e+00	4.229768e-01	9.213542e-02	9.469662e-05	1.268931e-03	2.764062e-05	9.469662e-07	1.339996e+03	2.918861e+01
17:34:15	3.998100e+00	4.869686e-01	9.462071e+00	4.230093e-01	9.150286e-02	9.462071e-05	1.269028e-03	2.745086e-05	9.462071e-07	1.341173e+03	2.901147e+01
17:34:16	3.995500e+00	4.866519e-01	9.457157e+00	4.224805e-01	9.117199e-02	9.457157e-05	1.267442e-03	2.735160e-05	9.457157e-07	1.340193e+03	2.892159e+01
17:34:16	3.993200e+00	4.863718e-01	9.443321e+00	4.219875e-01	9.097411e-02	9.443321e-05	1.265962e-03	2.729223e-05	9.443321e-07	1.340590e+03	2.890110e+01
17:34:16	3.989400e+00	4.859089e-01	9.450085e+00	4.215917e-01	9.096438e-02	9.450085e-05	1.264775e-03	2.728931e-05	9.450085e-07	1.338374e+03	2.887732e+01
17:34:17	3.985400e+00	4.854217e-01	9.450892e+00	4.208943e-01	9.045510e-02	9.450892e-05	1.262683e-03	2.713653e-05	9.450892e-07	1.336046e+03	2.871319e+01
17:34:17	3.981100e+00	4.848980e-01	9.453591e+00	4.206445e-01	9.084112e-02	9.453591e-05	1.261934e-03	2.725233e-05	9.453591e-07	1.334872e+03	2.882749e+01
17:34:18	3.976300e+00	4.843133e-01	9.446539e+00	4.202488e-01	9.012098e-02	9.446539e-05	1.260746e-03	2.703629e-05	9.446539e-07	1.334612e+03	2.862032e+01
17:34:18	3.971200e+00	4.836922e-01	9.444340e+00	4.198498e-01	9.113955e-02	9.444340e-05	1.259549e-03	2.734187e-05	9.444340e-07	1.333655e+03	2.895053e+01
17:34:19	3.966600e+00	4.831319e-01	9.440658e+00	4.191167e-01	9.069514e-02	9.440658e-05	1.257350e-03	2.720854e-05	9.440658e-07	1.331846e+03	2.882060e+01
17:34:19	3.962300e+00	4.826081e-01	9.443603e+00	4.182376e-01	9.118496e-02	9.443603e-05	1.254713e-03	2.735549e-05	9.443603e-07	1.328638e+03	2.896722e+01
17:34:19	3.958300e+00	4.821209e-01	9.438695e+00	4.184938e-01	9.115577e-02	9.438695e-05	1.255481e-03	2.734673e-05	9.438695e-07	1.330143e+03	2.897300e+01
17:34:20	3.956300e+00	4.818773e-01	9.438040e+00	4.179943e-01	9.112658e-02	9.438040e-05	1.253983e-03	2.733797e-05	9.438040e-07	1.328648e+03	2.896573e+01
17:34:20	3.954600e+00	4.816703e-01	9.439302e+00	4.174396e-01	9.124660e-02	9.439302e-05	1.252319e-03	2.737398e-05	9.439302e-07	1.326707e+03	2.900000e+01
17:34:20	3.950400e+00	4.811587e-01	9.439490e+00	4.175401e-01	9.086707e-02	9.439490e-05	1.252620e-03	2.726012e-05	9.439490e-07	1.327000e+03	2.887881e+01
17:34:20	3.947400e+00	4.807933e-01	9.437813e+00	4.170308e-01	9.067892e-02	9.437813e-05	1.251093e-03	2.720368e-05	9.437813e-07	1.325617e+03	2.882413e+01
17:34:21	3.943700e+00	4.803427e-01	9.436950e+00	4.164534e-01	9.067892e-02	9.436950e-05	1.249360e-03	2.720368e-05	9.436950e-07	1.323903e+03	2.882677e+01
17:34:21	3.939300e+00	4.798067e-01	9.437852e+00	4.157171e-01	9.135040e-02	9.437852e-05	1.247151e-03	2.740512e-05	9.437852e-07	1.321436e+03	2.903746e+01
17:34:22	3.935900e+00	4.793926e-01	9.444054e+00	4.157722e-01	9.100655e-02	9.444054e-05	1.247317e-03	2.730197e-05	9.444054e-07	1.320743e+03	2.890916e+01
17:34:22	3.931800e+00	4.788932e-01	9.446169e+00	4.154219e-01	9.110711e-02	9.446169e-05	1.246266e-03	2.733213e-05	9.446169e-07	1.319334e+03	2.893462e+01
17:34:22	3.927800e+00	4.784060e-01	9.446938e+00	4.146790e-01	9.122389e-02	9.446938e-05	1.244037e-03	2.736717e-05	9.446938e-07	1.316868e+03	2.896935e+01
17:34:23	3.924100e+00	4.779554e-01	9.447165e+00	4.138875e-01	9.116875e-02	9.447165e-05	1.241663e-03	2.735062e-05	9.447165e-07	1.314323e+03	2.895114e+01
17:34:23	3.920700e+00	4.775413e-01	9.449971e+00	4.137805e-01	9.086058e-02	9.449971e-05	1.241341e-03	2.725817e-05	9.449971e-07	1.313593e+03	2.884472e+01
17:34:24	3.916500e+00	4.770297e-01	9.455479e+00	4.132096e-01	9.009827e-02	9.455479e-05	1.239629e-03	2.702948e-05	9.455479e-07	1.311016e+03	2.858605e+01
17:34:24	3.911200e+00	4.763842e-01	9.452096e+00	4.127295e-01	9.021181e-02	9.452096e-05	1.238188e-03	2.706354e-05	9.452096e-07	1.309962e+03	2.863232e+01
17:34:24	3.907400e+00	4.759213e-01	9.454811e+00	4.122851e-01	9.055241e-02	9.454811e-05	1.236855e-03	2.716572e-05	9.454811e-07	1.308175e+03	2.873217e+01
17:34:25	3.903300e+00	4.754219e-01	9.453118e+00	4.114222e-01	9.044536e-02	9.453118e-05	1.234267e-03	2.713361e-05	9.453118e-07	1.305671e+03	2.870334e+01
17:34:25	3.899900e+00	4.750078e-01	9.460173e+00	4.114936e-01	9.074056e-02	9.460173e-05	1.234481e-03	2.722217e-05	9.460173e-07	1.304924e+03	2.877555e+01
17:34:26	3.895300e+00	4.744475e-01	9.465737e+00	4.109324e-01	9.262199e-02	9.465737e-05	1.232797e-03	2.778660e-05	9.465737e-07	1.302378e+03	2.935492e+01
17:34:26	3.891800e+00	4.740212e-01	9.486839e+00	4.104977e-01	9.403307e-02	9.486839e-05	1.231493e-03	2.820992e-05	9.486839e-07	1.298107e+03	2.973585e+01
17:34:26	3.888200e+00	4.735828e-01	9.484422e+00	4.104036e-01	9.343296e-02	9.484422e-05	1.231211e-03	2.802989e-05	9.484422e-07	1.298140e+03	2.955361e+01
17:34:27	3.886000e+00	4.733148e-01	9.489519e+00	4.100728e-01	9.321238e-02	9.489519e-05	1.230218e-03	2.796371e-05	9.489519e-07	1.296397e+03	2.946800e+01
17:34:27	3.881900e+00	4.728154e-01	9.483845e+00	4.094986e-01	9.343945e-02	9.483845e-05	1.228496e-03	2.803183e-05	9.483845e-07	1.295356e+03	2.955746e+01
17:34:27	3.878100e+00	4.723526e-01	9.481506e+00	4.092099e-01	9.311506e-02	9.481506e-05	1.227630e-03	2.793452e-05	9.481506e-07	1.294762e+03	2.946211e+01
17:34:28	3.873600e+00	4.718045e-01	9.482421e+00	4.091320e-01	9.274851e-02	9.482421e-05	1.227396e-03	2.782455e-05	9.482421e-07	1.294391e+03	2.934330e+01
17:34:28	3.870600e+00	4.714391e-01	9.486521e+00	4.079351e-01	9.255063e-02	9.486521e-05	1.223805e-03	2.776519e-05	9.486521e-07	1.290046e+03	2.926804e+01
17:34:29	3.866200e+00	4.709032e-01	9.463392e+00	4.078475e-01	9.135689e-02	9.463392e-05	1.223542e-03	2.740707e-05	9.463392e-07	1.292922e+03	2.896115e+01
17:34:29	3.863300e+00	4.705499e-01	9.447778e+00	4.070041e-01	9.006908e-02	9.447778e-05	1.221012e-03	2.702072e-05	9.447778e-07	1.292380e+03	2.860008e+01
17:34:29	3.861300e+00	4.703063e-01	9.440132e+00	4.072019e-01	8.979984e-02	9.440132e-05	1.221606e-03	2.693995e-05	9.440132e-07	1.294056e+03	2.853768e+01
17:34:30	3.856700e+00	4.697461e-01	9.442523e+00	4.070560e-01	8.983228e-02	9.442523e-05	1.221168e-03	2.694968e-05	9.442523e-07	1.293264e+03	2.854076e+01
17:34:30	3.855100e+00	4.695512e-01	9.446361e+00	4.061444e-01	8.974469e-02	9.446361e-05	1.218433e-03	2.692341e-05	9.446361e-07	1.289844e+03	2.850135e+01
17:34:30	3.849600e+00	4.688813e-01	9.451272e+00	4.065110e-01	8.995230e-02	9.451272e-05	1.219533e-03	2.698569e-05	9.451272e-07	1.290337e+03	2.855244e+01
17:34:31	3.848400e+00	4.687351e-01	9.450208e+00	4.058720e-01	8.990040e-02	9.450208e-05	1.217616e-03	2.697012e-05	9.450208e-07	1.288454e+03	2.853918e+01
17:34:31	3.844600e+00	4.682723e-01	9.465951e+00	4.057098e-01	9.114604e-02	9.465951e-05	1.217129e-03	2.734381e-05	9.465951e-07	1.285797e+03	2.888649e+01
17:34:31	3.840300e+00	4.677485e-01	9.490706e+00	4.049929e-01	9.314750e-02	9.490706e-05	1.214979e-03	2.794425e-05	9.490706e-07	1.280177e+03	2.944381e+01
17:34:32	3.836700e+00	4.673101e-01	9.490476e+00	4.042922e-01	9.277770e-02	9.490476e-05	1.212877e-03	2.783331e-05	9.490476e-07	1.277993e+03	2.932762e+01
17:34:32	3.833600e+00	4.669325e-01	9.483696e+00	4.043409e-01	9.296909e-02	9.483696e-05	1.213023e-03	2.789073e-05	9.483696e-07	1.279061e+03	2.940913e+01
17:34:32	3.830200e+00	4.665184e-01	9.486599e+00	4.043636e-01	9.312155e-02	9.486599e-05	1.213091e-03	2.793646e-05	9.486599e-07	1.278741e+03	2.944835e+01
17:34:33	3.827600e+00	4.662017e-01	9.483436e+00	4.037634e-01	9.321887e-02	9.483436e-05	1.211290e-03	2.796566e-05	9.483436e-07	1.277269e+03	2.948895e+01
17:34:33	3.823900e+00	4.657510e-01	9.471982e+00	4.035721e-01	9.301450e-02	9.471982e-05	1.210716e-03	2.790435e-05	9.471982e-07	1.278208e+03	2.945989e+01
17:34:33	3.821500e+00	4.654587e-01	9.463359e+00	4.031147e-01	9.201215e-02	9.463359e-05	1.209344e-03	2.760364e-05	9.463359e-07	1.277923e+03	2.916897e+01
17:34:34	3.819100e+00	4.651664e-01	9.443425e+00	4.033742e-01	9.044861e-02	9.443425e-05	1.210123e-03	2.713458e-05	9.443425e-07	1.281445e+03	2.873384e+01
17:34:34	3.816500e+00	4.648497e-01	9.439152e+00	4.034066e-01	9.076651e-02	9.439152e-05	1.210220e-03	2.722995e-05	9.439152e-07	1.282128e+03	2.884788e+01
17:34:34	3.813600e+00	4.644965e-01	9.438711e+00	4.024464e-01	9.088329e-02	9.438711e-05	1.207339e-03	2.726499e-05	9.438711e-07	1.279136e+03	2.888634e+01
17:34:34	3.812200e+00	4.643260e-01	9.446734e+00	4.024075e-01	9.015990e-02	9.446734e-05	1.207223e-03	2.704797e-05	9.446734e-07	1.277926e+03	2.863209e+01
17:34:35	3.808800e+00	4.639118e-01	9.447415e+00	4.019209e-01	8.981606e-02	9.447415e-05	1.205763e-03	2.694482e-05	9.447415e-07	1.276289e+03	2.852084e+01
17:34:35	3.804800e+00	4.634246e-01	9.458402e+00	4.012527e-01	9.000096e-02	9.458402e-05	1.203758e-03	2.700029e-05	9.458402e-07	1.272687e+03	2.854635e+01
17:34:35	3.801900e+00	4.630714e-01	9.454509e+00	4.007304e-01	9.040968e-02	9.454509e-05	1.202191e-03	2.712290e-05	9.454509e-07	1.271553e+03	2.868780e+01
17:34:36	3.798100e+00	4.626086e-01	9.456537e+00	4.003639e-01	9.066270e-02	9.456537e-05	1.201092e-03	2.719881e-05	9.456537e-07	1.270118e+03	2.876191e+01
17:34:36	3.794300e+00	4.621457e-01	9.471216e+00	3.999843e-01	9.151259e-02	9.471216e-05	1.199953e-03	2.745378e-05	9.471216e-07	1.266947e+03	2.898654e+01
17:34:37	3.790400e+00	4.616707e-01	9.491494e+00	3.995594e-01	9.259280e-02	9.491494e-05	1.198678e-03	2.777784e-05	9.491494e-07	1.262897e+03	2.926603e+01
17:34:37	3.786400e+00	4.611835e-01	9.494057e+00	3.998124e-01	9.263497e-02	9.494057e-05	1.199437e-03	2.779049e-05	9.494057e-07	1.263356e+03	2.927146e+01
17:34:37	3.784000e+00	4.608912e-01	9.492503e+00	3.988814e-01	9.257982e-02	9.492503e-05	1.196644e-03	2.777395e-05	9.492503e-07	1.260620e+03	2.925882e+01
17:34:38	3.780500e+00	4.604649e-01	9.487060e+00	3.986219e-01	9.228463e-02	9.487060e-05	1.195866e-03	2.768539e-05	9.487060e-07	1.260523e+03	2.918227e+01
17:34:38	3.776900e+00	4.600264e-01	9.489353e+00	3.985927e-01	9.183049e-02	9.489353e-05	1.195778e-03	2.754915e-05	9.489353e-07	1.260126e+03	2.903164e+01
17:34:38	3.772600e+00	4.595027e-01	9.490278e+00	3.980737e-01	9.230085e-02	9.490278e-05	1.194221e-03	2.769026e-05	9.490278e-07	1.258363e+03	2.917750e+01
17:34:39	3.768200e+00	4.589668e-01	9.483109e+00	3.979148e-01	9.260578e-02	9.483109e-05	1.193744e-03	2.778173e-05	9.483109e-07	1.258811e+03	2.929602e+01
17:34:39	3.766600e+00	4.587719e-01	9.484017e+00	3.971881e-01	9.213217e-02	9.484017e-05	1.191564e-03	2.763965e-05	9.484017e-07	1.256392e+03	2.914340e+01
17:34:39	3.762900e+00	4.583212e-01	9.483699e+00	3.968962e-01	9.298206e-02	9.483699e-05	1.190689e-03	2.789462e-05	9.483699e-07	1.255511e+03	2.941323e+01
17:34:40	3.759500e+00	4.579071e-01	9.486979e+00	3.964940e-01	9.296260e-02	9.486979e-05	1.189482e-03	2.788878e-05	9.486979e-07	1.253805e+03	2.939690e+01
17:34:40	3.755300e+00	4.573955e-01	9.490670e+00	3.967989e-01	9.326428e-02	9.490670e-05	1.190397e-03	2.797928e-05	9.490670e-07	1.254281e+03	2.948083e+01
17:34:40	3.753700e+00	4.572007e-01	9.482761e+00	3.959782e-01	9.312479e-02	9.482761e-05	1.187935e-03	2.793744e-05	9.482761e-07	1.252731e+03	2.946129e+01
17:34:41	3.749600e+00	4.567013e-01	9.486291e+00	3.956214e-01	9.336808e-02	9.486291e-05	1.186864e-03	2.801042e-05	9.486291e-07	1.251136e+03	2.952727e+01
17:34:41	3.746000e+00	4.562628e-01	9.490116e+00	3.950602e-01	9.296584e-02	9.490116e-05	1.185180e-03	2.788975e-05	9.490116e-07	1.248858e+03	2.938821e+01
17:34:42	3.742100e+00	4.557878e-01	9.482765e+00	3.943465e-01	9.253441e-02	9.482765e-05	1.183040e-03	2.776032e-05	9.482765e-07	1.247568e+03	2.927450e+01
17:34:42	3.737700e+00	4.552519e-01	9.480474e+00	3.942395e-01	9.257334e-02	9.480474e-05	1.182718e-03	2.777200e-05	9.480474e-07	1.247531e+03	2.929389e+01
17:34:42	3.734100e+00	4.548134e-01	9.482995e+00	3.932274e-01	9.357893e-02	9.482995e-05	1.179682e-03	2.807368e-05	9.482995e-07	1.243997e+03	2.960423e+01
17:34:43	3.730400e+00	4.543627e-01	9.492643e+00	3.932533e-01	9.244358e-02	9.492643e-05	1.179760e-03	2.773307e-05	9.492643e-07	1.242815e+03	2.921534e+01
17:34:43	3.726600e+00	4.538999e-01	9.496636e+00	3.926013e-01	9.332267e-02	9.496636e-05	1.177804e-03	2.799680e-05	9.496636e-07	1.240233e+03	2.948076e+01
17:34:44	3.723300e+00	4.534979e-01	9.500036e+00	3.924002e-01	9.334213e-02	9.500036e-05	1.177201e-03	2.800264e-05	9.500036e-07	1.239154e+03	2.947635e+01
17:34:44	3.719100e+00	4.529864e-01	9.498381e+00	3.925786e-01	9.347513e-02	9.498381e-05	1.177736e-03	2.804254e-05	9.498381e-07	1.239933e+03	2.952349e+01
17:34:44	3.717100e+00	4.527428e-01	9.501671e+00	3.917904e-01	9.354325e-02	9.501671e-05	1.175371e-03	2.806298e-05	9.501671e-07	1.237015e+03	2.953478e+01
17:34:45	3.713500e+00	4.523043e-01	9.503737e+00	3.917222e-01	9.391954e-02	9.503737e-05	1.175167e-03	2.817586e-05	9.503737e-07	1.236531e+03	2.964714e+01
17:34:45	3.710400e+00	4.519267e-01	9.503510e+00	3.906290e-01	9.271607e-02	9.503510e-05	1.171887e-03	2.781482e-05	9.503510e-07	1.233110e+03	2.926794e+01
17:34:45	3.706400e+00	4.514395e-01	9.509450e+00	3.910443e-01	9.328050e-02	9.509450e-05	1.173133e-03	2.798415e-05	9.509450e-07	1.233649e+03	2.942773e+01
17:34:46	3.704600e+00	4.512203e-01	9.509638e+00	3.901879e-01	9.301450e-02	9.509638e-05	1.170564e-03	2.790435e-05	9.509638e-07	1.230923e+03	2.934323e+01
17:34:46	3.701300e+00	4.508183e-01	9.509988e+00	3.893737e-01	9.312479e-02	9.509988e-05	1.168121e-03	2.793744e-05	9.509988e-07	1.228310e+03	2.937694e+01
17:34:46	3.697900e+00	4.504042e-01	9.488863e+00	3.887638e-01	9.163586e-02	9.488863e-05	1.166291e-03	2.749076e-05	9.488863e-07	1.229116e+03	2.897160e+01
17:34:47	3.694900e+00	4.500388e-01	9.474635e+00	3.891693e-01	9.003664e-02	9.474635e-05	1.167508e-03	2.701099e-05	9.474635e-07	1.232246e+03	2.850874e+01
17:34:47	3.693500e+00	4.498683e-01	9.471515e+00	3.891174e-01	9.061080e-02	9.471515e-05	1.167352e-03	2.718324e-05	9.471515e-07	1.232487e+03	2.869999e+01
17:34:47	3.691200e+00	4.495882e-01	9.468436e+00	3.888611e-01	8.994257e-02	9.468436e-05	1.166583e-03	2.698277e-05	9.468436e-07	1.232076e+03	2.849760e+01
17:34:48	3.687400e+00	4.491253e-01	9.462921e+00	3.880275e-01	8.993608e-02	9.462921e-05	1.164082e-03	2.698082e-05	9.462921e-07	1.230151e+03	2.851215e+01
17:34:48	3.684400e+00	4.487599e-01	9.459317e+00	3.880988e-01	9.074056e-02	9.459317e-05	1.164297e-03	2.722217e-05	9.459317e-07	1.230846e+03	2.877815e+01
17:34:48	3.682300e+00	4.485041e-01	9.457205e+00	3.876609e-01	9.053944e-02	9.457205e-05	1.162983e-03	2.716183e-05	9.457205e-07	1.229732e+03	2.872078e+01
17:34:48	3.680100e+00	4.482362e-01	9.478849e+00	3.877096e-01	9.095789e-02	9.478849e-05	1.163129e-03	2.728737e-05	9.478849e-07	1.227078e+03	2.878764e+01
17:34:49	3.676100e+00	4.477490e-01	9.497875e+00	3.877128e-01	9.248900e-02	9.497875e-05	1.163138e-03	2.774670e-05	9.497875e-07	1.224630e+03	2.921359e+01
17:34:49	3.671800e+00	4.472252e-01	9.501405e+00	3.876706e-01	9.275499e-02	9.501405e-05	1.163012e-03	2.782650e-05	9.501405e-07	1.224042e+03	2.928672e+01
17:34:50	3.668800e+00	4.468598e-01	9.508470e+00	3.869959e-01	9.233329e-02	9.508470e-05	1.160988e-03	2.769999e-05	9.508470e-07	1.221004e+03	2.913191e+01
17:34:50	3.664800e+00	4.463726e-01	9.505220e+00	3.861947e-01	9.151259e-02	9.505220e-05	1.158584e-03	2.745378e-05	9.505220e-07	1.218892e+03	2.888284e+01
17:34:50	3.661300e+00	4.459463e-01	9.473474e+00	3.857989e-01	8.913485e-02	9.473474e-05	1.157397e-03	2.674045e-05	9.473474e-07	1.221724e+03	2.822666e+01
17:34:51	3.657900e+00	4.455322e-01	9.470032e+00	3.861006e-01	8.906348e-02	9.470032e-05	1.158302e-03	2.671904e-05	9.470032e-07	1.223123e+03	2.821431e+01
17:34:51	3.653500e+00	4.449963e-01	9.457517e+00	3.854746e-01	9.000744e-02	9.457517e-05	1.156424e-03	2.700223e-05	9.457517e-07	1.222756e+03	2.855108e+01
17:34:51	3.651400e+00	4.447405e-01	9.458172e+00	3.854713e-01	9.036102e-02	9.458172e-05	1.156414e-03	2.710831e-05	9.458172e-07	1.222661e+03	2.866125e+01
17:34:52	3.649400e+00	4.444969e-01	9.473873e+00	3.852021e-01	9.103250e-02	9.473873e-05	1.155606e-03	2.730975e-05	9.473873e-07	1.219782e+03	2.882639e+01
17:34:52	3.647400e+00	4.442533e-01	9.498942e+00	3.844722e-01	9.215164e-02	9.498942e-05	1.153417e-03	2.764549e-05	9.498942e-07	1.214258e+03	2.910376e+01
17:34:52	3.642700e+00	4.436809e-01	9.503387e+00	3.837164e-01	9.253117e-02	9.503387e-05	1.151149e-03	2.775935e-05	9.503387e-07	1.211304e+03	2.920996e+01
17:34:53	3.639700e+00	4.433155e-01	9.509398e+00	3.835672e-01	9.222300e-02	9.509398e-05	1.150701e-03	2.766690e-05	9.509398e-07	1.210068e+03	2.909427e+01
17:34:53	3.635700e+00	4.428283e-01	9.477565e+00	3.832233e-01	9.068217e-02	9.477565e-05	1.149670e-03	2.720465e-05	9.477565e-07	1.213044e+03	2.870426e+01
17:34:53	3.633500e+00	4.425603e-01	9.468874e+00	3.825778e-01	8.919972e-02	9.468874e-05	1.147733e-03	2.675992e-05	9.468874e-07	1.212112e+03	2.826093e+01
17:34:54	3.631200e+00	4.422802e-01	9.474093e+00	3.827562e-01	8.888507e-02	9.474093e-05	1.148269e-03	2.666552e-05	9.474093e-07	1.212009e+03	2.814572e+01
17:34:54	3.627400e+00	4.418173e-01	9.458701e+00	3.825810e-01	9.005610e-02	9.458701e-05	1.147743e-03	2.701683e-05	9.458701e-07	1.213426e+03	2.856294e+01
17:34:54	3.626000e+00	4.416468e-01	9.463599e+00	3.817993e-01	8.985174e-02	9.463599e-05	1.145398e-03	2.695552e-05	9.463599e-07	1.210319e+03	2.848337e+01
17:34:54	3.623200e+00	4.413058e-01	9.488510e+00	3.821950e-01	9.209000e-02	9.488510e-05	1.146585e-03	2.762700e-05	9.488510e-07	1.208393e+03	2.911627e+01
17:34:55	3.620300e+00	4.409525e-01	9.503023e+00	3.812186e-01	9.274851e-02	9.503023e-05	1.143656e-03	2.782455e-05	9.503023e-07	1.203465e+03	2.927968e+01
17:34:55	3.615300e+00	4.403435e-01	9.512295e+00	3.813808e-01	9.325130e-02	9.512295e-05	1.144142e-03	2.797539e-05	9.512295e-07	1.202804e+03	2.940972e+01
17:34:56	3.612400e+00	4.399903e-01	9.483180e+00	3.807061e-01	9.080219e-02	9.483180e-05	1.142118e-03	2.724066e-05	9.483180e-07	1.204362e+03	2.872523e+01
17:34:56	3.610200e+00	4.397224e-01	9.469286e+00	3.803784e-01	8.994257e-02	9.469286e-05	1.141135e-03	2.698277e-05	9.469286e-07	1.205091e+03	2.849504e+01
17:34:56	3.608000e+00	4.394544e-01	9.464212e+00	3.801287e-01	8.937165e-02	9.464212e-05	1.140386e-03	2.681149e-05	9.464212e-07	1.204946e+03	2.832935e+01
17:34:56	3.606200e+00	4.392352e-01	9.463557e+00	3.805050e-01	8.906348e-02	9.463557e-05	1.141515e-03	2.671904e-05	9.463557e-07	1.206222e+03	2.823362e+01
17:34:57	3.603800e+00	4.389428e-01	9.459726e+00	3.801384e-01	8.968630e-02	9.459726e-05	1.140415e-03	2.690589e-05	9.459726e-07	1.205548e+03	2.844257e+01
17:34:57	3.601900e+00	4.387114e-01	9.462788e+00	3.798367e-01	9.010152e-02	9.462788e-05	1.139510e-03	2.703045e-05	9.462788e-07	1.204201e+03	2.856500e+01
17:34:57	3.599700e+00	4.384435e-01	9.491478e+00	3.795999e-01	9.237222e-02	9.491478e-05	1.138800e-03	2.771167e-05	9.491478e-07	1.199813e+03	2.919636e+01
17:34:57	3.596300e+00	4.380293e-01	9.504230e+00	3.793956e-01	9.318967e-02	9.504230e-05	1.138187e-03	2.795690e-05	9.504230e-07	1.197558e+03	2.941522e+01
17:34:58	3.592700e+00	4.375909e-01	9.507526e+00	3.785749e-01	9.207054e-02	9.507526e-05	1.135725e-03	2.762116e-05	9.507526e-07	1.194553e+03	2.905189e+01
17:34:58	3.589400e+00	4.371889e-01	9.502689e+00	3.779293e-01	9.194727e-02	9.502689e-05	1.133788e-03	2.758418e-05	9.502689e-07	1.193123e+03	2.902776e+01
17:34:59	3.585800e+00	4.367504e-01	9.467216e+00	3.780721e-01	8.929379e-02	9.467216e-05	1.134216e-03	2.678814e-05	9.467216e-07	1.198046e+03	2.829569e+01
17:34:59	3.583400e+00	4.364581e-01	9.467258e+00	3.778417e-01	8.891426e-02	9.467258e-05	1.133525e-03	2.667428e-05	9.467258e-07	1.197311e+03	2.817529e+01
17:34:59	3.581300e+00	4.362023e-01	9.462347e+00	3.769756e-01	8.964413e-02	9.462347e-05	1.130927e-03	2.689324e-05	9.462347e-07	1.195186e+03	2.842132e+01
17:34:59	3.578500e+00	4.358613e-01	9.458869e+00	3.771021e-01	9.014044e-02	9.458869e-05	1.131306e-03	2.704213e-05	9.458869e-07	1.196027e+03	2.858918e+01
17:35:00	3.576700e+00	4.356421e-01	9.471537e+00	3.760998e-01	9.042266e-02	9.471537e-05	1.128299e-03	2.712680e-05	9.471537e-07	1.191253e+03	2.864033e+01
17:35:00	3.572500e+00	4.351305e-01	9.496769e+00	3.763658e-01	9.234627e-02	9.496769e-05	1.129097e-03	2.770388e-05	9.496769e-07	1.188928e+03	2.917190e+01
17:35:01	3.569400e+00	4.347529e-01	9.507007e+00	3.753602e-01	9.205432e-02	9.507007e-05	1.126081e-03	2.761630e-05	9.507007e-07	1.184474e+03	2.904836e+01
17:35:01	3.565600e+00	4.342901e-01	9.513508e+00	3.753342e-01	9.262524e-02	9.513508e-05	1.126003e-03	2.778757e-05	9.513508e-07	1.183583e+03	2.920854e+01
17:35:01	3.561900e+00	4.338394e-01	9.479683e+00	3.743416e-01	9.059783e-02	9.479683e-05	1.123025e-03	2.717935e-05	9.479683e-07	1.184665e+03	2.867116e+01
17:35:02	3.559700e+00	4.335715e-01	9.469309e+00	3.745752e-01	8.982579e-02	9.469309e-05	1.123726e-03	2.694774e-05	9.469309e-07	1.186703e+03	2.845798e+01
17:35:02	3.558500e+00	4.334253e-01	9.464066e+00	3.747536e-01	8.995230e-02	9.464066e-05	1.124261e-03	2.698569e-05	9.464066e-07	1.187926e+03	2.851384e+01
17:35:02	3.556100e+00	4.331330e-01	9.462123e+00	3.741437e-01	9.034156e-02	9.462123e-05	1.122431e-03	2.710247e-05	9.462123e-07	1.186236e+03	2.864312e+01
17:35:02	3.553700e+00	4.328407e-01	9.456508e+00	3.739426e-01	8.891102e-02	9.456508e-05	1.121828e-03	2.667331e-05	9.456508e-07	1.186302e+03	2.820630e+01
17:35:02	3.552000e+00	4.326336e-01	9.468559e+00	3.740983e-01	9.034481e-02	9.468559e-05	1.122295e-03	2.710344e-05	9.468559e-07	1.185286e+03	2.862467e+01
17:35:03	3.549600e+00	4.323413e-01	9.496078e+00	3.737123e-01	9.175588e-02	9.496078e-05	1.121137e-03	2.752677e-05	9.496078e-07	1.180632e+03	2.898751e+01
17:35:03	3.546400e+00	4.319515e-01	9.504756e+00	3.732160e-01	9.234302e-02	9.504756e-05	1.119648e-03	2.770291e-05	9.504756e-07	1.177987e+03	2.914636e+01
17:35:03	3.542200e+00	4.314400e-01	9.517148e+00	3.733133e-01	9.229112e-02	9.517148e-05	1.119940e-03	2.768734e-05	9.517148e-07	1.176760e+03	2.909205e+01
17:35:04	3.538900e+00	4.310380e-01	9.489470e+00	3.732874e-01	9.064648e-02	9.489470e-05	1.119862e-03	2.719395e-05	9.489470e-07	1.180110e+03	2.865697e+01
17:35:04	3.536900e+00	4.307944e-01	9.473691e+00	3.728365e-01	8.974469e-02	9.473691e-05	1.118509e-03	2.692341e-05	9.473691e-07	1.180648e+03	2.841913e+01
17:35:04	3.535300e+00	4.305995e-01	9.463447e+00	3.720158e-01	8.932623e-02	9.463447e-05	1.116047e-03	2.679787e-05	9.463447e-07	1.179324e+03	2.831724e+01
17:35:05	3.532300e+00	4.302341e-01	9.458603e+00	3.721488e-01	8.937165e-02	9.458603e-05	1.116446e-03	2.681149e-05	9.458603e-07	1.180350e+03	2.834614e+01
17:35:05	3.530600e+00	4.300271e-01	9.459963e+00	3.724083e-01	9.015342e-02	9.459963e-05	1.117225e-03	2.704603e-05	9.459963e-07	1.181003e+03	2.858999e+01
17:35:05	3.528400e+00	4.297591e-01	9.465584e+00	3.717855e-01	9.012098e-02	9.465584e-05	1.115356e-03	2.703629e-05	9.465584e-07	1.178328e+03	2.856273e+01
17:35:05	3.527000e+00	4.295886e-01	9.488513e+00	3.718665e-01	9.208351e-02	9.488513e-05	1.115600e-03	2.762505e-05	9.488513e-07	1.175737e+03	2.911421e+01
17:35:06	3.523200e+00	4.291258e-01	9.504250e+00	3.715876e-01	9.188564e-02	9.504250e-05	1.114763e-03	2.756569e-05	9.504250e-07	1.172910e+03	2.900354e+01
17:35:06	3.519500e+00	4.286751e-01	9.513226e+00	3.715616e-01	9.213542e-02	9.513226e-05	1.114685e-03	2.764062e-05	9.513226e-07	1.171721e+03	2.905494e+01
17:35:07	3.515900e+00	4.282366e-01	9.477639e+00	3.711432e-01	8.948194e-02	9.477639e-05	1.113430e-03	2.684458e-05	9.477639e-07	1.174796e+03	2.832412e+01
17:35:07	3.513700e+00	4.279687e-01	9.472621e+00	3.710523e-01	8.876829e-02	9.472621e-05	1.113157e-03	2.663049e-05	9.472621e-07	1.175131e+03	2.811311e+01
17:35:07	3.510600e+00	4.275911e-01	9.465380e+00	3.703711e-01	8.937813e-02	9.465380e-05	1.111113e-03	2.681344e-05	9.465380e-07	1.173871e+03	2.832791e+01
17:35:07	3.508200e+00	4.272988e-01	9.457672e+00	3.704457e-01	8.950789e-02	9.457672e-05	1.111337e-03	2.685237e-05	9.457672e-07	1.175064e+03	2.839215e+01
17:35:08	3.506200e+00	4.270552e-01	9.475229e+00	3.694628e-01	9.008854e-02	9.475229e-05	1.108389e-03	2.702656e-05	9.475229e-07	1.169775e+03	2.852339e+01
17:35:08	3.502400e+00	4.265923e-01	9.503448e+00	3.693850e-01	9.184996e-02	9.503448e-05	1.108155e-03	2.755499e-05	9.503448e-07	1.166056e+03	2.899472e+01
17:35:08	3.498700e+00	4.261417e-01	9.511202e+00	3.684508e-01	9.185320e-02	9.511202e-05	1.105352e-03	2.755596e-05	9.511202e-07	1.162158e+03	2.897211e+01
17:35:09	3.495100e+00	4.257032e-01	9.507455e+00	3.679836e-01	9.194403e-02	9.507455e-05	1.103951e-03	2.758321e-05	9.507455e-07	1.161142e+03	2.901219e+01
17:35:09	3.491400e+00	4.252525e-01	9.472896e+00	3.678150e-01	8.919648e-02	9.472896e-05	1.103445e-03	2.675894e-05	9.472896e-07	1.164844e+03	2.824790e+01
17:35:09	3.489600e+00	4.250333e-01	9.461799e+00	3.682821e-01	8.890453e-02	9.461799e-05	1.104846e-03	2.667136e-05	9.461799e-07	1.167692e+03	2.818847e+01
17:35:10	3.487600e+00	4.247897e-01	9.461338e+00	3.681913e-01	8.862556e-02	9.461338e-05	1.104574e-03	2.658767e-05	9.461338e-07	1.167460e+03	2.810138e+01
17:35:11	3.477900e+00	4.236082e-01	9.485227e+00	3.670462e-01	9.095465e-02	9.485227e-05	1.101139e-03	2.728640e-05	9.485227e-07	1.160898e+03	2.876726e+01
17:35:11	3.474100e+00	4.231454e-01	9.489785e+00	3.665758e-01	9.113955e-02	9.489785e-05	1.099727e-03	2.734187e-05	9.489785e-07	1.158854e+03	2.881189e+01
17:35:12	3.470400e+00	4.226947e-01	9.490729e+00	3.661054e-01	9.067243e-02	9.490729e-05	1.098316e-03	2.720173e-05	9.490729e-07	1.157252e+03	2.866137e+01
17:35:12	3.467400e+00	4.223293e-01	9.493269e+00	3.659854e-01	9.088004e-02	9.493269e-05	1.097956e-03	2.726401e-05	9.493269e-07	1.156563e+03	2.871931e+01
17:35:12	3.464200e+00	4.219396e-01	9.478051e+00	3.653950e-01	8.974469e-02	9.478051e-05	1.096185e-03	2.692341e-05	9.478051e-07	1.156551e+03	2.840606e+01
17:35:13	3.460700e+00	4.215133e-01	9.459038e+00	3.654859e-01	8.850878e-02	9.459038e-05	1.096458e-03	2.655263e-05	9.459038e-07	1.159164e+03	2.807118e+01
17:35:13	3.456900e+00	4.210504e-01	9.458954e+00	3.645906e-01	8.855419e-02	9.458954e-05	1.093772e-03	2.656626e-05	9.458954e-07	1.156335e+03	2.808583e+01
17:35:15	3.442200e+00	4.192600e-01	9.479874e+00	3.628940e-01	9.060107e-02	9.479874e-05	1.088682e-03	2.718032e-05	9.479874e-07	1.148414e+03	2.867160e+01
17:35:15	3.438500e+00	4.188093e-01	9.487533e+00	3.621609e-01	9.083463e-02	9.487533e-05	1.086483e-03	2.725039e-05	9.487533e-07	1.145169e+03	2.872231e+01
17:35:16	3.435100e+00	4.183952e-01	9.487355e+00	3.614051e-01	9.137635e-02	9.487355e-05	1.084215e-03	2.741291e-05	9.487355e-07	1.142800e+03	2.889415e+01
17:35:16	3.431100e+00	4.179080e-01	9.493366e+00	3.618041e-01	9.194078e-02	9.493366e-05	1.085412e-03	2.758224e-05	9.493366e-07	1.143338e+03	2.905422e+01
17:35:17	3.428000e+00	4.175304e-01	9.497444e+00	3.605163e-01	9.164559e-02	9.497444e-05	1.081549e-03	2.749368e-05	9.497444e-07	1.138779e+03	2.894850e+01
17:35:18	3.420300e+00	4.165925e-01	9.494751e+00	3.602665e-01	9.159694e-02	9.494751e-05	1.080799e-03	2.747908e-05	9.494751e-07	1.138313e+03	2.894134e+01
17:35:18	3.417100e+00	4.162028e-01	9.487855e+00	3.598351e-01	9.165857e-02	9.487855e-05	1.079505e-03	2.749757e-05	9.487855e-07	1.137776e+03	2.898186e+01
17:35:18	3.413700e+00	4.157887e-01	9.470243e+00	3.595723e-01	9.039346e-02	9.470243e-05	1.078717e-03	2.711804e-05	9.470243e-07	1.139059e+03	2.863500e+01
17:35:19	3.411500e+00	4.155207e-01	9.464323e+00	3.598513e-01	9.007232e-02	9.464323e-05	1.079554e-03	2.702170e-05	9.464323e-07	1.140656e+03	2.855112e+01
17:35:19	3.409400e+00	4.152649e-01	9.463975e+00	3.598318e-01	8.855744e-02	9.463975e-05	1.079495e-03	2.656723e-05	9.463975e-07	1.140636e+03	2.807196e+01
17:35:19	3.407000e+00	4.149726e-01	9.459229e+00	3.593225e-01	8.819088e-02	9.459229e-05	1.077968e-03	2.645726e-05	9.459229e-07	1.139593e+03	2.796979e+01
17:35:19	3.404000e+00	4.146072e-01	9.460047e+00	3.587354e-01	8.906024e-02	9.460047e-05	1.076206e-03	2.671807e-05	9.460047e-07	1.137633e+03	2.824306e+01
17:35:20	3.400800e+00	4.142174e-01	9.462029e+00	3.585635e-01	8.937489e-02	9.462029e-05	1.075690e-03	2.681247e-05	9.462029e-07	1.136850e+03	2.833691e+01
17:35:20	3.397700e+00	4.138399e-01	9.453828e+00	3.580315e-01	8.871963e-02	9.453828e-05	1.074094e-03	2.661589e-05	9.453828e-07	1.136148e+03	2.815356e+01
17:35:21	3.393900e+00	4.133770e-01	9.454292e+00	3.569967e-01	8.843742e-02	9.454292e-05	1.070990e-03	2.653122e-05	9.454292e-07	1.132808e+03	2.806262e+01
17:35:21	3.390800e+00	4.129994e-01	9.455256e+00	3.568864e-01	8.836281e-02	9.455256e-05	1.070659e-03	2.650884e-05	9.455256e-07	1.132343e+03	2.803609e+01
17:35:21	3.386800e+00	4.125122e-01	9.452086e+00	3.571135e-01	8.872936e-02	9.452086e-05	1.071340e-03	2.661881e-05	9.452086e-07	1.133443e+03	2.816183e+01
17:35:22	3.385200e+00	4.123174e-01	9.453922e+00	3.562960e-01	8.870666e-02	9.453922e-05	1.068888e-03	2.661200e-05	9.453922e-07	1.130629e+03	2.814916e+01
17:35:22	3.381800e+00	4.119032e-01	9.448021e+00	3.564420e-01	8.843417e-02	9.448021e-05	1.069326e-03	2.653025e-05	9.448021e-07	1.131799e+03	2.808022e+01
17:35:22	3.379100e+00	4.115744e-01	9.447473e+00	3.564290e-01	8.815196e-02	9.447473e-05	1.069287e-03	2.644559e-05	9.447473e-07	1.131823e+03	2.799223e+01
17:35:23	3.377300e+00	4.113551e-01	9.444589e+00	3.561663e-01	8.745128e-02	9.444589e-05	1.068499e-03	2.623538e-05	9.444589e-07	1.131334e+03	2.777822e+01
17:35:23	3.373900e+00	4.109410e-01	9.447382e+00	3.556797e-01	8.868395e-02	9.447382e-05	1.067039e-03	2.660518e-05	9.447382e-07	1.129455e+03	2.816143e+01
17:35:24	3.366200e+00	4.100032e-01	9.443392e+00	3.544665e-01	8.809681e-02	9.443392e-05	1.063399e-03	2.642904e-05	9.443392e-07	1.126078e+03	2.798681e+01
17:35:24	3.362600e+00	4.095647e-01	9.446633e+00	3.541096e-01	8.811303e-02	9.446633e-05	1.062329e-03	2.643391e-05	9.446633e-07	1.124558e+03	2.798236e+01
17:35:25	3.359300e+00	4.091627e-01	9.444975e+00	3.538145e-01	8.885587e-02	9.444975e-05	1.061443e-03	2.665676e-05	9.444975e-07	1.123818e+03	2.822322e+01
17:35:26	3.352700e+00	4.083589e-01	9.451272e+00	3.536458e-01	8.955330e-02	9.451272e-05	1.060937e-03	2.686599e-05	9.451272e-07	1.122534e+03	2.842579e+01
17:35:26	3.348400e+00	4.078351e-01	9.472413e+00	3.529808e-01	9.055890e-02	9.472413e-05	1.058942e-03	2.716767e-05	9.472413e-07	1.117922e+03	2.868083e+01
17:35:26	3.344800e+00	4.073966e-01	9.480747e+00	3.529321e-01	9.180130e-02	9.480747e-05	1.058796e-03	2.754039e-05	9.480747e-07	1.116786e+03	2.904876e+01
17:35:27	3.341400e+00	4.069825e-01	9.482716e+00	3.532857e-01	9.126282e-02	9.482716e-05	1.059857e-03	2.737885e-05	9.482716e-07	1.117673e+03	2.887237e+01
17:35:27	3.339500e+00	4.067511e-01	9.484380e+00	3.532176e-01	9.181752e-02	9.484380e-05	1.059653e-03	2.754526e-05	9.484380e-07	1.117261e+03	2.904276e+01
17:35:27	3.337300e+00	4.064831e-01	9.484662e+00	3.525850e-01	9.124335e-02	9.484662e-05	1.057755e-03	2.737301e-05	9.484662e-07	1.115227e+03	2.886029e+01
17:35:28	3.334500e+00	4.061421e-01	9.494644e+00	3.513686e-01	9.124660e-02	9.494644e-05	1.054106e-03	2.737398e-05	9.494644e-07	1.110211e+03	2.883097e+01
17:35:28	3.330000e+00	4.055940e-01	9.498252e+00	3.512713e-01	9.067892e-02	9.498252e-05	1.053814e-03	2.720368e-05	9.498252e-07	1.109482e+03	2.864072e+01
17:35:29	3.327600e+00	4.053017e-01	9.495559e+00	3.506355e-01	9.148340e-02	9.495559e-05	1.051906e-03	2.744502e-05	9.495559e-07	1.107788e+03	2.890301e+01
17:35:29	3.324000e+00	4.048632e-01	9.470879e+00	3.502819e-01	8.995879e-02	9.470879e-05	1.050846e-03	2.698764e-05	9.470879e-07	1.109555e+03	2.849539e+01
17:35:29	3.321800e+00	4.045952e-01	9.463518e+00	3.501716e-01	8.860285e-02	9.463518e-05	1.050515e-03	2.658086e-05	9.463518e-07	1.110068e+03	2.808771e+01
17:35:30	3.319700e+00	4.043395e-01	9.455447e+00	3.497369e-01	8.844715e-02	9.455447e-05	1.049211e-03	2.653414e-05	9.455447e-07	1.109636e+03	2.806228e+01
17:35:30	3.318300e+00	4.041689e-01	9.451402e+00	3.496072e-01	8.817791e-02	9.451402e-05	1.048821e-03	2.645337e-05	9.451402e-07	1.109699e+03	2.798883e+01
17:35:30	3.315100e+00	4.037792e-01	9.449170e+00	3.497175e-01	8.836929e-02	9.449170e-05	1.049152e-03	2.651079e-05	9.449170e-07	1.110312e+03	2.805621e+01
17:35:30	3.313700e+00	4.036087e-01	9.446922e+00	3.487702e-01	8.861907e-02	9.446922e-05	1.046311e-03	2.658572e-05	9.446922e-07	1.107568e+03	2.814221e+01
17:35:31	3.310000e+00	4.031580e-01	9.443168e+00	3.490752e-01	8.875856e-02	9.443168e-05	1.047226e-03	2.662757e-05	9.443168e-07	1.108977e+03	2.819770e+01
17:35:31	3.308400e+00	4.029631e-01	9.444239e+00	3.491920e-01	8.938138e-02	9.444239e-05	1.047576e-03	2.681441e-05	9.444239e-07	1.109222e+03	2.839235e+01
17:35:31	3.305400e+00	4.025977e-01	9.463687e+00	3.488189e-01	9.039346e-02	9.463687e-05	1.046457e-03	2.711804e-05	9.463687e-07	1.105760e+03	2.865484e+01
17:35:32	3.303400e+00	4.023541e-01	9.487472e+00	3.476544e-01	9.148989e-02	9.487472e-05	1.042963e-03	2.744697e-05	9.487472e-07	1.099306e+03	2.892969e+01
17:35:32	3.299900e+00	4.019278e-01	9.489976e+00	3.476836e-01	9.216137e-02	9.489976e-05	1.043051e-03	2.764841e-05	9.489976e-07	1.099108e+03	2.913433e+01
17:35:32	3.296500e+00	4.015137e-01	9.491650e+00	3.466877e-01	9.237871e-02	9.491650e-05	1.040063e-03	2.771361e-05	9.491650e-07	1.095766e+03	2.919789e+01
17:35:33	3.293500e+00	4.011483e-01	9.496179e+00	3.458637e-01	9.210946e-02	9.496179e-05	1.037591e-03	2.763284e-05	9.496179e-07	1.092641e+03	2.909890e+01
17:35:33	3.290300e+00	4.007585e-01	9.469909e+00	3.458183e-01	9.093843e-02	9.469909e-05	1.037455e-03	2.728153e-05	9.469909e-07	1.095528e+03	2.880865e+01
17:35:33	3.288200e+00	4.005028e-01	9.462522e+00	3.453642e-01	8.924514e-02	9.462522e-05	1.036093e-03	2.677354e-05	9.462522e-07	1.094943e+03	2.829430e+01
17:35:34	3.286400e+00	4.002835e-01	9.458055e+00	3.456302e-01	8.918675e-02	9.458055e-05	1.036891e-03	2.675602e-05	9.458055e-07	1.096304e+03	2.828914e+01
17:35:34	3.284000e+00	3.999912e-01	9.450857e+00	3.457762e-01	8.845363e-02	9.450857e-05	1.037328e-03	2.653609e-05	9.450857e-07	1.097603e+03	2.807797e+01
17:35:34	3.282400e+00	3.997963e-01	9.450591e+00	3.452539e-01	8.864827e-02	9.450591e-05	1.035762e-03	2.659448e-05	9.450591e-07	1.095976e+03	2.814055e+01
17:35:34	3.280800e+00	3.996014e-01	9.451304e+00	3.449425e-01	8.864827e-02	9.451304e-05	1.034827e-03	2.659448e-05	9.451304e-07	1.094904e+03	2.813842e+01
17:35:35	3.278500e+00	3.993213e-01	9.447013e+00	3.447608e-01	8.892399e-02	9.447013e-05	1.034283e-03	2.667720e-05	9.447013e-07	1.094825e+03	2.823877e+01
17:35:35	3.277100e+00	3.991508e-01	9.450818e+00	3.447576e-01	8.922243e-02	9.450818e-05	1.034273e-03	2.676673e-05	9.450818e-07	1.094374e+03	2.832213e+01
17:35:35	3.274900e+00	3.988828e-01	9.479826e+00	3.444527e-01	9.096114e-02	9.479826e-05	1.033358e-03	2.728834e-05	9.479826e-07	1.090060e+03	2.878570e+01
17:35:35	3.271900e+00	3.985174e-01	9.481814e+00	3.435898e-01	9.188564e-02	9.481814e-05	1.030769e-03	2.756569e-05	9.481814e-07	1.087101e+03	2.907217e+01
17:35:36	3.268400e+00	3.980911e-01	9.491501e+00	3.435866e-01	9.169425e-02	9.491501e-05	1.030760e-03	2.750828e-05	9.491501e-07	1.085982e+03	2.898201e+01
17:35:36	3.265000e+00	3.976770e-01	9.495345e+00	3.433303e-01	9.090275e-02	9.495345e-05	1.029991e-03	2.727082e-05	9.495345e-07	1.084732e+03	2.872020e+01
17:35:37	3.261200e+00	3.972142e-01	9.465422e+00	3.430675e-01	8.856068e-02	9.465422e-05	1.029203e-03	2.656820e-05	9.465422e-07	1.087329e+03	2.806869e+01
17:35:37	3.259300e+00	3.969827e-01	9.454999e+00	3.428502e-01	8.874883e-02	9.454999e-05	1.028551e-03	2.662465e-05	9.454999e-07	1.087838e+03	2.815933e+01
17:35:37	3.257700e+00	3.967879e-01	9.454114e+00	3.426134e-01	8.833361e-02	9.454114e-05	1.027840e-03	2.650008e-05	9.454114e-07	1.087188e+03	2.803021e+01
17:35:37	3.255500e+00	3.965199e-01	9.451068e+00	3.426426e-01	8.856068e-02	9.451068e-05	1.027928e-03	2.656820e-05	9.451068e-07	1.087631e+03	2.811133e+01
17:35:38	3.254100e+00	3.963494e-01	9.448661e+00	3.420782e-01	8.915431e-02	9.448661e-05	1.026234e-03	2.674629e-05	9.448661e-07	1.086116e+03	2.830697e+01
17:35:38	3.251300e+00	3.960083e-01	9.463164e+00	3.418316e-01	8.928731e-02	9.463164e-05	1.025495e-03	2.678619e-05	9.463164e-07	1.083670e+03	2.830574e+01
17:35:38	3.248600e+00	3.956795e-01	9.486528e+00	3.415981e-01	9.057836e-02	9.486528e-05	1.024794e-03	2.717351e-05	9.486528e-07	1.080263e+03	2.864432e+01
17:35:39	3.245200e+00	3.952654e-01	9.497658e+00	3.410953e-01	9.152881e-02	9.497658e-05	1.023286e-03	2.745864e-05	9.497658e-07	1.077409e+03	2.891096e+01
17:35:39	3.241800e+00	3.948512e-01	9.500045e+00	3.412380e-01	9.176886e-02	9.500045e-05	1.023714e-03	2.753066e-05	9.500045e-07	1.077589e+03	2.897950e+01
17:35:39	3.239600e+00	3.945833e-01	9.482654e+00	3.409947e-01	9.031237e-02	9.482654e-05	1.022984e-03	2.709371e-05	9.482654e-07	1.078795e+03	2.857186e+01
17:35:40	3.238300e+00	3.944249e-01	9.472351e+00	3.406995e-01	8.945923e-02	9.472351e-05	1.022099e-03	2.683777e-05	9.472351e-07	1.079034e+03	2.833274e+01
17:35:40	3.235900e+00	3.941326e-01	9.462989e+00	3.398172e-01	8.888507e-02	9.462989e-05	1.019452e-03	2.666552e-05	9.462989e-07	1.077304e+03	2.817875e+01
17:35:40	3.233100e+00	3.937916e-01	9.458989e+00	3.397134e-01	8.881370e-02	9.458989e-05	1.019140e-03	2.664411e-05	9.458989e-07	1.077430e+03	2.816803e+01
17:35:40	3.230900e+00	3.935236e-01	9.456994e+00	3.404724e-01	8.948194e-02	9.456994e-05	1.021417e-03	2.684458e-05	9.456994e-07	1.080066e+03	2.838595e+01
17:35:41	3.229200e+00	3.933166e-01	9.465854e+00	3.403557e-01	9.011125e-02	9.465854e-05	1.021067e-03	2.703337e-05	9.465854e-07	1.078685e+03	2.855883e+01
17:35:41	3.227000e+00	3.930486e-01	9.495647e+00	3.397426e-01	9.180130e-02	9.495647e-05	1.019228e-03	2.754039e-05	9.495647e-07	1.073363e+03	2.900317e+01
17:35:41	3.224400e+00	3.927319e-01	9.505382e+00	3.395836e-01	9.235275e-02	9.505382e-05	1.018751e-03	2.770583e-05	9.505382e-07	1.071762e+03	2.914752e+01
17:35:42	3.220800e+00	3.922934e-01	9.511386e+00	3.386818e-01	9.192781e-02	9.511386e-05	1.016046e-03	2.757834e-05	9.511386e-07	1.068241e+03	2.899508e+01
17:35:42	3.217900e+00	3.919402e-01	9.498443e+00	3.380817e-01	9.069514e-02	9.498443e-05	1.014245e-03	2.720854e-05	9.498443e-07	1.067802e+03	2.864527e+01
17:35:43	3.215100e+00	3.915992e-01	9.474866e+00	3.382861e-01	8.934894e-02	9.474866e-05	1.014858e-03	2.680468e-05	9.474866e-07	1.071106e+03	2.829030e+01
17:35:43	3.212500e+00	3.912825e-01	9.473104e+00	3.373324e-01	8.957601e-02	9.473104e-05	1.011997e-03	2.687280e-05	9.473104e-07	1.068285e+03	2.836747e+01
17:35:43	3.210500e+00	3.910389e-01	9.460485e+00	3.370794e-01	8.990688e-02	9.460485e-05	1.011238e-03	2.697207e-05	9.460485e-07	1.068907e+03	2.851024e+01
17:35:43	3.208600e+00	3.908075e-01	9.458649e+00	3.377314e-01	8.939435e-02	9.458649e-05	1.013194e-03	2.681831e-05	9.458649e-07	1.071183e+03	2.835321e+01
17:35:44	3.207000e+00	3.906126e-01	9.478797e+00	3.372059e-01	8.955330e-02	9.478797e-05	1.011618e-03	2.686599e-05	9.478797e-07	1.067243e+03	2.834325e+01
17:35:44	3.203200e+00	3.901498e-01	9.505080e+00	3.365474e-01	9.154828e-02	9.505080e-05	1.009642e-03	2.746448e-05	9.505080e-07	1.062213e+03	2.889453e+01
17:35:44	3.199800e+00	3.897356e-01	9.510987e+00	3.362489e-01	9.154503e-02	9.510987e-05	1.008747e-03	2.746351e-05	9.510987e-07	1.060612e+03	2.887556e+01
17:35:45	3.196300e+00	3.893093e-01	9.521180e+00	3.360543e-01	9.198295e-02	9.521180e-05	1.008163e-03	2.759489e-05	9.521180e-07	1.058863e+03	2.898263e+01
17:35:45	3.193500e+00	3.889683e-01	9.497178e+00	3.358305e-01	9.023127e-02	9.497178e-05	1.007491e-03	2.706938e-05	9.497178e-07	1.060832e+03	2.850255e+01
17:35:45	3.191300e+00	3.887003e-01	9.477899e+00	3.356586e-01	8.920297e-02	9.477899e-05	1.006976e-03	2.676089e-05	9.477899e-07	1.062446e+03	2.823505e+01
17:35:46	3.189500e+00	3.884811e-01	9.473029e+00	3.359797e-01	8.933596e-02	9.473029e-05	1.007939e-03	2.680079e-05	9.473029e-07	1.064009e+03	2.829168e+01
17:35:46	3.188200e+00	3.883228e-01	9.465623e+00	3.355677e-01	8.858339e-02	9.465623e-05	1.006703e-03	2.657502e-05	9.465623e-07	1.063536e+03	2.807529e+01
17:35:46	3.186400e+00	3.881035e-01	9.460219e+00	3.358727e-01	8.887858e-02	9.460219e-05	1.007618e-03	2.666357e-05	9.460219e-07	1.065111e+03	2.818494e+01
17:35:46	3.184400e+00	3.878599e-01	9.463739e+00	3.354931e-01	8.891426e-02	9.463739e-05	1.006479e-03	2.667428e-05	9.463739e-07	1.063511e+03	2.818577e+01
17:35:47	3.182600e+00	3.876407e-01	9.489107e+00	3.347438e-01	9.027344e-02	9.489107e-05	1.004231e-03	2.708203e-05	9.489107e-07	1.058299e+03	2.854013e+01
17:35:47	3.179600e+00	3.872753e-01	9.504616e+00	3.347989e-01	9.141528e-02	9.504616e-05	1.004397e-03	2.742458e-05	9.504616e-07	1.056746e+03	2.885396e+01
17:35:47	3.176100e+00	3.868490e-01	9.515935e+00	3.339718e-01	9.131796e-02	9.515935e-05	1.001915e-03	2.739539e-05	9.515935e-07	1.052882e+03	2.878896e+01
17:35:48	3.172500e+00	3.864105e-01	9.500678e+00	3.338258e-01	9.064000e-02	9.500678e-05	1.001477e-03	2.719200e-05	9.500678e-07	1.054111e+03	2.862111e+01
17:35:48	3.170700e+00	3.861913e-01	9.477321e+00	3.340269e-01	8.924514e-02	9.477321e-05	1.002081e-03	2.677354e-05	9.477321e-07	1.057346e+03	2.825011e+01
17:35:48	3.169300e+00	3.860207e-01	9.474846e+00	3.338323e-01	8.834659e-02	9.474846e-05	1.001497e-03	2.650398e-05	9.474846e-07	1.057006e+03	2.797299e+01
17:35:49	3.167000e+00	3.857406e-01	9.467855e+00	3.334949e-01	8.886885e-02	9.467855e-05	1.000485e-03	2.666065e-05	9.467855e-07	1.056717e+03	2.815913e+01
17:35:49	3.165400e+00	3.855457e-01	9.470697e+00	3.334398e-01	8.926136e-02	9.470697e-05	1.000319e-03	2.677841e-05	9.470697e-07	1.056226e+03	2.827501e+01
17:35:49	3.163600e+00	3.853265e-01	9.458886e+00	3.339101e-01	8.846661e-02	9.458886e-05	1.001730e-03	2.653998e-05	9.458886e-07	1.059036e+03	2.805826e+01
17:35:49	3.161600e+00	3.850829e-01	9.474609e+00	3.326677e-01	8.904077e-02	9.474609e-05	9.980032e-04	2.671223e-05	9.474609e-07	1.053345e+03	2.819349e+01
17:35:50	3.159400e+00	3.848149e-01	9.496685e+00	3.324342e-01	9.138608e-02	9.496685e-05	9.973025e-04	2.741583e-05	9.496685e-07	1.050159e+03	2.886884e+01
17:35:50	3.156700e+00	3.844861e-01	9.510556e+00	3.319768e-01	9.155476e-02	9.510556e-05	9.959303e-04	2.746643e-05	9.510556e-07	1.047184e+03	2.887994e+01
17:35:50	3.152900e+00	3.840232e-01	9.514494e+00	3.319573e-01	9.192132e-02	9.514494e-05	9.958719e-04	2.757640e-05	9.514494e-07	1.046689e+03	2.898357e+01
17:35:51	3.149900e+00	3.836578e-01	9.503442e+00	3.319054e-01	9.130823e-02	9.503442e-05	9.957162e-04	2.739247e-05	9.503442e-07	1.047743e+03	2.882374e+01
17:35:51	3.148200e+00	3.834508e-01	9.483890e+00	3.314351e-01	8.938787e-02	9.483890e-05	9.943052e-04	2.681636e-05	9.483890e-07	1.048415e+03	2.827570e+01
17:35:51	3.146400e+00	3.832315e-01	9.475907e+00	3.316491e-01	8.882992e-02	9.475907e-05	9.949474e-04	2.664898e-05	9.475907e-07	1.049976e+03	2.812288e+01
17:35:51	3.144000e+00	3.829392e-01	9.466649e+00	3.310847e-01	8.863853e-02	9.466649e-05	9.932541e-04	2.659156e-05	9.466649e-07	1.049214e+03	2.808973e+01
17:35:52	3.142200e+00	3.827200e-01	9.466772e+00	3.309420e-01	8.907321e-02	9.466772e-05	9.928259e-04	2.672196e-05	9.466772e-07	1.048748e+03	2.822711e+01
17:35:52	3.140600e+00	3.825251e-01	9.462295e+00	3.304295e-01	8.888182e-02	9.462295e-05	9.912884e-04	2.666455e-05	9.462295e-07	1.047619e+03	2.817979e+01
17:35:52	3.138500e+00	3.822693e-01	9.472394e+00	3.299753e-01	8.929379e-02	9.472394e-05	9.899259e-04	2.678814e-05	9.472394e-07	1.045064e+03	2.828022e+01
17:35:53	3.134900e+00	3.818308e-01	9.500714e+00	3.296639e-01	9.154503e-02	9.500714e-05	9.889917e-04	2.746351e-05	9.500714e-07	1.040966e+03	2.890679e+01
17:35:53	3.132100e+00	3.814898e-01	9.505937e+00	3.291416e-01	9.141204e-02	9.505937e-05	9.874249e-04	2.742361e-05	9.505937e-07	1.038746e+03	2.884893e+01
17:35:53	3.129100e+00	3.811244e-01	9.512480e+00	3.292260e-01	9.196998e-02	9.512480e-05	9.876779e-04	2.759099e-05	9.512480e-07	1.038297e+03	2.900505e+01
17:35:54	3.126200e+00	3.807712e-01	9.480689e+00	3.286324e-01	8.959547e-02	9.480689e-05	9.858971e-04	2.687864e-05	9.480689e-07	1.039900e+03	2.835094e+01
17:35:54	3.124000e+00	3.805032e-01	9.476361e+00	3.286032e-01	8.974469e-02	9.476361e-05	9.858095e-04	2.692341e-05	9.476361e-07	1.040283e+03	2.841112e+01
17:35:54	3.122600e+00	3.803327e-01	9.469263e+00	3.287232e-01	8.908294e-02	9.469263e-05	9.861695e-04	2.672488e-05	9.469263e-07	1.041443e+03	2.822277e+01
17:35:55	3.120600e+00	3.800891e-01	9.468163e+00	3.279803e-01	8.936192e-02	9.468163e-05	9.839410e-04	2.680857e-05	9.468163e-07	1.039210e+03	2.831444e+01
17:35:55	3.118700e+00	3.798577e-01	9.458568e+00	3.278214e-01	9.003664e-02	9.458568e-05	9.834642e-04	2.701099e-05	9.458568e-07	1.039760e+03	2.855717e+01
17:35:55	3.117300e+00	3.796871e-01	9.459765e+00	3.274808e-01	8.958574e-02	9.459765e-05	9.824423e-04	2.687572e-05	9.459765e-07	1.038548e+03	2.841056e+01
17:35:55	3.115300e+00	3.794435e-01	9.490862e+00	3.267963e-01	9.026695e-02	9.490862e-05	9.803890e-04	2.708009e-05	9.490862e-07	1.032982e+03	2.853280e+01
17:35:56	3.112100e+00	3.790538e-01	9.501395e+00	3.272213e-01	9.179157e-02	9.501395e-05	9.816638e-04	2.753747e-05	9.501395e-07	1.033179e+03	2.898255e+01
17:35:56	3.110300e+00	3.788345e-01	9.509927e+00	3.263584e-01	9.120118e-02	9.509927e-05	9.790752e-04	2.736036e-05	9.509927e-07	1.029530e+03	2.877031e+01
17:35:56	3.106800e+00	3.784082e-01	9.516123e+00	3.266017e-01	9.172669e-02	9.516123e-05	9.798051e-04	2.751801e-05	9.516123e-07	1.029626e+03	2.891725e+01
17:35:57	3.105800e+00	3.782864e-01	9.492315e+00	3.259075e-01	9.071461e-02	9.492315e-05	9.777225e-04	2.721438e-05	9.492315e-07	1.030015e+03	2.866991e+01
17:35:57	3.103800e+00	3.780428e-01	9.477010e+00	3.262611e-01	8.915755e-02	9.477010e-05	9.787833e-04	2.674727e-05	9.477010e-07	1.032798e+03	2.822332e+01
17:35:57	3.102000e+00	3.778236e-01	9.505226e+00	3.263487e-01	8.934570e-02	9.505226e-05	9.790460e-04	2.680371e-05	9.505226e-07	1.030008e+03	2.819892e+01
17:35:57	3.100000e+00	3.775800e-01	9.467190e+00	3.262059e-01	8.876829e-02	9.467190e-05	9.786178e-04	2.663049e-05	9.467190e-07	1.033694e+03	2.812924e+01
17:35:57	3.098600e+00	3.774095e-01	9.461351e+00	3.256869e-01	8.907970e-02	9.461351e-05	9.770608e-04	2.672391e-05	9.461351e-07	1.032686e+03	2.824534e+01
17:35:58	3.096700e+00	3.771781e-01	9.459826e+00	3.256512e-01	8.878775e-02	9.459826e-05	9.769537e-04	2.663633e-05	9.459826e-07	1.032740e+03	2.815731e+01
17:35:58	3.094700e+00	3.769345e-01	9.471690e+00	3.253528e-01	8.945923e-02	9.471690e-05	9.760584e-04	2.683777e-05	9.471690e-07	1.030501e+03	2.833472e+01
17:35:58	3.092900e+00	3.767152e-01	9.493613e+00	3.251517e-01	9.074704e-02	9.493613e-05	9.754551e-04	2.722411e-05	9.493613e-07	1.027486e+03	2.867624e+01
17:35:58	3.090300e+00	3.763985e-01	9.503912e+00	3.246813e-01	9.106170e-02	9.503912e-05	9.740440e-04	2.731851e-05	9.503912e-07	1.024887e+03	2.874449e+01
17:35:59	3.087600e+00	3.760697e-01	9.515133e+00	3.243991e-01	9.186942e-02	9.515133e-05	9.731973e-04	2.756083e-05	9.515133e-07	1.022789e+03	2.896525e+01
17:35:59	3.084000e+00	3.756312e-01	9.513216e+00	3.236757e-01	9.201539e-02	9.513216e-05	9.710272e-04	2.760462e-05	9.513216e-07	1.020714e+03	2.901712e+01
17:36:00	3.080800e+00	3.752414e-01	9.473938e+00	3.232865e-01	8.811952e-02	9.473938e-05	9.698594e-04	2.643586e-05	9.473938e-07	1.023713e+03	2.790377e+01
17:36:00	3.079600e+00	3.750953e-01	9.469305e+00	3.231437e-01	8.884939e-02	9.469305e-05	9.694312e-04	2.665482e-05	9.469305e-07	1.023762e+03	2.814865e+01
17:36:00	3.078300e+00	3.749369e-01	9.466992e+00	3.242239e-01	8.892075e-02	9.466992e-05	9.726718e-04	2.667623e-05	9.466992e-07	1.027435e+03	2.817814e+01
17:36:00	3.075300e+00	3.745715e-01	9.461014e+00	3.233189e-01	8.861258e-02	9.461014e-05	9.699567e-04	2.658378e-05	9.461014e-07	1.025214e+03	2.809823e+01
17:36:01	3.073700e+00	3.743767e-01	9.458467e+00	3.226766e-01	8.897590e-02	9.458467e-05	9.680299e-04	2.669277e-05	9.458467e-07	1.023453e+03	2.822103e+01
17:36:01	3.072300e+00	3.742061e-01	9.478148e+00	3.223198e-01	9.012098e-02	9.478148e-05	9.669594e-04	2.703629e-05	9.478148e-07	1.020199e+03	2.852487e+01
17:36:01	3.068900e+00	3.737920e-01	9.505933e+00	3.218981e-01	9.181103e-02	9.505933e-05	9.656943e-04	2.754331e-05	9.505933e-07	1.015886e+03	2.897486e+01
17:36:02	3.066000e+00	3.734388e-01	9.510524e+00	3.215997e-01	9.172993e-02	9.510524e-05	9.647990e-04	2.751898e-05	9.510524e-07	1.014454e+03	2.893529e+01
17:36:02	3.062600e+00	3.730247e-01	9.513725e+00	3.215218e-01	9.215164e-02	9.513725e-05	9.645654e-04	2.764549e-05	9.513725e-07	1.013867e+03	2.905853e+01
17:36:03	3.059200e+00	3.726106e-01	9.478002e+00	3.213174e-01	8.994581e-02	9.478002e-05	9.639523e-04	2.698374e-05	9.478002e-07	1.017042e+03	2.846986e+01
17:36:03	3.057700e+00	3.724279e-01	9.476475e+00	3.208828e-01	8.935543e-02	9.476475e-05	9.626483e-04	2.680663e-05	9.476475e-07	1.015830e+03	2.828755e+01
17:36:03	3.056100e+00	3.722330e-01	9.472144e+00	3.205973e-01	8.977713e-02	9.472144e-05	9.617919e-04	2.693314e-05	9.472144e-07	1.015390e+03	2.843405e+01
17:36:03	3.054100e+00	3.719894e-01	9.468910e+00	3.208698e-01	8.889480e-02	9.468910e-05	9.626094e-04	2.666844e-05	9.468910e-07	1.016600e+03	2.816421e+01
17:36:04	3.052500e+00	3.717945e-01	9.462798e+00	3.207757e-01	8.903753e-02	9.462798e-05	9.623272e-04	2.671126e-05	9.462798e-07	1.016958e+03	2.822765e+01
17:36:04	3.050700e+00	3.715753e-01	9.465902e+00	3.199485e-01	8.887858e-02	9.465902e-05	9.598456e-04	2.666357e-05	9.465902e-07	1.014003e+03	2.816802e+01
17:36:04	3.048900e+00	3.713560e-01	9.484160e+00	3.198188e-01	9.006259e-02	9.484160e-05	9.594563e-04	2.701878e-05	9.484160e-07	1.011641e+03	2.848832e+01
17:36:04	3.046000e+00	3.710028e-01	9.498797e+00	3.197734e-01	9.157747e-02	9.498797e-05	9.593201e-04	2.747324e-05	9.498797e-07	1.009939e+03	2.892287e+01
17:36:05	3.043200e+00	3.706618e-01	9.506115e+00	3.192187e-01	9.143799e-02	9.506115e-05	9.576560e-04	2.743140e-05	9.506115e-07	1.007410e+03	2.885658e+01
17:36:05	3.040400e+00	3.703207e-01	9.511124e+00	3.197020e-01	9.151908e-02	9.511124e-05	9.591060e-04	2.745572e-05	9.511124e-07	1.008405e+03	2.886696e+01
17:36:05	3.038600e+00	3.701015e-01	9.511763e+00	3.190078e-01	9.116550e-02	9.511763e-05	9.570234e-04	2.734965e-05	9.511763e-07	1.006147e+03	2.875350e+01
17:36:06	3.035500e+00	3.697239e-01	9.484250e+00	3.189527e-01	8.948194e-02	9.484250e-05	9.568580e-04	2.684458e-05	9.484250e-07	1.008892e+03	2.830438e+01
17:36:06	3.033900e+00	3.695290e-01	9.473474e+00	3.183558e-01	8.891751e-02	9.473474e-05	9.550674e-04	2.667525e-05	9.473474e-07	1.008149e+03	2.815784e+01
17:36:06	3.032500e+00	3.693585e-01	9.474522e+00	3.186802e-01	8.850554e-02	9.474522e-05	9.560406e-04	2.655166e-05	9.474522e-07	1.009065e+03	2.802428e+01
17:36:06	3.030100e+00	3.690662e-01	9.473617e+00	3.181709e-01	8.793786e-02	9.473617e-05	9.545127e-04	2.638136e-05	9.473617e-07	1.007548e+03	2.784719e+01
17:36:07	3.028300e+00	3.688469e-01	9.472332e+00	3.185699e-01	8.851202e-02	9.472332e-05	9.557097e-04	2.655361e-05	9.472332e-07	1.008949e+03	2.803281e+01
17:36:07	3.027000e+00	3.686886e-01	9.466739e+00	3.183493e-01	8.892075e-02	9.466739e-05	9.550479e-04	2.667623e-05	9.466739e-07	1.008846e+03	2.817889e+01
17:36:07	3.024800e+00	3.684206e-01	9.460456e+00	3.172399e-01	8.825252e-02	9.460456e-05	9.517197e-04	2.647575e-05	9.460456e-07	1.005998e+03	2.798571e+01
17:36:08	3.022400e+00	3.681283e-01	9.461799e+00	3.175286e-01	8.849580e-02	9.461799e-05	9.525858e-04	2.654874e-05	9.461799e-07	1.006770e+03	2.805887e+01
17:36:08	3.020400e+00	3.678847e-01	9.475904e+00	3.171458e-01	8.901482e-02	9.475904e-05	9.514375e-04	2.670445e-05	9.475904e-07	1.004060e+03	2.818142e+01
17:36:08	3.016700e+00	3.674341e-01	9.494381e+00	3.166949e-01	9.079570e-02	9.494381e-05	9.500848e-04	2.723871e-05	9.494381e-07	1.000681e+03	2.868929e+01
17:36:09	3.013900e+00	3.670930e-01	9.494437e+00	3.156374e-01	9.094168e-02	9.494437e-05	9.469123e-04	2.728250e-05	9.494437e-07	9.973339e+02	2.873525e+01
17:36:09	3.010900e+00	3.667276e-01	9.499309e+00	3.161597e-01	9.119470e-02	9.499309e-05	9.484791e-04	2.735841e-05	9.499309e-07	9.984717e+02	2.880042e+01
17:36:09	3.008700e+00	3.664597e-01	9.498229e+00	3.158872e-01	9.118496e-02	9.498229e-05	9.476617e-04	2.735549e-05	9.498229e-07	9.977246e+02	2.880062e+01
17:36:10	3.007400e+00	3.663013e-01	9.493467e+00	3.150957e-01	9.045510e-02	9.493467e-05	9.452872e-04	2.713653e-05	9.493467e-07	9.957239e+02	2.858443e+01
17:36:10	3.003600e+00	3.658385e-01	9.497061e+00	3.153585e-01	9.073407e-02	9.497061e-05	9.460754e-04	2.722022e-05	9.497061e-07	9.961770e+02	2.866173e+01
17:36:10	3.001800e+00	3.656192e-01	9.497823e+00	3.149238e-01	9.127904e-02	9.497823e-05	9.447714e-04	2.738371e-05	9.497823e-07	9.947241e+02	2.883157e+01
17:36:11	2.999200e+00	3.653026e-01	9.497162e+00	3.146740e-01	9.084436e-02	9.497162e-05	9.440220e-04	2.725331e-05	9.497162e-07	9.940044e+02	2.869627e+01
17:36:11	2.996700e+00	3.649981e-01	9.501466e+00	3.146481e-01	8.956952e-02	9.501466e-05	9.439442e-04	2.687086e-05	9.501466e-07	9.934721e+02	2.828075e+01
17:36:12	2.992700e+00	3.645109e-01	9.500594e+00	3.142296e-01	9.074704e-02	9.500594e-05	9.426888e-04	2.722411e-05	9.500594e-07	9.922420e+02	2.865517e+01
17:36:12	2.990100e+00	3.641942e-01	9.498268e+00	3.144080e-01	9.080543e-02	9.498268e-05	9.432241e-04	2.724163e-05	9.498268e-07	9.930485e+02	2.868063e+01
17:36:12	2.989100e+00	3.640724e-01	9.502842e+00	3.134608e-01	9.085733e-02	9.502842e-05	9.403824e-04	2.725720e-05	9.502842e-07	9.895802e+02	2.868321e+01
17:36:13	2.985400e+00	3.636217e-01	9.492283e+00	3.137625e-01	9.028642e-02	9.492283e-05	9.412875e-04	2.708592e-05	9.492283e-07	9.916345e+02	2.853468e+01
17:36:13	2.983000e+00	3.633294e-01	9.492730e+00	3.131105e-01	8.968955e-02	9.492730e-05	9.393314e-04	2.690686e-05	9.492730e-07	9.895271e+02	2.834470e+01
17:36:13	2.980400e+00	3.630127e-01	9.484825e+00	3.136587e-01	8.981930e-02	9.484825e-05	9.409761e-04	2.694579e-05	9.484825e-07	9.920859e+02	2.840937e+01
17:36:13	2.978600e+00	3.627935e-01	9.484354e+00	3.130164e-01	8.988418e-02	9.484354e-05	9.390492e-04	2.696525e-05	9.484354e-07	9.901035e+02	2.843130e+01
17:36:14	2.977100e+00	3.626108e-01	9.478259e+00	3.129061e-01	8.967333e-02	9.478259e-05	9.387183e-04	2.690200e-05	9.478259e-07	9.903911e+02	2.838285e+01
17:36:14	2.975100e+00	3.623672e-01	9.478768e+00	3.129094e-01	8.902780e-02	9.478768e-05	9.387281e-04	2.670834e-05	9.478768e-07	9.903482e+02	2.817702e+01
17:36:14	2.974300e+00	3.622697e-01	9.481441e+00	3.125233e-01	8.935543e-02	9.481441e-05	9.375700e-04	2.680663e-05	9.481441e-07	9.888476e+02	2.827274e+01
17:36:15	2.970500e+00	3.618069e-01	9.478875e+00	3.117351e-01	8.912511e-02	9.478875e-05	9.352052e-04	2.673753e-05	9.478875e-07	9.866205e+02	2.820750e+01
17:36:15	2.967400e+00	3.614293e-01	9.476423e+00	3.117351e-01	8.904077e-02	9.476423e-05	9.352052e-04	2.671223e-05	9.476423e-07	9.868758e+02	2.818810e+01
17:36:15	2.965000e+00	3.611370e-01	9.473909e+00	3.112777e-01	8.935543e-02	9.473909e-05	9.338331e-04	2.680663e-05	9.473909e-07	9.856893e+02	2.829522e+01
17:36:16	2.962600e+00	3.608447e-01	9.468378e+00	3.113458e-01	8.898563e-02	9.468378e-05	9.340374e-04	2.669569e-05	9.468378e-07	9.864810e+02	2.819458e+01
17:36:16	2.960600e+00	3.606011e-01	9.468533e+00	3.113328e-01	8.849256e-02	9.468533e-05	9.339985e-04	2.654777e-05	9.468533e-07	9.864236e+02	2.803789e+01
17:36:16	2.958800e+00	3.603818e-01	9.469957e+00	3.102494e-01	8.901807e-02	9.469957e-05	9.307482e-04	2.670542e-05	9.469957e-07	9.828430e+02	2.820015e+01
17:36:17	2.956300e+00	3.600773e-01	9.471021e+00	3.105413e-01	8.939435e-02	9.471021e-05	9.316240e-04	2.681831e-05	9.471021e-07	9.836574e+02	2.831617e+01
17:36:17	2.953900e+00	3.597850e-01	9.472222e+00	3.100775e-01	8.950789e-02	9.472222e-05	9.302324e-04	2.685237e-05	9.472222e-07	9.820636e+02	2.834854e+01
17:36:17	2.951700e+00	3.595171e-01	9.478963e+00	3.096655e-01	8.973820e-02	9.478963e-05	9.289965e-04	2.692146e-05	9.478963e-07	9.800613e+02	2.840127e+01
17:36:18	2.948500e+00	3.591273e-01	9.486732e+00	3.097855e-01	9.012422e-02	9.486732e-05	9.293565e-04	2.703727e-05	9.486732e-07	9.796382e+02	2.850008e+01
17:36:18	2.945400e+00	3.587497e-01	9.493360e+00	3.092600e-01	9.079895e-02	9.493360e-05	9.277800e-04	2.723968e-05	9.493360e-07	9.772937e+02	2.869341e+01
17:36:18	2.942000e+00	3.583356e-01	9.497499e+00	3.094319e-01	9.070487e-02	9.497499e-05	9.282958e-04	2.721146e-05	9.497499e-07	9.774108e+02	2.865119e+01
17:36:19	2.940800e+00	3.581894e-01	9.499419e+00	3.089194e-01	9.087355e-02	9.499419e-05	9.267582e-04	2.726207e-05	9.499419e-07	9.755946e+02	2.869867e+01
17:36:19	2.938200e+00	3.578728e-01	9.501583e+00	3.082674e-01	9.112982e-02	9.501583e-05	9.248022e-04	2.733895e-05	9.501583e-07	9.733138e+02	2.877304e+01
17:36:20	2.934500e+00	3.574221e-01	9.499455e+00	3.076446e-01	9.130823e-02	9.499455e-05	9.229337e-04	2.739247e-05	9.499455e-07	9.715649e+02	2.883583e+01
17:36:20	2.931700e+00	3.570811e-01	9.501577e+00	3.075764e-01	9.115577e-02	9.501577e-05	9.227293e-04	2.734673e-05	9.501577e-07	9.711329e+02	2.878126e+01
17:36:20	2.928300e+00	3.566669e-01	9.504775e+00	3.075602e-01	9.166830e-02	9.504775e-05	9.226807e-04	2.750049e-05	9.504775e-07	9.707549e+02	2.893334e+01
17:36:21	2.925400e+00	3.563137e-01	9.499413e+00	3.072683e-01	9.171047e-02	9.499413e-05	9.218048e-04	2.751314e-05	9.499413e-07	9.703809e+02	2.896299e+01
17:36:21	2.923000e+00	3.560214e-01	9.498728e+00	3.068239e-01	9.129526e-02	9.498728e-05	9.204716e-04	2.738858e-05	9.498728e-07	9.690472e+02	2.883394e+01
17:36:22	2.919600e+00	3.556073e-01	9.501307e+00	3.054712e-01	9.066595e-02	9.501307e-05	9.164135e-04	2.719978e-05	9.501307e-07	9.645131e+02	2.862741e+01
17:36:22	2.916900e+00	3.552784e-01	9.489175e+00	3.058021e-01	9.090275e-02	9.489175e-05	9.174062e-04	2.727082e-05	9.489175e-07	9.667923e+02	2.873888e+01
17:36:22	2.915300e+00	3.550835e-01	9.496344e+00	3.055263e-01	9.076651e-02	9.496344e-05	9.165790e-04	2.722995e-05	9.496344e-07	9.651914e+02	2.867414e+01
17:36:23	2.913700e+00	3.548887e-01	9.493327e+00	3.058669e-01	9.143799e-02	9.493327e-05	9.176008e-04	2.743140e-05	9.493327e-07	9.665745e+02	2.889545e+01
17:36:23	2.912300e+00	3.547181e-01	9.491472e+00	3.058540e-01	9.139906e-02	9.491472e-05	9.175619e-04	2.741972e-05	9.491472e-07	9.667224e+02	2.888880e+01
17:36:23	2.910300e+00	3.544745e-01	9.488977e+00	3.054323e-01	9.161315e-02	9.488977e-05	9.162968e-04	2.748395e-05	9.488977e-07	9.656434e+02	2.896408e+01
17:36:23	2.908100e+00	3.542066e-01	9.490359e+00	3.052928e-01	9.137311e-02	9.490359e-05	9.158783e-04	2.741193e-05	9.490359e-07	9.650618e+02	2.888398e+01
17:36:24	2.905800e+00	3.539264e-01	9.489853e+00	3.050495e-01	9.066919e-02	9.489853e-05	9.151484e-04	2.720076e-05	9.489853e-07	9.643442e+02	2.866299e+01
17:36:24	2.903200e+00	3.536098e-01	9.487903e+00	3.039920e-01	9.107467e-02	9.487903e-05	9.119759e-04	2.732240e-05	9.487903e-07	9.611986e+02	2.879709e+01
17:36:24	2.899800e+00	3.531956e-01	9.487923e+00	3.036027e-01	9.117199e-02	9.487923e-05	9.108081e-04	2.735160e-05	9.487923e-07	9.599658e+02	2.882780e+01
17:36:25	2.897800e+00	3.529520e-01	9.486547e+00	3.036935e-01	9.038373e-02	9.486547e-05	9.110806e-04	2.711512e-05	9.486547e-07	9.603922e+02	2.858271e+01
17:36:25	2.895500e+00	3.526719e-01	9.474538e+00	3.035411e-01	8.992635e-02	9.474538e-05	9.106232e-04	2.697790e-05	9.474538e-07	9.611268e+02	2.847411e+01
17:36:25	2.893900e+00	3.524770e-01	9.467846e+00	3.035476e-01	8.987120e-02	9.467846e-05	9.106427e-04	2.696136e-05	9.467846e-07	9.618267e+02	2.847676e+01
17:36:26	2.891300e+00	3.521603e-01	9.456219e+00	3.036676e-01	8.878126e-02	9.456219e-05	9.110028e-04	2.663438e-05	9.456219e-07	9.633901e+02	2.816599e+01
17:36:26	2.890300e+00	3.520385e-01	9.451207e+00	3.024090e-01	8.868070e-02	9.451207e-05	9.072269e-04	2.660421e-05	9.451207e-07	9.599059e+02	2.814901e+01
17:36:26	2.888100e+00	3.517706e-01	9.449887e+00	3.029247e-01	8.745777e-02	9.449887e-05	9.087742e-04	2.623733e-05	9.449887e-07	9.616774e+02	2.776470e+01
17:36:27	2.885200e+00	3.514174e-01	9.449549e+00	3.035541e-01	8.827522e-02	9.449549e-05	9.106622e-04	2.648257e-05	9.449549e-07	9.637096e+02	2.802522e+01
17:36:27	2.883400e+00	3.511981e-01	9.449186e+00	3.031064e-01	8.801571e-02	9.449186e-05	9.093192e-04	2.640471e-05	9.449186e-07	9.623254e+02	2.794390e+01
17:36:27	2.882000e+00	3.510276e-01	9.448255e+00	3.020716e-01	8.886885e-02	9.448255e-05	9.062148e-04	2.666065e-05	9.448255e-07	9.591346e+02	2.821754e+01
17:36:27	2.878400e+00	3.505891e-01	9.455466e+00	3.023246e-01	8.851202e-02	9.455466e-05	9.069739e-04	2.655361e-05	9.455466e-07	9.592059e+02	2.808281e+01
17:36:28	2.876700e+00	3.503821e-01	9.452657e+00	3.023019e-01	8.775620e-02	9.452657e-05	9.069058e-04	2.632686e-05	9.452657e-07	9.594189e+02	2.785128e+01
17:36:28	2.875500e+00	3.502359e-01	9.462636e+00	3.022792e-01	8.810005e-02	9.462636e-05	9.068377e-04	2.643002e-05	9.462636e-07	9.583352e+02	2.793092e+01
17:36:28	2.871700e+00	3.497731e-01	9.463181e+00	3.016337e-01	8.820710e-02	9.463181e-05	9.049011e-04	2.646213e-05	9.463181e-07	9.562335e+02	2.796325e+01
17:36:29	2.869100e+00	3.494564e-01	9.460342e+00	3.011731e-01	8.809032e-02	9.460342e-05	9.035192e-04	2.642710e-05	9.460342e-07	9.550597e+02	2.793461e+01
17:36:29	2.866400e+00	3.491275e-01	9.470402e+00	3.003653e-01	8.797030e-02	9.470402e-05	9.010960e-04	2.639109e-05	9.470402e-07	9.514866e+02	2.786692e+01
17:36:30	2.863400e+00	3.487621e-01	9.483572e+00	3.000864e-01	8.992310e-02	9.483572e-05	9.002591e-04	2.697693e-05	9.483572e-07	9.492827e+02	2.844596e+01
17:36:30	2.860800e+00	3.484454e-01	9.498926e+00	2.994927e-01	9.068541e-02	9.498926e-05	8.984782e-04	2.720562e-05	9.498926e-07	9.458735e+02	2.864074e+01
17:36:30	2.857200e+00	3.480070e-01	9.500801e+00	2.993370e-01	9.118821e-02	9.500801e-05	8.980111e-04	2.735646e-05	9.500801e-07	9.451951e+02	2.879385e+01
17:36:31	2.854900e+00	3.477268e-01	9.499037e+00	2.995446e-01	9.109089e-02	9.499037e-05	8.986339e-04	2.732727e-05	9.499037e-07	9.460264e+02	2.876846e+01
17:36:31	2.852700e+00	3.474589e-01	9.502144e+00	2.997133e-01	9.118821e-02	9.502144e-05	8.991400e-04	2.735646e-05	9.502144e-07	9.462495e+02	2.878978e+01
17:36:31	2.851300e+00	3.472883e-01	9.495218e+00	2.995511e-01	9.102277e-02	9.495218e-05	8.986534e-04	2.730683e-05	9.495218e-07	9.464273e+02	2.875851e+01
17:36:32	2.849900e+00	3.471178e-01	9.498702e+00	2.992008e-01	9.145745e-02	9.498702e-05	8.976024e-04	2.743723e-05	9.498702e-07	9.449737e+02	2.888525e+01
17:36:32	2.846900e+00	3.467524e-01	9.499387e+00	2.981336e-01	9.092870e-02	9.499387e-05	8.944007e-04	2.727861e-05	9.499387e-07	9.415352e+02	2.871618e+01
17:36:32	2.843600e+00	3.463505e-01	9.493707e+00	2.980330e-01	9.074704e-02	9.493707e-05	8.940990e-04	2.722411e-05	9.493707e-07	9.417807e+02	2.867596e+01
17:36:33	2.842200e+00	3.461800e-01	9.496857e+00	2.972934e-01	9.115901e-02	9.496857e-05	8.918802e-04	2.734770e-05	9.496857e-07	9.391320e+02	2.879659e+01
17:36:33	2.839600e+00	3.458633e-01	9.497489e+00	2.976535e-01	9.146718e-02	9.497489e-05	8.929604e-04	2.744015e-05	9.497489e-07	9.402068e+02	2.889201e+01
17:36:33	2.837600e+00	3.456197e-01	9.493285e+00	2.965343e-01	9.143799e-02	9.493285e-05	8.896030e-04	2.743140e-05	9.493285e-07	9.370866e+02	2.889558e+01
17:36:34	2.835100e+00	3.453152e-01	9.495394e+00	2.971539e-01	9.121092e-02	9.495394e-05	8.914618e-04	2.736327e-05	9.495394e-07	9.388360e+02	2.881742e+01
17:36:34	2.833100e+00	3.450716e-01	9.497402e+00	2.967874e-01	9.102602e-02	9.497402e-05	8.903621e-04	2.730780e-05	9.497402e-07	9.374797e+02	2.875292e+01
17:36:34	2.831900e+00	3.449254e-01	9.493308e+00	2.965149e-01	9.169101e-02	9.493308e-05	8.895446e-04	2.750730e-05	9.493308e-07	9.370229e+02	2.897547e+01
17:36:35	2.829100e+00	3.445844e-01	9.488205e+00	2.966284e-01	9.072109e-02	9.488205e-05	8.898852e-04	2.721633e-05	9.488205e-07	9.378858e+02	2.868438e+01
17:36:35	2.826900e+00	3.443164e-01	9.491669e+00	2.965862e-01	9.044536e-02	9.491669e-05	8.897587e-04	2.713361e-05	9.491669e-07	9.374101e+02	2.858676e+01
17:36:35	2.825600e+00	3.441581e-01	9.495608e+00	2.965700e-01	9.052971e-02	9.495608e-05	8.897101e-04	2.715891e-05	9.495608e-07	9.369701e+02	2.860155e+01
17:36:35	2.822800e+00	3.438170e-01	9.492568e+00	2.958012e-01	9.091572e-02	9.492568e-05	8.874037e-04	2.727472e-05	9.492568e-07	9.348405e+02	2.873271e+01
17:36:36	2.819600e+00	3.434273e-01	9.498177e+00	2.954931e-01	9.092546e-02	9.498177e-05	8.864792e-04	2.727764e-05	9.498177e-07	9.333151e+02	2.871881e+01
17:36:36	2.817400e+00	3.431593e-01	9.500509e+00	2.943610e-01	9.064000e-02	9.500509e-05	8.830829e-04	2.719200e-05	9.500509e-07	9.295111e+02	2.862162e+01
17:36:37	2.814100e+00	3.427574e-01	9.499335e+00	2.949676e-01	9.104872e-02	9.499335e-05	8.849027e-04	2.731462e-05	9.499335e-07	9.315417e+02	2.875424e+01
17:36:37	2.812500e+00	3.425625e-01	9.495757e+00	2.946626e-01	9.100331e-02	9.495757e-05	8.839879e-04	2.730099e-05	9.495757e-07	9.309294e+02	2.875073e+01
17:36:37	2.811100e+00	3.423920e-01	9.488208e+00	2.945459e-01	9.035129e-02	9.488208e-05	8.836376e-04	2.710539e-05	9.488208e-07	9.313008e+02	2.856745e+01
17:36:37	2.809500e+00	3.421971e-01	9.479696e+00	2.935986e-01	8.912836e-02	9.479696e-05	8.807959e-04	2.673851e-05	9.479696e-07	9.291394e+02	2.820608e+01
17:36:38	2.806500e+00	3.418317e-01	9.473211e+00	2.938873e-01	8.930028e-02	9.473211e-05	8.816620e-04	2.679008e-05	9.473211e-07	9.306897e+02	2.827983e+01
17:36:38	2.804800e+00	3.416246e-01	9.471223e+00	2.935922e-01	8.917053e-02	9.471223e-05	8.807765e-04	2.675116e-05	9.471223e-07	9.299501e+02	2.824467e+01
17:36:38	2.803400e+00	3.414541e-01	9.467391e+00	2.938257e-01	8.841471e-02	9.467391e-05	8.814771e-04	2.652441e-05	9.467391e-07	9.310666e+02	2.801660e+01
17:36:39	2.801400e+00	3.412105e-01	9.471489e+00	2.934884e-01	8.851202e-02	9.471489e-05	8.804651e-04	2.655361e-05	9.471489e-07	9.295952e+02	2.803531e+01
17:36:39	2.799800e+00	3.410156e-01	9.466026e+00	2.926093e-01	8.878775e-02	9.466026e-05	8.778278e-04	2.663633e-05	9.466026e-07	9.273457e+02	2.813887e+01
17:36:39	2.797000e+00	3.406746e-01	9.467573e+00	2.934689e-01	8.881695e-02	9.467573e-05	8.804067e-04	2.664508e-05	9.467573e-07	9.299180e+02	2.814352e+01
17:36:40	2.795500e+00	3.404919e-01	9.466704e+00	2.938354e-01	8.939435e-02	9.466704e-05	8.815063e-04	2.681831e-05	9.466704e-07	9.311650e+02	2.832909e+01
17:36:40	2.794100e+00	3.403214e-01	9.466052e+00	2.930991e-01	8.926136e-02	9.466052e-05	8.792973e-04	2.677841e-05	9.466052e-07	9.288955e+02	2.828889e+01
17:36:40	2.792300e+00	3.401021e-01	9.492575e+00	2.927131e-01	9.009503e-02	9.492575e-05	8.781392e-04	2.702851e-05	9.492575e-07	9.250801e+02	2.847332e+01
17:36:40	2.789300e+00	3.397367e-01	9.506154e+00	2.921681e-01	9.137311e-02	9.506154e-05	8.765043e-04	2.741193e-05	9.506154e-07	9.220388e+02	2.883599e+01
17:36:41	2.786000e+00	3.393348e-01	9.509927e+00	2.914220e-01	9.240466e-02	9.509927e-05	8.742660e-04	2.772140e-05	9.509927e-07	9.193194e+02	2.914996e+01
17:36:41	2.783600e+00	3.390425e-01	9.516129e+00	2.913993e-01	9.195052e-02	9.516129e-05	8.741979e-04	2.758515e-05	9.516129e-07	9.186486e+02	2.898779e+01
17:36:42	2.780400e+00	3.386527e-01	9.483160e+00	2.909906e-01	8.925811e-02	9.483160e-05	8.729717e-04	2.677743e-05	9.483160e-07	9.205494e+02	2.823682e+01
17:36:42	2.778400e+00	3.384091e-01	9.472043e+00	2.911398e-01	8.876180e-02	9.472043e-05	8.734194e-04	2.662854e-05	9.472043e-07	9.221024e+02	2.811277e+01
17:36:42	2.777000e+00	3.382386e-01	9.470347e+00	2.911138e-01	8.961494e-02	9.470347e-05	8.733415e-04	2.688448e-05	9.470347e-07	9.221854e+02	2.838806e+01
17:36:43	2.775300e+00	3.380315e-01	9.469795e+00	2.907830e-01	8.916728e-02	9.469795e-05	8.723489e-04	2.675019e-05	9.469795e-07	9.211909e+02	2.824790e+01
17:36:43	2.773500e+00	3.378123e-01	9.473477e+00	2.913344e-01	8.887209e-02	9.473477e-05	8.740033e-04	2.666163e-05	9.473477e-07	9.225792e+02	2.814344e+01
17:36:43	2.771500e+00	3.375687e-01	9.468702e+00	2.903742e-01	8.841146e-02	9.468702e-05	8.711227e-04	2.652344e-05	9.468702e-07	9.200023e+02	2.801170e+01
17:36:43	2.769700e+00	3.373495e-01	9.482810e+00	2.904943e-01	8.956952e-02	9.482810e-05	8.714828e-04	2.687086e-05	9.482810e-07	9.190132e+02	2.833639e+01
17:36:44	2.767900e+00	3.371302e-01	9.505953e+00	2.903807e-01	9.115577e-02	9.505953e-05	8.711422e-04	2.734673e-05	9.505953e-07	9.164176e+02	2.876801e+01
17:36:44	2.765200e+00	3.368014e-01	9.509395e+00	2.904099e-01	9.070163e-02	9.509395e-05	8.712298e-04	2.721049e-05	9.509395e-07	9.161780e+02	2.861432e+01
17:36:44	2.763000e+00	3.365334e-01	9.514699e+00	2.896671e-01	9.094492e-02	9.514699e-05	8.690013e-04	2.728348e-05	9.514699e-07	9.133250e+02	2.867508e+01
17:36:45	2.759600e+00	3.361193e-01	9.491987e+00	2.894887e-01	8.948518e-02	9.491987e-05	8.684660e-04	2.684555e-05	9.491987e-07	9.149465e+02	2.828233e+01
17:36:45	2.757800e+00	3.359000e-01	9.477801e+00	2.889891e-01	8.859312e-02	9.477801e-05	8.669674e-04	2.657794e-05	9.477801e-07	9.147347e+02	2.804230e+01
17:36:45	2.756600e+00	3.357539e-01	9.473827e+00	2.884474e-01	8.837578e-02	9.473827e-05	8.653422e-04	2.651273e-05	9.473827e-07	9.134029e+02	2.798524e+01
17:36:46	2.754100e+00	3.354494e-01	9.467550e+00	2.884798e-01	8.892399e-02	9.467550e-05	8.654395e-04	2.667720e-05	9.467550e-07	9.141113e+02	2.817751e+01
17:36:46	2.753100e+00	3.353276e-01	9.468063e+00	2.887653e-01	8.824603e-02	9.468063e-05	8.662959e-04	2.647381e-05	9.468063e-07	9.149663e+02	2.796117e+01
17:36:46	2.751300e+00	3.351083e-01	9.485392e+00	2.883047e-01	9.047456e-02	9.485392e-05	8.649140e-04	2.714237e-05	9.485392e-07	9.118379e+02	2.861491e+01
17:36:46	2.748900e+00	3.348160e-01	9.506715e+00	2.881003e-01	9.189861e-02	9.506715e-05	8.643009e-04	2.756958e-05	9.506715e-07	9.091478e+02	2.900012e+01
17:36:47	2.745800e+00	3.344384e-01	9.515013e+00	2.877759e-01	9.070163e-02	9.515013e-05	8.633277e-04	2.721049e-05	9.515013e-07	9.073321e+02	2.859743e+01
17:36:47	2.743400e+00	3.341461e-01	9.477860e+00	2.874742e-01	8.892075e-02	9.477860e-05	8.624227e-04	2.667623e-05	9.477860e-07	9.099340e+02	2.814583e+01
17:36:48	2.740800e+00	3.338294e-01	9.475560e+00	2.873185e-01	8.848283e-02	9.475560e-05	8.619556e-04	2.654485e-05	9.475560e-07	9.096619e+02	2.801402e+01
17:36:48	2.739200e+00	3.336346e-01	9.466785e+00	2.872991e-01	8.933921e-02	9.466785e-05	8.618972e-04	2.680176e-05	9.466785e-07	9.104434e+02	2.831137e+01
17:36:48	2.738000e+00	3.334884e-01	9.465046e+00	2.872342e-01	8.916404e-02	9.465046e-05	8.617026e-04	2.674921e-05	9.465046e-07	9.104050e+02	2.826105e+01
17:36:48	2.736000e+00	3.332448e-01	9.485652e+00	2.867606e-01	8.995230e-02	9.485652e-05	8.602818e-04	2.698569e-05	9.485652e-07	9.069295e+02	2.844896e+01
17:36:49	2.733700e+00	3.329647e-01	9.509317e+00	2.865919e-01	9.142825e-02	9.509317e-05	8.597757e-04	2.742848e-05	9.509317e-07	9.041404e+02	2.884379e+01
17:36:49	2.731100e+00	3.326480e-01	9.519337e+00	2.865141e-01	9.156450e-02	9.519337e-05	8.595422e-04	2.746935e-05	9.519337e-07	9.029432e+02	2.885637e+01
17:36:49	2.728500e+00	3.323313e-01	9.485765e+00	2.858101e-01	8.930677e-02	9.485765e-05	8.574304e-04	2.679203e-05	9.485765e-07	9.039127e+02	2.824446e+01
17:36:50	2.727100e+00	3.321608e-01	9.477493e+00	2.855117e-01	8.932299e-02	9.477493e-05	8.565351e-04	2.679690e-05	9.477493e-07	9.037570e+02	2.827425e+01
17:36:50	2.725400e+00	3.319537e-01	9.471832e+00	2.860696e-01	8.896941e-02	9.471832e-05	8.582089e-04	2.669082e-05	9.471832e-07	9.060643e+02	2.817915e+01
17:36:50	2.723600e+00	3.317345e-01	9.466188e+00	2.854630e-01	8.788920e-02	9.466188e-05	8.563891e-04	2.636676e-05	9.466188e-07	9.046821e+02	2.785362e+01
17:36:50	2.722600e+00	3.316127e-01	9.472861e+00	2.857420e-01	8.872287e-02	9.472861e-05	8.572260e-04	2.661686e-05	9.472861e-07	9.049284e+02	2.809802e+01
17:36:51	2.721200e+00	3.314422e-01	9.504788e+00	2.843212e-01	9.129526e-02	9.504788e-05	8.529636e-04	2.738858e-05	9.504788e-07	8.974041e+02	2.881556e+01
17:36:51	2.717800e+00	3.310280e-01	9.509362e+00	2.840714e-01	9.163262e-02	9.509362e-05	8.522143e-04	2.748979e-05	9.509362e-07	8.961845e+02	2.890813e+01
17:36:51	2.715800e+00	3.307844e-01	9.508110e+00	2.839644e-01	9.092870e-02	9.508110e-05	8.518931e-04	2.727861e-05	9.508110e-07	8.959647e+02	2.868983e+01
17:36:52	2.713100e+00	3.304556e-01	9.476368e+00	2.843180e-01	8.854122e-02	9.476368e-05	8.529539e-04	2.656237e-05	9.476368e-07	9.000853e+02	2.803011e+01
17:36:52	2.711300e+00	3.302363e-01	9.470444e+00	2.840001e-01	8.895319e-02	9.470444e-05	8.520002e-04	2.668596e-05	9.470444e-07	8.996412e+02	2.817815e+01
17:36:52	2.710100e+00	3.300902e-01	9.472575e+00	2.838638e-01	8.915755e-02	9.472575e-05	8.515914e-04	2.674727e-05	9.472575e-07	8.990073e+02	2.823653e+01
17:36:53	2.708500e+00	3.298953e-01	9.489048e+00	2.833740e-01	8.983552e-02	9.489048e-05	8.501220e-04	2.695066e-05	9.489048e-07	8.958980e+02	2.840185e+01
17:36:53	2.705900e+00	3.295786e-01	9.513320e+00	2.830464e-01	9.083463e-02	9.513320e-05	8.491391e-04	2.725039e-05	9.513320e-07	8.925791e+02	2.864446e+01
17:36:53	2.703200e+00	3.292498e-01	9.513777e+00	2.823295e-01	9.169425e-02	9.513777e-05	8.469884e-04	2.750828e-05	9.513777e-07	8.902756e+02	2.891415e+01
17:36:54	2.700400e+00	3.289087e-01	9.483404e+00	2.824560e-01	8.962142e-02	9.483404e-05	8.473679e-04	2.688643e-05	9.483404e-07	8.935272e+02	2.835103e+01
17:36:54	2.698600e+00	3.286895e-01	9.474522e+00	2.826020e-01	8.922243e-02	9.474522e-05	8.478059e-04	2.676673e-05	9.474522e-07	8.948271e+02	2.825127e+01
17:36:54	2.697000e+00	3.284946e-01	9.469043e+00	2.820927e-01	8.858339e-02	9.469043e-05	8.462780e-04	2.657502e-05	9.469043e-07	8.937313e+02	2.806516e+01
17:36:54	2.695800e+00	3.283484e-01	9.469088e+00	2.827220e-01	8.909916e-02	9.469088e-05	8.481659e-04	2.672975e-05	9.469088e-07	8.957208e+02	2.822843e+01
17:36:55	2.694500e+00	3.281901e-01	9.489249e+00	2.827544e-01	9.035778e-02	9.489249e-05	8.482632e-04	2.710733e-05	9.489249e-07	8.939203e+02	2.856636e+01
17:36:55	2.693100e+00	3.280196e-01	9.506183e+00	2.816580e-01	9.109089e-02	9.506183e-05	8.449740e-04	2.732727e-05	9.506183e-07	8.888678e+02	2.874684e+01
17:36:55	2.690100e+00	3.276542e-01	9.516739e+00	2.814374e-01	9.158396e-02	9.516739e-05	8.443122e-04	2.747519e-05	9.516739e-07	8.871865e+02	2.887038e+01
17:36:56	2.686900e+00	3.272644e-01	9.493895e+00	2.812882e-01	9.046483e-02	9.493895e-05	8.438646e-04	2.713945e-05	9.493895e-07	8.888497e+02	2.858621e+01
17:36:56	2.685700e+00	3.271183e-01	9.480075e+00	2.811617e-01	8.943652e-02	9.480075e-05	8.434850e-04	2.683096e-05	9.480075e-07	8.897451e+02	2.830247e+01
17:36:56	2.684400e+00	3.269599e-01	9.473445e+00	2.807789e-01	8.903429e-02	9.473445e-05	8.423367e-04	2.671029e-05	9.473445e-07	8.891557e+02	2.819490e+01
17:36:57	2.682200e+00	3.266920e-01	9.468271e+00	2.805583e-01	8.816817e-02	9.468271e-05	8.416750e-04	2.645045e-05	9.468271e-07	8.889427e+02	2.793589e+01
17:36:57	2.681000e+00	3.265458e-01	9.473584e+00	2.808827e-01	8.924838e-02	9.473584e-05	8.426481e-04	2.677451e-05	9.473584e-07	8.894713e+02	2.826229e+01
17:36:57	2.678800e+00	3.262778e-01	9.497463e+00	2.805616e-01	9.148016e-02	9.497463e-05	8.416847e-04	2.744405e-05	9.497463e-07	8.862205e+02	2.889619e+01
17:36:57	2.676600e+00	3.260099e-01	9.510627e+00	2.801820e-01	9.097087e-02	9.510627e-05	8.405461e-04	2.729126e-05	9.510627e-07	8.837967e+02	2.869554e+01
17:36:58	2.673700e+00	3.256567e-01	9.514893e+00	2.798641e-01	9.195700e-02	9.514893e-05	8.395924e-04	2.758710e-05	9.514893e-07	8.823981e+02	2.899360e+01
17:36:58	2.671500e+00	3.253887e-01	9.475943e+00	2.786152e-01	8.930677e-02	9.475943e-05	8.358457e-04	2.679203e-05	9.475943e-07	8.820713e+02	2.827374e+01
17:36:59	2.668700e+00	3.250477e-01	9.472562e+00	2.792186e-01	8.959223e-02	9.472562e-05	8.376558e-04	2.687767e-05	9.472562e-07	8.842970e+02	2.837423e+01
17:36:59	2.666900e+00	3.248284e-01	9.472981e+00	2.790694e-01	8.920945e-02	9.472981e-05	8.372082e-04	2.676284e-05	9.472981e-07	8.837853e+02	2.825176e+01
17:36:59	2.665500e+00	3.246579e-01	9.495640e+00	2.787645e-01	9.041293e-02	9.495640e-05	8.362934e-04	2.712388e-05	9.495640e-07	8.807130e+02	2.856456e+01
17:37:00	2.662600e+00	3.243047e-01	9.506884e+00	2.786347e-01	9.155152e-02	9.506884e-05	8.359041e-04	2.746546e-05	9.506884e-07	8.792620e+02	2.889007e+01
17:37:00	2.660000e+00	3.239880e-01	9.517462e+00	2.784239e-01	9.248900e-02	9.517462e-05	8.352716e-04	2.774670e-05	9.517462e-07	8.776200e+02	2.915346e+01
17:37:00	2.657400e+00	3.236713e-01	9.487728e+00	2.776616e-01	8.996203e-02	9.487728e-05	8.329847e-04	2.698861e-05	9.487728e-07	8.779601e+02	2.844581e+01
17:37:01	2.656000e+00	3.235008e-01	9.475618e+00	2.776064e-01	8.901158e-02	9.475618e-05	8.328192e-04	2.670347e-05	9.475618e-07	8.789075e+02	2.818125e+01
17:37:01	2.654700e+00	3.233425e-01	9.470862e+00	2.777167e-01	8.912511e-02	9.470862e-05	8.331501e-04	2.673753e-05	9.470862e-07	8.796982e+02	2.823136e+01
17:37:01	2.653100e+00	3.231476e-01	9.466123e+00	2.772528e-01	8.931001e-02	9.466123e-05	8.317585e-04	2.679300e-05	9.466123e-07	8.786686e+02	2.830409e+01
17:37:01	2.651700e+00	3.229771e-01	9.479751e+00	2.772820e-01	9.007881e-02	9.479751e-05	8.318461e-04	2.702364e-05	9.479751e-07	8.774978e+02	2.850670e+01
17:37:02	2.648500e+00	3.225873e-01	9.502122e+00	2.778562e-01	9.196025e-02	9.502122e-05	8.335686e-04	2.758807e-05	9.502122e-07	8.772447e+02	2.903359e+01
17:37:02	2.646300e+00	3.223193e-01	9.517920e+00	2.765684e-01	9.142501e-02	9.517920e-05	8.297051e-04	2.742750e-05	9.517920e-07	8.717295e+02	2.881670e+01
17:37:03	2.643400e+00	3.219661e-01	9.482859e+00	2.762862e-01	8.890129e-02	9.482859e-05	8.288585e-04	2.667039e-05	9.482859e-07	8.740597e+02	2.812484e+01
17:37:03	2.641800e+00	3.217712e-01	9.481860e+00	2.763932e-01	8.894346e-02	9.481860e-05	8.291796e-04	2.668304e-05	9.481860e-07	8.744905e+02	2.814114e+01
17:37:03	2.641200e+00	3.216982e-01	9.474051e+00	2.758353e-01	8.892399e-02	9.474051e-05	8.275058e-04	2.667720e-05	9.474051e-07	8.734445e+02	2.815817e+01
17:37:03	2.638400e+00	3.213571e-01	9.466619e+00	2.764289e-01	8.908619e-02	9.466619e-05	8.292867e-04	2.672586e-05	9.466619e-07	8.760114e+02	2.823168e+01
17:37:04	2.637200e+00	3.212110e-01	9.479903e+00	2.753941e-01	8.959872e-02	9.479903e-05	8.261823e-04	2.687962e-05	9.479903e-07	8.715092e+02	2.835431e+01
17:37:04	2.634900e+00	3.209308e-01	9.505521e+00	2.760396e-01	9.192456e-02	9.505521e-05	8.281189e-04	2.757737e-05	9.505521e-07	8.711977e+02	2.901195e+01
17:37:04	2.632300e+00	3.206141e-01	9.516411e+00	2.752222e-01	9.143799e-02	9.516411e-05	8.256665e-04	2.743140e-05	9.516411e-07	8.676238e+02	2.882536e+01
17:37:05	2.629900e+00	3.203218e-01	9.483624e+00	2.747388e-01	8.979659e-02	9.483624e-05	8.242165e-04	2.693898e-05	9.483624e-07	8.690944e+02	2.840578e+01
17:37:05	2.628100e+00	3.201026e-01	9.473873e+00	2.751151e-01	9.015342e-02	9.473873e-05	8.253454e-04	2.704603e-05	9.473873e-07	8.711805e+02	2.854801e+01
17:37:05	2.626900e+00	3.199564e-01	9.474252e+00	2.742231e-01	8.895643e-02	9.474252e-05	8.226692e-04	2.668693e-05	9.474252e-07	8.683209e+02	2.816785e+01
17:37:05	2.625700e+00	3.198103e-01	9.460663e+00	2.745572e-01	8.897590e-02	9.460663e-05	8.236715e-04	2.669277e-05	9.460663e-07	8.706277e+02	2.821448e+01
17:37:06	2.624600e+00	3.196763e-01	9.467421e+00	2.751184e-01	8.973496e-02	9.467421e-05	8.253551e-04	2.692049e-05	9.467421e-07	8.717845e+02	2.843487e+01
17:37:06	2.623000e+00	3.194814e-01	9.497794e+00	2.746253e-01	9.104223e-02	9.497794e-05	8.238759e-04	2.731267e-05	9.497794e-07	8.674392e+02	2.875686e+01
17:37:06	2.620200e+00	3.191404e-01	9.510702e+00	2.747907e-01	9.152233e-02	9.510702e-05	8.243722e-04	2.745670e-05	9.510702e-07	8.667838e+02	2.886927e+01
17:37:07	2.617600e+00	3.188237e-01	9.515931e+00	2.739019e-01	9.147691e-02	9.515931e-05	8.217057e-04	2.744307e-05	9.515931e-07	8.635053e+02	2.883908e+01
17:37:07	2.615400e+00	3.185557e-01	9.484085e+00	2.741517e-01	8.928082e-02	9.484085e-05	8.224551e-04	2.678425e-05	9.484085e-07	8.671950e+02	2.824125e+01
17:37:07	2.613100e+00	3.182756e-01	9.474505e+00	2.739798e-01	8.844715e-02	9.474505e-05	8.219393e-04	2.653414e-05	9.474505e-07	8.675274e+02	2.800584e+01
17:37:08	2.612100e+00	3.181538e-01	9.469798e+00	2.741679e-01	8.817142e-02	9.469798e-05	8.225037e-04	2.645143e-05	9.469798e-07	8.685546e+02	2.793241e+01
17:37:08	2.610500e+00	3.179589e-01	9.461711e+00	2.734186e-01	8.764267e-02	9.461711e-05	8.202557e-04	2.629280e-05	9.461711e-07	8.669211e+02	2.778863e+01
17:37:08	2.609300e+00	3.178127e-01	9.468154e+00	2.733829e-01	8.797354e-02	9.468154e-05	8.201487e-04	2.639206e-05	9.468154e-07	8.662182e+02	2.787456e+01
17:37:08	2.606700e+00	3.174961e-01	9.486742e+00	2.739635e-01	8.983876e-02	9.486742e-05	8.218906e-04	2.695163e-05	9.486742e-07	8.663571e+02	2.840978e+01
17:37:09	2.605500e+00	3.173499e-01	9.494806e+00	2.726530e-01	9.041617e-02	9.494806e-05	8.179591e-04	2.712485e-05	9.494806e-07	8.614805e+02	2.856809e+01
17:37:09	2.603600e+00	3.171185e-01	9.504863e+00	2.725330e-01	9.015017e-02	9.504863e-05	8.175990e-04	2.704505e-05	9.504863e-07	8.601902e+02	2.845391e+01
17:37:09	2.600400e+00	3.167287e-01	9.477406e+00	2.724616e-01	8.940409e-02	9.477406e-05	8.173849e-04	2.682123e-05	9.477406e-07	8.624564e+02	2.830018e+01
17:37:10	2.598600e+00	3.165095e-01	9.465896e+00	2.725492e-01	8.812925e-02	9.465896e-05	8.176477e-04	2.643877e-05	9.465896e-07	8.637827e+02	2.793056e+01
17:37:10	2.597800e+00	3.164120e-01	9.460206e+00	2.721243e-01	8.812276e-02	9.460206e-05	8.163728e-04	2.643683e-05	9.460206e-07	8.629546e+02	2.794530e+01
17:37:10	2.595800e+00	3.161684e-01	9.455395e+00	2.726498e-01	8.846012e-02	9.455395e-05	8.179494e-04	2.653804e-05	9.455395e-07	8.650610e+02	2.806656e+01
17:37:10	2.594100e+00	3.159614e-01	9.445177e+00	2.726401e-01	8.873585e-02	9.445177e-05	8.179202e-04	2.662076e-05	9.445177e-07	8.659660e+02	2.818450e+01
17:37:11	2.592500e+00	3.157665e-01	9.469017e+00	2.725784e-01	8.945274e-02	9.469017e-05	8.177353e-04	2.683582e-05	9.469017e-07	8.635905e+02	2.834067e+01
17:37:11	2.591100e+00	3.155960e-01	9.485892e+00	2.717480e-01	9.030588e-02	9.485892e-05	8.152440e-04	2.709176e-05	9.485892e-07	8.594279e+02	2.856006e+01
17:37:11	2.588900e+00	3.153280e-01	9.494518e+00	2.715242e-01	9.091572e-02	9.494518e-05	8.145725e-04	2.727472e-05	9.494518e-07	8.579398e+02	2.872681e+01
17:37:12	2.585900e+00	3.149626e-01	9.502517e+00	2.707651e-01	9.034156e-02	9.502517e-05	8.122953e-04	2.710247e-05	9.502517e-07	8.548212e+02	2.852136e+01
17:37:12	2.583000e+00	3.146094e-01	9.465915e+00	2.702947e-01	8.825900e-02	9.465915e-05	8.108842e-04	2.647770e-05	9.465915e-07	8.566358e+02	2.797162e+01
17:37:12	2.581800e+00	3.144632e-01	9.459729e+00	2.700677e-01	8.847634e-02	9.459729e-05	8.102030e-04	2.654290e-05	9.459729e-07	8.564759e+02	2.805884e+01
17:37:13	2.580200e+00	3.142684e-01	9.457257e+00	2.703110e-01	8.817791e-02	9.457257e-05	8.109329e-04	2.645337e-05	9.457257e-07	8.574715e+02	2.797151e+01
17:37:13	2.579000e+00	3.141222e-01	9.454977e+00	2.698017e-01	8.826225e-02	9.454977e-05	8.094050e-04	2.647867e-05	9.454977e-07	8.560624e+02	2.800501e+01
17:37:13	2.577200e+00	3.139030e-01	9.479002e+00	2.695649e-01	8.944301e-02	9.479002e-05	8.086946e-04	2.683290e-05	9.479002e-07	8.531432e+02	2.830773e+01
17:37:14	2.575200e+00	3.136594e-01	9.493191e+00	2.691334e-01	9.074056e-02	9.493191e-05	8.074003e-04	2.722217e-05	9.493191e-07	8.505047e+02	2.867547e+01
17:37:14	2.572100e+00	3.132818e-01	9.495484e+00	2.688155e-01	9.057836e-02	9.495484e-05	8.064466e-04	2.717351e-05	9.495484e-07	8.492949e+02	2.861730e+01
17:37:14	2.569500e+00	3.129651e-01	9.467956e+00	2.690523e-01	8.847959e-02	9.467956e-05	8.071570e-04	2.654388e-05	9.467956e-07	8.525146e+02	2.803549e+01
17:37:15	2.567900e+00	3.127702e-01	9.459145e+00	2.692827e-01	8.734748e-02	9.459145e-05	8.078480e-04	2.620424e-05	9.459145e-07	8.540391e+02	2.770255e+01
17:37:15	2.565700e+00	3.125023e-01	9.449958e+00	2.684587e-01	8.853797e-02	9.449958e-05	8.053761e-04	2.656139e-05	9.449958e-07	8.522537e+02	2.810742e+01
17:37:15	2.564200e+00	3.123196e-01	9.449783e+00	2.693573e-01	8.869368e-02	9.449783e-05	8.080718e-04	2.660810e-05	9.449783e-07	8.551221e+02	2.815737e+01
17:37:16	2.563000e+00	3.121734e-01	9.472128e+00	2.683257e-01	8.949167e-02	9.472128e-05	8.049772e-04	2.684750e-05	9.472128e-07	8.498377e+02	2.834369e+01
17:37:16	2.560800e+00	3.119054e-01	9.488821e+00	2.675861e-01	9.071461e-02	9.488821e-05	8.027584e-04	2.721438e-05	9.488821e-07	8.460043e+02	2.868047e+01
17:37:16	2.558600e+00	3.116375e-01	9.492568e+00	2.676607e-01	9.111360e-02	9.492568e-05	8.029822e-04	2.733408e-05	9.492568e-07	8.459062e+02	2.879524e+01
17:37:17	2.555800e+00	3.112964e-01	9.500785e+00	2.671060e-01	9.049402e-02	9.500785e-05	8.013181e-04	2.714821e-05	9.500785e-07	8.434230e+02	2.857470e+01
17:37:17	2.553100e+00	3.109676e-01	9.465416e+00	2.672780e-01	8.893373e-02	9.465416e-05	8.018339e-04	2.668012e-05	9.465416e-07	8.471195e+02	2.818695e+01
17:37:17	2.551500e+00	3.107727e-01	9.459716e+00	2.670120e-01	8.765240e-02	9.459716e-05	8.010359e-04	2.629572e-05	9.459716e-07	8.467864e+02	2.779758e+01
17:37:18	2.550100e+00	3.106022e-01	9.455045e+00	2.669633e-01	8.810654e-02	9.455045e-05	8.008899e-04	2.643196e-05	9.455045e-07	8.470503e+02	2.795541e+01
17:37:18	2.548900e+00	3.104560e-01	9.455658e+00	2.665578e-01	8.805464e-02	9.455658e-05	7.996734e-04	2.641639e-05	9.455658e-07	8.457089e+02	2.793713e+01
17:37:18	2.547100e+00	3.102368e-01	9.459963e+00	2.665740e-01	8.891751e-02	9.459963e-05	7.997221e-04	2.667525e-05	9.459963e-07	8.453755e+02	2.819805e+01
17:37:18	2.545700e+00	3.100663e-01	9.483793e+00	2.662724e-01	8.988742e-02	9.483793e-05	7.988171e-04	2.696623e-05	9.483793e-07	8.422970e+02	2.843401e+01
17:37:19	2.542600e+00	3.096887e-01	9.494566e+00	2.654744e-01	9.092870e-02	9.494566e-05	7.964231e-04	2.727861e-05	9.494566e-07	8.388199e+02	2.873076e+01
17:37:19	2.540400e+00	3.094207e-01	9.505252e+00	2.655328e-01	9.037724e-02	9.505252e-05	7.965983e-04	2.711317e-05	9.505252e-07	8.380612e+02	2.852441e+01
17:37:20	2.538600e+00	3.092015e-01	9.479430e+00	2.656560e-01	8.897914e-02	9.479430e-05	7.969681e-04	2.669374e-05	9.479430e-07	8.407342e+02	2.815965e+01
17:37:20	2.536600e+00	3.089579e-01	9.461698e+00	2.654257e-01	8.811627e-02	9.461698e-05	7.962771e-04	2.643488e-05	9.461698e-07	8.415795e+02	2.793883e+01
17:37:20	2.535800e+00	3.088604e-01	9.457053e+00	2.651662e-01	8.816169e-02	9.457053e-05	7.954986e-04	2.644851e-05	9.457053e-07	8.411697e+02	2.796696e+01
17:37:20	2.533700e+00	3.086047e-01	9.455599e+00	2.649910e-01	8.820710e-02	9.455599e-05	7.949731e-04	2.646213e-05	9.455599e-07	8.407432e+02	2.798567e+01
17:37:20	2.532900e+00	3.085072e-01	9.453176e+00	2.651986e-01	8.742209e-02	9.453176e-05	7.955959e-04	2.622663e-05	9.453176e-07	8.416176e+02	2.774372e+01
17:37:21	2.531100e+00	3.082880e-01	9.463959e+00	2.651013e-01	8.873261e-02	9.463959e-05	7.953040e-04	2.661978e-05	9.463959e-07	8.403502e+02	2.812753e+01
17:37:21	2.529500e+00	3.080931e-01	9.490404e+00	2.647056e-01	9.074056e-02	9.490404e-05	7.941167e-04	2.722217e-05	9.490404e-07	8.367575e+02	2.868389e+01
17:37:21	2.527300e+00	3.078251e-01	9.495844e+00	2.641476e-01	9.093843e-02	9.495844e-05	7.924429e-04	2.728153e-05	9.495844e-07	8.345154e+02	2.872997e+01
17:37:22	2.523800e+00	3.073988e-01	9.503195e+00	2.639433e-01	9.076651e-02	9.503195e-05	7.918298e-04	2.722995e-05	9.503195e-07	8.332248e+02	2.865347e+01
17:37:22	2.521800e+00	3.071552e-01	9.463995e+00	2.646731e-01	8.833361e-02	9.463995e-05	7.940194e-04	2.650008e-05	9.463995e-07	8.389897e+02	2.800095e+01
17:37:22	2.520000e+00	3.069360e-01	9.457753e+00	2.636805e-01	8.850878e-02	9.457753e-05	7.910415e-04	2.655263e-05	9.457753e-07	8.363947e+02	2.807499e+01
17:37:23	2.519200e+00	3.068386e-01	9.453578e+00	2.633042e-01	8.845363e-02	9.453578e-05	7.899127e-04	2.653609e-05	9.453578e-07	8.355700e+02	2.806989e+01
17:37:23	2.517400e+00	3.066193e-01	9.457471e+00	2.632588e-01	8.818439e-02	9.457471e-05	7.897764e-04	2.645532e-05	9.457471e-07	8.350820e+02	2.797293e+01
17:37:23	2.515800e+00	3.064244e-01	9.479835e+00	2.627171e-01	8.972847e-02	9.479835e-05	7.881512e-04	2.691854e-05	9.479835e-07	8.313976e+02	2.839558e+01
17:37:24	2.513700e+00	3.061687e-01	9.497963e+00	2.623505e-01	9.071136e-02	9.497963e-05	7.870516e-04	2.721341e-05	9.497963e-07	8.286530e+02	2.865184e+01
17:37:24	2.510900e+00	3.058276e-01	9.505379e+00	2.626263e-01	9.174291e-02	9.505379e-05	7.878788e-04	2.752287e-05	9.505379e-07	8.288768e+02	2.895505e+01
17:37:24	2.510100e+00	3.057302e-01	9.481710e+00	2.622662e-01	8.989066e-02	9.481710e-05	7.867986e-04	2.696720e-05	9.481710e-07	8.298066e+02	2.844128e+01
17:37:24	2.508500e+00	3.055353e-01	9.465354e+00	2.629896e-01	8.883641e-02	9.465354e-05	7.889687e-04	2.665092e-05	9.465354e-07	8.335332e+02	2.815629e+01
17:37:25	2.507100e+00	3.053648e-01	9.457838e+00	2.626392e-01	8.829469e-02	9.457838e-05	7.879177e-04	2.648841e-05	9.457838e-07	8.330844e+02	2.800683e+01
17:37:25	2.506300e+00	3.052673e-01	9.452985e+00	2.621559e-01	8.841795e-02	9.452985e-05	7.864677e-04	2.652539e-05	9.452985e-07	8.319781e+02	2.806033e+01
17:37:25	2.504900e+00	3.050968e-01	9.448489e+00	2.622337e-01	8.851202e-02	9.448489e-05	7.867012e-04	2.655361e-05	9.448489e-07	8.326212e+02	2.810355e+01
17:37:25	2.503000e+00	3.048654e-01	9.477493e+00	2.622921e-01	8.966035e-02	9.477493e-05	7.868764e-04	2.689811e-05	9.477493e-07	8.302580e+02	2.838103e+01
17:37:26	2.501200e+00	3.046462e-01	9.492785e+00	2.616920e-01	9.151584e-02	9.492785e-05	7.850761e-04	2.745475e-05	9.492785e-07	8.270239e+02	2.892170e+01
17:37:26	2.498800e+00	3.043538e-01	9.504512e+00	2.618867e-01	9.049402e-02	9.504512e-05	7.856600e-04	2.714821e-05	9.504512e-07	8.266178e+02	2.856349e+01
17:37:26	2.497000e+00	3.041346e-01	9.473711e+00	2.613579e-01	8.886885e-02	9.473711e-05	7.840737e-04	2.666065e-05	9.473711e-07	8.276310e+02	2.814172e+01
17:37:27	2.495000e+00	3.038910e-01	9.463732e+00	2.614130e-01	8.841795e-02	9.463732e-05	7.842391e-04	2.652539e-05	9.463732e-07	8.286785e+02	2.802846e+01
17:37:27	2.493300e+00	3.036839e-01	9.456605e+00	2.610303e-01	8.825900e-02	9.456605e-05	7.830908e-04	2.647770e-05	9.456605e-07	8.280887e+02	2.799916e+01
17:37:27	2.492100e+00	3.035378e-01	9.448797e+00	2.610724e-01	8.823954e-02	9.448797e-05	7.832173e-04	2.647186e-05	9.448797e-07	8.289069e+02	2.801612e+01
17:37:27	2.490700e+00	3.033673e-01	9.466743e+00	2.607805e-01	8.929704e-02	9.466743e-05	7.823415e-04	2.678911e-05	9.466743e-07	8.264104e+02	2.829813e+01
17:37:28	2.487700e+00	3.030019e-01	9.493107e+00	2.607643e-01	9.135365e-02	9.493107e-05	7.822928e-04	2.740609e-05	9.493107e-07	8.240641e+02	2.886947e+01
17:37:28	2.485300e+00	3.027095e-01	9.501414e+00	2.595511e-01	9.110387e-02	9.501414e-05	7.786532e-04	2.733116e-05	9.501414e-07	8.195130e+02	2.876536e+01
17:37:29	2.482800e+00	3.024050e-01	9.459298e+00	2.591099e-01	8.825576e-02	9.459298e-05	7.773297e-04	2.647673e-05	9.459298e-07	8.217626e+02	2.799016e+01
17:37:29	2.481000e+00	3.021858e-01	9.456268e+00	2.591975e-01	8.837578e-02	9.456268e-05	7.775925e-04	2.651273e-05	9.456268e-07	8.223038e+02	2.803721e+01
17:37:29	2.479800e+00	3.020396e-01	9.450980e+00	2.587596e-01	8.809681e-02	9.450980e-05	7.762787e-04	2.642904e-05	9.450980e-07	8.213738e+02	2.796434e+01
17:37:29	2.478400e+00	3.018691e-01	9.482872e+00	2.583606e-01	9.009827e-02	9.482872e-05	7.750817e-04	2.702948e-05	9.482872e-07	8.173492e+02	2.850348e+01
17:37:30	2.476000e+00	3.015768e-01	9.495085e+00	2.581919e-01	9.082814e-02	9.495085e-05	7.745757e-04	2.724844e-05	9.495085e-07	8.157648e+02	2.869742e+01
17:37:30	2.474000e+00	3.013332e-01	9.500584e+00	2.584125e-01	9.110711e-02	9.500584e-05	7.752374e-04	2.733213e-05	9.500584e-07	8.159892e+02	2.876890e+01
17:37:30	2.472300e+00	3.011261e-01	9.473205e+00	2.579973e-01	8.860610e-02	9.473205e-05	7.739918e-04	2.658183e-05	9.473205e-07	8.170327e+02	2.806002e+01
17:37:31	2.471300e+00	3.010043e-01	9.461967e+00	2.582925e-01	8.810979e-02	9.461967e-05	7.748774e-04	2.643294e-05	9.461967e-07	8.189389e+02	2.793598e+01
17:37:31	2.469900e+00	3.008338e-01	9.454548e+00	2.582795e-01	8.831090e-02	9.454548e-05	7.748384e-04	2.649327e-05	9.454548e-07	8.195404e+02	2.802172e+01
17:37:31	2.468300e+00	3.006389e-01	9.451003e+00	2.581238e-01	8.870990e-02	9.451003e-05	7.743713e-04	2.661297e-05	9.451003e-07	8.193536e+02	2.815888e+01
17:37:31	2.466900e+00	3.004684e-01	9.467168e+00	2.577507e-01	8.867746e-02	9.467168e-05	7.732522e-04	2.660324e-05	9.467168e-07	8.167725e+02	2.810053e+01
17:37:32	2.465300e+00	3.002735e-01	9.485584e+00	2.579227e-01	9.078273e-02	9.485584e-05	7.737680e-04	2.723482e-05	9.485584e-07	8.157305e+02	2.871180e+01
17:37:32	2.462400e+00	2.999203e-01	9.498183e+00	2.580038e-01	9.138933e-02	9.498183e-05	7.740113e-04	2.741680e-05	9.498183e-07	8.149045e+02	2.886531e+01
17:37:33	2.460400e+00	2.996767e-01	9.485285e+00	2.574134e-01	8.942355e-02	9.485285e-05	7.722401e-04	2.682706e-05	9.485285e-07	8.141454e+02	2.828282e+01
17:37:33	2.457600e+00	2.993357e-01	9.461666e+00	2.568457e-01	8.778864e-02	9.461666e-05	7.705371e-04	2.633659e-05	9.461666e-07	8.143778e+02	2.783505e+01
17:37:33	2.456200e+00	2.991652e-01	9.455567e+00	2.566348e-01	8.815844e-02	9.455567e-05	7.699045e-04	2.644753e-05	9.455567e-07	8.142341e+02	2.797033e+01
17:37:34	2.455000e+00	2.990190e-01	9.450948e+00	2.561093e-01	8.840498e-02	9.450948e-05	7.683280e-04	2.652149e-05	9.450948e-07	8.129640e+02	2.806226e+01
17:37:34	2.452100e+00	2.986658e-01	9.488176e+00	2.562034e-01	9.156774e-02	9.488176e-05	7.686102e-04	2.747032e-05	9.488176e-07	8.100717e+02	2.895216e+01
17:37:34	2.449700e+00	2.983735e-01	9.497567e+00	2.554995e-01	9.101628e-02	9.497567e-05	7.664985e-04	2.730489e-05	9.497567e-07	8.070472e+02	2.874935e+01
17:37:35	2.447100e+00	2.980568e-01	9.505006e+00	2.553081e-01	9.092870e-02	9.505006e-05	7.659243e-04	2.727861e-05	9.505006e-07	8.058115e+02	2.869920e+01
17:37:35	2.444500e+00	2.977401e-01	9.465662e+00	2.556714e-01	8.822656e-02	9.465662e-05	7.670142e-04	2.646797e-05	9.465662e-07	8.103123e+02	2.796209e+01
17:37:35	2.443900e+00	2.976670e-01	9.462882e+00	2.551946e-01	8.854771e-02	9.462882e-05	7.655837e-04	2.656431e-05	9.462882e-07	8.090386e+02	2.807212e+01
17:37:36	2.442200e+00	2.974600e-01	9.453403e+00	2.546626e-01	8.864827e-02	9.453403e-05	7.639877e-04	2.659448e-05	9.453403e-07	8.081616e+02	2.813218e+01
17:37:36	2.441600e+00	2.973869e-01	9.449540e+00	2.553827e-01	8.877802e-02	9.449540e-05	7.661481e-04	2.663341e-05	9.449540e-07	8.107783e+02	2.818487e+01
17:37:36	2.439600e+00	2.971433e-01	9.474567e+00	2.551264e-01	9.002366e-02	9.474567e-05	7.653793e-04	2.700710e-05	9.474567e-07	8.078251e+02	2.850484e+01
17:37:36	2.438000e+00	2.969484e-01	9.488095e+00	2.548799e-01	9.094816e-02	9.488095e-05	7.646397e-04	2.728445e-05	9.488095e-07	8.058939e+02	2.875651e+01
17:37:37	2.436400e+00	2.967535e-01	9.498164e+00	2.543285e-01	9.141203e-02	9.498164e-05	7.629854e-04	2.742361e-05	9.498164e-07	8.032977e+02	2.887254e+01
17:37:37	2.434400e+00	2.965099e-01	9.511435e+00	2.532158e-01	9.196674e-02	9.511435e-05	7.596474e-04	2.759002e-05	9.511435e-07	7.986675e+02	2.900721e+01
17:37:37	2.431900e+00	2.962054e-01	9.495553e+00	2.530114e-01	8.984849e-02	9.495553e-05	7.590343e-04	2.695455e-05	9.495553e-07	7.993577e+02	2.838650e+01
17:37:38	2.430300e+00	2.960105e-01	9.478499e+00	2.530374e-01	9.008530e-02	9.478499e-05	7.591122e-04	2.702559e-05	9.478499e-07	8.008781e+02	2.851252e+01
17:37:38	2.429100e+00	2.958644e-01	9.476050e+00	2.537608e-01	8.885587e-02	9.476050e-05	7.612823e-04	2.665676e-05	9.476050e-07	8.033752e+02	2.813067e+01
17:37:38	2.427500e+00	2.956695e-01	9.471482e+00	2.536310e-01	8.963440e-02	9.471482e-05	7.608931e-04	2.689032e-05	9.471482e-07	8.033517e+02	2.839083e+01
17:37:38	2.426500e+00	2.955477e-01	9.466979e+00	2.539295e-01	8.918026e-02	9.466979e-05	7.617884e-04	2.675408e-05	9.466979e-07	8.046795e+02	2.826042e+01
17:37:39	2.424900e+00	2.953528e-01	9.464845e+00	2.529563e-01	8.877478e-02	9.464845e-05	7.588689e-04	2.663243e-05	9.464845e-07	8.017764e+02	2.813827e+01
17:37:39	2.423700e+00	2.952067e-01	9.485769e+00	2.531055e-01	9.022803e-02	9.485769e-05	7.593166e-04	2.706841e-05	9.485769e-07	8.004797e+02	2.853581e+01
17:37:39	2.422600e+00	2.950727e-01	9.506044e+00	2.532872e-01	9.148989e-02	9.506044e-05	7.598615e-04	2.744697e-05	9.506044e-07	7.993457e+02	2.887318e+01
17:37:39	2.421000e+00	2.948778e-01	9.507439e+00	2.527909e-01	9.269336e-02	9.507439e-05	7.583726e-04	2.780801e-05	9.507439e-07	7.976624e+02	2.924869e+01
17:37:40	2.418600e+00	2.945855e-01	9.515338e+00	2.527909e-01	9.192132e-02	9.515338e-05	7.583726e-04	2.757640e-05	9.515338e-07	7.970002e+02	2.898100e+01
17:37:40	2.416200e+00	2.942932e-01	9.516460e+00	2.517269e-01	9.163911e-02	9.516460e-05	7.551806e-04	2.749173e-05	9.516460e-07	7.935520e+02	2.888861e+01
17:37:41	2.413600e+00	2.939765e-01	9.483014e+00	2.521356e-01	8.994581e-02	9.483014e-05	7.564068e-04	2.698374e-05	9.483014e-07	7.976438e+02	2.845482e+01
17:37:41	2.412700e+00	2.938669e-01	9.479829e+00	2.519572e-01	8.901158e-02	9.479829e-05	7.558716e-04	2.670347e-05	9.479829e-07	7.973473e+02	2.816873e+01
17:37:41	2.411100e+00	2.936720e-01	9.475686e+00	2.523497e-01	8.942679e-02	9.475686e-05	7.570491e-04	2.682804e-05	9.475686e-07	7.989385e+02	2.831250e+01
17:37:41	2.409500e+00	2.934771e-01	9.466541e+00	2.522199e-01	8.953708e-02	9.466541e-05	7.566598e-04	2.686113e-05	9.466541e-07	7.992991e+02	2.837480e+01
17:37:42	2.408100e+00	2.933066e-01	9.462652e+00	2.516393e-01	8.921270e-02	9.462652e-05	7.549179e-04	2.676381e-05	9.462652e-07	7.977868e+02	2.828362e+01
17:37:42	2.407100e+00	2.931848e-01	9.471446e+00	2.512857e-01	9.033832e-02	9.471446e-05	7.538571e-04	2.710150e-05	9.471446e-07	7.959261e+02	2.861389e+01
17:37:42	2.405100e+00	2.929412e-01	9.503997e+00	2.512435e-01	9.175264e-02	9.503997e-05	7.537306e-04	2.752579e-05	9.503997e-07	7.930670e+02	2.896233e+01
17:37:43	2.402600e+00	2.926367e-01	9.510335e+00	2.508673e-01	9.186942e-02	9.510335e-05	7.526018e-04	2.756083e-05	9.510335e-07	7.913514e+02	2.897987e+01
17:37:43	2.400000e+00	2.923200e-01	9.513511e+00	2.506402e-01	9.191483e-02	9.513511e-05	7.519206e-04	2.757445e-05	9.513511e-07	7.903712e+02	2.898451e+01
17:37:43	2.398000e+00	2.920764e-01	9.516953e+00	2.498941e-01	9.161964e-02	9.516953e-05	7.496823e-04	2.748589e-05	9.516953e-07	7.877335e+02	2.888098e+01
17:37:44	2.395800e+00	2.918084e-01	9.515815e+00	2.507699e-01	9.146394e-02	9.515815e-05	7.523098e-04	2.743918e-05	9.515815e-07	7.905890e+02	2.883535e+01
17:37:44	2.395000e+00	2.917110e-01	9.487076e+00	2.502217e-01	8.961169e-02	9.487076e-05	7.506652e-04	2.688351e-05	9.487076e-07	7.912503e+02	2.833698e+01
17:37:44	2.392900e+00	2.914552e-01	9.477733e+00	2.497546e-01	8.892724e-02	9.477733e-05	7.492638e-04	2.667817e-05	9.477733e-07	7.905517e+02	2.814826e+01
17:37:45	2.391100e+00	2.912360e-01	9.475005e+00	2.504520e-01	8.903753e-02	9.475005e-05	7.513561e-04	2.671126e-05	9.475005e-07	7.929876e+02	2.819129e+01
17:37:45	2.389700e+00	2.910655e-01	9.479037e+00	2.501049e-01	8.863853e-02	9.479037e-05	7.503148e-04	2.659156e-05	9.479037e-07	7.915517e+02	2.805302e+01
17:37:45	2.388900e+00	2.909680e-01	9.471784e+00	2.503158e-01	8.856068e-02	9.471784e-05	7.509474e-04	2.656820e-05	9.471784e-07	7.928257e+02	2.804984e+01
17:37:45	2.387500e+00	2.907975e-01	9.473117e+00	2.501860e-01	8.889804e-02	9.473117e-05	7.505581e-04	2.666941e-05	9.473117e-07	7.923032e+02	2.815273e+01
17:37:46	2.386100e+00	2.906270e-01	9.471278e+00	2.490183e-01	8.883965e-02	9.471278e-05	7.470548e-04	2.665190e-05	9.471278e-07	7.887582e+02	2.813971e+01
17:37:46	2.384100e+00	2.903834e-01	9.467177e+00	2.493297e-01	8.894021e-02	9.467177e-05	7.479890e-04	2.668206e-05	9.467177e-07	7.900866e+02	2.818376e+01
17:37:46	2.383300e+00	2.902859e-01	9.462551e+00	2.491188e-01	8.928731e-02	9.462551e-05	7.473564e-04	2.678619e-05	9.462551e-07	7.898044e+02	2.830758e+01
17:37:46	2.381800e+00	2.901032e-01	9.471128e+00	2.485025e-01	8.888182e-02	9.471128e-05	7.455074e-04	2.666455e-05	9.471128e-07	7.871369e+02	2.815351e+01
17:37:47	2.379400e+00	2.898109e-01	9.488743e+00	2.480613e-01	8.998798e-02	9.488743e-05	7.441839e-04	2.699639e-05	9.488743e-07	7.842808e+02	2.845097e+01
17:37:47	2.377000e+00	2.895186e-01	9.501392e+00	2.482754e-01	9.113955e-02	9.501392e-05	7.448262e-04	2.734187e-05	9.501392e-07	7.839128e+02	2.877670e+01
17:37:48	2.374800e+00	2.892506e-01	9.510056e+00	2.479900e-01	9.192132e-02	9.510056e-05	7.439699e-04	2.757640e-05	9.510056e-07	7.822980e+02	2.899709e+01
17:37:48	2.372500e+00	2.889705e-01	9.506495e+00	2.475618e-01	9.209973e-02	9.506495e-05	7.426853e-04	2.762992e-05	9.506495e-07	7.812399e+02	2.906426e+01
17:37:48	2.369100e+00	2.885564e-01	9.509336e+00	2.473217e-01	9.165208e-02	9.509336e-05	7.419651e-04	2.749562e-05	9.509336e-07	7.802491e+02	2.891435e+01
17:37:49	2.367500e+00	2.883615e-01	9.510676e+00	2.472698e-01	9.171047e-02	9.510676e-05	7.418094e-04	2.751314e-05	9.510676e-07	7.799755e+02	2.892869e+01
17:37:49	2.364700e+00	2.880205e-01	9.509142e+00	2.470427e-01	9.194403e-02	9.509142e-05	7.411282e-04	2.758321e-05	9.509142e-07	7.793850e+02	2.900704e+01
17:37:50	2.363100e+00	2.878256e-01	9.503186e+00	2.463518e-01	9.159369e-02	9.503186e-05	7.390554e-04	2.747811e-05	9.503186e-07	7.776923e+02	2.891463e+01
17:37:50	2.360600e+00	2.875211e-01	9.488987e+00	2.456414e-01	9.048429e-02	9.488987e-05	7.369242e-04	2.714529e-05	9.488987e-07	7.766100e+02	2.860715e+01
17:37:51	2.358400e+00	2.872531e-01	9.476212e+00	2.462058e-01	9.039671e-02	9.476212e-05	7.386175e-04	2.711901e-05	9.476212e-07	7.794438e+02	2.861799e+01
17:37:51	2.356200e+00	2.869852e-01	9.471576e+00	2.465562e-01	8.929055e-02	9.471576e-05	7.396685e-04	2.678717e-05	9.471576e-07	7.809350e+02	2.828163e+01
17:37:51	2.355400e+00	2.868877e-01	9.472812e+00	2.454208e-01	8.985498e-02	9.472812e-05	7.362624e-04	2.695649e-05	9.472812e-07	7.772375e+02	2.845670e+01
17:37:51	2.353600e+00	2.866685e-01	9.468614e+00	2.447137e-01	8.882343e-02	9.468614e-05	7.341410e-04	2.664703e-05	9.468614e-07	7.753415e+02	2.814248e+01
17:37:52	2.351500e+00	2.864127e-01	9.468254e+00	2.457192e-01	8.895643e-02	9.468254e-05	7.371577e-04	2.668693e-05	9.468254e-07	7.785572e+02	2.818569e+01
17:37:52	2.350100e+00	2.862422e-01	9.470292e+00	2.453819e-01	8.885263e-02	9.470292e-05	7.361457e-04	2.665579e-05	9.470292e-07	7.773210e+02	2.814675e+01
17:37:52	2.349500e+00	2.861691e-01	9.471476e+00	2.453138e-01	8.969279e-02	9.471476e-05	7.359413e-04	2.690784e-05	9.471476e-07	7.770081e+02	2.840934e+01
17:37:52	2.347700e+00	2.859499e-01	9.472222e+00	2.448012e-01	8.950465e-02	9.472222e-05	7.344037e-04	2.685139e-05	9.472222e-07	7.753236e+02	2.834751e+01
17:37:53	2.345300e+00	2.856575e-01	9.473419e+00	2.449829e-01	8.929055e-02	9.473419e-05	7.349487e-04	2.678717e-05	9.473419e-07	7.758009e+02	2.827613e+01
17:37:53	2.343700e+00	2.854627e-01	9.471982e+00	2.446390e-01	8.961818e-02	9.471982e-05	7.339171e-04	2.688545e-05	9.471982e-07	7.748295e+02	2.838419e+01
17:37:53	2.341600e+00	2.852069e-01	9.474661e+00	2.446034e-01	8.904726e-02	9.474661e-05	7.338101e-04	2.671418e-05	9.474661e-07	7.744974e+02	2.819539e+01
17:37:54	2.339200e+00	2.849146e-01	9.475800e+00	2.444249e-01	8.907646e-02	9.475800e-05	7.332748e-04	2.672294e-05	9.475800e-07	7.738395e+02	2.820125e+01
17:37:54	2.336200e+00	2.845492e-01	9.480208e+00	2.445028e-01	8.964738e-02	9.480208e-05	7.335084e-04	2.689421e-05	9.480208e-07	7.737260e+02	2.836880e+01
17:37:55	2.334200e+00	2.843056e-01	9.479410e+00	2.437016e-01	8.857041e-02	9.479410e-05	7.311047e-04	2.657112e-05	9.479410e-07	7.712555e+02	2.803036e+01
17:37:55	2.331900e+00	2.840254e-01	9.483190e+00	2.433999e-01	8.920297e-02	9.483190e-05	7.301997e-04	2.676089e-05	9.483190e-07	7.699937e+02	2.821929e+01
17:37:56	2.329300e+00	2.837087e-01	9.484273e+00	2.430333e-01	8.921594e-02	9.484273e-05	7.291000e-04	2.676478e-05	9.484273e-07	7.687463e+02	2.822017e+01
17:37:56	2.327300e+00	2.834651e-01	9.492922e+00	2.429068e-01	9.037724e-02	9.492922e-05	7.287205e-04	2.711317e-05	9.492922e-07	7.676461e+02	2.856146e+01
17:37:56	2.324500e+00	2.831241e-01	9.516434e+00	2.431598e-01	9.129850e-02	9.516434e-05	7.294795e-04	2.738955e-05	9.516434e-07	7.665471e+02	2.878132e+01
17:37:57	2.322200e+00	2.828440e-01	9.521070e+00	2.428906e-01	9.193430e-02	9.521070e-05	7.286718e-04	2.758029e-05	9.521070e-07	7.653256e+02	2.896764e+01
17:37:57	2.320600e+00	2.826491e-01	9.521650e+00	2.425435e-01	9.190186e-02	9.521650e-05	7.276305e-04	2.757056e-05	9.521650e-07	7.641853e+02	2.895565e+01
17:37:58	2.318000e+00	2.823324e-01	9.516304e+00	2.421153e-01	9.213866e-02	9.516304e-05	7.263460e-04	2.764160e-05	9.516304e-07	7.632647e+02	2.904657e+01
17:37:58	2.315800e+00	2.820644e-01	9.518319e+00	2.420407e-01	9.168128e-02	9.518319e-05	7.261221e-04	2.750438e-05	9.518319e-07	7.628680e+02	2.889626e+01
17:37:59	2.313400e+00	2.817721e-01	9.515967e+00	2.417617e-01	9.199269e-02	9.515967e-05	7.252852e-04	2.759781e-05	9.515967e-07	7.621771e+02	2.900158e+01
17:37:59	2.310900e+00	2.814676e-01	9.515390e+00	2.416028e-01	9.256685e-02	9.515390e-05	7.248084e-04	2.777005e-05	9.515390e-07	7.617222e+02	2.918436e+01
17:37:59	2.308500e+00	2.811753e-01	9.513307e+00	2.410027e-01	9.202512e-02	9.513307e-05	7.230080e-04	2.760754e-05	9.513307e-07	7.599965e+02	2.901992e+01
17:38:00	2.306500e+00	2.809317e-01	9.506919e+00	2.412849e-01	9.228788e-02	9.506919e-05	7.238547e-04	2.768636e-05	9.506919e-07	7.613977e+02	2.912233e+01
17:38:00	2.305300e+00	2.807855e-01	9.509800e+00	2.401982e-01	9.198944e-02	9.509800e-05	7.205946e-04	2.759683e-05	9.509800e-07	7.577389e+02	2.901936e+01
17:38:00	2.303100e+00	2.805176e-01	9.513515e+00	2.401268e-01	9.154828e-02	9.513515e-05	7.203805e-04	2.746448e-05	9.513515e-07	7.572181e+02	2.886891e+01
17:38:01	2.301000e+00	2.802618e-01	9.510644e+00	2.399127e-01	9.312155e-02	9.510644e-05	7.197382e-04	2.793646e-05	9.510644e-07	7.567713e+02	2.937390e+01
17:38:01	2.298600e+00	2.799695e-01	9.512162e+00	2.397830e-01	9.223922e-02	9.512162e-05	7.193489e-04	2.767177e-05	9.512162e-07	7.562413e+02	2.909093e+01
17:38:02	2.296000e+00	2.796528e-01	9.509846e+00	2.388747e-01	9.244358e-02	9.509846e-05	7.166241e-04	2.773307e-05	9.509846e-07	7.535602e+02	2.916249e+01
17:38:02	2.293600e+00	2.793605e-01	9.513041e+00	2.390272e-01	9.201539e-02	9.513041e-05	7.170815e-04	2.760462e-05	9.513041e-07	7.537879e+02	2.901766e+01
17:38:02	2.292300e+00	2.792021e-01	9.508129e+00	2.386444e-01	9.225219e-02	9.508129e-05	7.159332e-04	2.767566e-05	9.508129e-07	7.529695e+02	2.910736e+01
17:38:03	2.290500e+00	2.789829e-01	9.508820e+00	2.384530e-01	9.152233e-02	9.508820e-05	7.153590e-04	2.745670e-05	9.508820e-07	7.523110e+02	2.887498e+01
17:38:03	2.287300e+00	2.785931e-01	9.502803e+00	2.384627e-01	9.209325e-02	9.502803e-05	7.153882e-04	2.762797e-05	9.502803e-07	7.528181e+02	2.907350e+01
17:38:04	2.285900e+00	2.784226e-01	9.510692e+00	2.375577e-01	9.222624e-02	9.510692e-05	7.126731e-04	2.766787e-05	9.510692e-07	7.493388e+02	2.909133e+01
17:38:04	2.284100e+00	2.782034e-01	9.511536e+00	2.378496e-01	9.158072e-02	9.511536e-05	7.135489e-04	2.747421e-05	9.511536e-07	7.501932e+02	2.888515e+01
17:38:04	2.282900e+00	2.780572e-01	9.507338e+00	2.374766e-01	9.225219e-02	9.507338e-05	7.124298e-04	2.767566e-05	9.507338e-07	7.493473e+02	2.910979e+01
17:38:04	2.282000e+00	2.779476e-01	9.511107e+00	2.374442e-01	9.233654e-02	9.511107e-05	7.123325e-04	2.770096e-05	9.511107e-07	7.489480e+02	2.912485e+01
17:38:05	2.279000e+00	2.775822e-01	9.508937e+00	2.371100e-01	9.275499e-02	9.508937e-05	7.113301e-04	2.782650e-05	9.508937e-07	7.480648e+02	2.926352e+01
17:38:05	2.276600e+00	2.772899e-01	9.512013e+00	2.370581e-01	9.218732e-02	9.512013e-05	7.111744e-04	2.765620e-05	9.512013e-07	7.476592e+02	2.907502e+01
17:38:06	2.274000e+00	2.769732e-01	9.508094e+00	2.375480e-01	9.196674e-02	9.508094e-05	7.126439e-04	2.759002e-05	9.508094e-07	7.495129e+02	2.901740e+01
17:38:06	2.272600e+00	2.768027e-01	9.506222e+00	2.378367e-01	9.160991e-02	9.506222e-05	7.135100e-04	2.748297e-05	9.506222e-07	7.505716e+02	2.891051e+01
17:38:06	2.271500e+00	2.766687e-01	9.503653e+00	2.380735e-01	9.119794e-02	9.503653e-05	7.142204e-04	2.735938e-05	9.503653e-07	7.515220e+02	2.878828e+01
17:38:07	2.270100e+00	2.764982e-01	9.499549e+00	2.369868e-01	9.146718e-02	9.499549e-05	7.109603e-04	2.744015e-05	9.499549e-07	7.484148e+02	2.888574e+01
17:38:07	2.268900e+00	2.763520e-01	9.503406e+00	2.364515e-01	9.109414e-02	9.503406e-05	7.093546e-04	2.732824e-05	9.503406e-07	7.464214e+02	2.875626e+01
17:38:07	2.266100e+00	2.760110e-01	9.500324e+00	2.367500e-01	9.100980e-02	9.500324e-05	7.102499e-04	2.730294e-05	9.500324e-07	7.476060e+02	2.873895e+01
17:38:07	2.264900e+00	2.758648e-01	9.506021e+00	2.362018e-01	9.095465e-02	9.506021e-05	7.086053e-04	2.728640e-05	9.506021e-07	7.454279e+02	2.870433e+01
17:38:08	2.263100e+00	2.756456e-01	9.497950e+00	2.364061e-01	9.074704e-02	9.497950e-05	7.092184e-04	2.722411e-05	9.497950e-07	7.467068e+02	2.866315e+01
17:38:08	2.261600e+00	2.754629e-01	9.503429e+00	2.364937e-01	9.094492e-02	9.503429e-05	7.094811e-04	2.728348e-05	9.503429e-07	7.465528e+02	2.870909e+01
17:38:08	2.260800e+00	2.753654e-01	9.500276e+00	2.363931e-01	9.124984e-02	9.500276e-05	7.091794e-04	2.737495e-05	9.500276e-07	7.464830e+02	2.881490e+01
17:38:09	2.259200e+00	2.751706e-01	9.498531e+00	2.361271e-01	9.106170e-02	9.498531e-05	7.083814e-04	2.731851e-05	9.498531e-07	7.457800e+02	2.876077e+01
17:38:09	2.258200e+00	2.750488e-01	9.496808e+00	2.360201e-01	9.131472e-02	9.496808e-05	7.080603e-04	2.739442e-05	9.496808e-07	7.455772e+02	2.884592e+01
17:38:09	2.256800e+00	2.748782e-01	9.503218e+00	2.357898e-01	9.116875e-02	9.503218e-05	7.073694e-04	2.735062e-05	9.503218e-07	7.443472e+02	2.878038e+01
17:38:10	2.254000e+00	2.745372e-01	9.501084e+00	2.350924e-01	9.081192e-02	9.501084e-05	7.052771e-04	2.724358e-05	9.501084e-07	7.423123e+02	2.867418e+01
17:38:10	2.252100e+00	2.743058e-01	9.506319e+00	2.344403e-01	9.133743e-02	9.506319e-05	7.033210e-04	2.740123e-05	9.506319e-07	7.398458e+02	2.882422e+01
17:38:10	2.250300e+00	2.740865e-01	9.509009e+00	2.342587e-01	9.137960e-02	9.509009e-05	7.027761e-04	2.741388e-05	9.509009e-07	7.390634e+02	2.882938e+01
17:38:11	2.247300e+00	2.737211e-01	9.489493e+00	2.342457e-01	8.998474e-02	9.489493e-05	7.027371e-04	2.699542e-05	9.489493e-07	7.405424e+02	2.844770e+01
17:38:11	2.246300e+00	2.735993e-01	9.486155e+00	2.345539e-01	8.967981e-02	9.486155e-05	7.036616e-04	2.690394e-05	9.486155e-07	7.417775e+02	2.836128e+01
17:38:11	2.244300e+00	2.733557e-01	9.473558e+00	2.344890e-01	8.995879e-02	9.473558e-05	7.034670e-04	2.698764e-05	9.473558e-07	7.425584e+02	2.848733e+01
17:38:12	2.243700e+00	2.732827e-01	9.469250e+00	2.345993e-01	8.907646e-02	9.469250e-05	7.037979e-04	2.672294e-05	9.469250e-07	7.432456e+02	2.822075e+01
17:38:12	2.242000e+00	2.730756e-01	9.459839e+00	2.342619e-01	8.849905e-02	9.459839e-05	7.027858e-04	2.654971e-05	9.459839e-07	7.429151e+02	2.806571e+01
17:38:12	2.241000e+00	2.729538e-01	9.465429e+00	2.337397e-01	8.846012e-02	9.465429e-05	7.012190e-04	2.653804e-05	9.465429e-07	7.408212e+02	2.803680e+01
17:38:12	2.239800e+00	2.728076e-01	9.461400e+00	2.337332e-01	8.909592e-02	9.461400e-05	7.011995e-04	2.672878e-05	9.461400e-07	7.411161e+02	2.825034e+01
17:38:13	2.238600e+00	2.726615e-01	9.463414e+00	2.331687e-01	8.877802e-02	9.463414e-05	6.995062e-04	2.663341e-05	9.463414e-07	7.391690e+02	2.814355e+01
17:38:13	2.237800e+00	2.725640e-01	9.463758e+00	2.333634e-01	8.878126e-02	9.463758e-05	7.000901e-04	2.663438e-05	9.463758e-07	7.397591e+02	2.814355e+01
17:38:13	2.236000e+00	2.723448e-01	9.461928e+00	2.330325e-01	8.937813e-02	9.461928e-05	6.990975e-04	2.681344e-05	9.461928e-07	7.388531e+02	2.833824e+01
17:38:13	2.233800e+00	2.720768e-01	9.457955e+00	2.329319e-01	8.863853e-02	9.457955e-05	6.987958e-04	2.659156e-05	9.457955e-07	7.388446e+02	2.811555e+01
17:38:14	2.231100e+00	2.717480e-01	9.454902e+00	2.328800e-01	8.881695e-02	9.454902e-05	6.986401e-04	2.664508e-05	9.454902e-07	7.389184e+02	2.818124e+01
17:38:14	2.229900e+00	2.716018e-01	9.454230e+00	2.322410e-01	8.883317e-02	9.454230e-05	6.967230e-04	2.664995e-05	9.454230e-07	7.369431e+02	2.818839e+01
17:38:15	2.228300e+00	2.714069e-01	9.456907e+00	2.322410e-01	8.863205e-02	9.456907e-05	6.967230e-04	2.658961e-05	9.456907e-07	7.367346e+02	2.811661e+01
17:38:15	2.225900e+00	2.711146e-01	9.452235e+00	2.325881e-01	8.895643e-02	9.452235e-05	6.977643e-04	2.668693e-05	9.452235e-07	7.382003e+02	2.823346e+01
17:38:15	2.224700e+00	2.709685e-01	9.458821e+00	2.319491e-01	8.866773e-02	9.458821e-05	6.958472e-04	2.660032e-05	9.458821e-07	7.356595e+02	2.812224e+01
17:38:16	2.222500e+00	2.707005e-01	9.484267e+00	2.317869e-01	9.087031e-02	9.484267e-05	6.953606e-04	2.726109e-05	9.484267e-07	7.331728e+02	2.874349e+01
17:38:16	2.220600e+00	2.704691e-01	9.491173e+00	2.319977e-01	9.106819e-02	9.491173e-05	6.959931e-04	2.732046e-05	9.491173e-07	7.333057e+02	2.878512e+01
17:38:16	2.219600e+00	2.703473e-01	9.488834e+00	2.316863e-01	9.168776e-02	9.488834e-05	6.950589e-04	2.750633e-05	9.488834e-07	7.325019e+02	2.898810e+01
17:38:17	2.217200e+00	2.700550e-01	9.501560e+00	2.308364e-01	9.145745e-02	9.501560e-05	6.925092e-04	2.743723e-05	9.501560e-07	7.288374e+02	2.887656e+01
17:38:17	2.215200e+00	2.698114e-01	9.504350e+00	2.299476e-01	9.172993e-02	9.504350e-05	6.898428e-04	2.751898e-05	9.504350e-07	7.258179e+02	2.895409e+01
17:38:17	2.212800e+00	2.695190e-01	9.508071e+00	2.301487e-01	9.094168e-02	9.508071e-05	6.904461e-04	2.728250e-05	9.508071e-07	7.261685e+02	2.869405e+01
17:38:18	2.211700e+00	2.693851e-01	9.502070e+00	2.302103e-01	9.102926e-02	9.502070e-05	6.906310e-04	2.730878e-05	9.502070e-07	7.268217e+02	2.873982e+01
17:38:18	2.209900e+00	2.691658e-01	9.479816e+00	2.306288e-01	9.028642e-02	9.479816e-05	6.918864e-04	2.708592e-05	9.479816e-07	7.298522e+02	2.857221e+01
17:38:18	2.209100e+00	2.690684e-01	9.464874e+00	2.299314e-01	8.909268e-02	9.464874e-05	6.897941e-04	2.672780e-05	9.464874e-07	7.287938e+02	2.823894e+01
17:38:18	2.208100e+00	2.689466e-01	9.459165e+00	2.299508e-01	8.906672e-02	9.459165e-05	6.898525e-04	2.672002e-05	9.459165e-07	7.292954e+02	2.824776e+01
17:38:19	2.205900e+00	2.686786e-01	9.463826e+00	2.300417e-01	8.782433e-02	9.463826e-05	6.901250e-04	2.634730e-05	9.463826e-07	7.292241e+02	2.784001e+01
17:38:19	2.204900e+00	2.685568e-01	9.459946e+00	2.297335e-01	8.830117e-02	9.459946e-05	6.892005e-04	2.649035e-05	9.459946e-07	7.285459e+02	2.800264e+01
17:38:19	2.203900e+00	2.684350e-01	9.454162e+00	2.291983e-01	8.847310e-02	9.454162e-05	6.875948e-04	2.654193e-05	9.454162e-07	7.272932e+02	2.807433e+01
17:38:20	2.202300e+00	2.682401e-01	9.449887e+00	2.293896e-01	8.910565e-02	9.449887e-05	6.881689e-04	2.673170e-05	9.449887e-07	7.282298e+02	2.828785e+01
17:38:20	2.201200e+00	2.681062e-01	9.471751e+00	2.290782e-01	8.989715e-02	9.471751e-05	6.872347e-04	2.696915e-05	9.471751e-07	7.255625e+02	2.847324e+01
17:38:20	2.198800e+00	2.678138e-01	9.491092e+00	2.284003e-01	9.111360e-02	9.491092e-05	6.852008e-04	2.733408e-05	9.491092e-07	7.219410e+02	2.879972e+01
17:38:21	2.196200e+00	2.674972e-01	9.501512e+00	2.286890e-01	9.084112e-02	9.501512e-05	6.860669e-04	2.725233e-05	9.501512e-07	7.220608e+02	2.868210e+01
17:38:21	2.195200e+00	2.673754e-01	9.500045e+00	2.290101e-01	9.111036e-02	9.500045e-05	6.870304e-04	2.733311e-05	9.500045e-07	7.231864e+02	2.877155e+01
17:38:21	2.193800e+00	2.672048e-01	9.501638e+00	2.284781e-01	9.139582e-02	9.501638e-05	6.854344e-04	2.741874e-05	9.501638e-07	7.213855e+02	2.885686e+01
17:38:22	2.191800e+00	2.669612e-01	9.475222e+00	2.280824e-01	8.916080e-02	9.475222e-05	6.842471e-04	2.674824e-05	9.475222e-07	7.221436e+02	2.822967e+01
17:38:22	2.190100e+00	2.667542e-01	9.464018e+00	2.282154e-01	8.845363e-02	9.464018e-05	6.846461e-04	2.653609e-05	9.464018e-07	7.234202e+02	2.803893e+01
17:38:22	2.189500e+00	2.666811e-01	9.464381e+00	2.285754e-01	8.900509e-02	9.464381e-05	6.857263e-04	2.670153e-05	9.464381e-07	7.245337e+02	2.821265e+01
17:38:22	2.188500e+00	2.665593e-01	9.461439e+00	2.282575e-01	8.864178e-02	9.461439e-05	6.847726e-04	2.659253e-05	9.461439e-07	7.237511e+02	2.810623e+01
17:38:22	2.186500e+00	2.663157e-01	9.459664e+00	2.285106e-01	8.892075e-02	9.459664e-05	6.855317e-04	2.667623e-05	9.459664e-07	7.246892e+02	2.819997e+01
17:38:23	2.185300e+00	2.661695e-01	9.449381e+00	2.281894e-01	8.852176e-02	9.449381e-05	6.845683e-04	2.655653e-05	9.449381e-07	7.244583e+02	2.810399e+01
17:38:23	2.183700e+00	2.659747e-01	9.453011e+00	2.278942e-01	8.888182e-02	9.453011e-05	6.836827e-04	2.666455e-05	9.453011e-07	7.232433e+02	2.820747e+01
17:38:23	2.183300e+00	2.659259e-01	9.474541e+00	2.280726e-01	8.996852e-02	9.474541e-05	6.842179e-04	2.699056e-05	9.474541e-07	7.221647e+02	2.848745e+01
17:38:23	2.181700e+00	2.657311e-01	9.489603e+00	2.277775e-01	9.072109e-02	9.489603e-05	6.833324e-04	2.721633e-05	9.489603e-07	7.200853e+02	2.868015e+01
17:38:24	2.180000e+00	2.655240e-01	9.494800e+00	2.280045e-01	9.141528e-02	9.494800e-05	6.840136e-04	2.742458e-05	9.494800e-07	7.204086e+02	2.888379e+01
17:38:24	2.178600e+00	2.653535e-01	9.502534e+00	2.275179e-01	9.113631e-02	9.502534e-05	6.825538e-04	2.734089e-05	9.502534e-07	7.182861e+02	2.877221e+01
17:38:25	2.176400e+00	2.650855e-01	9.510329e+00	2.273298e-01	9.185969e-02	9.510329e-05	6.819894e-04	2.755791e-05	9.510329e-07	7.171039e+02	2.897682e+01
17:38:25	2.174000e+00	2.647932e-01	9.488305e+00	2.263858e-01	9.007556e-02	9.488305e-05	6.791575e-04	2.702267e-05	9.488305e-07	7.157838e+02	2.847997e+01
17:38:25	2.172400e+00	2.645983e-01	9.468222e+00	2.267427e-01	8.845688e-02	9.468222e-05	6.802280e-04	2.653706e-05	9.468222e-07	7.184327e+02	2.802751e+01
17:38:26	2.170700e+00	2.643913e-01	9.459281e+00	2.263502e-01	8.889804e-02	9.459281e-05	6.790505e-04	2.666941e-05	9.459281e-07	7.178669e+02	2.819391e+01
17:38:26	2.169700e+00	2.642695e-01	9.457309e+00	2.261555e-01	8.916728e-02	9.457309e-05	6.784666e-04	2.675019e-05	9.457309e-07	7.173992e+02	2.828520e+01
17:38:26	2.167900e+00	2.640502e-01	9.451872e+00	2.263599e-01	8.940733e-02	9.451872e-05	6.790796e-04	2.682220e-05	9.451872e-07	7.184605e+02	2.837766e+01
17:38:26	2.167100e+00	2.639528e-01	9.467573e+00	2.263210e-01	9.030263e-02	9.467573e-05	6.789629e-04	2.709079e-05	9.467573e-07	7.171456e+02	2.861429e+01
17:38:27	2.165300e+00	2.637335e-01	9.492834e+00	2.256333e-01	9.112658e-02	9.492834e-05	6.768998e-04	2.733797e-05	9.492834e-07	7.130640e+02	2.879854e+01
17:38:27	2.163700e+00	2.635387e-01	9.499215e+00	2.257371e-01	9.139257e-02	9.499215e-05	6.772112e-04	2.741777e-05	9.499215e-07	7.129128e+02	2.886320e+01
17:38:28	2.162100e+00	2.633438e-01	9.506021e+00	2.255392e-01	9.146718e-02	9.506021e-05	6.766176e-04	2.744015e-05	9.506021e-07	7.117779e+02	2.886608e+01
17:38:28	2.159200e+00	2.629906e-01	9.470107e+00	2.251305e-01	8.902780e-02	9.470107e-05	6.753914e-04	2.670834e-05	9.470107e-07	7.131824e+02	2.820279e+01
17:38:28	2.158200e+00	2.628688e-01	9.467726e+00	2.248223e-01	8.890777e-02	9.467726e-05	6.744669e-04	2.667233e-05	9.467726e-07	7.123853e+02	2.817185e+01
17:38:28	2.156400e+00	2.626495e-01	9.459058e+00	2.246763e-01	8.906672e-02	9.459058e-05	6.740290e-04	2.672002e-05	9.459058e-07	7.125752e+02	2.824808e+01
17:38:29	2.155800e+00	2.625764e-01	9.456725e+00	2.249164e-01	8.807735e-02	9.456725e-05	6.747491e-04	2.642320e-05	9.456725e-07	7.135124e+02	2.794118e+01
17:38:29	2.153800e+00	2.623328e-01	9.464141e+00	2.244979e-01	8.853473e-02	9.464141e-05	6.734937e-04	2.656042e-05	9.464141e-07	7.116269e+02	2.806427e+01
17:38:29	2.152000e+00	2.621136e-01	9.491695e+00	2.245303e-01	9.142501e-02	9.491695e-05	6.735910e-04	2.742750e-05	9.491695e-07	7.096636e+02	2.889632e+01
17:38:30	2.150300e+00	2.619065e-01	9.495731e+00	2.242124e-01	9.138284e-02	9.495731e-05	6.726373e-04	2.741485e-05	9.495731e-07	7.083576e+02	2.887071e+01
17:38:30	2.147900e+00	2.616142e-01	9.490028e+00	2.239594e-01	9.091897e-02	9.490028e-05	6.718783e-04	2.727569e-05	9.490028e-07	7.079835e+02	2.874142e+01
17:38:31	2.145300e+00	2.612975e-01	9.458733e+00	2.234177e-01	8.860285e-02	9.458733e-05	6.702531e-04	2.658086e-05	9.458733e-07	7.086077e+02	2.810192e+01
17:38:31	2.144500e+00	2.612001e-01	9.453857e+00	2.238881e-01	8.838551e-02	9.453857e-05	6.716642e-04	2.651565e-05	9.453857e-07	7.104657e+02	2.804744e+01
17:38:31	2.143100e+00	2.610296e-01	9.455794e+00	2.234015e-01	8.898563e-02	9.455794e-05	6.702044e-04	2.669569e-05	9.455794e-07	7.087765e+02	2.823210e+01
17:38:31	2.142100e+00	2.609078e-01	9.479926e+00	2.229928e-01	9.062053e-02	9.479926e-05	6.689783e-04	2.718616e-05	9.479926e-07	7.056788e+02	2.867761e+01
17:38:32	2.139800e+00	2.606276e-01	9.495056e+00	2.227722e-01	9.178832e-02	9.495056e-05	6.683165e-04	2.753650e-05	9.495056e-07	7.038574e+02	2.900088e+01
17:38:32	2.137800e+00	2.603840e-01	9.504071e+00	2.227041e-01	9.238844e-02	9.504071e-05	6.681122e-04	2.771653e-05	9.504071e-07	7.029747e+02	2.916280e+01
17:38:33	2.135400e+00	2.600917e-01	9.471223e+00	2.229441e-01	8.883317e-02	9.471223e-05	6.688323e-04	2.664995e-05	9.471223e-07	7.061731e+02	2.813781e+01
17:38:33	2.134400e+00	2.599699e-01	9.466370e+00	2.229181e-01	8.951438e-02	9.466370e-05	6.687544e-04	2.685431e-05	9.466370e-07	7.064529e+02	2.836812e+01
17:38:33	2.133400e+00	2.598481e-01	9.459100e+00	2.221558e-01	8.882019e-02	9.459100e-05	6.664675e-04	2.664606e-05	9.459100e-07	7.045782e+02	2.816976e+01
17:38:33	2.132000e+00	2.596776e-01	9.456972e+00	2.226489e-01	8.883641e-02	9.456972e-05	6.679467e-04	2.665092e-05	9.456972e-07	7.063009e+02	2.818124e+01
17:38:34	2.131100e+00	2.595680e-01	9.484289e+00	2.222402e-01	9.098709e-02	9.484289e-05	6.667205e-04	2.729613e-05	9.484289e-07	7.029736e+02	2.878036e+01
17:38:34	2.128900e+00	2.593000e-01	9.496801e+00	2.217309e-01	9.158072e-02	9.496801e-05	6.651927e-04	2.747421e-05	9.496801e-07	7.004387e+02	2.892997e+01
17:38:35	2.127100e+00	2.590808e-01	9.487524e+00	2.215914e-01	9.040968e-02	9.487524e-05	6.647742e-04	2.712290e-05	9.487524e-07	7.006825e+02	2.858797e+01
17:38:35	2.125300e+00	2.588615e-01	9.472089e+00	2.218412e-01	8.909916e-02	9.472089e-05	6.655236e-04	2.672975e-05	9.472089e-07	7.026154e+02	2.821949e+01
17:38:35	2.124100e+00	2.587154e-01	9.465302e+00	2.223764e-01	8.859961e-02	9.465302e-05	6.671293e-04	2.657988e-05	9.465302e-07	7.048156e+02	2.808139e+01
17:38:35	2.123300e+00	2.586179e-01	9.461270e+00	2.217504e-01	8.867746e-02	9.461270e-05	6.652511e-04	2.660324e-05	9.461270e-07	7.031308e+02	2.811804e+01
17:38:36	2.121700e+00	2.584231e-01	9.468112e+00	2.213384e-01	8.885912e-02	9.468112e-05	6.640152e-04	2.665774e-05	9.468112e-07	7.013174e+02	2.815528e+01
17:38:36	2.121100e+00	2.583500e-01	9.497921e+00	2.205696e-01	9.133094e-02	9.497921e-05	6.617088e-04	2.739928e-05	9.497921e-07	6.966880e+02	2.884766e+01
17:38:36	2.118600e+00	2.580455e-01	9.509482e+00	2.207902e-01	9.206081e-02	9.509482e-05	6.623705e-04	2.761824e-05	9.509482e-07	6.965369e+02	2.904285e+01
17:38:37	2.116400e+00	2.577775e-01	9.491880e+00	2.195251e-01	9.053944e-02	9.491880e-05	6.585752e-04	2.716183e-05	9.491880e-07	6.938301e+02	2.861586e+01
17:38:37	2.114400e+00	2.575339e-01	9.472021e+00	2.205242e-01	8.946896e-02	9.472021e-05	6.615725e-04	2.684069e-05	9.472021e-07	6.984492e+02	2.833681e+01
17:38:37	2.113000e+00	2.573634e-01	9.466133e+00	2.197684e-01	8.968955e-02	9.466133e-05	6.593051e-04	2.690686e-05	9.466133e-07	6.964883e+02	2.842435e+01
17:38:38	2.110700e+00	2.570833e-01	9.472426e+00	2.195283e-01	8.971225e-02	9.472426e-05	6.585849e-04	2.691368e-05	9.472426e-07	6.952653e+02	2.841265e+01
17:38:38	2.110500e+00	2.570589e-01	9.501943e+00	2.193467e-01	9.179481e-02	9.501943e-05	6.580400e-04	2.753844e-05	9.501943e-07	6.925320e+02	2.898191e+01
17:38:38	2.108500e+00	2.568153e-01	9.516943e+00	2.190093e-01	9.195052e-02	9.516943e-05	6.570279e-04	2.758515e-05	9.516943e-07	6.903770e+02	2.898531e+01
17:38:39	2.106300e+00	2.565473e-01	9.514718e+00	2.183411e-01	9.222949e-02	9.514718e-05	6.550232e-04	2.766885e-05	9.514718e-07	6.884315e+02	2.908005e+01
17:38:39	2.104700e+00	2.563525e-01	9.480744e+00	2.187887e-01	8.977713e-02	9.480744e-05	6.563661e-04	2.693314e-05	9.480744e-07	6.923150e+02	2.840826e+01
17:38:39	2.103100e+00	2.561576e-01	9.480640e+00	2.194278e-01	8.936840e-02	9.480640e-05	6.582833e-04	2.681052e-05	9.480640e-07	6.943448e+02	2.827923e+01
17:38:40	2.102300e+00	2.560601e-01	9.478839e+00	2.189412e-01	8.964413e-02	9.478839e-05	6.568235e-04	2.689324e-05	9.478839e-07	6.929366e+02	2.837187e+01
17:38:40	2.100400e+00	2.558287e-01	9.467528e+00	2.180880e-01	8.909268e-02	9.467528e-05	6.542641e-04	2.672780e-05	9.467528e-07	6.910612e+02	2.823103e+01
17:38:40	2.098600e+00	2.556095e-01	9.491176e+00	2.177572e-01	9.085409e-02	9.491176e-05	6.532715e-04	2.725623e-05	9.491176e-07	6.882935e+02	2.871744e+01
17:38:41	2.096800e+00	2.553902e-01	9.515454e+00	2.177864e-01	9.248575e-02	9.515454e-05	6.533591e-04	2.774573e-05	9.515454e-07	6.866294e+02	2.915859e+01
17:38:41	2.094800e+00	2.551466e-01	9.517790e+00	2.173290e-01	9.154179e-02	9.517790e-05	6.519869e-04	2.746254e-05	9.517790e-07	6.850192e+02	2.885390e+01
17:38:42	2.092600e+00	2.548787e-01	9.488296e+00	2.174652e-01	9.047780e-02	9.488296e-05	6.523956e-04	2.714334e-05	9.488296e-07	6.875794e+02	2.860718e+01
17:38:42	2.091600e+00	2.547569e-01	9.482989e+00	2.174230e-01	8.924189e-02	9.482989e-05	6.522691e-04	2.677257e-05	9.482989e-07	6.878308e+02	2.823221e+01
17:38:42	2.090500e+00	2.546229e-01	9.479991e+00	2.174685e-01	8.907970e-02	9.479991e-05	6.524054e-04	2.672391e-05	9.479991e-07	6.881920e+02	2.818980e+01
17:38:42	2.089300e+00	2.544767e-01	9.473857e+00	2.175139e-01	8.899860e-02	9.473857e-05	6.525416e-04	2.669958e-05	9.473857e-07	6.887814e+02	2.818238e+01
17:38:42	2.088700e+00	2.544037e-01	9.468777e+00	2.173322e-01	8.906348e-02	9.468777e-05	6.519967e-04	2.671904e-05	9.468777e-07	6.885754e+02	2.821805e+01
17:38:43	2.087500e+00	2.542575e-01	9.471388e+00	2.174555e-01	8.882992e-02	9.471388e-05	6.523665e-04	2.664898e-05	9.471388e-07	6.887760e+02	2.813630e+01
17:38:43	2.086100e+00	2.540870e-01	9.491027e+00	2.170695e-01	9.056214e-02	9.491027e-05	6.512084e-04	2.716864e-05	9.491027e-07	6.861306e+02	2.862561e+01
17:38:43	2.085100e+00	2.539652e-01	9.507046e+00	2.169235e-01	9.225868e-02	9.507046e-05	6.507705e-04	2.767760e-05	9.507046e-07	6.845139e+02	2.911273e+01
17:38:44	2.082900e+00	2.536972e-01	9.511202e+00	2.164758e-01	9.160667e-02	9.511202e-05	6.494275e-04	2.748200e-05	9.511202e-07	6.828028e+02	2.889435e+01
17:38:44	2.080900e+00	2.534536e-01	9.519548e+00	2.167581e-01	9.169101e-02	9.519548e-05	6.502742e-04	2.750730e-05	9.519548e-07	6.830935e+02	2.889560e+01
17:38:44	2.079600e+00	2.532953e-01	9.522763e+00	2.161839e-01	9.140230e-02	9.522763e-05	6.485517e-04	2.742069e-05	9.522763e-07	6.810541e+02	2.879489e+01
17:38:45	2.077000e+00	2.529786e-01	9.486258e+00	2.167645e-01	8.989715e-02	9.486258e-05	6.502936e-04	2.696915e-05	9.486258e-07	6.855112e+02	2.842970e+01
17:38:45	2.076000e+00	2.528568e-01	9.480517e+00	2.156843e-01	8.898563e-02	9.480517e-05	6.470530e-04	2.669569e-05	9.480517e-07	6.825082e+02	2.815847e+01
17:38:45	2.075400e+00	2.527837e-01	9.481214e+00	2.161936e-01	8.899212e-02	9.481214e-05	6.485809e-04	2.669763e-05	9.481214e-07	6.840694e+02	2.815846e+01
17:38:45	2.074200e+00	2.526376e-01	9.474301e+00	2.161158e-01	8.897590e-02	9.474301e-05	6.483473e-04	2.669277e-05	9.474301e-07	6.843220e+02	2.817387e+01
17:38:46	2.072800e+00	2.524670e-01	9.474817e+00	2.159406e-01	8.872287e-02	9.474817e-05	6.478218e-04	2.661686e-05	9.474817e-07	6.837302e+02	2.809222e+01
17:38:46	2.071600e+00	2.523209e-01	9.471372e+00	2.155092e-01	8.838227e-02	9.471372e-05	6.465275e-04	2.651468e-05	9.471372e-07	6.826123e+02	2.799455e+01
17:38:46	2.070500e+00	2.521869e-01	9.484659e+00	2.156454e-01	8.968630e-02	9.484659e-05	6.469362e-04	2.690589e-05	9.484659e-07	6.820870e+02	2.836780e+01
17:38:46	2.069500e+00	2.520651e-01	9.502277e+00	2.154605e-01	9.119470e-02	9.502277e-05	6.463815e-04	2.735841e-05	9.502277e-07	6.802385e+02	2.879142e+01
17:38:47	2.067300e+00	2.517971e-01	9.509038e+00	2.154573e-01	9.118496e-02	9.509038e-05	6.463718e-04	2.735549e-05	9.509038e-07	6.797447e+02	2.876788e+01
17:38:47	2.065500e+00	2.515779e-01	9.516434e+00	2.149447e-01	9.124660e-02	9.516434e-05	6.448342e-04	2.737398e-05	9.516434e-07	6.776007e+02	2.876495e+01
17:38:48	2.063700e+00	2.513587e-01	9.516155e+00	2.146301e-01	9.166830e-02	9.516155e-05	6.438902e-04	2.750049e-05	9.516155e-07	6.766286e+02	2.889874e+01
17:38:48	2.061500e+00	2.510907e-01	9.487777e+00	2.144744e-01	9.019234e-02	9.487777e-05	6.434231e-04	2.705770e-05	9.487777e-07	6.781601e+02	2.851849e+01
17:38:48	2.060000e+00	2.509080e-01	9.482002e+00	2.142408e-01	8.950140e-02	9.482002e-05	6.427225e-04	2.685042e-05	9.482002e-07	6.778341e+02	2.831725e+01
17:38:49	2.059400e+00	2.508349e-01	9.491611e+00	2.140981e-01	8.962467e-02	9.491611e-05	6.422943e-04	2.688740e-05	9.491611e-07	6.766968e+02	2.832754e+01
17:38:49	2.058200e+00	2.506888e-01	9.483368e+00	2.139910e-01	8.972847e-02	9.483368e-05	6.419731e-04	2.691854e-05	9.483368e-07	6.769463e+02	2.838500e+01
17:38:49	2.056800e+00	2.505182e-01	9.471446e+00	2.140754e-01	8.891102e-02	9.471446e-05	6.422261e-04	2.667331e-05	9.471446e-07	6.780655e+02	2.816181e+01
17:38:49	2.055400e+00	2.503477e-01	9.468803e+00	2.132871e-01	9.001718e-02	9.468803e-05	6.398614e-04	2.700515e-05	9.468803e-07	6.757574e+02	2.852013e+01
17:38:50	2.053400e+00	2.501041e-01	9.465257e+00	2.132028e-01	8.966359e-02	9.465257e-05	6.396083e-04	2.689908e-05	9.465257e-07	6.757433e+02	2.841875e+01
17:38:50	2.051800e+00	2.499092e-01	9.487514e+00	2.135953e-01	9.039995e-02	9.487514e-05	6.407859e-04	2.711999e-05	9.487514e-07	6.753991e+02	2.858492e+01
17:38:51	2.049900e+00	2.496778e-01	9.507756e+00	2.128492e-01	9.213542e-02	9.507756e-05	6.385476e-04	2.764062e-05	9.507756e-07	6.716070e+02	2.907166e+01
17:38:51	2.047100e+00	2.493368e-01	9.508425e+00	2.125540e-01	9.239168e-02	9.508425e-05	6.376620e-04	2.771750e-05	9.508425e-07	6.706285e+02	2.915047e+01
17:38:51	2.045100e+00	2.490932e-01	9.518076e+00	2.126805e-01	9.234627e-02	9.518076e-05	6.380416e-04	2.770388e-05	9.518076e-07	6.703472e+02	2.910660e+01
17:38:52	2.042700e+00	2.488009e-01	9.524375e+00	2.126773e-01	9.178508e-02	9.524375e-05	6.380318e-04	2.753552e-05	9.524375e-07	6.698936e+02	2.891058e+01
17:38:52	2.041500e+00	2.486547e-01	9.502680e+00	2.120545e-01	9.070487e-02	9.502680e-05	6.361634e-04	2.721146e-05	9.502680e-07	6.694568e+02	2.863557e+01
17:38:53	2.039200e+00	2.483746e-01	9.478590e+00	2.117722e-01	9.002366e-02	9.478590e-05	6.353167e-04	2.700710e-05	9.478590e-07	6.702650e+02	2.849274e+01
17:38:53	2.038200e+00	2.482528e-01	9.479852e+00	2.116717e-01	8.998798e-02	9.479852e-05	6.350150e-04	2.699639e-05	9.479852e-07	6.698576e+02	2.847765e+01
17:38:53	2.037000e+00	2.481066e-01	9.475612e+00	2.119377e-01	8.929704e-02	9.475612e-05	6.358130e-04	2.678911e-05	9.475612e-07	6.709995e+02	2.827164e+01
17:38:54	2.036000e+00	2.479848e-01	9.469896e+00	2.120934e-01	8.954357e-02	9.469896e-05	6.362801e-04	2.686307e-05	9.469896e-07	6.718977e+02	2.836681e+01
17:38:54	2.034400e+00	2.477899e-01	9.466272e+00	2.119182e-01	8.910241e-02	9.466272e-05	6.357546e-04	2.673072e-05	9.466272e-07	6.715998e+02	2.823785e+01
17:38:54	2.034000e+00	2.477412e-01	9.471875e+00	2.123432e-01	8.979010e-02	9.471875e-05	6.370295e-04	2.693703e-05	9.471875e-07	6.725485e+02	2.843897e+01
17:38:54	2.032000e+00	2.474976e-01	9.481415e+00	2.116652e-01	9.017937e-02	9.481415e-05	6.349956e-04	2.705381e-05	9.481415e-07	6.697266e+02	2.853352e+01
17:38:55	2.030800e+00	2.473514e-01	9.504551e+00	2.113278e-01	9.185644e-02	9.504551e-05	6.339835e-04	2.755693e-05	9.504551e-07	6.670315e+02	2.899341e+01
17:38:55	2.028900e+00	2.471200e-01	9.514040e+00	2.107083e-01	9.180779e-02	9.514040e-05	6.321248e-04	2.754234e-05	9.514040e-07	6.644125e+02	2.894915e+01
17:38:55	2.026500e+00	2.468277e-01	9.511545e+00	2.109905e-01	9.179481e-02	9.511545e-05	6.329714e-04	2.753844e-05	9.511545e-07	6.654769e+02	2.895265e+01
17:38:56	2.026100e+00	2.467790e-01	9.512538e+00	2.111819e-01	9.276472e-02	9.512538e-05	6.335456e-04	2.782942e-05	9.512538e-07	6.660111e+02	2.925551e+01
17:38:56	2.024900e+00	2.466328e-01	9.517810e+00	2.113181e-01	9.198620e-02	9.517810e-05	6.339543e-04	2.759586e-05	9.517810e-07	6.660716e+02	2.899392e+01
17:38:56	2.023900e+00	2.465110e-01	9.517437e+00	2.103774e-01	9.231058e-02	9.517437e-05	6.311321e-04	2.769318e-05	9.517437e-07	6.631325e+02	2.909730e+01
17:38:57	2.021700e+00	2.462431e-01	9.519159e+00	2.092939e-01	9.228463e-02	9.519159e-05	6.278818e-04	2.768539e-05	9.519159e-07	6.595980e+02	2.908386e+01
17:38:57	2.019800e+00	2.460116e-01	9.514718e+00	2.098421e-01	9.142177e-02	9.514718e-05	6.295264e-04	2.742653e-05	9.514718e-07	6.616343e+02	2.882537e+01
17:38:57	2.018400e+00	2.458411e-01	9.508503e+00	2.097643e-01	9.124335e-02	9.508503e-05	6.292929e-04	2.737301e-05	9.508503e-07	6.618212e+02	2.878793e+01
17:38:57	2.017000e+00	2.456706e-01	9.504795e+00	2.103385e-01	9.059134e-02	9.504795e-05	6.310154e-04	2.717740e-05	9.504795e-07	6.638916e+02	2.859336e+01
17:38:58	2.016000e+00	2.455488e-01	9.495935e+00	2.102736e-01	9.023776e-02	9.495935e-05	6.308207e-04	2.707133e-05	9.495935e-07	6.643061e+02	2.850833e+01
17:38:58	2.015400e+00	2.454757e-01	9.484828e+00	2.103871e-01	8.996203e-02	9.484828e-05	6.311613e-04	2.698861e-05	9.484828e-07	6.654431e+02	2.845451e+01
17:38:58	2.014200e+00	2.453296e-01	9.482207e+00	2.099070e-01	8.984201e-02	9.482207e-05	6.297211e-04	2.695260e-05	9.482207e-07	6.641081e+02	2.842440e+01
17:38:58	2.012800e+00	2.451590e-01	9.481675e+00	2.099914e-01	8.919323e-02	9.481675e-05	6.299741e-04	2.675797e-05	9.481675e-07	6.644122e+02	2.822072e+01
17:38:59	2.011800e+00	2.450372e-01	9.482651e+00	2.093945e-01	8.970901e-02	9.482651e-05	6.281835e-04	2.691270e-05	9.482651e-07	6.624555e+02	2.838099e+01
17:38:59	2.010600e+00	2.448911e-01	9.478389e+00	2.093361e-01	8.910565e-02	9.478389e-05	6.280083e-04	2.673170e-05	9.478389e-07	6.625686e+02	2.820278e+01
17:38:59	2.009700e+00	2.447815e-01	9.472579e+00	2.092615e-01	8.958574e-02	9.472579e-05	6.277845e-04	2.687572e-05	9.472579e-07	6.627387e+02	2.837213e+01
17:38:59	2.008900e+00	2.446840e-01	9.476481e+00	2.090766e-01	8.908294e-02	9.476481e-05	6.272298e-04	2.672488e-05	9.476481e-07	6.618805e+02	2.820127e+01
17:39:00	2.007500e+00	2.445135e-01	9.478989e+00	2.087327e-01	8.965062e-02	9.478989e-05	6.261982e-04	2.689519e-05	9.478989e-07	6.606171e+02	2.837348e+01
17:39:00	2.006100e+00	2.443430e-01	9.477597e+00	2.084830e-01	8.978037e-02	9.477597e-05	6.254489e-04	2.693411e-05	9.477597e-07	6.599235e+02	2.841871e+01
17:39:00	2.005700e+00	2.442943e-01	9.472682e+00	2.085251e-01	8.930677e-02	9.472682e-05	6.255754e-04	2.679203e-05	9.472682e-07	6.603994e+02	2.828347e+01
17:39:00	2.004300e+00	2.441237e-01	9.467268e+00	2.083759e-01	8.976091e-02	9.467268e-05	6.251278e-04	2.692827e-05	9.467268e-07	6.603043e+02	2.844355e+01
17:39:01	2.003700e+00	2.440507e-01	9.464618e+00	2.083175e-01	8.972523e-02	9.464618e-05	6.249526e-04	2.691757e-05	9.464618e-07	6.603041e+02	2.844021e+01
17:39:01	2.002300e+00	2.438801e-01	9.467631e+00	2.084667e-01	8.958574e-02	9.467631e-05	6.254002e-04	2.687572e-05	9.467631e-07	6.605667e+02	2.838695e+01
17:39:01	2.000900e+00	2.437096e-01	9.468796e+00	2.084408e-01	8.970252e-02	9.468796e-05	6.253224e-04	2.691076e-05	9.468796e-07	6.604033e+02	2.842046e+01
17:39:01	1.999800e+00	2.435756e-01	9.471648e+00	2.082591e-01	9.009827e-02	9.471648e-05	6.247774e-04	2.702948e-05	9.471648e-07	6.596291e+02	2.853725e+01
17:39:01	1.999000e+00	2.434782e-01	9.486865e+00	2.077434e-01	9.063675e-02	9.486865e-05	6.232301e-04	2.719103e-05	9.486865e-07	6.569400e+02	2.866176e+01
17:39:02	1.997000e+00	2.432346e-01	9.508992e+00	2.074092e-01	9.199593e-02	9.508992e-05	6.222277e-04	2.759878e-05	9.508992e-07	6.543572e+02	2.902387e+01
17:39:02	1.995000e+00	2.429910e-01	9.512113e+00	2.076006e-01	9.201539e-02	9.512113e-05	6.228019e-04	2.760462e-05	9.512113e-07	6.547461e+02	2.902049e+01
17:39:03	1.993800e+00	2.428448e-01	9.514747e+00	2.071205e-01	9.218083e-02	9.514747e-05	6.213616e-04	2.765425e-05	9.514747e-07	6.530511e+02	2.906462e+01
17:39:03	1.991400e+00	2.425525e-01	9.511461e+00	2.068416e-01	9.315074e-02	9.511461e-05	6.205247e-04	2.794522e-05	9.511461e-07	6.523968e+02	2.938058e+01
17:39:04	1.989500e+00	2.423211e-01	9.513459e+00	2.064101e-01	9.261551e-02	9.513459e-05	6.192304e-04	2.778465e-05	9.513459e-07	6.508993e+02	2.920562e+01
17:39:04	1.987300e+00	2.420531e-01	9.518127e+00	2.066567e-01	9.216785e-02	9.518127e-05	6.199700e-04	2.765036e-05	9.518127e-07	6.513571e+02	2.905021e+01
17:39:04	1.986100e+00	2.419070e-01	9.524385e+00	2.063031e-01	9.181103e-02	9.524385e-05	6.189093e-04	2.754331e-05	9.524385e-07	6.498155e+02	2.891873e+01
17:39:05	1.983900e+00	2.416390e-01	9.515960e+00	2.062869e-01	9.245007e-02	9.515960e-05	6.188606e-04	2.773502e-05	9.515960e-07	6.503396e+02	2.914579e+01
17:39:05	1.982900e+00	2.415172e-01	9.517845e+00	2.062252e-01	9.286853e-02	9.517845e-05	6.186757e-04	2.786056e-05	9.517845e-07	6.500166e+02	2.927192e+01
17:39:05	1.982300e+00	2.414441e-01	9.518442e+00	2.060533e-01	9.159369e-02	9.518442e-05	6.181599e-04	2.747811e-05	9.518442e-07	6.494339e+02	2.886828e+01
17:39:06	1.980000e+00	2.411640e-01	9.513612e+00	2.057581e-01	9.163262e-02	9.513612e-05	6.172744e-04	2.748979e-05	9.513612e-07	6.488328e+02	2.889521e+01
17:39:06	1.978600e+00	2.409935e-01	9.503471e+00	2.060825e-01	9.102277e-02	9.503471e-05	6.182475e-04	2.730683e-05	9.503471e-07	6.505492e+02	2.873353e+01
17:39:06	1.976800e+00	2.407742e-01	9.493632e+00	2.060274e-01	9.037076e-02	9.493632e-05	6.180821e-04	2.711123e-05	9.493632e-07	6.510491e+02	2.855728e+01
17:39:07	1.975800e+00	2.406524e-01	9.485016e+00	2.059819e-01	8.992635e-02	9.485016e-05	6.179458e-04	2.697790e-05	9.485016e-07	6.514969e+02	2.844266e+01
17:39:07	1.974600e+00	2.405063e-01	9.475962e+00	2.059398e-01	8.994581e-02	9.475962e-05	6.178193e-04	2.698374e-05	9.475962e-07	6.519859e+02	2.847599e+01
17:39:07	1.973400e+00	2.403601e-01	9.469769e+00	2.058230e-01	8.991013e-02	9.469769e-05	6.174690e-04	2.697304e-05	9.469769e-07	6.520423e+02	2.848331e+01
17:39:07	1.972400e+00	2.402383e-01	9.467197e+00	2.053526e-01	8.837903e-02	9.467197e-05	6.160579e-04	2.651371e-05	9.467197e-07	6.507290e+02	2.800587e+01
17:39:08	1.971400e+00	2.401165e-01	9.463933e+00	2.059657e-01	8.925162e-02	9.463933e-05	6.178972e-04	2.677549e-05	9.463933e-07	6.528968e+02	2.829213e+01
17:39:08	1.970200e+00	2.399704e-01	9.467245e+00	2.047136e-01	8.847634e-02	9.467245e-05	6.141408e-04	2.654290e-05	9.467245e-07	6.487006e+02	2.803656e+01
17:39:08	1.968500e+00	2.397633e-01	9.463369e+00	2.048758e-01	8.935867e-02	9.463369e-05	6.146274e-04	2.680760e-05	9.463369e-07	6.494805e+02	2.832776e+01
17:39:08	1.967700e+00	2.396659e-01	9.458827e+00	2.048369e-01	8.894670e-02	9.458827e-05	6.145106e-04	2.668401e-05	9.458827e-07	6.496689e+02	2.821070e+01
17:39:09	1.966700e+00	2.395441e-01	9.463791e+00	2.053429e-01	8.960196e-02	9.463791e-05	6.160287e-04	2.688059e-05	9.463791e-07	6.509323e+02	2.840362e+01
17:39:09	1.965100e+00	2.393492e-01	9.457851e+00	2.045222e-01	8.871639e-02	9.457851e-05	6.135666e-04	2.661492e-05	9.457851e-07	6.487379e+02	2.814055e+01
17:39:09	1.964700e+00	2.393005e-01	9.461020e+00	2.042887e-01	8.843742e-02	9.461020e-05	6.128660e-04	2.653122e-05	9.461020e-07	6.477800e+02	2.804267e+01
17:39:10	1.962300e+00	2.390081e-01	9.463648e+00	2.037112e-01	8.948518e-02	9.463648e-05	6.111337e-04	2.684555e-05	9.463648e-07	6.457697e+02	2.836703e+01
17:39:10	1.960300e+00	2.387645e-01	9.455612e+00	2.040810e-01	8.952735e-02	9.455612e-05	6.122431e-04	2.685821e-05	9.455612e-07	6.474918e+02	2.840451e+01
17:39:10	1.959200e+00	2.386306e-01	9.452891e+00	2.038021e-01	8.931326e-02	9.452891e-05	6.114062e-04	2.679398e-05	9.452891e-07	6.467929e+02	2.834474e+01
17:39:11	1.958400e+00	2.385331e-01	9.455272e+00	2.037599e-01	8.933921e-02	9.455272e-05	6.112797e-04	2.680176e-05	9.455272e-07	6.464962e+02	2.834584e+01
17:39:11	1.957000e+00	2.383626e-01	9.455181e+00	2.037048e-01	8.939760e-02	9.455181e-05	6.111143e-04	2.681928e-05	9.455181e-07	6.463274e+02	2.836464e+01
17:39:11	1.956000e+00	2.382408e-01	9.454107e+00	2.033382e-01	8.952086e-02	9.454107e-05	6.100146e-04	2.685626e-05	9.454107e-07	6.452377e+02	2.840698e+01
17:39:12	1.953400e+00	2.379241e-01	9.471790e+00	2.031663e-01	8.911863e-02	9.471790e-05	6.094988e-04	2.673559e-05	9.471790e-07	6.434885e+02	2.822654e+01
17:39:12	1.951800e+00	2.377292e-01	9.485156e+00	2.030917e-01	9.082490e-02	9.485156e-05	6.092750e-04	2.724747e-05	9.485156e-07	6.423458e+02	2.872643e+01
17:39:12	1.949300e+00	2.374247e-01	9.490096e+00	2.032214e-01	9.100006e-02	9.490096e-05	6.096643e-04	2.730002e-05	9.490096e-07	6.424216e+02	2.876685e+01
17:39:13	1.948500e+00	2.373273e-01	9.488792e+00	2.032149e-01	9.130174e-02	9.488792e-05	6.096448e-04	2.739052e-05	9.488792e-07	6.424894e+02	2.886619e+01
17:39:13	1.947300e+00	2.371811e-01	9.499183e+00	2.028646e-01	9.137960e-02	9.499183e-05	6.085938e-04	2.741388e-05	9.499183e-07	6.406802e+02	2.885920e+01
17:39:13	1.945900e+00	2.370106e-01	9.500052e+00	2.026602e-01	9.143474e-02	9.500052e-05	6.079807e-04	2.743042e-05	9.500052e-07	6.399762e+02	2.887397e+01
17:39:14	1.944100e+00	2.367914e-01	9.499014e+00	2.022645e-01	9.122065e-02	9.499014e-05	6.067934e-04	2.736619e-05	9.499014e-07	6.387963e+02	2.880951e+01
17:39:14	1.941100e+00	2.364260e-01	9.503909e+00	2.015087e-01	9.093194e-02	9.503909e-05	6.045260e-04	2.727958e-05	9.503909e-07	6.360814e+02	2.870354e+01
17:39:15	1.939900e+00	2.362798e-01	9.504837e+00	2.021282e-01	9.123362e-02	9.504837e-05	6.063847e-04	2.737009e-05	9.504837e-07	6.379749e+02	2.879596e+01
17:39:15	1.939200e+00	2.361946e-01	9.501745e+00	2.014924e-01	9.119794e-02	9.501745e-05	6.044773e-04	2.735938e-05	9.501745e-07	6.361751e+02	2.879406e+01
17:39:15	1.937600e+00	2.359997e-01	9.506988e+00	2.013335e-01	9.106170e-02	9.506988e-05	6.040005e-04	2.731851e-05	9.506988e-07	6.353227e+02	2.873519e+01
17:39:15	1.936000e+00	2.358048e-01	9.511688e+00	2.016254e-01	9.139582e-02	9.511688e-05	6.048763e-04	2.741874e-05	9.511688e-07	6.359295e+02	2.882637e+01
17:39:16	1.934800e+00	2.356586e-01	9.505995e+00	2.014405e-01	9.208351e-02	9.505995e-05	6.043216e-04	2.762505e-05	9.505995e-07	6.357269e+02	2.906067e+01
17:39:16	1.933400e+00	2.354881e-01	9.502092e+00	2.009085e-01	9.149962e-02	9.502092e-05	6.027256e-04	2.744989e-05	9.502092e-07	6.343083e+02	2.888825e+01
17:39:16	1.932200e+00	2.353420e-01	9.504003e+00	2.005193e-01	9.185320e-02	9.504003e-05	6.015579e-04	2.755596e-05	9.504003e-07	6.329521e+02	2.899406e+01
17:39:17	1.930200e+00	2.350984e-01	9.497048e+00	2.006101e-01	9.076326e-02	9.497048e-05	6.018303e-04	2.722898e-05	9.497048e-07	6.337025e+02	2.867099e+01
17:39:17	1.928900e+00	2.349400e-01	9.493382e+00	2.002500e-01	9.095141e-02	9.493382e-05	6.007501e-04	2.728542e-05	9.493382e-07	6.328094e+02	2.874152e+01
17:39:18	1.926700e+00	2.346721e-01	9.485360e+00	2.002533e-01	9.065622e-02	9.485360e-05	6.007599e-04	2.719686e-05	9.485360e-07	6.333548e+02	2.867246e+01
17:39:18	1.925700e+00	2.345503e-01	9.481078e+00	2.003766e-01	9.015666e-02	9.481078e-05	6.011297e-04	2.704700e-05	9.481078e-07	6.340309e+02	2.852735e+01
17:39:18	1.924900e+00	2.344528e-01	9.477633e+00	1.998965e-01	8.969603e-02	9.477633e-05	5.996894e-04	2.690881e-05	9.477633e-07	6.327418e+02	2.839191e+01
17:39:18	1.922900e+00	2.342092e-01	9.469769e+00	1.996370e-01	8.979659e-02	9.469769e-05	5.989109e-04	2.693898e-05	9.469769e-07	6.324450e+02	2.844734e+01
17:39:19	1.920900e+00	2.339656e-01	9.466765e+00	1.996824e-01	8.901807e-02	9.466765e-05	5.990471e-04	2.670542e-05	9.466765e-07	6.327896e+02	2.820966e+01
17:39:19	1.919900e+00	2.338438e-01	9.468420e+00	1.996467e-01	8.932948e-02	9.468420e-05	5.989401e-04	2.679884e-05	9.468420e-07	6.325660e+02	2.830340e+01
17:39:19	1.918600e+00	2.336855e-01	9.460997e+00	1.996337e-01	8.903753e-02	9.460997e-05	5.989011e-04	2.671126e-05	9.460997e-07	6.330211e+02	2.823303e+01
17:39:20	1.918000e+00	2.336124e-01	9.463664e+00	1.992672e-01	8.890453e-02	9.463664e-05	5.978015e-04	2.667136e-05	9.463664e-07	6.316808e+02	2.818291e+01
17:39:20	1.916200e+00	2.333932e-01	9.464115e+00	1.988260e-01	8.827847e-02	9.464115e-05	5.964780e-04	2.648354e-05	9.464115e-07	6.302522e+02	2.798311e+01
17:39:20	1.914200e+00	2.331496e-01	9.465257e+00	1.982356e-01	8.901482e-02	9.465257e-05	5.947068e-04	2.670445e-05	9.465257e-07	6.283050e+02	2.821312e+01
17:39:21	1.912800e+00	2.329790e-01	9.466318e+00	1.990141e-01	8.910241e-02	9.466318e-05	5.970424e-04	2.673072e-05	9.466318e-07	6.307018e+02	2.823772e+01
17:39:21	1.911200e+00	2.327842e-01	9.474233e+00	1.986962e-01	9.006259e-02	9.474233e-05	5.960887e-04	2.701878e-05	9.474233e-07	6.291683e+02	2.851817e+01
17:39:21	1.909800e+00	2.326136e-01	9.477957e+00	1.986897e-01	9.036751e-02	9.477957e-05	5.960692e-04	2.711025e-05	9.477957e-07	6.289006e+02	2.860348e+01
17:39:22	1.908900e+00	2.325040e-01	9.483835e+00	1.980961e-01	9.051349e-02	9.483835e-05	5.942884e-04	2.715405e-05	9.483835e-07	6.266330e+02	2.863192e+01
17:39:22	1.907500e+00	2.323335e-01	9.493820e+00	1.973306e-01	9.205756e-02	9.493820e-05	5.919917e-04	2.761727e-05	9.493820e-07	6.235548e+02	2.908973e+01
17:39:22	1.905700e+00	2.321143e-01	9.506676e+00	1.976225e-01	9.211920e-02	9.506676e-05	5.928676e-04	2.763576e-05	9.506676e-07	6.236328e+02	2.906984e+01
17:39:23	1.904300e+00	2.319437e-01	9.506825e+00	1.968797e-01	9.249224e-02	9.506825e-05	5.906390e-04	2.774767e-05	9.506825e-07	6.212789e+02	2.918711e+01
17:39:23	1.902100e+00	2.316758e-01	9.505395e+00	1.975220e-01	9.266417e-02	9.505395e-05	5.925659e-04	2.779925e-05	9.505395e-07	6.233995e+02	2.924576e+01
17:39:23	1.901700e+00	2.316271e-01	9.505304e+00	1.974993e-01	9.250522e-02	9.505304e-05	5.924978e-04	2.775156e-05	9.505304e-07	6.233338e+02	2.919587e+01
17:39:24	1.900700e+00	2.315053e-01	9.504078e+00	1.974636e-01	9.235275e-02	9.504078e-05	5.923907e-04	2.770583e-05	9.504078e-07	6.233016e+02	2.915151e+01
17:39:24	1.899700e+00	2.313835e-01	9.503857e+00	1.967402e-01	9.180130e-02	9.503857e-05	5.902206e-04	2.754039e-05	9.503857e-07	6.210327e+02	2.897812e+01
17:39:24	1.897400e+00	2.311033e-01	9.505538e+00	1.969770e-01	9.230410e-02	9.505538e-05	5.909310e-04	2.769123e-05	9.505538e-07	6.216702e+02	2.913168e+01
17:39:25	1.896600e+00	2.310059e-01	9.505259e+00	1.972235e-01	9.231383e-02	9.505259e-05	5.916706e-04	2.769415e-05	9.505259e-07	6.224666e+02	2.913561e+01
17:39:25	1.896000e+00	2.309328e-01	9.500581e+00	1.970159e-01	9.250522e-02	9.500581e-05	5.910477e-04	2.775156e-05	9.500581e-07	6.221175e+02	2.921039e+01
17:39:25	1.894200e+00	2.307136e-01	9.498569e+00	1.965553e-01	9.196674e-02	9.498569e-05	5.896659e-04	2.759002e-05	9.498569e-07	6.207944e+02	2.904650e+01
17:39:25	1.892400e+00	2.304943e-01	9.496519e+00	1.966948e-01	9.249548e-02	9.496519e-05	5.900843e-04	2.774865e-05	9.496519e-07	6.213691e+02	2.921981e+01
17:39:26	1.892200e+00	2.304700e-01	9.495990e+00	1.965099e-01	9.194403e-02	9.495990e-05	5.895296e-04	2.758321e-05	9.495990e-07	6.208195e+02	2.904722e+01
17:39:26	1.890200e+00	2.302264e-01	9.494216e+00	1.966039e-01	9.210622e-02	9.494216e-05	5.898118e-04	2.763187e-05	9.494216e-07	6.212328e+02	2.910389e+01
17:39:26	1.889400e+00	2.301289e-01	9.491504e+00	1.956081e-01	9.216137e-02	9.491504e-05	5.868242e-04	2.764841e-05	9.491504e-07	6.182626e+02	2.912964e+01
17:39:27	1.887100e+00	2.298488e-01	9.479320e+00	1.960752e-01	9.101304e-02	9.479320e-05	5.882256e-04	2.730391e-05	9.479320e-07	6.205357e+02	2.880366e+01
17:39:27	1.886900e+00	2.298244e-01	9.474308e+00	1.956535e-01	8.989066e-02	9.474308e-05	5.869605e-04	2.696720e-05	9.474308e-07	6.195286e+02	2.846350e+01
17:39:27	1.885700e+00	2.296783e-01	9.463093e+00	1.958092e-01	9.005935e-02	9.463093e-05	5.874276e-04	2.701780e-05	9.463093e-07	6.207564e+02	2.855071e+01
17:39:27	1.884900e+00	2.295808e-01	9.463207e+00	1.956048e-01	8.927758e-02	9.463207e-05	5.868145e-04	2.678327e-05	9.463207e-07	6.201011e+02	2.830253e+01
17:39:28	1.884100e+00	2.294834e-01	9.454195e+00	1.949463e-01	8.987120e-02	9.454195e-05	5.848390e-04	2.696136e-05	9.454195e-07	6.186027e+02	2.851788e+01
17:39:28	1.882500e+00	2.292885e-01	9.452012e+00	1.953680e-01	8.916080e-02	9.452012e-05	5.861041e-04	2.674824e-05	9.452012e-07	6.200840e+02	2.829899e+01
17:39:28	1.881700e+00	2.291911e-01	9.451677e+00	1.952837e-01	8.951438e-02	9.451677e-05	5.858511e-04	2.685431e-05	9.451677e-07	6.198382e+02	2.841222e+01
17:39:28	1.880700e+00	2.290693e-01	9.454798e+00	1.953194e-01	8.890453e-02	9.454798e-05	5.859581e-04	2.667136e-05	9.454798e-07	6.197468e+02	2.820934e+01
17:39:28	1.879900e+00	2.289718e-01	9.454600e+00	1.946317e-01	8.862556e-02	9.454600e-05	5.838950e-04	2.658767e-05	9.454600e-07	6.175777e+02	2.812141e+01
17:39:29	1.878200e+00	2.287648e-01	9.457014e+00	1.950923e-01	8.876829e-02	9.457014e-05	5.852769e-04	2.663049e-05	9.457014e-07	6.188813e+02	2.815951e+01
17:39:29	1.877200e+00	2.286430e-01	9.462714e+00	1.946803e-01	8.992959e-02	9.462714e-05	5.840410e-04	2.697888e-05	9.462714e-07	6.172025e+02	2.851072e+01
17:39:30	1.875600e+00	2.284481e-01	9.468332e+00	1.947160e-01	8.901482e-02	9.468332e-05	5.841481e-04	2.670445e-05	9.468332e-07	6.169493e+02	2.820396e+01
17:39:30	1.874000e+00	2.282532e-01	9.467018e+00	1.942457e-01	8.953708e-02	9.467018e-05	5.827370e-04	2.686113e-05	9.467018e-07	6.155444e+02	2.837337e+01
17:39:30	1.872400e+00	2.280583e-01	9.479375e+00	1.944922e-01	9.044861e-02	9.479375e-05	5.834766e-04	2.713458e-05	9.479375e-07	6.155222e+02	2.862487e+01
17:39:31	1.870600e+00	2.278391e-01	9.503533e+00	1.938888e-01	9.207378e-02	9.503533e-05	5.816665e-04	2.762213e-05	9.503533e-07	6.120529e+02	2.906512e+01
17:39:31	1.868900e+00	2.276320e-01	9.507387e+00	1.939245e-01	9.197971e-02	9.507387e-05	5.817735e-04	2.759391e-05	9.507387e-07	6.119174e+02	2.902366e+01
17:39:32	1.866900e+00	2.273884e-01	9.504087e+00	1.938434e-01	9.196998e-02	9.504087e-05	5.815303e-04	2.759099e-05	9.504087e-07	6.118739e+02	2.903066e+01
17:39:32	1.865300e+00	2.271935e-01	9.500552e+00	1.937753e-01	9.165208e-02	9.500552e-05	5.813259e-04	2.749562e-05	9.500552e-07	6.118865e+02	2.894108e+01
17:39:32	1.863700e+00	2.269987e-01	9.494115e+00	1.932109e-01	9.141852e-02	9.494115e-05	5.796326e-04	2.742556e-05	9.494115e-07	6.105178e+02	2.888690e+01
17:39:33	1.862100e+00	2.268038e-01	9.487942e+00	1.935904e-01	9.095465e-02	9.487942e-05	5.807712e-04	2.728640e-05	9.487942e-07	6.121150e+02	2.875902e+01
17:39:33	1.860700e+00	2.266333e-01	9.466535e+00	1.934055e-01	9.032210e-02	9.466535e-05	5.802165e-04	2.709663e-05	9.466535e-07	6.129133e+02	2.862360e+01
17:39:33	1.859900e+00	2.265358e-01	9.457692e+00	1.927470e-01	8.945599e-02	9.457692e-05	5.782410e-04	2.683680e-05	9.457692e-07	6.113976e+02	2.837563e+01
17:39:33	1.859100e+00	2.264384e-01	9.455275e+00	1.928313e-01	8.970901e-02	9.455275e-05	5.784940e-04	2.691270e-05	9.455275e-07	6.118214e+02	2.846316e+01
17:39:34	1.858400e+00	2.263531e-01	9.456106e+00	1.927535e-01	9.024100e-02	9.456106e-05	5.782604e-04	2.707230e-05	9.456106e-07	6.115207e+02	2.862944e+01
17:39:34	1.857200e+00	2.262070e-01	9.464014e+00	1.920690e-01	8.989066e-02	9.464014e-05	5.762071e-04	2.696720e-05	9.464014e-07	6.088400e+02	2.849446e+01
17:39:34	1.855800e+00	2.260364e-01	9.467492e+00	1.920171e-01	8.926136e-02	9.467492e-05	5.760514e-04	2.677841e-05	9.467492e-07	6.084519e+02	2.828458e+01
17:39:35	1.853600e+00	2.257685e-01	9.473866e+00	1.923091e-01	9.047456e-02	9.473866e-05	5.769272e-04	2.714237e-05	9.473866e-07	6.089670e+02	2.864973e+01
17:39:35	1.852400e+00	2.256223e-01	9.473231e+00	1.922474e-01	8.978362e-02	9.473231e-05	5.767423e-04	2.693509e-05	9.473231e-07	6.088127e+02	2.843284e+01
17:39:35	1.851000e+00	2.254518e-01	9.482570e+00	1.914786e-01	9.072434e-02	9.482570e-05	5.744359e-04	2.721730e-05	9.482570e-07	6.057809e+02	2.870245e+01
17:39:36	1.849600e+00	2.252813e-01	9.519380e+00	1.911964e-01	9.242412e-02	9.519380e-05	5.735893e-04	2.772724e-05	9.519380e-07	6.025490e+02	2.912715e+01
17:39:36	1.848300e+00	2.251229e-01	9.523133e+00	1.914657e-01	9.267714e-02	9.523133e-05	5.743970e-04	2.780314e-05	9.523133e-07	6.031597e+02	2.919537e+01
17:39:36	1.847300e+00	2.250011e-01	9.515467e+00	1.909045e-01	9.266092e-02	9.515467e-05	5.727134e-04	2.779828e-05	9.515467e-07	6.018763e+02	2.921378e+01
17:39:37	1.844900e+00	2.247088e-01	9.518345e+00	1.905963e-01	9.236573e-02	9.518345e-05	5.717889e-04	2.770972e-05	9.518345e-07	6.007231e+02	2.911191e+01
17:39:37	1.842900e+00	2.244652e-01	9.510997e+00	1.911478e-01	9.247602e-02	9.510997e-05	5.734433e-04	2.774281e-05	9.510997e-07	6.029266e+02	2.916919e+01
17:39:37	1.842500e+00	2.244165e-01	9.507072e+00	1.910310e-01	9.222300e-02	9.507072e-05	5.730930e-04	2.766690e-05	9.507072e-07	6.028070e+02	2.910139e+01
17:39:38	1.841300e+00	2.242703e-01	9.489467e+00	1.911770e-01	9.090924e-02	9.489467e-05	5.735309e-04	2.727277e-05	9.489467e-07	6.043869e+02	2.874005e+01
17:39:38	1.840300e+00	2.241485e-01	9.473779e+00	1.905477e-01	8.955006e-02	9.473779e-05	5.716430e-04	2.686502e-05	9.473779e-07	6.033949e+02	2.835724e+01
17:39:38	1.839000e+00	2.239902e-01	9.465850e+00	1.910894e-01	8.978362e-02	9.465850e-05	5.732681e-04	2.693509e-05	9.465850e-07	6.056172e+02	2.845501e+01
17:39:38	1.838600e+00	2.239415e-01	9.473506e+00	1.903595e-01	8.994581e-02	9.473506e-05	5.710785e-04	2.698374e-05	9.473506e-07	6.028164e+02	2.848337e+01
17:39:39	1.836800e+00	2.237222e-01	9.475514e+00	1.907066e-01	8.973820e-02	9.475514e-05	5.721198e-04	2.692146e-05	9.475514e-07	6.037876e+02	2.841161e+01
17:39:39	1.836200e+00	2.236492e-01	9.480841e+00	1.901779e-01	8.952411e-02	9.480841e-05	5.705336e-04	2.685723e-05	9.480841e-07	6.017753e+02	2.832790e+01
17:39:39	1.835600e+00	2.235761e-01	9.483031e+00	1.899248e-01	9.007881e-02	9.483031e-05	5.697745e-04	2.702364e-05	9.483031e-07	6.008359e+02	2.849684e+01
17:39:39	1.834200e+00	2.234056e-01	9.482353e+00	1.894058e-01	9.063026e-02	9.482353e-05	5.682175e-04	2.718908e-05	9.482353e-07	5.992368e+02	2.867335e+01
17:39:40	1.832200e+00	2.231620e-01	9.515042e+00	1.892404e-01	9.211920e-02	9.515042e-05	5.677211e-04	2.763576e-05	9.515042e-07	5.966564e+02	2.904428e+01
17:39:40	1.830400e+00	2.229427e-01	9.522708e+00	1.898924e-01	9.212244e-02	9.522708e-05	5.696772e-04	2.763673e-05	9.522708e-07	5.982302e+02	2.902193e+01
17:39:41	1.829600e+00	2.228453e-01	9.521599e+00	1.896361e-01	9.212568e-02	9.521599e-05	5.689084e-04	2.763771e-05	9.521599e-07	5.974925e+02	2.902633e+01
17:39:41	1.828700e+00	2.227357e-01	9.515977e+00	1.896524e-01	9.259604e-02	9.515977e-05	5.689571e-04	2.777881e-05	9.515977e-07	5.978966e+02	2.919176e+01
17:39:41	1.827900e+00	2.226382e-01	9.520440e+00	1.896264e-01	9.262524e-02	9.520440e-05	5.688792e-04	2.778757e-05	9.520440e-07	5.975345e+02	2.918728e+01
17:39:41	1.826900e+00	2.225164e-01	9.512376e+00	1.896751e-01	9.203161e-02	9.512376e-05	5.690252e-04	2.760948e-05	9.512376e-07	5.981946e+02	2.902480e+01
17:39:41	1.825900e+00	2.223946e-01	9.509362e+00	1.897886e-01	9.221976e-02	9.509362e-05	5.693658e-04	2.766593e-05	9.509362e-07	5.987423e+02	2.909336e+01
17:39:42	1.825100e+00	2.222972e-01	9.508087e+00	1.895972e-01	9.199593e-02	9.508087e-05	5.687916e-04	2.759878e-05	9.508087e-07	5.982188e+02	2.902664e+01
17:39:42	1.824100e+00	2.221754e-01	9.489454e+00	1.891593e-01	9.179157e-02	9.489454e-05	5.674779e-04	2.753747e-05	9.489454e-07	5.980090e+02	2.901903e+01
17:39:42	1.822700e+00	2.220049e-01	9.472984e+00	1.888608e-01	9.048105e-02	9.472984e-05	5.665825e-04	2.714431e-05	9.472984e-07	5.981036e+02	2.865445e+01
17:39:42	1.822100e+00	2.219318e-01	9.471206e+00	1.884164e-01	8.940084e-02	9.471206e-05	5.652493e-04	2.682025e-05	9.471206e-07	5.968082e+02	2.831767e+01
17:39:43	1.820900e+00	2.217856e-01	9.472896e+00	1.885981e-01	9.034805e-02	9.472896e-05	5.657943e-04	2.710441e-05	9.472896e-07	5.972770e+02	2.861259e+01
17:39:43	1.819900e+00	2.216638e-01	9.479391e+00	1.883937e-01	9.005610e-02	9.479391e-05	5.651812e-04	2.701683e-05	9.479391e-07	5.962210e+02	2.850060e+01
17:39:43	1.818200e+00	2.214568e-01	9.482311e+00	1.883451e-01	8.995879e-02	9.482311e-05	5.650352e-04	2.698764e-05	9.482311e-07	5.958835e+02	2.846103e+01
17:39:44	1.816400e+00	2.212375e-01	9.481587e+00	1.881991e-01	9.049727e-02	9.481587e-05	5.645973e-04	2.714918e-05	9.481587e-07	5.954671e+02	2.863358e+01
17:39:44	1.814000e+00	2.209452e-01	9.484598e+00	1.881926e-01	9.039346e-02	9.484598e-05	5.645778e-04	2.711804e-05	9.484598e-07	5.952576e+02	2.859166e+01
17:39:45	1.812600e+00	2.207747e-01	9.516713e+00	1.886208e-01	9.189861e-02	9.516713e-05	5.658624e-04	2.756958e-05	9.516713e-07	5.945986e+02	2.896965e+01
17:39:45	1.811000e+00	2.205798e-01	9.526426e+00	1.875601e-01	9.267065e-02	9.526426e-05	5.626802e-04	2.780120e-05	9.526426e-07	5.906519e+02	2.918324e+01
17:39:46	1.809000e+00	2.203362e-01	9.521897e+00	1.870735e-01	9.245656e-02	9.521897e-05	5.612204e-04	2.773697e-05	9.521897e-07	5.893998e+02	2.912967e+01
17:39:46	1.807900e+00	2.202022e-01	9.516068e+00	1.869048e-01	9.230410e-02	9.516068e-05	5.607144e-04	2.769123e-05	9.516068e-07	5.892291e+02	2.909945e+01
17:39:46	1.805700e+00	2.199343e-01	9.512259e+00	1.870086e-01	9.276148e-02	9.512259e-05	5.610258e-04	2.782844e-05	9.512259e-07	5.897924e+02	2.925535e+01
17:39:47	1.804700e+00	2.198125e-01	9.510355e+00	1.869048e-01	9.216137e-02	9.510355e-05	5.607144e-04	2.764841e-05	9.510355e-07	5.895831e+02	2.907190e+01
17:39:47	1.803700e+00	2.196907e-01	9.507114e+00	1.859576e-01	9.166830e-02	9.507114e-05	5.578728e-04	2.750049e-05	9.507114e-07	5.867951e+02	2.892622e+01
17:39:47	1.801900e+00	2.194714e-01	9.476526e+00	1.860354e-01	8.971874e-02	9.476526e-05	5.581063e-04	2.691562e-05	9.476526e-07	5.889356e+02	2.840241e+01
17:39:48	1.801300e+00	2.193983e-01	9.467434e+00	1.859414e-01	8.945923e-02	9.467434e-05	5.578241e-04	2.683777e-05	9.467434e-07	5.892031e+02	2.834746e+01
17:39:48	1.800300e+00	2.192765e-01	9.474460e+00	1.861522e-01	8.985823e-02	9.474460e-05	5.584567e-04	2.695747e-05	9.474460e-07	5.894338e+02	2.845277e+01
17:39:48	1.799300e+00	2.191547e-01	9.476277e+00	1.855197e-01	9.015342e-02	9.476277e-05	5.565590e-04	2.704603e-05	9.476277e-07	5.873182e+02	2.854077e+01
17:39:48	1.798400e+00	2.190451e-01	9.476491e+00	1.863728e-01	8.968306e-02	9.476491e-05	5.591184e-04	2.690492e-05	9.476491e-07	5.900058e+02	2.839122e+01
17:39:49	1.797600e+00	2.189477e-01	9.480773e+00	1.856981e-01	8.912836e-02	9.480773e-05	5.570943e-04	2.673851e-05	9.480773e-07	5.876043e+02	2.820288e+01
17:39:49	1.796400e+00	2.188015e-01	9.480624e+00	1.854353e-01	8.935218e-02	9.480624e-05	5.563060e-04	2.680566e-05	9.480624e-07	5.867821e+02	2.827415e+01
17:39:49	1.794800e+00	2.186066e-01	9.495961e+00	1.854516e-01	9.099682e-02	9.495961e-05	5.563547e-04	2.729905e-05	9.495961e-07	5.858856e+02	2.874806e+01
17:39:50	1.793200e+00	2.184118e-01	9.522306e+00	1.853348e-01	9.307289e-02	9.522306e-05	5.560043e-04	2.792187e-05	9.522306e-07	5.838967e+02	2.932259e+01
17:39:50	1.791200e+00	2.181682e-01	9.525910e+00	1.857111e-01	9.320913e-02	9.525910e-05	5.571332e-04	2.796274e-05	9.525910e-07	5.848609e+02	2.935440e+01
17:39:50	1.790000e+00	2.180220e-01	9.522770e+00	1.853542e-01	9.357893e-02	9.522770e-05	5.560627e-04	2.807368e-05	9.522770e-07	5.839296e+02	2.948058e+01
17:39:51	1.789200e+00	2.179246e-01	9.514426e+00	1.856754e-01	9.323508e-02	9.514426e-05	5.570261e-04	2.797053e-05	9.514426e-07	5.854543e+02	2.939802e+01
17:39:51	1.788300e+00	2.178149e-01	9.513093e+00	1.849682e-01	9.249873e-02	9.513093e-05	5.549046e-04	2.774962e-05	9.513093e-07	5.833062e+02	2.916992e+01
17:39:51	1.786900e+00	2.176444e-01	9.508662e+00	1.851531e-01	9.261875e-02	9.508662e-05	5.554593e-04	2.778563e-05	9.508662e-07	5.841614e+02	2.922138e+01
17:39:52	1.785100e+00	2.174252e-01	9.500989e+00	1.848352e-01	9.139582e-02	9.500989e-05	5.545057e-04	2.741874e-05	9.500989e-07	5.836294e+02	2.885883e+01
17:39:52	1.783900e+00	2.172790e-01	9.482268e+00	1.850071e-01	9.044861e-02	9.482268e-05	5.550214e-04	2.713458e-05	9.482268e-07	5.853256e+02	2.861613e+01
17:39:52	1.783100e+00	2.171816e-01	9.474334e+00	1.852180e-01	8.982579e-02	9.474334e-05	5.556540e-04	2.694774e-05	9.474334e-07	5.864834e+02	2.844288e+01
17:39:52	1.782700e+00	2.171329e-01	9.474454e+00	1.852894e-01	8.944301e-02	9.474454e-05	5.558681e-04	2.683290e-05	9.474454e-07	5.867020e+02	2.832132e+01
17:39:53	1.781300e+00	2.169623e-01	9.471261e+00	1.851045e-01	9.004637e-02	9.471261e-05	5.553134e-04	2.701391e-05	9.471261e-07	5.863141e+02	2.852198e+01
17:39:53	1.780300e+00	2.168405e-01	9.476475e+00	1.850428e-01	8.991986e-02	9.476475e-05	5.551285e-04	2.697596e-05	9.476475e-07	5.857964e+02	2.846624e+01
17:39:53	1.779300e+00	2.167187e-01	9.476345e+00	1.846892e-01	8.943652e-02	9.476345e-05	5.540677e-04	2.683096e-05	9.476345e-07	5.846851e+02	2.831361e+01
17:39:53	1.778400e+00	2.166091e-01	9.528580e+00	1.848222e-01	9.047456e-02	9.528580e-05	5.544667e-04	2.714237e-05	9.528580e-07	5.818986e+02	2.848522e+01
17:39:54	1.776400e+00	2.163655e-01	9.484542e+00	1.844687e-01	8.973820e-02	9.484542e-05	5.534060e-04	2.692146e-05	9.484542e-07	5.834820e+02	2.838456e+01
17:39:54	1.776000e+00	2.163168e-01	9.483138e+00	1.844460e-01	9.024425e-02	9.483138e-05	5.533379e-04	2.707327e-05	9.483138e-07	5.834966e+02	2.854886e+01
17:39:54	1.774600e+00	2.161463e-01	9.491111e+00	1.840924e-01	9.051349e-02	9.491111e-05	5.522771e-04	2.715405e-05	9.491111e-07	5.818888e+02	2.860997e+01
17:39:55	1.773400e+00	2.160001e-01	9.531155e+00	1.838458e-01	9.239168e-02	9.531155e-05	5.515375e-04	2.771750e-05	9.531155e-07	5.786681e+02	2.908095e+01
17:39:55	1.771000e+00	2.157078e-01	9.516343e+00	1.835279e-01	9.221002e-02	9.516343e-05	5.505838e-04	2.766301e-05	9.516343e-07	5.785666e+02	2.906895e+01
17:39:55	1.770000e+00	2.155860e-01	9.517832e+00	1.842773e-01	9.237222e-02	9.517832e-05	5.528318e-04	2.771167e-05	9.517832e-07	5.808380e+02	2.911552e+01
17:39:56	1.768800e+00	2.154398e-01	9.514965e+00	1.826716e-01	9.248575e-02	9.514965e-05	5.480147e-04	2.774573e-05	9.514965e-07	5.759503e+02	2.916009e+01
17:39:56	1.766500e+00	2.151597e-01	9.510721e+00	1.823147e-01	9.271607e-02	9.510721e-05	5.469442e-04	2.781482e-05	9.510721e-07	5.750817e+02	2.924575e+01
17:39:57	1.765300e+00	2.150135e-01	9.480880e+00	1.821882e-01	9.096438e-02	9.480880e-05	5.465647e-04	2.728931e-05	9.480880e-07	5.764915e+02	2.878353e+01
17:39:57	1.763700e+00	2.148187e-01	9.476958e+00	1.824088e-01	9.049402e-02	9.476958e-05	5.472264e-04	2.714821e-05	9.476958e-07	5.774284e+02	2.864654e+01
17:39:57	1.763100e+00	2.147456e-01	9.474966e+00	1.813286e-01	8.975442e-02	9.474966e-05	5.439858e-04	2.692633e-05	9.474966e-07	5.741296e+02	2.841839e+01
17:39:58	1.762100e+00	2.146238e-01	9.477389e+00	1.821817e-01	8.964089e-02	9.477389e-05	5.465452e-04	2.689227e-05	9.477389e-07	5.766833e+02	2.837518e+01
17:39:58	1.760100e+00	2.143802e-01	9.474619e+00	1.820423e-01	8.980308e-02	9.474619e-05	5.461268e-04	2.694092e-05	9.474619e-07	5.764103e+02	2.843484e+01
17:39:58	1.759900e+00	2.143558e-01	9.474518e+00	1.824704e-01	8.977713e-02	9.474518e-05	5.474113e-04	2.693314e-05	9.474518e-07	5.777722e+02	2.842692e+01
17:39:58	1.758900e+00	2.142340e-01	9.479183e+00	1.822207e-01	8.945599e-02	9.479183e-05	5.466620e-04	2.683680e-05	9.479183e-07	5.766974e+02	2.831130e+01
17:39:59	1.758000e+00	2.141244e-01	9.482272e+00	1.826391e-01	9.025073e-02	9.482272e-05	5.479174e-04	2.707522e-05	9.482272e-07	5.778335e+02	2.855352e+01
17:39:59	1.756800e+00	2.139782e-01	9.481766e+00	1.822272e-01	8.979335e-02	9.481766e-05	5.466815e-04	2.693800e-05	9.481766e-07	5.765608e+02	2.841033e+01
17:39:59	1.756600e+00	2.139539e-01	9.482645e+00	1.828694e-01	8.950465e-02	9.482645e-05	5.486083e-04	2.685139e-05	9.482645e-07	5.785394e+02	2.831636e+01
17:39:59	1.755200e+00	2.137834e-01	9.483800e+00	1.822693e-01	9.080219e-02	9.483800e-05	5.468080e-04	2.724066e-05	9.483800e-07	5.765706e+02	2.872336e+01
17:39:59	1.754200e+00	2.136616e-01	9.483835e+00	1.824932e-01	9.091572e-02	9.483835e-05	5.474795e-04	2.727472e-05	9.483835e-07	5.772764e+02	2.875916e+01
17:40:00	1.752800e+00	2.134910e-01	9.494057e+00	1.818444e-01	9.090924e-02	9.494057e-05	5.455331e-04	2.727277e-05	9.494057e-07	5.746049e+02	2.872615e+01
17:40:00	1.751800e+00	2.133692e-01	9.501084e+00	1.821234e-01	9.186293e-02	9.501084e-05	5.463701e-04	2.755888e-05	9.501084e-07	5.750608e+02	2.900604e+01
17:40:00	1.751400e+00	2.133205e-01	9.518147e+00	1.818119e-01	9.263173e-02	9.518147e-05	5.454358e-04	2.778952e-05	9.518147e-07	5.730483e+02	2.919635e+01
17:40:01	1.749600e+00	2.131013e-01	9.518887e+00	1.812929e-01	9.259929e-02	9.518887e-05	5.438788e-04	2.777979e-05	9.518887e-07	5.713680e+02	2.918386e+01
17:40:01	1.747500e+00	2.128455e-01	9.519769e+00	1.809329e-01	9.284907e-02	9.519769e-05	5.427986e-04	2.785472e-05	9.519769e-07	5.701804e+02	2.925987e+01
17:40:02	1.745900e+00	2.126506e-01	9.515659e+00	1.806571e-01	9.234627e-02	9.515659e-05	5.419714e-04	2.770388e-05	9.515659e-07	5.695574e+02	2.911399e+01
17:40:02	1.744300e+00	2.124557e-01	9.516638e+00	1.807123e-01	9.181427e-02	9.516638e-05	5.421368e-04	2.754428e-05	9.516638e-07	5.696726e+02	2.894329e+01
17:40:02	1.743500e+00	2.123583e-01	9.515111e+00	1.805533e-01	9.195052e-02	9.515111e-05	5.416600e-04	2.758515e-05	9.515111e-07	5.692629e+02	2.899089e+01
17:40:03	1.741300e+00	2.120903e-01	9.516531e+00	1.805112e-01	9.245980e-02	9.516531e-05	5.415335e-04	2.773794e-05	9.516531e-07	5.690450e+02	2.914711e+01
17:40:03	1.739700e+00	2.118955e-01	9.509739e+00	1.804430e-01	9.266092e-02	9.509739e-05	5.413291e-04	2.779828e-05	9.509739e-07	5.692366e+02	2.923138e+01
17:40:03	1.738700e+00	2.117737e-01	9.507357e+00	1.797553e-01	9.260253e-02	9.507357e-05	5.392660e-04	2.778076e-05	9.507357e-07	5.672091e+02	2.922027e+01
17:40:04	1.737000e+00	2.115666e-01	9.503419e+00	1.792590e-01	9.166506e-02	9.503419e-05	5.377771e-04	2.749952e-05	9.503419e-07	5.658775e+02	2.893645e+01
17:40:04	1.735600e+00	2.113961e-01	9.496509e+00	1.801381e-01	9.135689e-02	9.496509e-05	5.404143e-04	2.740707e-05	9.496509e-07	5.690663e+02	2.886015e+01
17:40:05	1.735000e+00	2.113230e-01	9.490313e+00	1.796126e-01	9.064648e-02	9.490313e-05	5.388378e-04	2.719395e-05	9.490313e-07	5.677766e+02	2.865442e+01
17:40:05	1.733600e+00	2.111525e-01	9.483936e+00	1.793271e-01	9.005610e-02	9.483936e-05	5.379814e-04	2.701683e-05	9.483936e-07	5.672555e+02	2.848694e+01
17:40:05	1.732400e+00	2.110063e-01	9.475187e+00	1.789995e-01	9.036427e-02	9.475187e-05	5.369985e-04	2.710928e-05	9.475187e-07	5.667419e+02	2.861081e+01
17:40:05	1.731800e+00	2.109332e-01	9.470820e+00	1.790384e-01	8.964738e-02	9.470820e-05	5.371153e-04	2.689421e-05	9.470820e-07	5.671265e+02	2.839692e+01
17:40:05	1.731400e+00	2.108845e-01	9.463797e+00	1.788081e-01	8.955655e-02	9.463797e-05	5.364244e-04	2.686696e-05	9.463797e-07	5.668173e+02	2.838920e+01
17:40:06	1.730200e+00	2.107384e-01	9.461254e+00	1.788146e-01	8.865800e-02	9.461254e-05	5.364438e-04	2.659740e-05	9.461254e-07	5.669902e+02	2.811192e+01
17:40:06	1.730000e+00	2.107140e-01	9.458418e+00	1.789736e-01	8.959872e-02	9.458418e-05	5.369207e-04	2.687962e-05	9.458418e-07	5.676643e+02	2.841872e+01
17:40:06	1.728400e+00	2.105191e-01	9.455982e+00	1.794374e-01	8.917053e-02	9.455982e-05	5.383123e-04	2.675116e-05	9.455982e-07	5.692823e+02	2.829020e+01
17:40:06	1.727700e+00	2.104339e-01	9.460589e+00	1.793012e-01	8.945599e-02	9.460589e-05	5.379036e-04	2.683680e-05	9.460589e-07	5.685730e+02	2.836694e+01
17:40:07	1.726900e+00	2.103364e-01	9.455616e+00	1.782956e-01	8.904077e-02	9.455616e-05	5.348868e-04	2.671223e-05	9.455616e-07	5.656816e+02	2.825012e+01
17:40:07	1.724900e+00	2.100928e-01	9.460332e+00	1.788762e-01	8.889480e-02	9.460332e-05	5.366287e-04	2.666844e-05	9.460332e-07	5.672409e+02	2.818975e+01
17:40:07	1.723900e+00	2.099710e-01	9.462308e+00	1.783702e-01	8.891751e-02	9.462308e-05	5.351106e-04	2.667525e-05	9.462308e-07	5.655181e+02	2.819106e+01
17:40:08	1.722300e+00	2.097761e-01	9.467586e+00	1.783864e-01	8.887209e-02	9.467586e-05	5.351593e-04	2.666163e-05	9.467586e-07	5.652542e+02	2.816096e+01
17:40:08	1.720300e+00	2.095325e-01	9.468309e+00	1.778187e-01	8.930353e-02	9.468309e-05	5.334562e-04	2.679106e-05	9.468309e-07	5.634123e+02	2.829550e+01
17:40:09	1.718300e+00	2.092889e-01	9.472212e+00	1.776274e-01	8.999122e-02	9.472212e-05	5.328821e-04	2.699737e-05	9.472212e-07	5.625741e+02	2.850165e+01
17:40:09	1.717400e+00	2.091793e-01	9.496351e+00	1.777733e-01	9.071461e-02	9.496351e-05	5.333200e-04	2.721438e-05	9.496351e-07	5.616052e+02	2.865773e+01
17:40:10	1.716200e+00	2.090332e-01	9.511909e+00	1.776111e-01	9.209649e-02	9.511909e-05	5.328334e-04	2.762895e-05	9.511909e-07	5.601751e+02	2.904669e+01
17:40:10	1.713800e+00	2.087408e-01	9.507147e+00	1.764563e-01	9.213542e-02	9.507147e-05	5.293690e-04	2.764062e-05	9.507147e-07	5.568116e+02	2.907352e+01
17:40:10	1.712400e+00	2.085703e-01	9.505547e+00	1.770954e-01	9.214839e-02	9.505547e-05	5.312861e-04	2.764452e-05	9.505547e-07	5.589222e+02	2.908251e+01
17:40:11	1.710800e+00	2.083754e-01	9.499458e+00	1.768261e-01	9.200242e-02	9.499458e-05	5.304784e-04	2.760073e-05	9.499458e-07	5.584301e+02	2.905505e+01
17:40:11	1.710600e+00	2.083511e-01	9.505518e+00	1.756227e-01	9.260578e-02	9.505518e-05	5.268680e-04	2.778173e-05	9.505518e-07	5.542759e+02	2.922695e+01
17:40:11	1.708600e+00	2.081075e-01	9.493613e+00	1.767126e-01	9.231383e-02	9.493613e-05	5.301378e-04	2.769415e-05	9.493613e-07	5.584152e+02	2.917135e+01
17:40:12	1.707300e+00	2.079491e-01	9.496824e+00	1.763882e-01	9.243061e-02	9.496824e-05	5.291646e-04	2.772918e-05	9.496824e-07	5.572017e+02	2.919837e+01
17:40:12	1.706700e+00	2.078761e-01	9.487962e+00	1.767191e-01	9.128877e-02	9.487962e-05	5.301572e-04	2.738663e-05	9.487962e-07	5.587683e+02	2.886461e+01
17:40:12	1.705700e+00	2.077543e-01	9.468475e+00	1.763395e-01	8.955006e-02	9.468475e-05	5.290186e-04	2.686502e-05	9.468475e-07	5.587158e+02	2.837312e+01
17:40:12	1.704300e+00	2.075837e-01	9.457909e+00	1.760865e-01	8.955330e-02	9.457909e-05	5.282596e-04	2.686599e-05	9.457909e-07	5.585374e+02	2.840585e+01
17:40:13	1.704300e+00	2.075837e-01	9.457173e+00	1.761871e-01	8.974793e-02	9.457173e-05	5.285613e-04	2.692438e-05	9.457173e-07	5.588999e+02	2.846980e+01
17:40:13	1.702700e+00	2.073889e-01	9.457329e+00	1.761968e-01	8.928406e-02	9.457329e-05	5.285904e-04	2.678522e-05	9.457329e-07	5.589215e+02	2.832218e+01
17:40:13	1.701500e+00	2.072427e-01	9.460488e+00	1.756194e-01	8.918026e-02	9.460488e-05	5.268582e-04	2.675408e-05	9.460488e-07	5.569038e+02	2.827981e+01
17:40:13	1.700900e+00	2.071696e-01	9.460839e+00	1.760476e-01	8.969928e-02	9.460839e-05	5.281428e-04	2.690978e-05	9.460839e-07	5.582410e+02	2.844334e+01
17:40:14	1.700100e+00	2.070722e-01	9.462937e+00	1.749609e-01	8.989391e-02	9.462937e-05	5.248827e-04	2.696817e-05	9.462937e-07	5.546721e+02	2.849873e+01
17:40:14	1.699100e+00	2.069504e-01	9.467437e+00	1.744841e-01	9.012098e-02	9.467437e-05	5.234522e-04	2.703629e-05	9.467437e-07	5.528975e+02	2.855714e+01
17:40:14	1.697200e+00	2.067190e-01	9.478447e+00	1.748928e-01	9.042915e-02	9.478447e-05	5.246784e-04	2.712874e-05	9.478447e-07	5.535489e+02	2.862151e+01
17:40:15	1.696200e+00	2.065972e-01	9.496464e+00	1.752139e-01	9.151908e-02	9.496464e-05	5.256418e-04	2.745572e-05	9.496464e-07	5.535132e+02	2.891152e+01
17:40:15	1.695600e+00	2.065241e-01	9.510176e+00	1.748603e-01	9.254090e-02	9.510176e-05	5.245810e-04	2.776227e-05	9.510176e-07	5.515997e+02	2.919217e+01
17:40:15	1.694200e+00	2.063536e-01	9.507127e+00	1.747955e-01	9.229761e-02	9.507127e-05	5.243864e-04	2.768928e-05	9.507127e-07	5.515719e+02	2.912476e+01
17:40:16	1.692200e+00	2.061100e-01	9.507033e+00	1.747241e-01	9.175588e-02	9.507033e-05	5.241723e-04	2.752677e-05	9.507033e-07	5.513522e+02	2.895411e+01
17:40:16	1.691400e+00	2.060125e-01	9.498031e+00	1.740786e-01	9.209325e-02	9.498031e-05	5.222357e-04	2.762797e-05	9.498031e-07	5.498358e+02	2.908811e+01
17:40:17	1.689000e+00	2.057202e-01	9.492987e+00	1.745457e-01	9.217759e-02	9.492987e-05	5.236371e-04	2.765328e-05	9.492987e-07	5.516041e+02	2.913022e+01
17:40:17	1.688600e+00	2.056715e-01	9.490356e+00	1.742310e-01	9.137311e-02	9.490356e-05	5.226931e-04	2.741193e-05	9.490356e-07	5.507624e+02	2.888399e+01
17:40:17	1.687500e+00	2.055375e-01	9.480335e+00	1.745262e-01	9.057188e-02	9.480335e-05	5.235787e-04	2.717156e-05	9.480335e-07	5.522787e+02	2.866097e+01
17:40:17	1.686900e+00	2.054644e-01	9.464037e+00	1.744841e-01	8.893373e-02	9.464037e-05	5.234522e-04	2.668012e-05	9.464037e-07	5.530961e+02	2.819105e+01
17:40:17	1.686300e+00	2.053913e-01	9.457828e+00	1.742570e-01	8.863205e-02	9.457828e-05	5.227710e-04	2.658961e-05	9.457828e-07	5.527389e+02	2.811387e+01
17:40:18	1.685100e+00	2.052452e-01	9.455924e+00	1.737834e-01	8.952735e-02	9.455924e-05	5.213502e-04	2.685821e-05	9.455924e-07	5.513477e+02	2.840358e+01
17:40:18	1.683700e+00	2.050747e-01	9.457218e+00	1.737672e-01	9.026695e-02	9.457218e-05	5.213015e-04	2.708009e-05	9.457218e-07	5.512208e+02	2.863430e+01
17:40:18	1.683300e+00	2.050259e-01	9.465682e+00	1.734622e-01	8.928406e-02	9.465682e-05	5.203867e-04	2.678522e-05	9.465682e-07	5.497615e+02	2.829719e+01
17:40:19	1.681500e+00	2.048067e-01	9.464913e+00	1.724891e-01	8.914458e-02	9.464913e-05	5.174673e-04	2.674337e-05	9.464913e-07	5.467216e+02	2.825528e+01
17:40:19	1.680500e+00	2.046849e-01	9.465971e+00	1.727583e-01	8.932299e-02	9.465971e-05	5.182750e-04	2.679690e-05	9.465971e-07	5.475138e+02	2.830866e+01
17:40:19	1.679300e+00	2.045387e-01	9.474687e+00	1.730178e-01	9.006583e-02	9.474687e-05	5.190535e-04	2.701975e-05	9.474687e-07	5.478318e+02	2.851783e+01
17:40:20	1.678500e+00	2.044413e-01	9.499812e+00	1.725929e-01	9.161964e-02	9.499812e-05	5.177787e-04	2.748589e-05	9.499812e-07	5.450410e+02	2.893309e+01
17:40:20	1.677000e+00	2.042586e-01	9.501736e+00	1.723204e-01	9.226517e-02	9.501736e-05	5.169612e-04	2.767955e-05	9.501736e-07	5.440703e+02	2.913105e+01
17:40:20	1.675400e+00	2.040637e-01	9.507195e+00	1.716976e-01	9.147367e-02	9.507195e-05	5.150927e-04	2.744210e-05	9.507195e-07	5.417925e+02	2.886456e+01
17:40:21	1.673200e+00	2.037958e-01	9.502852e+00	1.718338e-01	9.168128e-02	9.502852e-05	5.155015e-04	2.750438e-05	9.502852e-07	5.424703e+02	2.894329e+01
17:40:21	1.672800e+00	2.037470e-01	9.501385e+00	1.725280e-01	9.165857e-02	9.501385e-05	5.175840e-04	2.749757e-05	9.501385e-07	5.447459e+02	2.894059e+01
17:40:21	1.671800e+00	2.036252e-01	9.502164e+00	1.718338e-01	9.204459e-02	9.502164e-05	5.155015e-04	2.761338e-05	9.502164e-07	5.425096e+02	2.906009e+01
17:40:22	1.670800e+00	2.035034e-01	9.495770e+00	1.718630e-01	9.201864e-02	9.495770e-05	5.155891e-04	2.760559e-05	9.495770e-07	5.429671e+02	2.907146e+01
17:40:22	1.669600e+00	2.033573e-01	9.489363e+00	1.720609e-01	9.165532e-02	9.489363e-05	5.161827e-04	2.749660e-05	9.489363e-07	5.439593e+02	2.897623e+01
17:40:22	1.669400e+00	2.033329e-01	9.476244e+00	1.723820e-01	9.083138e-02	9.476244e-05	5.171461e-04	2.724942e-05	9.476244e-07	5.457290e+02	2.875550e+01
17:40:22	1.668400e+00	2.032111e-01	9.459324e+00	1.721712e-01	8.902131e-02	9.459324e-05	5.165136e-04	2.670639e-05	9.459324e-07	5.460365e+02	2.823288e+01
17:40:22	1.667700e+00	2.031259e-01	9.458039e+00	1.711721e-01	8.914133e-02	9.458039e-05	5.135162e-04	2.674240e-05	9.458039e-07	5.429415e+02	2.827478e+01
17:40:23	1.666700e+00	2.030041e-01	9.454250e+00	1.718890e-01	8.937813e-02	9.454250e-05	5.156669e-04	2.681344e-05	9.454250e-07	5.454340e+02	2.836126e+01
17:40:23	1.666100e+00	2.029310e-01	9.458532e+00	1.715873e-01	8.856717e-02	9.458532e-05	5.147619e-04	2.657015e-05	9.458532e-07	5.442302e+02	2.809120e+01
17:40:23	1.665300e+00	2.028335e-01	9.461001e+00	1.713408e-01	8.916404e-02	9.461001e-05	5.140223e-04	2.674921e-05	9.461001e-07	5.433064e+02	2.827313e+01
17:40:23	1.663900e+00	2.026630e-01	9.466840e+00	1.710845e-01	8.887534e-02	9.466840e-05	5.132535e-04	2.666260e-05	9.466840e-07	5.421592e+02	2.816420e+01
17:40:24	1.663700e+00	2.026387e-01	9.463567e+00	1.709710e-01	8.876829e-02	9.463567e-05	5.129129e-04	2.663049e-05	9.463567e-07	5.419868e+02	2.814001e+01
17:40:24	1.662700e+00	2.025169e-01	9.467738e+00	1.711169e-01	8.857690e-02	9.467738e-05	5.133508e-04	2.657307e-05	9.467738e-07	5.422106e+02	2.806697e+01
17:40:24	1.661500e+00	2.023707e-01	9.464154e+00	1.703060e-01	8.916080e-02	9.464154e-05	5.109179e-04	2.674824e-05	9.464154e-07	5.398453e+02	2.826268e+01
17:40:25	1.659500e+00	2.021271e-01	9.497723e+00	1.703579e-01	9.129850e-02	9.497723e-05	5.110736e-04	2.738955e-05	9.497723e-07	5.381012e+02	2.883802e+01
17:40:25	1.657900e+00	2.019322e-01	9.505677e+00	1.705947e-01	9.247278e-02	9.505677e-05	5.117840e-04	2.774183e-05	9.505677e-07	5.383983e+02	2.918449e+01
17:40:25	1.656800e+00	2.017982e-01	9.504879e+00	1.703708e-01	9.200566e-02	9.504879e-05	5.111125e-04	2.760170e-05	9.504879e-07	5.377370e+02	2.903951e+01
17:40:26	1.655000e+00	2.015790e-01	9.501680e+00	1.702897e-01	9.152557e-02	9.501680e-05	5.108692e-04	2.745767e-05	9.501680e-07	5.376620e+02	2.889770e+01
17:40:26	1.654200e+00	2.014816e-01	9.495527e+00	1.700140e-01	9.160342e-02	9.495527e-05	5.100421e-04	2.748103e-05	9.495527e-07	5.371393e+02	2.894102e+01
17:40:27	1.652800e+00	2.013110e-01	9.494115e+00	1.700594e-01	9.100006e-02	9.494115e-05	5.101783e-04	2.730002e-05	9.494115e-07	5.373626e+02	2.875467e+01
17:40:27	1.651800e+00	2.011892e-01	9.475261e+00	1.700594e-01	9.044536e-02	9.475261e-05	5.101783e-04	2.713361e-05	9.475261e-07	5.384319e+02	2.863626e+01
17:40:27	1.650400e+00	2.010187e-01	9.458626e+00	1.708801e-01	8.941382e-02	9.458626e-05	5.126404e-04	2.682415e-05	9.458626e-07	5.419819e+02	2.835945e+01
17:40:27	1.649600e+00	2.009213e-01	9.455512e+00	1.700270e-01	8.976740e-02	9.455512e-05	5.100810e-04	2.693022e-05	9.455512e-07	5.394536e+02	2.848097e+01
17:40:28	1.649000e+00	2.008482e-01	9.450529e+00	1.704682e-01	8.984525e-02	9.450529e-05	5.114045e-04	2.695358e-05	9.450529e-07	5.411385e+02	2.852070e+01
17:40:28	1.648200e+00	2.007508e-01	9.457533e+00	1.705687e-01	8.955655e-02	9.457533e-05	5.117062e-04	2.686696e-05	9.457533e-07	5.410567e+02	2.840800e+01
17:40:28	1.647300e+00	2.006411e-01	9.462318e+00	1.702930e-01	8.924514e-02	9.462318e-05	5.108790e-04	2.677354e-05	9.462318e-07	5.399089e+02	2.829491e+01
17:40:28	1.647300e+00	2.006411e-01	9.468309e+00	1.704617e-01	8.949167e-02	9.468309e-05	5.113850e-04	2.684750e-05	9.468309e-07	5.401017e+02	2.835512e+01
17:40:29	1.645900e+00	2.004706e-01	9.468919e+00	1.698518e-01	8.929055e-02	9.468919e-05	5.095555e-04	2.678717e-05	9.468919e-07	5.381348e+02	2.828957e+01
17:40:29	1.644100e+00	2.002514e-01	9.469795e+00	1.695015e-01	8.892724e-02	9.469795e-05	5.085045e-04	2.667817e-05	9.469795e-07	5.369751e+02	2.817186e+01
17:40:29	1.643300e+00	2.001539e-01	9.468319e+00	1.689371e-01	8.972523e-02	9.468319e-05	5.068112e-04	2.691757e-05	9.468319e-07	5.352705e+02	2.842909e+01
17:40:30	1.641700e+00	1.999591e-01	9.482336e+00	1.679801e-01	9.055890e-02	9.482336e-05	5.039404e-04	2.716767e-05	9.482336e-07	5.314517e+02	2.865082e+01
17:40:30	1.640100e+00	1.997642e-01	9.503014e+00	1.679769e-01	9.199269e-02	9.503014e-05	5.039306e-04	2.759781e-05	9.503014e-07	5.302851e+02	2.904111e+01
17:40:31	1.638700e+00	1.995937e-01	9.511247e+00	1.679769e-01	9.267714e-02	9.511247e-05	5.039306e-04	2.780314e-05	9.511247e-07	5.298260e+02	2.923186e+01
17:40:31	1.637000e+00	1.993866e-01	9.498693e+00	1.681942e-01	9.276148e-02	9.498693e-05	5.045826e-04	2.782844e-05	9.498693e-07	5.312127e+02	2.929713e+01
17:40:31	1.636000e+00	1.992648e-01	9.497609e+00	1.682331e-01	9.215488e-02	9.497609e-05	5.046994e-04	2.764646e-05	9.497609e-07	5.313963e+02	2.910887e+01
17:40:31	1.635000e+00	1.991430e-01	9.501619e+00	1.680385e-01	9.214839e-02	9.501619e-05	5.041155e-04	2.764452e-05	9.501619e-07	5.305575e+02	2.909453e+01
17:40:32	1.634200e+00	1.990456e-01	9.498180e+00	1.683013e-01	9.141528e-02	9.498180e-05	5.049038e-04	2.742458e-05	9.498180e-07	5.315795e+02	2.887351e+01
17:40:32	1.633400e+00	1.989481e-01	9.503166e+00	1.676979e-01	9.205108e-02	9.503166e-05	5.030937e-04	2.761532e-05	9.503166e-07	5.293959e+02	2.905908e+01
17:40:32	1.631400e+00	1.987045e-01	9.495517e+00	1.676882e-01	9.253765e-02	9.495517e-05	5.030645e-04	2.776130e-05	9.495517e-07	5.297916e+02	2.923621e+01
17:40:33	1.630800e+00	1.986314e-01	9.498531e+00	1.672859e-01	9.301450e-02	9.498531e-05	5.018578e-04	2.790435e-05	9.498531e-07	5.283531e+02	2.937754e+01
17:40:33	1.630000e+00	1.985340e-01	9.490252e+00	1.670102e-01	9.210946e-02	9.490252e-05	5.010306e-04	2.763284e-05	9.490252e-07	5.279424e+02	2.911708e+01
17:40:34	1.628000e+00	1.982904e-01	9.478161e+00	1.670232e-01	9.113306e-02	9.478161e-05	5.010695e-04	2.733992e-05	9.478161e-07	5.286569e+02	2.884517e+01
17:40:34	1.626900e+00	1.981564e-01	9.472497e+00	1.675195e-01	9.127255e-02	9.472497e-05	5.025585e-04	2.738176e-05	9.472497e-07	5.305448e+02	2.890660e+01
17:40:34	1.625900e+00	1.980346e-01	9.466386e+00	1.677725e-01	9.092221e-02	9.466386e-05	5.033175e-04	2.727666e-05	9.466386e-07	5.316892e+02	2.881423e+01
17:40:34	1.624700e+00	1.978885e-01	9.469873e+00	1.675746e-01	9.080219e-02	9.469873e-05	5.027239e-04	2.724066e-05	9.469873e-07	5.308666e+02	2.876560e+01
17:40:34	1.624100e+00	1.978154e-01	9.467498e+00	1.681456e-01	9.011125e-02	9.467498e-05	5.044367e-04	2.703337e-05	9.467498e-07	5.328088e+02	2.855387e+01
17:40:35	1.623900e+00	1.977910e-01	9.475161e+00	1.677563e-01	9.067243e-02	9.475161e-05	5.032689e-04	2.720173e-05	9.475161e-07	5.311455e+02	2.870846e+01
17:40:35	1.623700e+00	1.977667e-01	9.476218e+00	1.670199e-01	9.066595e-02	9.476218e-05	5.010598e-04	2.719978e-05	9.476218e-07	5.287550e+02	2.870321e+01
17:40:35	1.621900e+00	1.975474e-01	9.477526e+00	1.671692e-01	9.044212e-02	9.477526e-05	5.015075e-04	2.713264e-05	9.477526e-07	5.291544e+02	2.862840e+01
17:40:35	1.621300e+00	1.974743e-01	9.481795e+00	1.670037e-01	9.024100e-02	9.481795e-05	5.010111e-04	2.707230e-05	9.481795e-07	5.283927e+02	2.855187e+01
17:40:36	1.620700e+00	1.974013e-01	9.475904e+00	1.666501e-01	9.024100e-02	9.475904e-05	4.999504e-04	2.707230e-05	9.475904e-07	5.276018e+02	2.856962e+01
17:40:36	1.618700e+00	1.971577e-01	9.481655e+00	1.666664e-01	8.968955e-02	9.481655e-05	4.999991e-04	2.690686e-05	9.481655e-07	5.273331e+02	2.837781e+01
17:40:36	1.617200e+00	1.969750e-01	9.483559e+00	1.665463e-01	9.040968e-02	9.483559e-05	4.996390e-04	2.712290e-05	9.483559e-07	5.268475e+02	2.859992e+01
17:40:37	1.615800e+00	1.968044e-01	9.483881e+00	1.665982e-01	9.028317e-02	9.483881e-05	4.997947e-04	2.708495e-05	9.483881e-07	5.269939e+02	2.855893e+01
17:40:37	1.615000e+00	1.967070e-01	9.485623e+00	1.664750e-01	9.016964e-02	9.485623e-05	4.994249e-04	2.705089e-05	9.485623e-07	5.265072e+02	2.851778e+01
17:40:38	1.613400e+00	1.965121e-01	9.492234e+00	1.667961e-01	9.113631e-02	9.492234e-05	5.003883e-04	2.734089e-05	9.492234e-07	5.271555e+02	2.880343e+01
17:40:38	1.613000e+00	1.964634e-01	9.503341e+00	1.660954e-01	9.152233e-02	9.503341e-05	4.982863e-04	2.745670e-05	9.503341e-07	5.243275e+02	2.889163e+01
17:40:38	1.611600e+00	1.962929e-01	9.522387e+00	1.654207e-01	9.287826e-02	9.522387e-05	4.962621e-04	2.786348e-05	9.522387e-07	5.211531e+02	2.926102e+01
17:40:39	1.609800e+00	1.960736e-01	9.527606e+00	1.661246e-01	9.317994e-02	9.527606e-05	4.983739e-04	2.795398e-05	9.527606e-07	5.230840e+02	2.933998e+01
17:40:39	1.609000e+00	1.959762e-01	9.527194e+00	1.655894e-01	9.276797e-02	9.527194e-05	4.967682e-04	2.783039e-05	9.527194e-07	5.214213e+02	2.921153e+01
17:40:39	1.607800e+00	1.958300e-01	9.525842e+00	1.649309e-01	9.258307e-02	9.525842e-05	4.947927e-04	2.777492e-05	9.525842e-07	5.194215e+02	2.915744e+01
17:40:40	1.606300e+00	1.956473e-01	9.526267e+00	1.654142e-01	9.229112e-02	9.526267e-05	4.962427e-04	2.768734e-05	9.526267e-07	5.209204e+02	2.906420e+01
17:40:40	1.605900e+00	1.955986e-01	9.518222e+00	1.650250e-01	9.238195e-02	9.518222e-05	4.950749e-04	2.771458e-05	9.518222e-07	5.201338e+02	2.911740e+01
17:40:40	1.605100e+00	1.955012e-01	9.514939e+00	1.646162e-01	9.281663e-02	9.514939e-05	4.938487e-04	2.784499e-05	9.514939e-07	5.190246e+02	2.926450e+01
17:40:41	1.603300e+00	1.952819e-01	9.520509e+00	1.654499e-01	9.253765e-02	9.520509e-05	4.963497e-04	2.776130e-05	9.520509e-07	5.213479e+02	2.915947e+01
17:40:41	1.602500e+00	1.951845e-01	9.521161e+00	1.651482e-01	9.252792e-02	9.521161e-05	4.954447e-04	2.775838e-05	9.521161e-07	5.203616e+02	2.915440e+01
17:40:41	1.601900e+00	1.951114e-01	9.522873e+00	1.646227e-01	9.233005e-02	9.522873e-05	4.938682e-04	2.769901e-05	9.522873e-07	5.186125e+02	2.908682e+01
17:40:42	1.599900e+00	1.948678e-01	9.519698e+00	1.637858e-01	9.272255e-02	9.519698e-05	4.913574e-04	2.781677e-05	9.519698e-07	5.161481e+02	2.922022e+01
17:40:42	1.598100e+00	1.946486e-01	9.520187e+00	1.642562e-01	9.184671e-02	9.520187e-05	4.927685e-04	2.755401e-05	9.520187e-07	5.176038e+02	2.894272e+01
17:40:42	1.597300e+00	1.945511e-01	9.517086e+00	1.639091e-01	9.275824e-02	9.517086e-05	4.917272e-04	2.782747e-05	9.517086e-07	5.166783e+02	2.923949e+01
17:40:42	1.596600e+00	1.944659e-01	9.513644e+00	1.643729e-01	9.274851e-02	9.513644e-05	4.931188e-04	2.782455e-05	9.513644e-07	5.183280e+02	2.924700e+01
17:40:43	1.596000e+00	1.943928e-01	9.511951e+00	1.644800e-01	9.299504e-02	9.511951e-05	4.934400e-04	2.789851e-05	9.511951e-07	5.187579e+02	2.932996e+01
17:40:43	1.595200e+00	1.942954e-01	9.509236e+00	1.639156e-01	9.258631e-02	9.509236e-05	4.917467e-04	2.777589e-05	9.509236e-07	5.171253e+02	2.920939e+01
17:40:43	1.594400e+00	1.941979e-01	9.510150e+00	1.641524e-01	9.373788e-02	9.510150e-05	4.924571e-04	2.812136e-05	9.510150e-07	5.178226e+02	2.956984e+01
17:40:43	1.593600e+00	1.941005e-01	9.511779e+00	1.639188e-01	9.302748e-02	9.511779e-05	4.917564e-04	2.790824e-05	9.511779e-07	5.169973e+02	2.934072e+01
17:40:44	1.592400e+00	1.939543e-01	9.511795e+00	1.642010e-01	9.298855e-02	9.511795e-05	4.926031e-04	2.789657e-05	9.511795e-07	5.178865e+02	2.932839e+01
17:40:44	1.591600e+00	1.938569e-01	9.511763e+00	1.636204e-01	9.276148e-02	9.511763e-05	4.908611e-04	2.782844e-05	9.511763e-07	5.160569e+02	2.925687e+01
17:40:44	1.590600e+00	1.937351e-01	9.502287e+00	1.637890e-01	9.263497e-02	9.502287e-05	4.913671e-04	2.779049e-05	9.502287e-07	5.171041e+02	2.924611e+01
17:40:45	1.590000e+00	1.936620e-01	9.497827e+00	1.635944e-01	9.147042e-02	9.497827e-05	4.907833e-04	2.744113e-05	9.497827e-07	5.167322e+02	2.889201e+01
17:40:45	1.588400e+00	1.934671e-01	9.491663e+00	1.635717e-01	9.167479e-02	9.491663e-05	4.907151e-04	2.750244e-05	9.491663e-07	5.169959e+02	2.897536e+01
17:40:45	1.587400e+00	1.933453e-01	9.483787e+00	1.634776e-01	9.086058e-02	9.483787e-05	4.904329e-04	2.725817e-05	9.483787e-07	5.171277e+02	2.874187e+01
17:40:45	1.586900e+00	1.932844e-01	9.486859e+00	1.637144e-01	9.071785e-02	9.486859e-05	4.911433e-04	2.721535e-05	9.486859e-07	5.177091e+02	2.868743e+01
17:40:46	1.586100e+00	1.931870e-01	9.478113e+00	1.632506e-01	8.997825e-02	9.478113e-05	4.897517e-04	2.699347e-05	9.478113e-07	5.167186e+02	2.847980e+01
17:40:46	1.585300e+00	1.930895e-01	9.473821e+00	1.634874e-01	9.040644e-02	9.473821e-05	4.904621e-04	2.712193e-05	9.473821e-07	5.177025e+02	2.862829e+01
17:40:46	1.584100e+00	1.929434e-01	9.472069e+00	1.630170e-01	9.015990e-02	9.472069e-05	4.890510e-04	2.704797e-05	9.472069e-07	5.163085e+02	2.855550e+01
17:40:46	1.583700e+00	1.928947e-01	9.473305e+00	1.627640e-01	9.122713e-02	9.473305e-05	4.882920e-04	2.736814e-05	9.473305e-07	5.154399e+02	2.888975e+01
17:40:47	1.581900e+00	1.926754e-01	9.474895e+00	1.626180e-01	8.985174e-02	9.474895e-05	4.878540e-04	2.695552e-05	9.474895e-07	5.148913e+02	2.844942e+01
17:40:47	1.580700e+00	1.925293e-01	9.469409e+00	1.624461e-01	9.051024e-02	9.469409e-05	4.873383e-04	2.715307e-05	9.469409e-07	5.146449e+02	2.867452e+01
17:40:48	1.579100e+00	1.923344e-01	9.476111e+00	1.627283e-01	9.043563e-02	9.476111e-05	4.881849e-04	2.713069e-05	9.476111e-07	5.151743e+02	2.863062e+01
17:40:48	1.577900e+00	1.921882e-01	9.477357e+00	1.629781e-01	8.999447e-02	9.477357e-05	4.889343e-04	2.699834e-05	9.477357e-07	5.158973e+02	2.848720e+01
17:40:48	1.577300e+00	1.921151e-01	9.477532e+00	1.628905e-01	9.038698e-02	9.477532e-05	4.886715e-04	2.711609e-05	9.477532e-07	5.156105e+02	2.861092e+01
17:40:48	1.576200e+00	1.919812e-01	9.477182e+00	1.625921e-01	9.015017e-02	9.477182e-05	4.877762e-04	2.704505e-05	9.477182e-07	5.146849e+02	2.853702e+01
17:40:49	1.575600e+00	1.919081e-01	9.477678e+00	1.619920e-01	9.011449e-02	9.477678e-05	4.859759e-04	2.703435e-05	9.477678e-07	5.127583e+02	2.852423e+01
17:40:49	1.574400e+00	1.917619e-01	9.479180e+00	1.620893e-01	8.991013e-02	9.479180e-05	4.862678e-04	2.697304e-05	9.479180e-07	5.129851e+02	2.845503e+01
17:40:49	1.573200e+00	1.916158e-01	9.481331e+00	1.618298e-01	9.046483e-02	9.481331e-05	4.854893e-04	2.713945e-05	9.481331e-07	5.120476e+02	2.862409e+01
17:40:50	1.571600e+00	1.914209e-01	9.480286e+00	1.615151e-01	9.023451e-02	9.480286e-05	4.845453e-04	2.707035e-05	9.480286e-07	5.111083e+02	2.855436e+01
17:40:50	1.569800e+00	1.912016e-01	9.477642e+00	1.615540e-01	9.123038e-02	9.477642e-05	4.846621e-04	2.736911e-05	9.477642e-07	5.113741e+02	2.887755e+01
17:40:50	1.569200e+00	1.911286e-01	9.480445e+00	1.611550e-01	9.075678e-02	9.480445e-05	4.834651e-04	2.722703e-05	9.480445e-07	5.099603e+02	2.871915e+01
17:40:51	1.567800e+00	1.909580e-01	9.480727e+00	1.609669e-01	9.028317e-02	9.480727e-05	4.829007e-04	2.708495e-05	9.480727e-07	5.093498e+02	2.856843e+01
17:40:51	1.567000e+00	1.908606e-01	9.480679e+00	1.607139e-01	9.075678e-02	9.480679e-05	4.821416e-04	2.722703e-05	9.480679e-07	5.085518e+02	2.871844e+01
17:40:52	1.565700e+00	1.907023e-01	9.479271e+00	1.608144e-01	9.033832e-02	9.479271e-05	4.824433e-04	2.710150e-05	9.479271e-07	5.089456e+02	2.859027e+01
17:40:52	1.564700e+00	1.905805e-01	9.475615e+00	1.607268e-01	9.084112e-02	9.475615e-05	4.821805e-04	2.725233e-05	9.475615e-07	5.088646e+02	2.876049e+01
17:40:52	1.563900e+00	1.904830e-01	9.481120e+00	1.605192e-01	9.017612e-02	9.481120e-05	4.815577e-04	2.705284e-05	9.481120e-07	5.079123e+02	2.853338e+01
17:40:53	1.562100e+00	1.902638e-01	9.475725e+00	1.603214e-01	9.035778e-02	9.475725e-05	4.809641e-04	2.710733e-05	9.475725e-07	5.075750e+02	2.860713e+01
17:40:53	1.560900e+00	1.901176e-01	9.478161e+00	1.605906e-01	9.039022e-02	9.478161e-05	4.817718e-04	2.711707e-05	9.478161e-07	5.082967e+02	2.861005e+01
17:40:53	1.560700e+00	1.900933e-01	9.480426e+00	1.600359e-01	9.045510e-02	9.480426e-05	4.801077e-04	2.713653e-05	9.480426e-07	5.064200e+02	2.862374e+01
17:40:54	1.558500e+00	1.898253e-01	9.474236e+00	1.598607e-01	9.037400e-02	9.474236e-05	4.795822e-04	2.711220e-05	9.474236e-07	5.061962e+02	2.861677e+01
17:40:54	1.557300e+00	1.896791e-01	9.481347e+00	1.600327e-01	9.061729e-02	9.481347e-05	4.800980e-04	2.718519e-05	9.481347e-07	5.063605e+02	2.867228e+01
17:40:54	1.556000e+00	1.895208e-01	9.473769e+00	1.600619e-01	9.075353e-02	9.473769e-05	4.801856e-04	2.722606e-05	9.473769e-07	5.068580e+02	2.873836e+01
17:40:55	1.555800e+00	1.894964e-01	9.472475e+00	1.599645e-01	9.076326e-02	9.472475e-05	4.798936e-04	2.722898e-05	9.472475e-07	5.066190e+02	2.874537e+01
17:40:55	1.555000e+00	1.893990e-01	9.471352e+00	1.600359e-01	9.031885e-02	9.471352e-05	4.801077e-04	2.709566e-05	9.471352e-07	5.069051e+02	2.860801e+01
17:40:55	1.553800e+00	1.892528e-01	9.474369e+00	1.600229e-01	9.068541e-02	9.474369e-05	4.800688e-04	2.720562e-05	9.474369e-07	5.067026e+02	2.871497e+01
17:40:55	1.553200e+00	1.891798e-01	9.473214e+00	1.596174e-01	9.052971e-02	9.473214e-05	4.788523e-04	2.715891e-05	9.473214e-07	5.054803e+02	2.866916e+01
17:40:56	1.551600e+00	1.889849e-01	9.471625e+00	1.595493e-01	9.063675e-02	9.471625e-05	4.786480e-04	2.719103e-05	9.471625e-07	5.053494e+02	2.870788e+01
17:40:56	1.550600e+00	1.888631e-01	9.472809e+00	1.594585e-01	9.061080e-02	9.472809e-05	4.783755e-04	2.718324e-05	9.472809e-07	5.049986e+02	2.869607e+01
17:40:57	1.548600e+00	1.886195e-01	9.468997e+00	1.590011e-01	9.049402e-02	9.468997e-05	4.770033e-04	2.714821e-05	9.468997e-07	5.037527e+02	2.867063e+01
17:40:57	1.547200e+00	1.884490e-01	9.477730e+00	1.594066e-01	9.050375e-02	9.477730e-05	4.782198e-04	2.715113e-05	9.477730e-07	5.045721e+02	2.864729e+01
17:40:57	1.546800e+00	1.884002e-01	9.479365e+00	1.599256e-01	9.088653e-02	9.479365e-05	4.797768e-04	2.726596e-05	9.479365e-07	5.061276e+02	2.876349e+01
17:40:57	1.545900e+00	1.882906e-01	9.481341e+00	1.595169e-01	9.100331e-02	9.481341e-05	4.785507e-04	2.730099e-05	9.481341e-07	5.047289e+02	2.879444e+01
17:40:58	1.545300e+00	1.882175e-01	9.477733e+00	1.586281e-01	9.080219e-02	9.477733e-05	4.758842e-04	2.724066e-05	9.477733e-07	5.021076e+02	2.874174e+01
17:40:58	1.543500e+00	1.879983e-01	9.485879e+00	1.588551e-01	9.109738e-02	9.485879e-05	4.765654e-04	2.732921e-05	9.485879e-07	5.023946e+02	2.881042e+01
17:40:58	1.543300e+00	1.879739e-01	9.484724e+00	1.588259e-01	9.114604e-02	9.484724e-05	4.764778e-04	2.734381e-05	9.484724e-07	5.023634e+02	2.882932e+01
17:40:59	1.542500e+00	1.878765e-01	9.485256e+00	1.584205e-01	9.161640e-02	9.485256e-05	4.752614e-04	2.748492e-05	9.485256e-07	5.010528e+02	2.897647e+01
17:40:59	1.540700e+00	1.876573e-01	9.498106e+00	1.581188e-01	9.226517e-02	9.498106e-05	4.743563e-04	2.767955e-05	9.498106e-07	4.994221e+02	2.914218e+01
17:41:00	1.539300e+00	1.874867e-01	9.503465e+00	1.579209e-01	9.198944e-02	9.503465e-05	4.737627e-04	2.759683e-05	9.503465e-07	4.985158e+02	2.903871e+01
17:41:00	1.537300e+00	1.872431e-01	9.509648e+00	1.571164e-01	9.236249e-02	9.509648e-05	4.713493e-04	2.770875e-05	9.509648e-07	4.956538e+02	2.913751e+01
17:41:00	1.536000e+00	1.870848e-01	9.512512e+00	1.571002e-01	9.318967e-02	9.512512e-05	4.713006e-04	2.795690e-05	9.512512e-07	4.954534e+02	2.938961e+01
17:41:01	1.535000e+00	1.869630e-01	9.513826e+00	1.571164e-01	9.265768e-02	9.513826e-05	4.713493e-04	2.779730e-05	9.513826e-07	4.954361e+02	2.921780e+01
17:41:01	1.533600e+00	1.867925e-01	9.516583e+00	1.569542e-01	9.307289e-02	9.516583e-05	4.708627e-04	2.792187e-05	9.516583e-07	4.947813e+02	2.934022e+01
17:41:02	1.531400e+00	1.865245e-01	9.509914e+00	1.561465e-01	9.290097e-02	9.509914e-05	4.684395e-04	2.787029e-05	9.509914e-07	4.925802e+02	2.930656e+01
17:41:02	1.530000e+00	1.863540e-01	9.513641e+00	1.567012e-01	9.284582e-02	9.513641e-05	4.701036e-04	2.785375e-05	9.513641e-07	4.941364e+02	2.927769e+01
17:41:03	1.529000e+00	1.862322e-01	9.509206e+00	1.564222e-01	9.293016e-02	9.509206e-05	4.692667e-04	2.787905e-05	9.509206e-07	4.934867e+02	2.931795e+01
17:41:03	1.528400e+00	1.861591e-01	9.509534e+00	1.569186e-01	9.290097e-02	9.509534e-05	4.707557e-04	2.787029e-05	9.509534e-07	4.950355e+02	2.930773e+01
17:41:03	1.527000e+00	1.859886e-01	9.505372e+00	1.569705e-01	9.265768e-02	9.505372e-05	4.709114e-04	2.779730e-05	9.505372e-07	4.954160e+02	2.924378e+01
17:41:03	1.527000e+00	1.859886e-01	9.501995e+00	1.563963e-01	9.280041e-02	9.501995e-05	4.691889e-04	2.784012e-05	9.501995e-07	4.937793e+02	2.929924e+01
17:41:04	1.526100e+00	1.858790e-01	9.505580e+00	1.567304e-01	9.267390e-02	9.505580e-05	4.701912e-04	2.780217e-05	9.505580e-07	4.946476e+02	2.924826e+01
17:41:04	1.525300e+00	1.857815e-01	9.504860e+00	1.567109e-01	9.270634e-02	9.504860e-05	4.701328e-04	2.781190e-05	9.504860e-07	4.946237e+02	2.926072e+01
17:41:04	1.524300e+00	1.856597e-01	9.505648e+00	1.567272e-01	9.245656e-02	9.505648e-05	4.701815e-04	2.773697e-05	9.505648e-07	4.946338e+02	2.917946e+01
17:41:04	1.523100e+00	1.855136e-01	9.503325e+00	1.563963e-01	9.210622e-02	9.503325e-05	4.691889e-04	2.763187e-05	9.503325e-07	4.937102e+02	2.907600e+01
17:41:05	1.522700e+00	1.854649e-01	9.502693e+00	1.564774e-01	9.252792e-02	9.502693e-05	4.694322e-04	2.775838e-05	9.502693e-07	4.939991e+02	2.921106e+01
17:41:05	1.521900e+00	1.853674e-01	9.495134e+00	1.561757e-01	9.203810e-02	9.495134e-05	4.685271e-04	2.761143e-05	9.495134e-07	4.934392e+02	2.907956e+01
17:41:05	1.521300e+00	1.852943e-01	9.499559e+00	1.562665e-01	9.198295e-02	9.499559e-05	4.687996e-04	2.759489e-05	9.499559e-07	4.934962e+02	2.904860e+01
17:41:05	1.520100e+00	1.851482e-01	9.499199e+00	1.556113e-01	9.199593e-02	9.499199e-05	4.668338e-04	2.759878e-05	9.499199e-07	4.914455e+02	2.905380e+01
17:41:06	1.519100e+00	1.850264e-01	9.500999e+00	1.563152e-01	9.196674e-02	9.500999e-05	4.689456e-04	2.759002e-05	9.500999e-07	4.935750e+02	2.903907e+01
17:41:06	1.517900e+00	1.848802e-01	9.499565e+00	1.560719e-01	9.272580e-02	9.499565e-05	4.682157e-04	2.781774e-05	9.499565e-07	4.928812e+02	2.928317e+01
17:41:06	1.517100e+00	1.847828e-01	9.498164e+00	1.557475e-01	9.244683e-02	9.498164e-05	4.672426e-04	2.773405e-05	9.498164e-07	4.919293e+02	2.919938e+01
17:41:06	1.516500e+00	1.847097e-01	9.506605e+00	1.560492e-01	9.285555e-02	9.506605e-05	4.681476e-04	2.785667e-05	9.506605e-07	4.924446e+02	2.930243e+01
17:41:07	1.515800e+00	1.846244e-01	9.505615e+00	1.561854e-01	9.248251e-02	9.505615e-05	4.685563e-04	2.774475e-05	9.505615e-07	4.929258e+02	2.918775e+01
17:41:07	1.515000e+00	1.845270e-01	9.503218e+00	1.555075e-01	9.279716e-02	9.503218e-05	4.665224e-04	2.783915e-05	9.503218e-07	4.909099e+02	2.929444e+01
17:41:07	1.513400e+00	1.843321e-01	9.499776e+00	1.556145e-01	9.231383e-02	9.499776e-05	4.668436e-04	2.769415e-05	9.499776e-07	4.914259e+02	2.915242e+01
17:41:08	1.512600e+00	1.842347e-01	9.500321e+00	1.547679e-01	9.328050e-02	9.500321e-05	4.643036e-04	2.798415e-05	9.500321e-07	4.887241e+02	2.945600e+01
17:41:08	1.511400e+00	1.840885e-01	9.503384e+00	1.545246e-01	9.245331e-02	9.503384e-05	4.635737e-04	2.773599e-05	9.503384e-07	4.877986e+02	2.918539e+01
17:41:09	1.509600e+00	1.838693e-01	9.499160e+00	1.554945e-01	9.274526e-02	9.499160e-05	4.664835e-04	2.782358e-05	9.499160e-07	4.910787e+02	2.929057e+01
17:41:09	1.509400e+00	1.838449e-01	9.498174e+00	1.550306e-01	9.241439e-02	9.498174e-05	4.650919e-04	2.772432e-05	9.498174e-07	4.896645e+02	2.918910e+01
17:41:09	1.509000e+00	1.837962e-01	9.500065e+00	1.548133e-01	9.233654e-02	9.500065e-05	4.644399e-04	2.770096e-05	9.500065e-07	4.888807e+02	2.915871e+01
17:41:09	1.508200e+00	1.836988e-01	9.502787e+00	1.540412e-01	9.233654e-02	9.502787e-05	4.621237e-04	2.770096e-05	9.502787e-07	4.863034e+02	2.915036e+01
17:41:10	1.506300e+00	1.834673e-01	9.497671e+00	1.539602e-01	9.188888e-02	9.497671e-05	4.618805e-04	2.756666e-05	9.497671e-07	4.863092e+02	2.902466e+01
17:41:10	1.505700e+00	1.833943e-01	9.499741e+00	1.544629e-01	9.233654e-02	9.499741e-05	4.633888e-04	2.770096e-05	9.499741e-07	4.877911e+02	2.915970e+01
17:41:10	1.505300e+00	1.833455e-01	9.499380e+00	1.543981e-01	9.257009e-02	9.499380e-05	4.631942e-04	2.777103e-05	9.499380e-07	4.876047e+02	2.923457e+01
17:41:10	1.504300e+00	1.832237e-01	9.495783e+00	1.539018e-01	9.223598e-02	9.495783e-05	4.617053e-04	2.767079e-05	9.495783e-07	4.862214e+02	2.914009e+01
17:41:11	1.502700e+00	1.830289e-01	9.495491e+00	1.535579e-01	9.276472e-02	9.495491e-05	4.606737e-04	2.782942e-05	9.495491e-07	4.851500e+02	2.930803e+01
17:41:11	1.501700e+00	1.829071e-01	9.494917e+00	1.533049e-01	9.264470e-02	9.494917e-05	4.599147e-04	2.779341e-05	9.494917e-07	4.843799e+02	2.927188e+01
17:41:12	1.500300e+00	1.827365e-01	9.492393e+00	1.531038e-01	9.248575e-02	9.492393e-05	4.593113e-04	2.774573e-05	9.492393e-07	4.838731e+02	2.922943e+01
17:41:12	1.499500e+00	1.826391e-01	9.494093e+00	1.530778e-01	9.183374e-02	9.494093e-05	4.592335e-04	2.755012e-05	9.494093e-07	4.837044e+02	2.901817e+01
17:41:13	1.497300e+00	1.823711e-01	9.488380e+00	1.527599e-01	9.162613e-02	9.488380e-05	4.582798e-04	2.748784e-05	9.488380e-07	4.829905e+02	2.897000e+01
17:41:13	1.496400e+00	1.822615e-01	9.487825e+00	1.532887e-01	9.172345e-02	9.487825e-05	4.598660e-04	2.751703e-05	9.487825e-07	4.846906e+02	2.900247e+01
17:41:13	1.495400e+00	1.821397e-01	9.479187e+00	1.527340e-01	9.155476e-02	9.479187e-05	4.582019e-04	2.746643e-05	9.479187e-07	4.833768e+02	2.897551e+01
17:41:13	1.494800e+00	1.820666e-01	9.479991e+00	1.524972e-01	9.096438e-02	9.479991e-05	4.574915e-04	2.728931e-05	9.479991e-07	4.825864e+02	2.878622e+01
17:41:14	1.493600e+00	1.819205e-01	9.471489e+00	1.526561e-01	9.006583e-02	9.471489e-05	4.579684e-04	2.701975e-05	9.471489e-07	4.835231e+02	2.852746e+01
17:41:14	1.492000e+00	1.817256e-01	9.460417e+00	1.527534e-01	8.976091e-02	9.460417e-05	4.582603e-04	2.692827e-05	9.460417e-07	4.843976e+02	2.846415e+01
17:41:14	1.491400e+00	1.816525e-01	9.452174e+00	1.524777e-01	8.983228e-02	9.452174e-05	4.574331e-04	2.694968e-05	9.452174e-07	4.839449e+02	2.851162e+01
17:41:15	1.491000e+00	1.816038e-01	9.453958e+00	1.529870e-01	9.059783e-02	9.453958e-05	4.589610e-04	2.717935e-05	9.453958e-07	4.854697e+02	2.874917e+01
17:41:15	1.490200e+00	1.815064e-01	9.458814e+00	1.529837e-01	9.055566e-02	9.458814e-05	4.589512e-04	2.716670e-05	9.458814e-07	4.852101e+02	2.872104e+01
17:41:15	1.489400e+00	1.814089e-01	9.459804e+00	1.530421e-01	9.071136e-02	9.459804e-05	4.591264e-04	2.721341e-05	9.459804e-07	4.853445e+02	2.876741e+01
17:41:15	1.488200e+00	1.812628e-01	9.457098e+00	1.526139e-01	8.980957e-02	9.457098e-05	4.578418e-04	2.694287e-05	9.457098e-07	4.841251e+02	2.848957e+01
17:41:16	1.487400e+00	1.811653e-01	9.453040e+00	1.525945e-01	8.982903e-02	9.453040e-05	4.577835e-04	2.694871e-05	9.453040e-07	4.842712e+02	2.850798e+01
17:41:16	1.487000e+00	1.811166e-01	9.457708e+00	1.526269e-01	8.975118e-02	9.457708e-05	4.578808e-04	2.692535e-05	9.457708e-07	4.841350e+02	2.846922e+01
17:41:16	1.486100e+00	1.810070e-01	9.456440e+00	1.525458e-01	9.027020e-02	9.456440e-05	4.576375e-04	2.708106e-05	9.456440e-07	4.839427e+02	2.863769e+01
17:41:16	1.484900e+00	1.808608e-01	9.458285e+00	1.516181e-01	9.055890e-02	9.458285e-05	4.548543e-04	2.716767e-05	9.458285e-07	4.809056e+02	2.872367e+01
17:41:17	1.483700e+00	1.807147e-01	9.459564e+00	1.519554e-01	9.015017e-02	9.459564e-05	4.558663e-04	2.704505e-05	9.459564e-07	4.819105e+02	2.859017e+01
17:41:17	1.483300e+00	1.806659e-01	9.460514e+00	1.515078e-01	9.022478e-02	9.460514e-05	4.545234e-04	2.706743e-05	9.460514e-07	4.804426e+02	2.861096e+01
17:41:18	1.481700e+00	1.804711e-01	9.463930e+00	1.519035e-01	8.932299e-02	9.463930e-05	4.557106e-04	2.679690e-05	9.463930e-07	4.815237e+02	2.831477e+01
17:41:18	1.480900e+00	1.803736e-01	9.464358e+00	1.520171e-01	8.940733e-02	9.464358e-05	4.560512e-04	2.682220e-05	9.464358e-07	4.818618e+02	2.834022e+01
17:41:18	1.480300e+00	1.803005e-01	9.467586e+00	1.516408e-01	8.951113e-02	9.467586e-05	4.549224e-04	2.685334e-05	9.467586e-07	4.805051e+02	2.836345e+01
17:41:18	1.479500e+00	1.802031e-01	9.469208e+00	1.511542e-01	8.916080e-02	9.469208e-05	4.534626e-04	2.674824e-05	9.469208e-07	4.788813e+02	2.824760e+01
17:41:19	1.477900e+00	1.800082e-01	9.468491e+00	1.508331e-01	8.942355e-02	9.468491e-05	4.524992e-04	2.682706e-05	9.468491e-07	4.779000e+02	2.833299e+01
17:41:19	1.476700e+00	1.798621e-01	9.476108e+00	1.504438e-01	9.060107e-02	9.476108e-05	4.513314e-04	2.718032e-05	9.476108e-07	4.762835e+02	2.868300e+01
17:41:20	1.475200e+00	1.796794e-01	9.501035e+00	1.506644e-01	9.147367e-02	9.501035e-05	4.519932e-04	2.744210e-05	9.501035e-07	4.757305e+02	2.888328e+01
17:41:20	1.473600e+00	1.794845e-01	9.508499e+00	1.505865e-01	9.206405e-02	9.508499e-05	4.517596e-04	2.761922e-05	9.508499e-07	4.751114e+02	2.904687e+01
17:41:21	1.472400e+00	1.793383e-01	9.513128e+00	1.503919e-01	9.219056e-02	9.513128e-05	4.511757e-04	2.765717e-05	9.513128e-07	4.742664e+02	2.907263e+01
17:41:21	1.471400e+00	1.792165e-01	9.514601e+00	1.500481e-01	9.238195e-02	9.514601e-05	4.501442e-04	2.771458e-05	9.514601e-07	4.731088e+02	2.912848e+01
17:41:21	1.469800e+00	1.790216e-01	9.508389e+00	1.495258e-01	9.258307e-02	9.508389e-05	4.485774e-04	2.777492e-05	9.508389e-07	4.717701e+02	2.921096e+01
17:41:22	1.468000e+00	1.788024e-01	9.504000e+00	1.488673e-01	9.260253e-02	9.504000e-05	4.466019e-04	2.778076e-05	9.504000e-07	4.699094e+02	2.923060e+01
17:41:22	1.466600e+00	1.786319e-01	9.499919e+00	1.502330e-01	9.283609e-02	9.499919e-05	4.506989e-04	2.785083e-05	9.499919e-07	4.744239e+02	2.931691e+01
17:41:23	1.466400e+00	1.786075e-01	9.498994e+00	1.498956e-01	9.250197e-02	9.498994e-05	4.496868e-04	2.775059e-05	9.498994e-07	4.734046e+02	2.921424e+01
17:41:23	1.465500e+00	1.784979e-01	9.499974e+00	1.487473e-01	9.246629e-02	9.499974e-05	4.462418e-04	2.773989e-05	9.499974e-07	4.697295e+02	2.919996e+01
17:41:23	1.463900e+00	1.783030e-01	9.499789e+00	1.492306e-01	9.214839e-02	9.499789e-05	4.476918e-04	2.764452e-05	9.499789e-07	4.712650e+02	2.910014e+01
17:41:24	1.463100e+00	1.782056e-01	9.491137e+00	1.491236e-01	9.210622e-02	9.491137e-05	4.473707e-04	2.763187e-05	9.491137e-07	4.713562e+02	2.911333e+01
17:41:24	1.462100e+00	1.780838e-01	9.495981e+00	1.492144e-01	9.204134e-02	9.495981e-05	4.476431e-04	2.761240e-05	9.495981e-07	4.714028e+02	2.907799e+01
17:41:24	1.461700e+00	1.780351e-01	9.497904e+00	1.490781e-01	9.215164e-02	9.497904e-05	4.472344e-04	2.764549e-05	9.497904e-07	4.708769e+02	2.910694e+01
17:41:24	1.460700e+00	1.779133e-01	9.501476e+00	1.487278e-01	9.204459e-02	9.501476e-05	4.461834e-04	2.761338e-05	9.501476e-07	4.695938e+02	2.906220e+01
17:41:25	1.458900e+00	1.776940e-01	9.484114e+00	1.492793e-01	9.207054e-02	9.484114e-05	4.478378e-04	2.762116e-05	9.484114e-07	4.721978e+02	2.912361e+01
17:41:25	1.458100e+00	1.775966e-01	9.483300e+00	1.488803e-01	9.185644e-02	9.483300e-05	4.466408e-04	2.755693e-05	9.483300e-07	4.709761e+02	2.905838e+01
17:41:25	1.457900e+00	1.775722e-01	9.470762e+00	1.494836e-01	9.079570e-02	9.470762e-05	4.484509e-04	2.723871e-05	9.470762e-07	4.735109e+02	2.876084e+01
17:41:26	1.456700e+00	1.774261e-01	9.460650e+00	1.497366e-01	9.053619e-02	9.460650e-05	4.492099e-04	2.716086e-05	9.460650e-07	4.748193e+02	2.870929e+01
17:41:26	1.456000e+00	1.773408e-01	9.457770e+00	1.492501e-01	8.982254e-02	9.457770e-05	4.477502e-04	2.694676e-05	9.457770e-07	4.734205e+02	2.849167e+01
17:41:26	1.455800e+00	1.773164e-01	9.455489e+00	1.487927e-01	8.940733e-02	9.455489e-05	4.463780e-04	2.682220e-05	9.455489e-07	4.720835e+02	2.836680e+01
17:41:26	1.454600e+00	1.771703e-01	9.456991e+00	1.488640e-01	9.020208e-02	9.456991e-05	4.465921e-04	2.706062e-05	9.456991e-07	4.722349e+02	2.861441e+01
17:41:27	1.453800e+00	1.770728e-01	9.454334e+00	1.484683e-01	9.023776e-02	9.454334e-05	4.454049e-04	2.707133e-05	9.454334e-07	4.711118e+02	2.863377e+01
17:41:27	1.452800e+00	1.769510e-01	9.459872e+00	1.480596e-01	9.008854e-02	9.459872e-05	4.441787e-04	2.702656e-05	9.459872e-07	4.695399e+02	2.856969e+01
17:41:27	1.451800e+00	1.768292e-01	9.457351e+00	1.485137e-01	8.997825e-02	9.457351e-05	4.455411e-04	2.699347e-05	9.457351e-07	4.711056e+02	2.854232e+01
17:41:28	1.450600e+00	1.766831e-01	9.455256e+00	1.481861e-01	8.990688e-02	9.455256e-05	4.445582e-04	2.697207e-05	9.455256e-07	4.701705e+02	2.852600e+01
17:41:28	1.450000e+00	1.766100e-01	9.456505e+00	1.483158e-01	8.998474e-02	9.456505e-05	4.449475e-04	2.699542e-05	9.456505e-07	4.705201e+02	2.854693e+01
17:41:28	1.449000e+00	1.764882e-01	9.459619e+00	1.485656e-01	8.951113e-02	9.459619e-05	4.456968e-04	2.685334e-05	9.459619e-07	4.711573e+02	2.838734e+01
17:41:28	1.448400e+00	1.764151e-01	9.460164e+00	1.483061e-01	9.019559e-02	9.460164e-05	4.449183e-04	2.705868e-05	9.460164e-07	4.703072e+02	2.860276e+01
17:41:29	1.447800e+00	1.763420e-01	9.464349e+00	1.483807e-01	9.009503e-02	9.464349e-05	4.451421e-04	2.702851e-05	9.464349e-07	4.703357e+02	2.855823e+01
17:41:29	1.446400e+00	1.761715e-01	9.461036e+00	1.477449e-01	9.082814e-02	9.461036e-05	4.432347e-04	2.724844e-05	9.461036e-07	4.684843e+02	2.880069e+01
17:41:29	1.445300e+00	1.760375e-01	9.461179e+00	1.479817e-01	9.065297e-02	9.461179e-05	4.439451e-04	2.719589e-05	9.461179e-07	4.692281e+02	2.874472e+01
17:41:30	1.444900e+00	1.759888e-01	9.465416e+00	1.474173e-01	9.045185e-02	9.465416e-05	4.422519e-04	2.713556e-05	9.465416e-07	4.672292e+02	2.866811e+01
17:41:30	1.443700e+00	1.758427e-01	9.458980e+00	1.481147e-01	9.021829e-02	9.458980e-05	4.443441e-04	2.706549e-05	9.458980e-07	4.697591e+02	2.861354e+01
17:41:30	1.443300e+00	1.757939e-01	9.463018e+00	1.471091e-01	9.049727e-02	9.463018e-05	4.413274e-04	2.714918e-05	9.463018e-07	4.663706e+02	2.868977e+01
17:41:31	1.441700e+00	1.755991e-01	9.457997e+00	1.471740e-01	8.976091e-02	9.457997e-05	4.415220e-04	2.692827e-05	9.457997e-07	4.668240e+02	2.847143e+01
17:41:31	1.440700e+00	1.754773e-01	9.459019e+00	1.476184e-01	9.001069e-02	9.459019e-05	4.428552e-04	2.700321e-05	9.459019e-07	4.681830e+02	2.854758e+01
17:41:31	1.440300e+00	1.754285e-01	9.466739e+00	1.472389e-01	9.051349e-02	9.466739e-05	4.417166e-04	2.715405e-05	9.466739e-07	4.665985e+02	2.868363e+01
17:41:31	1.439300e+00	1.753067e-01	9.465085e+00	1.477709e-01	9.004961e-02	9.465085e-05	4.433126e-04	2.701488e-05	9.465085e-07	4.683662e+02	2.854162e+01
17:41:32	1.438300e+00	1.751849e-01	9.467700e+00	1.474789e-01	9.050700e-02	9.467700e-05	4.424368e-04	2.715210e-05	9.467700e-07	4.673118e+02	2.867867e+01
17:41:32	1.437700e+00	1.751119e-01	9.471407e+00	1.473751e-01	9.073731e-02	9.471407e-05	4.421253e-04	2.722119e-05	9.471407e-07	4.668000e+02	2.874039e+01
17:41:32	1.437100e+00	1.750388e-01	9.467502e+00	1.473265e-01	9.100655e-02	9.467502e-05	4.419794e-04	2.730197e-05	9.467502e-07	4.668384e+02	2.883756e+01
17:41:32	1.435800e+00	1.748804e-01	9.467070e+00	1.474432e-01	9.086382e-02	9.467070e-05	4.423297e-04	2.725915e-05	9.467070e-07	4.672298e+02	2.879365e+01
17:41:33	1.435600e+00	1.748561e-01	9.468819e+00	1.476022e-01	9.114279e-02	9.468819e-05	4.428066e-04	2.734284e-05	9.468819e-07	4.676471e+02	2.887672e+01
17:41:33	1.434600e+00	1.747343e-01	9.469717e+00	1.467653e-01	9.017288e-02	9.469717e-05	4.402958e-04	2.705186e-05	9.469717e-07	4.649514e+02	2.856671e+01
17:41:33	1.433600e+00	1.746125e-01	9.467930e+00	1.466031e-01	9.035454e-02	9.467930e-05	4.398092e-04	2.710636e-05	9.467930e-07	4.645252e+02	2.862966e+01
17:41:34	1.432200e+00	1.744420e-01	9.471917e+00	1.463533e-01	9.099682e-02	9.471917e-05	4.390599e-04	2.729905e-05	9.471917e-07	4.635386e+02	2.882104e+01
17:41:34	1.431200e+00	1.743202e-01	9.476890e+00	1.466355e-01	9.154828e-02	9.476890e-05	4.399065e-04	2.746448e-05	9.476890e-07	4.641887e+02	2.898048e+01
17:41:35	1.429600e+00	1.741253e-01	9.479715e+00	1.456721e-01	9.099682e-02	9.479715e-05	4.370163e-04	2.729905e-05	9.479715e-07	4.610015e+02	2.879733e+01
17:41:35	1.428800e+00	1.740278e-01	9.479894e+00	1.460614e-01	9.092870e-02	9.479894e-05	4.381841e-04	2.727861e-05	9.479894e-07	4.622246e+02	2.877523e+01
17:41:35	1.427400e+00	1.738573e-01	9.474136e+00	1.462300e-01	9.146718e-02	9.474136e-05	4.386901e-04	2.744015e-05	9.474136e-07	4.630397e+02	2.896323e+01
17:41:35	1.427000e+00	1.738086e-01	9.471427e+00	1.459381e-01	9.118496e-02	9.471427e-05	4.378143e-04	2.735549e-05	9.471427e-07	4.622474e+02	2.888212e+01
17:41:36	1.426400e+00	1.737355e-01	9.473117e+00	1.454483e-01	9.112982e-02	9.473117e-05	4.363448e-04	2.733895e-05	9.473117e-07	4.606137e+02	2.885950e+01
17:41:36	1.425300e+00	1.736015e-01	9.470207e+00	1.454288e-01	9.046158e-02	9.470207e-05	4.362864e-04	2.713848e-05	9.470207e-07	4.606936e+02	2.865669e+01
17:41:36	1.424100e+00	1.734554e-01	9.467096e+00	1.453023e-01	9.028317e-02	9.467096e-05	4.359069e-04	2.708495e-05	9.467096e-07	4.604441e+02	2.860957e+01
17:41:37	1.423300e+00	1.733579e-01	9.471816e+00	1.460192e-01	9.088329e-02	9.471816e-05	4.380575e-04	2.726499e-05	9.471816e-07	4.624853e+02	2.878538e+01
17:41:37	1.422300e+00	1.732361e-01	9.474411e+00	1.460549e-01	9.073731e-02	9.474411e-05	4.381646e-04	2.722119e-05	9.474411e-07	4.624716e+02	2.873128e+01
17:41:37	1.421500e+00	1.731387e-01	9.477312e+00	1.453737e-01	9.088977e-02	9.477312e-05	4.361210e-04	2.726693e-05	9.477312e-07	4.601737e+02	2.877075e+01
17:41:38	1.420300e+00	1.729925e-01	9.478450e+00	1.453542e-01	9.053619e-02	9.478450e-05	4.360626e-04	2.716086e-05	9.478450e-07	4.600568e+02	2.865538e+01
17:41:38	1.418500e+00	1.727733e-01	9.471742e+00	1.449779e-01	9.096438e-02	9.471742e-05	4.349337e-04	2.728931e-05	9.471742e-07	4.591908e+02	2.881130e+01
17:41:39	1.417100e+00	1.726028e-01	9.473318e+00	1.449260e-01	9.107792e-02	9.473318e-05	4.347780e-04	2.732338e-05	9.473318e-07	4.589501e+02	2.884245e+01
17:41:39	1.416500e+00	1.725297e-01	9.478327e+00	1.449487e-01	9.040319e-02	9.478327e-05	4.348461e-04	2.712096e-05	9.478327e-07	4.587794e+02	2.861366e+01
17:41:40	1.414600e+00	1.722983e-01	9.474794e+00	1.448579e-01	9.012747e-02	9.474794e-05	4.345736e-04	2.703824e-05	9.474794e-07	4.586629e+02	2.853702e+01
17:41:40	1.413400e+00	1.721521e-01	9.468215e+00	1.444783e-01	9.038698e-02	9.468215e-05	4.334350e-04	2.711609e-05	9.468215e-07	4.577790e+02	2.863907e+01
17:41:41	1.411400e+00	1.719085e-01	9.472345e+00	1.445886e-01	9.086382e-02	9.472345e-05	4.337659e-04	2.725915e-05	9.472345e-07	4.579288e+02	2.877761e+01
17:41:41	1.410600e+00	1.718111e-01	9.470029e+00	1.439755e-01	9.071461e-02	9.470029e-05	4.319266e-04	2.721438e-05	9.470029e-07	4.560986e+02	2.873738e+01
17:41:41	1.410200e+00	1.717624e-01	9.471099e+00	1.439885e-01	9.094492e-02	9.471099e-05	4.319656e-04	2.728348e-05	9.471099e-07	4.560881e+02	2.880708e+01
17:41:42	1.408600e+00	1.715675e-01	9.469367e+00	1.438328e-01	9.061405e-02	9.469367e-05	4.314985e-04	2.718421e-05	9.469367e-07	4.556782e+02	2.870753e+01
17:41:42	1.407200e+00	1.713970e-01	9.473857e+00	1.438653e-01	9.068217e-02	9.473857e-05	4.315958e-04	2.720465e-05	9.473857e-07	4.555650e+02	2.871550e+01
17:41:43	1.405800e+00	1.712264e-01	9.476523e+00	1.432327e-01	9.006259e-02	9.476523e-05	4.296981e-04	2.701878e-05	9.476523e-07	4.534343e+02	2.851128e+01
17:41:43	1.404300e+00	1.710437e-01	9.476938e+00	1.423601e-01	9.042266e-02	9.476938e-05	4.270803e-04	2.712680e-05	9.476938e-07	4.506522e+02	2.862401e+01
17:41:44	1.402500e+00	1.708245e-01	9.473568e+00	1.426553e-01	8.991662e-02	9.473568e-05	4.279659e-04	2.697498e-05	9.473568e-07	4.517473e+02	2.847394e+01
17:41:44	1.402100e+00	1.707758e-01	9.469909e+00	1.423277e-01	9.044212e-02	9.469909e-05	4.269830e-04	2.713264e-05	9.469909e-07	4.508840e+02	2.865142e+01
17:41:44	1.401300e+00	1.706783e-01	9.475326e+00	1.428434e-01	9.117848e-02	9.475326e-05	4.285303e-04	2.735354e-05	9.475326e-07	4.522592e+02	2.886818e+01
17:41:45	1.400500e+00	1.705809e-01	9.470759e+00	1.430802e-01	9.076975e-02	9.470759e-05	4.292407e-04	2.723093e-05	9.470759e-07	4.532274e+02	2.875263e+01
17:41:45	1.399900e+00	1.705078e-01	9.476173e+00	1.432716e-01	9.001718e-02	9.476173e-05	4.298149e-04	2.700515e-05	9.476173e-07	4.535743e+02	2.849795e+01
17:41:45	1.399300e+00	1.704347e-01	9.473581e+00	1.429829e-01	9.087355e-02	9.473581e-05	4.289488e-04	2.726207e-05	9.473581e-07	4.527842e+02	2.877694e+01
17:41:45	1.397900e+00	1.702642e-01	9.474486e+00	1.431159e-01	9.091248e-02	9.474486e-05	4.293478e-04	2.727374e-05	9.474486e-07	4.531621e+02	2.878652e+01
17:41:46	1.397900e+00	1.702642e-01	9.473970e+00	1.425969e-01	9.090924e-02	9.473970e-05	4.277907e-04	2.727277e-05	9.473970e-07	4.515432e+02	2.878706e+01
17:41:46	1.396300e+00	1.700693e-01	9.476260e+00	1.426910e-01	9.064648e-02	9.476260e-05	4.280729e-04	2.719395e-05	9.476260e-07	4.517319e+02	2.869692e+01
17:41:46	1.396300e+00	1.700693e-01	9.470149e+00	1.423406e-01	9.131148e-02	9.470149e-05	4.270219e-04	2.739344e-05	9.470149e-07	4.509136e+02	2.892610e+01
17:41:46	1.395400e+00	1.699597e-01	9.471346e+00	1.423439e-01	9.087031e-02	9.471346e-05	4.270317e-04	2.726109e-05	9.471346e-07	4.508669e+02	2.878270e+01
17:41:47	1.394400e+00	1.698379e-01	9.474687e+00	1.423925e-01	9.090275e-02	9.474687e-05	4.271776e-04	2.727082e-05	9.474687e-07	4.508620e+02	2.878282e+01
17:41:47	1.393400e+00	1.697161e-01	9.475605e+00	1.420779e-01	9.065297e-02	9.475605e-05	4.262337e-04	2.719589e-05	9.475605e-07	4.498221e+02	2.870095e+01
17:41:47	1.393000e+00	1.696674e-01	9.475861e+00	1.422790e-01	9.070163e-02	9.475861e-05	4.268370e-04	2.721049e-05	9.475861e-07	4.504467e+02	2.871558e+01
17:41:48	1.392400e+00	1.695943e-01	9.475738e+00	1.423536e-01	8.988742e-02	9.475738e-05	4.270609e-04	2.696623e-05	9.475738e-07	4.506887e+02	2.845818e+01
17:41:48	1.391400e+00	1.694725e-01	9.474356e+00	1.423666e-01	8.998474e-02	9.474356e-05	4.270998e-04	2.699542e-05	9.474356e-07	4.507956e+02	2.849315e+01
17:41:48	1.390600e+00	1.693751e-01	9.475813e+00	1.420746e-01	9.088653e-02	9.475813e-05	4.262239e-04	2.726596e-05	9.475813e-07	4.498020e+02	2.877427e+01
17:41:48	1.389000e+00	1.691802e-01	9.478148e+00	1.421330e-01	9.063351e-02	9.478148e-05	4.263991e-04	2.719005e-05	9.478148e-07	4.498760e+02	2.868709e+01
17:41:49	1.388400e+00	1.691071e-01	9.470421e+00	1.411112e-01	9.078921e-02	9.470421e-05	4.233337e-04	2.723676e-05	9.470421e-07	4.470062e+02	2.875982e+01
17:41:49	1.387400e+00	1.689853e-01	9.473023e+00	1.419384e-01	8.981606e-02	9.473023e-05	4.258152e-04	2.694482e-05	9.473023e-07	4.495030e+02	2.844374e+01
17:41:49	1.386200e+00	1.688392e-01	9.471047e+00	1.419060e-01	9.016315e-02	9.471047e-05	4.257179e-04	2.704894e-05	9.471047e-07	4.494940e+02	2.855961e+01
17:41:50	1.385500e+00	1.687539e-01	9.472004e+00	1.420000e-01	9.044861e-02	9.472004e-05	4.260001e-04	2.713458e-05	9.472004e-07	4.497465e+02	2.864714e+01
17:41:50	1.385300e+00	1.687295e-01	9.471550e+00	1.419222e-01	9.068217e-02	9.471550e-05	4.257666e-04	2.720465e-05	9.471550e-07	4.495215e+02	2.872249e+01
17:41:50	1.384300e+00	1.686077e-01	9.471897e+00	1.413545e-01	9.058161e-02	9.471897e-05	4.240635e-04	2.717448e-05	9.471897e-07	4.477071e+02	2.868959e+01
17:41:51	1.383500e+00	1.685103e-01	9.475498e+00	1.417081e-01	9.130174e-02	9.475498e-05	4.251243e-04	2.739052e-05	9.475498e-07	4.486564e+02	2.890668e+01
17:41:51	1.382900e+00	1.684372e-01	9.472608e+00	1.419676e-01	9.118172e-02	9.472608e-05	4.259028e-04	2.735452e-05	9.472608e-07	4.496152e+02	2.887749e+01
17:41:51	1.382100e+00	1.683398e-01	9.473188e+00	1.419871e-01	9.077948e-02	9.473188e-05	4.259612e-04	2.723384e-05	9.473188e-07	4.496492e+02	2.874834e+01
17:41:51	1.381500e+00	1.682667e-01	9.469782e+00	1.412994e-01	9.116875e-02	9.469782e-05	4.238981e-04	2.735062e-05	9.469782e-07	4.476324e+02	2.888200e+01
17:41:51	1.380100e+00	1.680962e-01	9.470548e+00	1.412312e-01	9.070487e-02	9.470548e-05	4.236937e-04	2.721146e-05	9.470548e-07	4.473804e+02	2.873272e+01
17:41:52	1.379900e+00	1.680718e-01	9.473811e+00	1.416205e-01	9.036751e-02	9.473811e-05	4.248615e-04	2.711025e-05	9.473811e-07	4.484589e+02	2.861600e+01
17:41:52	1.379300e+00	1.679987e-01	9.474252e+00	1.410723e-01	9.042915e-02	9.474252e-05	4.232169e-04	2.712874e-05	9.474252e-07	4.467021e+02	2.863418e+01
17:41:52	1.378100e+00	1.678526e-01	9.477331e+00	1.406182e-01	9.054268e-02	9.477331e-05	4.218545e-04	2.716280e-05	9.477331e-07	4.451195e+02	2.866082e+01
17:41:53	1.377100e+00	1.677308e-01	9.476218e+00	1.401900e-01	9.014044e-02	9.476218e-05	4.205699e-04	2.704213e-05	9.476218e-07	4.438162e+02	2.853684e+01
17:41:53	1.375000e+00	1.674750e-01	9.481065e+00	1.401186e-01	9.088329e-02	9.481065e-05	4.203558e-04	2.726499e-05	9.481065e-07	4.433635e+02	2.875730e+01
17:41:54	1.374600e+00	1.674263e-01	9.481422e+00	1.409458e-01	9.124660e-02	9.481422e-05	4.228373e-04	2.737398e-05	9.481422e-07	4.459641e+02	2.887118e+01
17:41:54	1.373600e+00	1.673045e-01	9.479556e+00	1.403878e-01	9.099033e-02	9.479556e-05	4.211635e-04	2.729710e-05	9.479556e-07	4.442861e+02	2.879576e+01
17:41:54	1.372600e+00	1.671827e-01	9.484987e+00	1.403327e-01	9.068217e-02	9.484987e-05	4.209981e-04	2.720465e-05	9.484987e-07	4.438573e+02	2.868180e+01
17:41:54	1.371600e+00	1.670609e-01	9.484169e+00	1.402548e-01	9.132445e-02	9.484169e-05	4.207645e-04	2.739734e-05	9.484169e-07	4.436493e+02	2.888744e+01
17:41:55	1.371600e+00	1.670609e-01	9.486644e+00	1.403684e-01	9.033183e-02	9.486644e-05	4.211051e-04	2.709955e-05	9.486644e-07	4.438926e+02	2.856600e+01
17:41:55	1.371200e+00	1.670122e-01	9.484351e+00	1.404819e-01	9.042590e-02	9.484351e-05	4.214457e-04	2.712777e-05	9.484351e-07	4.443591e+02	2.860266e+01
17:41:55	1.370400e+00	1.669147e-01	9.483397e+00	1.400407e-01	9.074704e-02	9.483397e-05	4.201222e-04	2.722411e-05	9.483397e-07	4.430082e+02	2.870713e+01
17:41:56	1.369600e+00	1.668173e-01	9.487679e+00	1.395931e-01	9.071461e-02	9.487679e-05	4.187793e-04	2.721438e-05	9.487679e-07	4.413927e+02	2.868392e+01
17:41:56	1.367800e+00	1.665980e-01	9.509544e+00	1.391617e-01	9.199593e-02	9.509544e-05	4.174850e-04	2.759878e-05	9.509544e-07	4.390168e+02	2.902219e+01
17:41:57	1.366400e+00	1.664275e-01	9.527911e+00	1.385226e-01	9.285555e-02	9.527911e-05	4.155679e-04	2.785667e-05	9.527911e-07	4.361584e+02	2.923691e+01
17:41:57	1.364700e+00	1.662205e-01	9.527104e+00	1.393660e-01	9.270309e-02	9.527104e-05	4.180981e-04	2.781093e-05	9.527104e-07	4.388512e+02	2.919138e+01
17:41:57	1.363900e+00	1.661230e-01	9.524038e+00	1.390838e-01	9.305992e-02	9.524038e-05	4.172514e-04	2.791797e-05	9.524038e-07	4.381035e+02	2.931317e+01
17:41:58	1.363300e+00	1.660499e-01	9.519088e+00	1.390254e-01	9.298206e-02	9.519088e-05	4.170763e-04	2.789462e-05	9.519088e-07	4.381473e+02	2.930388e+01
17:41:58	1.362900e+00	1.660012e-01	9.519107e+00	1.386913e-01	9.325779e-02	9.519107e-05	4.160739e-04	2.797734e-05	9.519107e-07	4.370934e+02	2.939072e+01
17:41:58	1.361900e+00	1.658794e-01	9.519020e+00	1.382891e-01	9.375410e-02	9.519020e-05	4.148672e-04	2.812623e-05	9.519020e-07	4.358297e+02	2.954740e+01
17:41:59	1.359900e+00	1.656358e-01	9.519591e+00	1.378122e-01	9.310533e-02	9.519591e-05	4.134366e-04	2.793160e-05	9.519591e-07	4.343009e+02	2.934118e+01
17:41:59	1.359300e+00	1.655627e-01	9.517949e+00	1.382209e-01	9.291070e-02	9.517949e-05	4.146628e-04	2.787321e-05	9.517949e-07	4.356640e+02	2.928489e+01
17:41:59	1.358700e+00	1.654897e-01	9.516733e+00	1.382631e-01	9.333564e-02	9.516733e-05	4.147893e-04	2.800069e-05	9.516733e-07	4.358527e+02	2.942259e+01
17:42:00	1.357900e+00	1.653922e-01	9.509054e+00	1.382080e-01	9.356596e-02	9.509054e-05	4.146239e-04	2.806979e-05	9.509054e-07	4.360306e+02	2.951901e+01
17:42:00	1.356700e+00	1.652461e-01	9.515386e+00	1.381755e-01	9.314750e-02	9.515386e-05	4.145266e-04	2.794425e-05	9.515386e-07	4.356382e+02	2.936744e+01
17:42:00	1.356300e+00	1.651973e-01	9.512389e+00	1.385583e-01	9.342972e-02	9.512389e-05	4.156749e-04	2.802891e-05	9.512389e-07	4.369827e+02	2.946569e+01
17:42:00	1.355200e+00	1.650634e-01	9.503821e+00	1.381009e-01	9.348811e-02	9.503821e-05	4.143028e-04	2.804643e-05	9.503821e-07	4.359328e+02	2.951069e+01
17:42:01	1.354600e+00	1.649903e-01	9.489574e+00	1.376306e-01	9.215812e-02	9.489574e-05	4.128917e-04	2.764744e-05	9.489574e-07	4.351003e+02	2.913454e+01
17:42:01	1.354600e+00	1.649903e-01	9.480345e+00	1.374554e-01	9.124660e-02	9.480345e-05	4.123662e-04	2.737398e-05	9.480345e-07	4.349696e+02	2.887446e+01
17:42:01	1.353600e+00	1.648685e-01	9.469163e+00	1.378966e-01	9.005286e-02	9.469163e-05	4.136897e-04	2.701586e-05	9.469163e-07	4.368809e+02	2.853036e+01
17:42:01	1.353200e+00	1.648198e-01	9.467638e+00	1.379095e-01	8.937813e-02	9.467638e-05	4.137286e-04	2.681344e-05	9.467638e-07	4.369924e+02	2.832115e+01
17:42:02	1.352000e+00	1.646736e-01	9.465876e+00	1.372543e-01	8.940733e-02	9.465876e-05	4.117628e-04	2.682220e-05	9.465876e-07	4.349970e+02	2.833567e+01
17:42:02	1.351600e+00	1.646249e-01	9.462594e+00	1.375949e-01	9.001069e-02	9.462594e-05	4.127846e-04	2.700321e-05	9.462594e-07	4.362278e+02	2.853679e+01
17:42:02	1.351200e+00	1.645762e-01	9.469497e+00	1.371018e-01	8.943328e-02	9.469497e-05	4.113054e-04	2.682998e-05	9.469497e-07	4.343477e+02	2.833306e+01
17:42:02	1.350200e+00	1.644544e-01	9.472066e+00	1.373646e-01	8.954357e-02	9.472066e-05	4.120937e-04	2.686307e-05	9.472066e-07	4.350621e+02	2.836031e+01
17:42:03	1.349200e+00	1.643326e-01	9.464816e+00	1.373483e-01	8.870341e-02	9.464816e-05	4.120450e-04	2.661102e-05	9.464816e-07	4.353439e+02	2.811573e+01
17:42:03	1.349200e+00	1.643326e-01	9.469886e+00	1.375300e-01	8.893697e-02	9.469886e-05	4.125900e-04	2.668109e-05	9.469886e-07	4.356863e+02	2.817467e+01
17:42:03	1.347600e+00	1.641377e-01	9.466856e+00	1.373743e-01	8.943328e-02	9.466856e-05	4.121229e-04	2.682998e-05	9.466856e-07	4.353324e+02	2.834097e+01
17:42:03	1.347600e+00	1.641377e-01	9.465675e+00	1.375300e-01	8.987120e-02	9.465675e-05	4.125900e-04	2.696136e-05	9.465675e-07	4.358801e+02	2.848329e+01
17:42:04	1.346800e+00	1.640402e-01	9.467414e+00	1.375819e-01	8.891751e-02	9.467414e-05	4.127457e-04	2.667525e-05	9.467414e-07	4.359646e+02	2.817586e+01
17:42:04	1.346000e+00	1.639428e-01	9.473471e+00	1.369980e-01	8.994905e-02	9.473471e-05	4.109940e-04	2.698472e-05	9.473471e-07	4.338368e+02	2.848451e+01
17:42:04	1.344900e+00	1.638088e-01	9.470684e+00	1.371180e-01	9.016315e-02	9.470684e-05	4.113541e-04	2.704894e-05	9.470684e-07	4.343446e+02	2.856071e+01
17:42:05	1.344100e+00	1.637114e-01	9.490271e+00	1.367644e-01	9.038698e-02	9.490271e-05	4.102933e-04	2.711609e-05	9.490271e-07	4.323305e+02	2.857252e+01
17:42:05	1.343100e+00	1.635896e-01	9.503838e+00	1.371440e-01	9.183698e-02	9.503838e-05	4.114319e-04	2.755109e-05	9.503838e-07	4.329114e+02	2.898944e+01
17:42:05	1.341900e+00	1.634434e-01	9.506965e+00	1.372121e-01	9.206081e-02	9.506965e-05	4.116363e-04	2.761824e-05	9.506965e-07	4.329839e+02	2.905054e+01
17:42:06	1.341500e+00	1.633947e-01	9.510368e+00	1.369818e-01	9.240790e-02	9.510368e-05	4.109454e-04	2.772237e-05	9.510368e-07	4.321025e+02	2.914963e+01
17:42:06	1.339500e+00	1.631511e-01	9.503711e+00	1.365276e-01	9.266417e-02	9.503711e-05	4.095829e-04	2.779925e-05	9.503711e-07	4.309716e+02	2.925094e+01
17:42:07	1.338900e+00	1.630780e-01	9.499199e+00	1.361708e-01	9.191808e-02	9.499199e-05	4.085125e-04	2.757542e-05	9.499199e-07	4.300494e+02	2.902921e+01
17:42:07	1.337900e+00	1.629562e-01	9.495397e+00	1.367353e-01	9.247926e-02	9.495397e-05	4.102058e-04	2.774378e-05	9.495397e-07	4.320049e+02	2.921814e+01
17:42:07	1.336500e+00	1.627857e-01	9.500496e+00	1.358172e-01	9.271607e-02	9.500496e-05	4.074517e-04	2.781482e-05	9.500496e-07	4.288741e+02	2.927723e+01
17:42:08	1.335500e+00	1.626639e-01	9.491420e+00	1.352820e-01	9.192456e-02	9.491420e-05	4.058460e-04	2.757737e-05	9.491420e-07	4.275925e+02	2.905505e+01
17:42:08	1.333800e+00	1.624568e-01	9.461416e+00	1.356648e-01	8.990040e-02	9.461416e-05	4.069943e-04	2.697012e-05	9.461416e-07	4.301622e+02	2.850537e+01
17:42:08	1.333800e+00	1.624568e-01	9.460547e+00	1.363460e-01	9.006259e-02	9.460547e-05	4.090380e-04	2.701878e-05	9.460547e-07	4.323619e+02	2.855942e+01
17:42:09	1.333000e+00	1.623594e-01	9.464459e+00	1.357069e-01	8.951438e-02	9.464459e-05	4.071208e-04	2.685431e-05	9.464459e-07	4.301576e+02	2.837385e+01
17:42:09	1.332600e+00	1.623107e-01	9.462798e+00	1.355837e-01	9.053295e-02	9.462798e-05	4.067510e-04	2.715988e-05	9.462798e-07	4.298423e+02	2.870175e+01
17:42:09	1.331400e+00	1.621645e-01	9.465331e+00	1.359762e-01	8.972523e-02	9.465331e-05	4.079286e-04	2.691757e-05	9.465331e-07	4.309712e+02	2.843806e+01
17:42:09	1.331400e+00	1.621645e-01	9.465893e+00	1.358108e-01	8.952086e-02	9.465893e-05	4.074323e-04	2.685626e-05	9.465893e-07	4.304214e+02	2.837161e+01
17:42:10	1.330600e+00	1.620671e-01	9.468562e+00	1.356875e-01	8.949167e-02	9.468562e-05	4.070625e-04	2.684750e-05	9.468562e-07	4.299095e+02	2.835436e+01
17:42:10	1.330000e+00	1.619940e-01	9.468595e+00	1.360703e-01	8.924514e-02	9.468595e-05	4.082108e-04	2.677354e-05	9.468595e-07	4.311208e+02	2.827615e+01
17:42:10	1.329000e+00	1.618722e-01	9.469815e+00	1.355675e-01	9.027020e-02	9.469815e-05	4.067024e-04	2.708106e-05	9.469815e-07	4.294724e+02	2.859724e+01
17:42:10	1.328400e+00	1.617991e-01	9.480163e+00	1.357297e-01	9.027668e-02	9.480163e-05	4.071890e-04	2.708301e-05	9.480163e-07	4.295168e+02	2.856808e+01
17:42:11	1.327800e+00	1.617260e-01	9.495342e+00	1.354085e-01	9.186942e-02	9.495342e-05	4.062255e-04	2.756083e-05	9.495342e-07	4.278156e+02	2.902563e+01
17:42:11	1.327400e+00	1.616773e-01	9.509070e+00	1.356259e-01	9.259604e-02	9.509070e-05	4.068776e-04	2.777881e-05	9.509070e-07	4.278836e+02	2.921296e+01
17:42:11	1.326200e+00	1.615312e-01	9.511484e+00	1.353144e-01	9.267065e-02	9.511484e-05	4.059433e-04	2.780120e-05	9.511484e-07	4.267928e+02	2.922908e+01
17:42:12	1.325100e+00	1.613972e-01	9.510047e+00	1.347954e-01	9.247926e-02	9.510047e-05	4.043863e-04	2.774378e-05	9.510047e-07	4.252201e+02	2.917313e+01
17:42:12	1.323900e+00	1.612510e-01	9.500629e+00	1.341304e-01	9.284258e-02	9.500629e-05	4.023913e-04	2.785277e-05	9.500629e-07	4.235417e+02	2.931677e+01
17:42:13	1.322900e+00	1.611292e-01	9.499624e+00	1.339553e-01	9.176237e-02	9.499624e-05	4.018658e-04	2.752871e-05	9.499624e-07	4.230334e+02	2.897874e+01
17:42:13	1.321300e+00	1.609343e-01	9.480575e+00	1.347403e-01	9.153855e-02	9.480575e-05	4.042208e-04	2.746156e-05	9.480575e-07	4.263674e+02	2.896614e+01
17:42:13	1.320500e+00	1.608369e-01	9.467294e+00	1.345197e-01	9.069190e-02	9.467294e-05	4.035591e-04	2.720757e-05	9.467294e-07	4.262666e+02	2.873849e+01
17:42:14	1.319900e+00	1.607638e-01	9.456151e+00	1.343153e-01	8.978362e-02	9.456151e-05	4.029460e-04	2.693509e-05	9.456151e-07	4.261205e+02	2.848420e+01
17:42:14	1.319700e+00	1.607395e-01	9.452985e+00	1.344418e-01	8.956628e-02	9.452985e-05	4.033255e-04	2.686988e-05	9.452985e-07	4.266647e+02	2.842476e+01
17:42:14	1.318500e+00	1.605933e-01	9.460693e+00	1.342959e-01	9.006908e-02	9.460693e-05	4.028876e-04	2.702072e-05	9.460693e-07	4.258542e+02	2.856104e+01
17:42:14	1.318500e+00	1.605933e-01	9.462340e+00	1.336860e-01	9.005286e-02	9.462340e-05	4.010581e-04	2.701586e-05	9.462340e-07	4.238466e+02	2.855092e+01
17:42:15	1.317300e+00	1.604471e-01	9.463194e+00	1.337833e-01	8.996527e-02	9.463194e-05	4.013500e-04	2.698958e-05	9.463194e-07	4.241169e+02	2.852059e+01
17:42:15	1.316900e+00	1.603984e-01	9.464125e+00	1.343413e-01	8.967657e-02	9.464125e-05	4.030238e-04	2.690297e-05	9.464125e-07	4.258438e+02	2.842626e+01
17:42:15	1.315900e+00	1.602766e-01	9.466159e+00	1.333487e-01	8.930353e-02	9.466159e-05	4.000460e-04	2.679106e-05	9.466159e-07	4.226065e+02	2.830193e+01
17:42:16	1.315100e+00	1.601792e-01	9.464456e+00	1.339163e-01	9.040968e-02	9.464456e-05	4.017490e-04	2.712290e-05	9.464456e-07	4.244819e+02	2.865765e+01
17:42:16	1.314400e+00	1.600939e-01	9.471307e+00	1.330827e-01	8.997500e-02	9.471307e-05	3.992480e-04	2.699250e-05	9.471307e-07	4.215342e+02	2.849924e+01
17:42:16	1.312800e+00	1.598990e-01	9.495611e+00	1.334914e-01	9.121092e-02	9.495611e-05	4.004742e-04	2.736327e-05	9.495611e-07	4.217466e+02	2.881676e+01
17:42:16	1.312400e+00	1.598503e-01	9.510825e+00	1.334654e-01	9.223273e-02	9.510825e-05	4.003963e-04	2.766982e-05	9.510825e-07	4.209901e+02	2.909297e+01
17:42:17	1.311200e+00	1.597042e-01	9.512126e+00	1.341726e-01	9.291719e-02	9.512126e-05	4.025178e-04	2.787516e-05	9.512126e-07	4.231628e+02	2.930486e+01
17:42:17	1.310600e+00	1.596311e-01	9.510880e+00	1.336763e-01	9.241439e-02	9.510880e-05	4.010289e-04	2.772432e-05	9.510880e-07	4.216527e+02	2.915011e+01
17:42:17	1.309800e+00	1.595336e-01	9.509408e+00	1.341272e-01	9.283285e-02	9.509408e-05	4.023816e-04	2.784985e-05	9.509408e-07	4.231405e+02	2.928663e+01
17:42:18	1.309200e+00	1.594606e-01	9.502362e+00	1.332903e-01	9.219056e-02	9.502362e-05	3.998708e-04	2.765717e-05	9.502362e-07	4.208120e+02	2.910557e+01
17:42:18	1.307600e+00	1.592657e-01	9.497677e+00	1.333292e-01	9.279392e-02	9.497677e-05	3.999876e-04	2.783818e-05	9.497677e-07	4.211425e+02	2.931051e+01
17:42:18	1.307400e+00	1.592413e-01	9.499899e+00	1.329529e-01	9.215488e-02	9.499899e-05	3.988587e-04	2.764646e-05	9.499899e-07	4.198557e+02	2.910185e+01
17:42:19	1.306000e+00	1.590708e-01	9.493019e+00	1.328232e-01	9.217434e-02	9.493019e-05	3.984695e-04	2.765230e-05	9.493019e-07	4.197500e+02	2.912909e+01
17:42:19	1.304900e+00	1.589368e-01	9.462087e+00	1.329302e-01	8.991662e-02	9.462087e-05	3.987906e-04	2.697498e-05	9.462087e-07	4.214616e+02	2.850849e+01
17:42:19	1.304700e+00	1.589125e-01	9.458071e+00	1.327485e-01	8.956303e-02	9.458071e-05	3.982456e-04	2.686891e-05	9.458071e-07	4.210643e+02	2.840845e+01
17:42:20	1.304300e+00	1.588637e-01	9.460216e+00	1.327453e-01	9.004313e-02	9.460216e-05	3.982359e-04	2.701294e-05	9.460216e-07	4.209586e+02	2.855425e+01
17:42:20	1.303100e+00	1.587176e-01	9.461481e+00	1.331475e-01	8.973496e-02	9.461481e-05	3.994426e-04	2.692049e-05	9.461481e-07	4.221777e+02	2.845272e+01
17:42:20	1.302300e+00	1.586201e-01	9.463440e+00	1.325831e-01	9.041293e-02	9.463440e-05	3.977493e-04	2.712388e-05	9.463440e-07	4.203010e+02	2.866175e+01
17:42:21	1.301700e+00	1.585471e-01	9.467463e+00	1.318727e-01	9.039022e-02	9.467463e-05	3.956181e-04	2.711707e-05	9.467463e-07	4.178713e+02	2.864238e+01
17:42:21	1.300500e+00	1.584009e-01	9.472588e+00	1.323690e-01	9.068217e-02	9.472588e-05	3.971070e-04	2.720465e-05	9.472588e-07	4.192170e+02	2.871934e+01
17:42:21	1.300100e+00	1.583522e-01	9.474820e+00	1.318857e-01	9.057512e-02	9.474820e-05	3.956570e-04	2.717254e-05	9.474820e-07	4.175879e+02	2.867868e+01
17:42:22	1.298700e+00	1.581817e-01	9.508117e+00	1.318889e-01	9.280041e-02	9.508117e-05	3.956668e-04	2.784012e-05	9.508117e-07	4.161358e+02	2.928038e+01
17:42:22	1.297100e+00	1.579868e-01	9.506770e+00	1.321355e-01	9.222300e-02	9.506770e-05	3.964064e-04	2.766690e-05	9.506770e-07	4.169727e+02	2.910231e+01
17:42:22	1.296500e+00	1.579137e-01	9.508707e+00	1.317332e-01	9.321238e-02	9.508707e-05	3.951997e-04	2.796371e-05	9.508707e-07	4.156187e+02	2.940853e+01
17:42:23	1.295300e+00	1.577675e-01	9.498683e+00	1.310001e-01	9.206405e-02	9.498683e-05	3.930003e-04	2.761922e-05	9.498683e-07	4.137419e+02	2.907689e+01
17:42:23	1.294400e+00	1.576579e-01	9.501184e+00	1.312207e-01	9.250522e-02	9.501184e-05	3.936621e-04	2.775156e-05	9.501184e-07	4.143295e+02	2.920853e+01
17:42:24	1.293200e+00	1.575118e-01	9.495961e+00	1.314672e-01	9.225868e-02	9.495961e-05	3.944017e-04	2.767760e-05	9.495961e-07	4.153362e+02	2.914671e+01
17:42:24	1.293600e+00	1.575605e-01	9.467190e+00	1.316327e-01	9.081192e-02	9.467190e-05	3.948980e-04	2.724358e-05	9.467190e-07	4.171227e+02	2.877683e+01
17:42:24	1.293000e+00	1.574874e-01	9.463797e+00	1.311818e-01	9.096438e-02	9.463797e-05	3.935453e-04	2.728931e-05	9.463797e-07	4.158429e+02	2.883548e+01
17:42:24	1.292600e+00	1.574387e-01	9.459654e+00	1.309806e-01	9.065946e-02	9.459654e-05	3.929419e-04	2.719784e-05	9.459654e-07	4.153872e+02	2.875141e+01
17:42:25	1.291200e+00	1.572682e-01	9.458464e+00	1.307082e-01	9.060107e-02	9.458464e-05	3.921245e-04	2.718032e-05	9.458464e-07	4.145752e+02	2.873651e+01
17:42:25	1.291000e+00	1.572438e-01	9.462568e+00	1.312596e-01	9.044212e-02	9.462568e-05	3.937788e-04	2.713264e-05	9.462568e-07	4.161438e+02	2.867365e+01
17:42:25	1.289600e+00	1.570733e-01	9.466678e+00	1.308736e-01	9.017937e-02	9.466678e-05	3.926208e-04	2.705381e-05	9.466678e-07	4.147398e+02	2.857794e+01
17:42:25	1.289200e+00	1.570246e-01	9.467657e+00	1.314575e-01	9.076002e-02	9.467657e-05	3.943725e-04	2.722801e-05	9.467657e-07	4.165470e+02	2.875897e+01
17:42:26	1.288400e+00	1.569271e-01	9.473175e+00	1.305622e-01	9.108441e-02	9.473175e-05	3.916866e-04	2.732532e-05	9.473175e-07	4.134691e+02	2.884494e+01
17:42:26	1.287400e+00	1.568053e-01	9.498543e+00	1.309644e-01	9.207378e-02	9.498543e-05	3.928933e-04	2.762213e-05	9.498543e-07	4.136353e+02	2.908039e+01
17:42:26	1.286600e+00	1.567079e-01	9.511711e+00	1.308120e-01	9.331942e-02	9.511711e-05	3.924359e-04	2.799583e-05	9.511711e-07	4.125818e+02	2.943301e+01
17:42:27	1.285600e+00	1.565861e-01	9.509855e+00	1.302086e-01	9.340052e-02	9.509855e-05	3.906258e-04	2.802016e-05	9.509855e-07	4.107589e+02	2.946434e+01
17:42:27	1.284800e+00	1.564886e-01	9.513644e+00	1.306919e-01	9.354649e-02	9.513644e-05	3.920758e-04	2.806395e-05	9.513644e-07	4.121195e+02	2.949863e+01
17:42:27	1.283700e+00	1.563547e-01	9.495154e+00	1.308314e-01	9.341998e-02	9.495154e-05	3.924943e-04	2.802600e-05	9.495154e-07	4.133627e+02	2.951611e+01
17:42:28	1.282900e+00	1.562572e-01	9.497194e+00	1.310780e-01	9.283609e-02	9.497194e-05	3.932339e-04	2.785083e-05	9.497194e-07	4.140527e+02	2.932532e+01
17:42:28	1.282700e+00	1.562329e-01	9.490249e+00	1.302767e-01	9.194727e-02	9.490249e-05	3.908302e-04	2.758418e-05	9.490249e-07	4.118229e+02	2.906582e+01
17:42:28	1.281900e+00	1.561354e-01	9.475122e+00	1.298485e-01	9.108765e-02	9.475122e-05	3.895456e-04	2.732629e-05	9.475122e-07	4.111246e+02	2.884005e+01
17:42:28	1.281500e+00	1.560867e-01	9.461893e+00	1.298583e-01	8.989066e-02	9.461893e-05	3.895748e-04	2.696720e-05	9.461893e-07	4.117303e+02	2.850085e+01
17:42:29	1.280700e+00	1.559893e-01	9.461627e+00	1.300594e-01	9.006583e-02	9.461627e-05	3.901782e-04	2.701975e-05	9.461627e-07	4.123796e+02	2.855719e+01
17:42:29	1.280100e+00	1.559162e-01	9.463044e+00	1.299556e-01	9.010476e-02	9.463044e-05	3.898667e-04	2.703143e-05	9.463044e-07	4.119887e+02	2.856526e+01
17:42:29	1.279300e+00	1.558187e-01	9.465380e+00	1.298550e-01	9.045510e-02	9.465380e-05	3.895651e-04	2.713653e-05	9.465380e-07	4.115683e+02	2.866924e+01
17:42:29	1.278900e+00	1.557700e-01	9.467803e+00	1.301308e-01	9.096114e-02	9.467803e-05	3.903923e-04	2.728834e-05	9.467803e-07	4.123367e+02	2.882225e+01
17:42:30	1.278500e+00	1.557213e-01	9.466519e+00	1.299686e-01	9.000744e-02	9.466519e-05	3.899057e-04	2.700223e-05	9.466519e-07	4.118786e+02	2.852393e+01
17:42:30	1.277300e+00	1.555751e-01	9.475012e+00	1.297674e-01	9.087680e-02	9.475012e-05	3.893023e-04	2.726304e-05	9.475012e-07	4.108727e+02	2.877362e+01
17:42:30	1.277100e+00	1.555508e-01	9.476445e+00	1.294787e-01	9.002691e-02	9.476445e-05	3.884362e-04	2.700807e-05	9.476445e-07	4.098965e+02	2.850021e+01
17:42:31	1.275700e+00	1.553803e-01	9.505813e+00	1.294787e-01	9.270634e-02	9.505813e-05	3.884362e-04	2.781190e-05	9.505813e-07	4.086302e+02	2.925778e+01
17:42:31	1.274400e+00	1.552219e-01	9.520687e+00	1.297512e-01	9.267714e-02	9.520687e-05	3.892537e-04	2.780314e-05	9.520687e-07	4.088504e+02	2.920287e+01
17:42:31	1.274600e+00	1.552463e-01	9.517988e+00	1.299329e-01	9.388061e-02	9.517988e-05	3.897986e-04	2.816418e-05	9.517988e-07	4.095389e+02	2.959048e+01
17:42:32	1.273600e+00	1.551245e-01	9.514536e+00	1.297026e-01	9.303721e-02	9.514536e-05	3.891077e-04	2.791116e-05	9.514536e-07	4.089613e+02	2.933528e+01
17:42:32	1.273000e+00	1.550514e-01	9.516379e+00	1.287197e-01	9.287502e-02	9.516379e-05	3.861590e-04	2.786250e-05	9.516379e-07	4.057836e+02	2.927847e+01
17:42:32	1.272000e+00	1.549296e-01	9.510517e+00	1.297318e-01	9.320589e-02	9.510517e-05	3.891953e-04	2.796177e-05	9.510517e-07	4.092262e+02	2.940089e+01
17:42:33	1.271400e+00	1.548565e-01	9.512350e+00	1.289013e-01	9.403307e-02	9.512350e-05	3.867040e-04	2.820992e-05	9.512350e-07	4.065283e+02	2.965610e+01
17:42:33	1.270600e+00	1.547591e-01	9.496973e+00	1.286548e-01	9.282311e-02	9.496973e-05	3.859644e-04	2.784693e-05	9.496973e-07	4.064078e+02	2.932190e+01
17:42:33	1.269400e+00	1.546129e-01	9.482002e+00	1.288397e-01	9.161640e-02	9.482002e-05	3.865191e-04	2.748492e-05	9.482002e-07	4.076345e+02	2.898641e+01
17:42:33	1.269200e+00	1.545886e-01	9.472280e+00	1.289111e-01	9.131796e-02	9.472280e-05	3.867332e-04	2.739539e-05	9.472280e-07	4.082789e+02	2.892164e+01
17:42:33	1.268800e+00	1.545398e-01	9.477762e+00	1.288819e-01	8.961494e-02	9.477762e-05	3.866456e-04	2.688448e-05	9.477762e-07	4.079503e+02	2.836585e+01
17:42:34	1.268200e+00	1.544668e-01	9.479764e+00	1.281131e-01	9.052971e-02	9.479764e-05	3.843392e-04	2.715891e-05	9.479764e-07	4.054312e+02	2.864935e+01
17:42:34	1.266800e+00	1.542962e-01	9.483903e+00	1.288462e-01	9.045185e-02	9.483903e-05	3.865385e-04	2.713556e-05	9.483903e-07	4.075733e+02	2.861222e+01
17:42:34	1.266200e+00	1.542232e-01	9.482674e+00	1.289046e-01	9.059783e-02	9.482674e-05	3.867137e-04	2.717935e-05	9.482674e-07	4.078108e+02	2.866211e+01
17:42:35	1.265800e+00	1.541744e-01	9.482765e+00	1.280222e-01	9.030263e-02	9.482765e-05	3.840667e-04	2.709079e-05	9.482765e-07	4.050156e+02	2.856845e+01
17:42:35	1.264800e+00	1.540526e-01	9.486278e+00	1.284894e-01	9.104548e-02	9.486278e-05	3.854681e-04	2.731364e-05	9.486278e-07	4.063428e+02	2.879279e+01
17:42:35	1.263900e+00	1.539430e-01	9.504665e+00	1.286191e-01	9.199917e-02	9.504665e-05	3.858573e-04	2.759975e-05	9.504665e-07	4.059663e+02	2.903811e+01
17:42:36	1.263300e+00	1.538699e-01	9.526241e+00	1.277595e-01	9.252792e-02	9.526241e-05	3.832785e-04	2.775838e-05	9.526241e-07	4.023397e+02	2.913886e+01
17:42:36	1.261700e+00	1.536751e-01	9.525608e+00	1.282947e-01	9.322860e-02	9.525608e-05	3.848842e-04	2.796858e-05	9.525608e-07	4.040521e+02	2.936146e+01
17:42:36	1.261300e+00	1.536263e-01	9.521115e+00	1.279152e-01	9.251170e-02	9.521115e-05	3.837456e-04	2.775351e-05	9.521115e-07	4.030469e+02	2.914943e+01
17:42:37	1.261300e+00	1.536263e-01	9.516149e+00	1.285380e-01	9.353028e-02	9.516149e-05	3.856140e-04	2.805908e-05	9.516149e-07	4.052207e+02	2.948575e+01
17:42:37	1.260300e+00	1.535045e-01	9.519571e+00	1.278146e-01	9.350108e-02	9.519571e-05	3.834439e-04	2.805032e-05	9.519571e-07	4.027954e+02	2.946595e+01
17:42:37	1.259900e+00	1.534558e-01	9.513469e+00	1.271140e-01	9.323508e-02	9.513469e-05	3.813419e-04	2.797053e-05	9.513469e-07	4.008442e+02	2.940097e+01
17:42:38	1.258300e+00	1.532609e-01	9.512545e+00	1.271821e-01	9.286528e-02	9.512545e-05	3.815462e-04	2.785959e-05	9.512545e-07	4.010980e+02	2.928721e+01
17:42:38	1.257300e+00	1.531391e-01	9.517732e+00	1.277173e-01	9.285231e-02	9.517732e-05	3.831520e-04	2.785569e-05	9.517732e-07	4.025665e+02	2.926715e+01
17:42:38	1.257300e+00	1.531391e-01	9.511860e+00	1.276200e-01	9.322860e-02	9.511860e-05	3.828600e-04	2.796858e-05	9.511860e-07	4.025080e+02	2.940390e+01
17:42:38	1.256700e+00	1.530661e-01	9.498475e+00	1.277562e-01	9.256685e-02	9.498475e-05	3.832687e-04	2.777005e-05	9.498475e-07	4.035055e+02	2.923633e+01
17:42:38	1.256100e+00	1.529930e-01	9.489100e+00	1.271302e-01	9.127255e-02	9.489100e-05	3.813905e-04	2.738176e-05	9.489100e-07	4.019249e+02	2.885602e+01
17:42:39	1.255500e+00	1.529199e-01	9.477156e+00	1.273281e-01	9.075029e-02	9.477156e-05	3.819842e-04	2.722509e-05	9.477156e-07	4.030578e+02	2.872706e+01
17:42:39	1.255300e+00	1.528955e-01	9.471236e+00	1.270426e-01	9.113306e-02	9.471236e-05	3.811278e-04	2.733992e-05	9.471236e-07	4.024056e+02	2.886626e+01
17:42:39	1.254400e+00	1.527859e-01	9.471391e+00	1.278244e-01	9.036751e-02	9.471391e-05	3.834731e-04	2.711025e-05	9.471391e-07	4.048752e+02	2.862331e+01
17:42:39	1.253800e+00	1.527128e-01	9.470950e+00	1.273086e-01	9.034156e-02	9.470950e-05	3.819258e-04	2.710247e-05	9.470950e-07	4.032603e+02	2.861642e+01
17:42:40	1.253600e+00	1.526885e-01	9.469481e+00	1.277011e-01	9.059134e-02	9.469481e-05	3.831033e-04	2.717740e-05	9.469481e-07	4.045663e+02	2.869999e+01
17:42:40	1.252200e+00	1.525180e-01	9.475709e+00	1.277076e-01	9.049727e-02	9.475709e-05	3.831228e-04	2.714918e-05	9.475709e-07	4.043209e+02	2.865134e+01
17:42:40	1.251600e+00	1.524449e-01	9.477685e+00	1.275941e-01	9.086382e-02	9.477685e-05	3.827822e-04	2.725915e-05	9.477685e-07	4.038773e+02	2.876140e+01
17:42:40	1.251600e+00	1.524449e-01	9.482989e+00	1.275973e-01	9.096763e-02	9.482989e-05	3.827919e-04	2.729029e-05	9.482989e-07	4.036617e+02	2.877815e+01
17:42:41	1.250600e+00	1.523231e-01	9.482998e+00	1.271756e-01	9.111036e-02	9.482998e-05	3.815268e-04	2.733311e-05	9.482998e-07	4.023272e+02	2.882328e+01
17:42:41	1.250000e+00	1.522500e-01	9.484241e+00	1.272340e-01	9.038049e-02	9.484241e-05	3.817020e-04	2.711415e-05	9.484241e-07	4.024592e+02	2.858863e+01
17:42:41	1.249600e+00	1.522013e-01	9.484688e+00	1.273475e-01	9.082490e-02	9.484688e-05	3.820426e-04	2.724747e-05	9.484688e-07	4.027993e+02	2.872785e+01
17:42:41	1.248600e+00	1.520795e-01	9.492107e+00	1.271334e-01	9.125957e-02	9.492107e-05	3.814003e-04	2.737787e-05	9.492107e-07	4.018078e+02	2.884278e+01
17:42:42	1.248000e+00	1.520064e-01	9.486336e+00	1.264911e-01	9.064000e-02	9.486336e-05	3.794734e-04	2.719200e-05	9.486336e-07	4.000210e+02	2.866438e+01
17:42:42	1.247000e+00	1.518846e-01	9.487540e+00	1.264230e-01	9.090599e-02	9.487540e-05	3.792691e-04	2.727180e-05	9.487540e-07	3.997549e+02	2.874486e+01
17:42:43	1.245800e+00	1.517384e-01	9.501340e+00	1.261278e-01	9.152881e-02	9.501340e-05	3.783835e-04	2.745864e-05	9.501340e-07	3.982422e+02	2.889976e+01
17:42:43	1.244800e+00	1.516166e-01	9.522121e+00	1.267831e-01	9.283933e-02	9.522121e-05	3.803493e-04	2.785180e-05	9.522121e-07	3.994376e+02	2.924958e+01
17:42:43	1.244500e+00	1.515801e-01	9.526163e+00	1.264587e-01	9.263821e-02	9.526163e-05	3.793761e-04	2.779146e-05	9.526163e-07	3.982465e+02	2.917383e+01
17:42:43	1.244100e+00	1.515314e-01	9.524852e+00	1.257515e-01	9.322860e-02	9.524852e-05	3.772546e-04	2.796858e-05	9.524852e-07	3.960740e+02	2.936379e+01
17:42:44	1.242700e+00	1.513609e-01	9.526831e+00	1.251287e-01	9.213542e-02	9.526831e-05	3.753862e-04	2.764062e-05	9.526831e-07	3.940305e+02	2.901345e+01
17:42:44	1.241700e+00	1.512391e-01	9.519143e+00	1.254531e-01	9.276148e-02	9.519143e-05	3.763593e-04	2.782844e-05	9.519143e-07	3.953710e+02	2.923419e+01
17:42:45	1.240500e+00	1.510929e-01	9.516246e+00	1.254369e-01	9.295287e-02	9.516246e-05	3.763107e-04	2.788586e-05	9.516246e-07	3.954402e+02	2.930343e+01
17:42:45	1.240700e+00	1.511173e-01	9.517171e+00	1.253169e-01	9.293989e-02	9.517171e-05	3.759506e-04	2.788197e-05	9.517171e-07	3.950235e+02	2.929649e+01
17:42:45	1.239700e+00	1.509955e-01	9.517719e+00	1.250995e-01	9.354974e-02	9.517719e-05	3.752986e-04	2.806492e-05	9.517719e-07	3.943157e+02	2.948703e+01
17:42:45	1.238900e+00	1.508980e-01	9.513356e+00	1.254628e-01	9.373788e-02	9.513356e-05	3.763885e-04	2.812136e-05	9.513356e-07	3.956422e+02	2.955988e+01
17:42:46	1.239100e+00	1.509224e-01	9.515016e+00	1.252423e-01	9.265119e-02	9.515016e-05	3.757268e-04	2.779536e-05	9.515016e-07	3.948777e+02	2.921210e+01
17:42:46	1.237300e+00	1.507031e-01	9.511724e+00	1.256056e-01	9.237871e-02	9.511724e-05	3.768167e-04	2.771361e-05	9.511724e-07	3.961603e+02	2.913627e+01
17:42:46	1.237700e+00	1.507519e-01	9.506527e+00	1.256704e-01	9.217434e-02	9.506527e-05	3.770113e-04	2.765230e-05	9.506527e-07	3.965816e+02	2.908770e+01
17:42:46	1.236900e+00	1.506544e-01	9.489220e+00	1.255018e-01	9.126282e-02	9.489220e-05	3.765053e-04	2.737885e-05	9.489220e-07	3.967716e+02	2.885258e+01
17:42:47	1.236100e+00	1.505570e-01	9.481918e+00	1.255083e-01	9.074704e-02	9.481918e-05	3.765248e-04	2.722411e-05	9.481918e-07	3.970977e+02	2.871161e+01
17:42:47	1.235700e+00	1.505083e-01	9.473776e+00	1.257159e-01	9.081516e-02	9.473776e-05	3.771476e-04	2.724455e-05	9.473776e-07	3.980964e+02	2.875786e+01
17:42:47	1.234900e+00	1.504108e-01	9.475690e+00	1.261570e-01	9.069514e-02	9.475690e-05	3.784711e-04	2.720854e-05	9.475690e-07	3.994127e+02	2.871405e+01
17:42:47	1.234400e+00	1.503499e-01	9.476737e+00	1.254726e-01	9.040319e-02	9.476737e-05	3.764177e-04	2.712096e-05	9.476737e-07	3.972018e+02	2.861846e+01


